run_json,status,output_png,reason
/Users/mrggrm/Documents/GitHub/MDMTSP-HSE-RESEARCH/results/runs/research_group_03/cheapest_insertion/research/group_03/g03_i01_c500_d5_m21_random/20260508T021423Z__research_group_03__cheapest_insertion__g03_i01_c500_d5_m21_random__seed_42__e528f58eec3f.json,skip,,customer_count>10
/Users/mrggrm/Documents/GitHub/MDMTSP-HSE-RESEARCH/results/runs/research_group_03/cheapest_insertion/research/group_03/g03_i02_c500_d3_m10_random/20260508T021423Z__research_group_03__cheapest_insertion__g03_i02_c500_d3_m10_random__seed_42__5b964192ffbe.json,skip,,customer_count>10
/Users/mrggrm/Documents/GitHub/MDMTSP-HSE-RESEARCH/results/runs/research_group_03/cheapest_insertion/research/group_03/g03_i03_c500_d3_m12_random/20260508T021423Z__research_group_03__cheapest_insertion__g03_i03_c500_d3_m12_random__seed_42__a7f16951683c.json,skip,,customer_count>10
/Users/mrggrm/Documents/GitHub/MDMTSP-HSE-RESEARCH/results/runs/research_group_03/cheapest_insertion/research/group_03/g03_i04_c500_d5_m19_random/20260508T021423Z__research_group_03__cheapest_insertion__g03_i04_c500_d5_m19_random__seed_42__a760d5041b78.json,skip,,customer_count>10
/Users/mrggrm/Documents/GitHub/MDMTSP-HSE-RESEARCH/results/runs/research_group_03/cheapest_insertion/research/group_03/g03_i05_c500_d3_m6_random/20260508T021423Z__research_group_03__cheapest_insertion__g03_i05_c500_d3_m6_random__seed_42__4ed32a693df7.json,skip,,customer_count>10
/Users/mrggrm/Documents/GitHub/MDMTSP-HSE-RESEARCH/results/runs/research_group_03/cheapest_insertion/research/group_03/g03_i06_c500_d3_m3_random/20260508T021423Z__research_group_03__cheapest_insertion__g03_i06_c500_d3_m3_random__seed_42__375b529c4fd7.json,skip,,customer_count>10
/Users/mrggrm/Documents/GitHub/MDMTSP-HSE-RESEARCH/results/runs/research_group_03/cheapest_insertion/research/group_03/g03_i07_c500_d5_m20_random/20260508T021423Z__research_group_03__cheapest_insertion__g03_i07_c500_d5_m20_random__seed_42__1464b6eb011d.json,skip,,customer_count>10
/Users/mrggrm/Documents/GitHub/MDMTSP-HSE-RESEARCH/results/runs/research_group_03/cheapest_insertion/research/group_03/g03_i08_c500_d3_m7_random/20260508T021423Z__research_group_03__cheapest_insertion__g03_i08_c500_d3_m7_random__seed_42__d6af61268fbf.json,skip,,customer_count>10
/Users/mrggrm/Documents/GitHub/MDMTSP-HSE-RESEARCH/results/runs/research_group_03/cheapest_insertion/research/group_03/g03_i09_c500_d4_m8_random/20260508T021423Z__research_group_03__cheapest_insertion__g03_i09_c500_d4_m8_random__seed_42__2c77ac5fe546.json,skip,,customer_count>10
/Users/mrggrm/Documents/GitHub/MDMTSP-HSE-RESEARCH/results/runs/research_group_03/cheapest_insertion/research/group_03/g03_i10_c500_d5_m18_random/20260508T021423Z__research_group_03__cheapest_insertion__g03_i10_c500_d5_m18_random__seed_42__9fde9dbe679d.json,skip,,customer_count>10
/Users/mrggrm/Documents/GitHub/MDMTSP-HSE-RESEARCH/results/runs/research_group_03/cheapest_insertion/research/group_03/g03_i11_c500_d4_m12_adversarial/20260508T021423Z__research_group_03__cheapest_insertion__g03_i11_c500_d4_m12_adversarial__seed_42__0f924bec7cd0.json,skip,,customer_count>10
/Users/mrggrm/Documents/GitHub/MDMTSP-HSE-RESEARCH/results/runs/research_group_03/cheapest_insertion/research/group_03/g03_i12_c500_d4_m13_adversarial/20260508T021423Z__research_group_03__cheapest_insertion__g03_i12_c500_d4_m13_adversarial__seed_42__b3f7224c877f.json,skip,,customer_count>10
/Users/mrggrm/Documents/GitHub/MDMTSP-HSE-RESEARCH/results/runs/research_group_03/cheapest_insertion/research/group_03/g03_i13_c500_d4_m12_adversarial/20260508T021423Z__research_group_03__cheapest_insertion__g03_i13_c500_d4_m12_adversarial__seed_42__25ff106953ec.json,skip,,customer_count>10
/Users/mrggrm/Documents/GitHub/MDMTSP-HSE-RESEARCH/results/runs/research_group_03/cheapest_insertion/research/group_03/g03_i14_c500_d4_m13_adversarial/20260508T021423Z__research_group_03__cheapest_insertion__g03_i14_c500_d4_m13_adversarial__seed_42__dabb3a6f398a.json,skip,,customer_count>10
/Users/mrggrm/Documents/GitHub/MDMTSP-HSE-RESEARCH/results/runs/research_group_03/cheapest_insertion/research/group_03/g03_i15_c500_d5_m15_adversarial/20260508T021423Z__research_group_03__cheapest_insertion__g03_i15_c500_d5_m15_adversarial__seed_42__92d1bdac4054.json,skip,,customer_count>10
/Users/mrggrm/Documents/GitHub/MDMTSP-HSE-RESEARCH/results/runs/research_group_03/cheapest_insertion/research/group_03/g03_i16_c500_d4_m12_adversarial/20260508T021423Z__research_group_03__cheapest_insertion__g03_i16_c500_d4_m12_adversarial__seed_42__7e3364745426.json,skip,,customer_count>10
/Users/mrggrm/Documents/GitHub/MDMTSP-HSE-RESEARCH/results/runs/research_group_03/cheapest_insertion/research/group_03/g03_i17_c500_d4_m13_adversarial/20260508T021423Z__research_group_03__cheapest_insertion__g03_i17_c500_d4_m13_adversarial__seed_42__32f925c87543.json,skip,,customer_count>10
/Users/mrggrm/Documents/GitHub/MDMTSP-HSE-RESEARCH/results/runs/research_group_03/cheapest_insertion/research/group_03/g03_i18_c500_d5_m15_adversarial/20260508T021423Z__research_group_03__cheapest_insertion__g03_i18_c500_d5_m15_adversarial__seed_42__7e261d7b34d9.json,skip,,customer_count>10
/Users/mrggrm/Documents/GitHub/MDMTSP-HSE-RESEARCH/results/runs/research_group_03/cheapest_insertion/research/group_03/g03_i19_c500_d4_m12_adversarial/20260508T021423Z__research_group_03__cheapest_insertion__g03_i19_c500_d4_m12_adversarial__seed_42__43d496dd7510.json,skip,,customer_count>10
/Users/mrggrm/Documents/GitHub/MDMTSP-HSE-RESEARCH/results/runs/research_group_03/cheapest_insertion/research/group_03/g03_i20_c500_d4_m13_adversarial/20260508T021423Z__research_group_03__cheapest_insertion__g03_i20_c500_d4_m13_adversarial__seed_42__3d51afd6b738.json,skip,,customer_count>10
/Users/mrggrm/Documents/GitHub/MDMTSP-HSE-RESEARCH/results/runs/research_group_03/cheapest_insertion/research/group_03/g03_i21_c500_d5_m15_adversarial/20260508T021423Z__research_group_03__cheapest_insertion__g03_i21_c500_d5_m15_adversarial__seed_42__0a2cee124b0f.json,skip,,customer_count>10
/Users/mrggrm/Documents/GitHub/MDMTSP-HSE-RESEARCH/results/runs/research_group_03/cheapest_insertion/research/group_03/g03_i22_c500_d4_m12_adversarial/20260508T021423Z__research_group_03__cheapest_insertion__g03_i22_c500_d4_m12_adversarial__seed_42__de4804aca4d1.json,skip,,customer_count>10
/Users/mrggrm/Documents/GitHub/MDMTSP-HSE-RESEARCH/results/runs/research_group_03/cheapest_insertion/research/group_03/g03_i23_c500_d4_m13_adversarial/20260508T021423Z__research_group_03__cheapest_insertion__g03_i23_c500_d4_m13_adversarial__seed_42__8bfafd910438.json,skip,,customer_count>10
/Users/mrggrm/Documents/GitHub/MDMTSP-HSE-RESEARCH/results/runs/research_group_03/cheapest_insertion/research/group_03/g03_i24_c500_d5_m15_adversarial/20260508T021423Z__research_group_03__cheapest_insertion__g03_i24_c500_d5_m15_adversarial__seed_42__fac0d8fb9155.json,skip,,customer_count>10
/Users/mrggrm/Documents/GitHub/MDMTSP-HSE-RESEARCH/results/runs/research_group_03/cheapest_insertion/research/group_03/g03_i25_c500_d4_m12_adversarial/20260508T021423Z__research_group_03__cheapest_insertion__g03_i25_c500_d4_m12_adversarial__seed_42__65cef87f470d.json,skip,,customer_count>10
/Users/mrggrm/Documents/GitHub/MDMTSP-HSE-RESEARCH/results/runs/research_group_03/cheapest_insertion/research/group_03/g03_i26_c500_d5_m14_adversarial/20260508T021423Z__research_group_03__cheapest_insertion__g03_i26_c500_d5_m14_adversarial__seed_42__44526d9a79ca.json,skip,,customer_count>10
/Users/mrggrm/Documents/GitHub/MDMTSP-HSE-RESEARCH/results/runs/research_group_03/cheapest_insertion/research/group_03/g03_i27_c500_d4_m12_adversarial/20260508T021423Z__research_group_03__cheapest_insertion__g03_i27_c500_d4_m12_adversarial__seed_42__19235203c424.json,skip,,customer_count>10
/Users/mrggrm/Documents/GitHub/MDMTSP-HSE-RESEARCH/results/runs/research_group_03/cheapest_insertion/research/group_03/g03_i28_c500_d5_m14_adversarial/20260508T021423Z__research_group_03__cheapest_insertion__g03_i28_c500_d5_m14_adversarial__seed_42__a3124c90c2b4.json,skip,,customer_count>10
/Users/mrggrm/Documents/GitHub/MDMTSP-HSE-RESEARCH/results/runs/research_group_03/cheapest_insertion/research/group_03/g03_i29_c500_d4_m12_adversarial/20260508T021423Z__research_group_03__cheapest_insertion__g03_i29_c500_d4_m12_adversarial__seed_42__e5b3537daa31.json,skip,,customer_count>10
/Users/mrggrm/Documents/GitHub/MDMTSP-HSE-RESEARCH/results/runs/research_group_03/cheapest_insertion/research/group_03/g03_i30_c500_d5_m14_adversarial/20260508T021423Z__research_group_03__cheapest_insertion__g03_i30_c500_d5_m14_adversarial__seed_42__d97518c2d041.json,skip,,customer_count>10
/Users/mrggrm/Documents/GitHub/MDMTSP-HSE-RESEARCH/results/runs/research_group_03/cheapest_insertion/research/group_03/g03_i31_c500_d4_m12_adversarial/20260508T021423Z__research_group_03__cheapest_insertion__g03_i31_c500_d4_m12_adversarial__seed_42__e2bbf7c50d87.json,skip,,customer_count>10
/Users/mrggrm/Documents/GitHub/MDMTSP-HSE-RESEARCH/results/runs/research_group_03/cheapest_insertion/research/group_03/g03_i32_c500_d5_m14_adversarial/20260508T021423Z__research_group_03__cheapest_insertion__g03_i32_c500_d5_m14_adversarial__seed_42__c72b2f57b26e.json,skip,,customer_count>10
/Users/mrggrm/Documents/GitHub/MDMTSP-HSE-RESEARCH/results/runs/research_group_03/cheapest_insertion/research/group_03/g03_i33_c500_d4_m13_adversarial/20260508T021423Z__research_group_03__cheapest_insertion__g03_i33_c500_d4_m13_adversarial__seed_42__a5e00fe05b00.json,skip,,customer_count>10
/Users/mrggrm/Documents/GitHub/MDMTSP-HSE-RESEARCH/results/runs/research_group_03/cheapest_insertion/research/group_03/g03_i34_c500_d5_m16_adversarial/20260508T021423Z__research_group_03__cheapest_insertion__g03_i34_c500_d5_m16_adversarial__seed_42__904414309ddf.json,skip,,customer_count>10
/Users/mrggrm/Documents/GitHub/MDMTSP-HSE-RESEARCH/results/runs/research_group_03/cheapest_insertion/research/group_03/g03_i35_c500_d4_m13_adversarial/20260508T021423Z__research_group_03__cheapest_insertion__g03_i35_c500_d4_m13_adversarial__seed_42__4657a7bab640.json,skip,,customer_count>10
/Users/mrggrm/Documents/GitHub/MDMTSP-HSE-RESEARCH/results/runs/research_group_03/cheapest_insertion/research/group_03/g03_i36_c500_d5_m16_adversarial/20260508T021423Z__research_group_03__cheapest_insertion__g03_i36_c500_d5_m16_adversarial__seed_42__ce476349f7b6.json,skip,,customer_count>10
/Users/mrggrm/Documents/GitHub/MDMTSP-HSE-RESEARCH/results/runs/research_group_03/cheapest_insertion/research/group_03/g03_i37_c500_d4_m13_adversarial/20260508T021423Z__research_group_03__cheapest_insertion__g03_i37_c500_d4_m13_adversarial__seed_42__a5811ad7b0c2.json,skip,,customer_count>10
/Users/mrggrm/Documents/GitHub/MDMTSP-HSE-RESEARCH/results/runs/research_group_03/cheapest_insertion/research/group_03/g03_i38_c500_d5_m16_adversarial/20260508T021423Z__research_group_03__cheapest_insertion__g03_i38_c500_d5_m16_adversarial__seed_42__f069aee994a2.json,skip,,customer_count>10
/Users/mrggrm/Documents/GitHub/MDMTSP-HSE-RESEARCH/results/runs/research_group_03/cheapest_insertion/research/group_03/g03_i39_c500_d4_m13_adversarial/20260508T021423Z__research_group_03__cheapest_insertion__g03_i39_c500_d4_m13_adversarial__seed_42__ae95e6b3bdff.json,skip,,customer_count>10
/Users/mrggrm/Documents/GitHub/MDMTSP-HSE-RESEARCH/results/runs/research_group_03/cheapest_insertion/research/group_03/g03_i40_c500_d5_m16_adversarial/20260508T021423Z__research_group_03__cheapest_insertion__g03_i40_c500_d5_m16_adversarial__seed_42__f1c409e97b59.json,skip,,customer_count>10
/Users/mrggrm/Documents/GitHub/MDMTSP-HSE-RESEARCH/results/runs/research_group_03/cheapest_insertion/research/group_03/g03_i41_c500_d4_m12_adversarial/20260508T021423Z__research_group_03__cheapest_insertion__g03_i41_c500_d4_m12_adversarial__seed_42__f643e15e6d6b.json,skip,,customer_count>10
/Users/mrggrm/Documents/GitHub/MDMTSP-HSE-RESEARCH/results/runs/research_group_03/cheapest_insertion/research/group_03/g03_i42_c500_d5_m14_adversarial/20260508T021423Z__research_group_03__cheapest_insertion__g03_i42_c500_d5_m14_adversarial__seed_42__683e7b65f56e.json,skip,,customer_count>10
/Users/mrggrm/Documents/GitHub/MDMTSP-HSE-RESEARCH/results/runs/research_group_03/cheapest_insertion/research/group_03/g03_i43_c500_d4_m12_adversarial/20260508T021423Z__research_group_03__cheapest_insertion__g03_i43_c500_d4_m12_adversarial__seed_42__28a754f463fe.json,skip,,customer_count>10
/Users/mrggrm/Documents/GitHub/MDMTSP-HSE-RESEARCH/results/runs/research_group_03/cheapest_insertion/research/group_03/g03_i44_c500_d5_m14_adversarial/20260508T021423Z__research_group_03__cheapest_insertion__g03_i44_c500_d5_m14_adversarial__seed_42__caaeece96fff.json,skip,,customer_count>10
/Users/mrggrm/Documents/GitHub/MDMTSP-HSE-RESEARCH/results/runs/research_group_03/cheapest_insertion/research/group_03/g03_i45_c500_d4_m12_adversarial/20260508T021423Z__research_group_03__cheapest_insertion__g03_i45_c500_d4_m12_adversarial__seed_42__809f88f91a2e.json,skip,,customer_count>10
/Users/mrggrm/Documents/GitHub/MDMTSP-HSE-RESEARCH/results/runs/research_group_03/cheapest_insertion/research/group_03/g03_i46_c500_d5_m14_adversarial/20260508T021423Z__research_group_03__cheapest_insertion__g03_i46_c500_d5_m14_adversarial__seed_42__a3f0aaf0b641.json,skip,,customer_count>10
/Users/mrggrm/Documents/GitHub/MDMTSP-HSE-RESEARCH/results/runs/research_group_03/cheapest_insertion/research/group_03/g03_i47_c500_d4_m12_adversarial/20260508T021423Z__research_group_03__cheapest_insertion__g03_i47_c500_d4_m12_adversarial__seed_42__1754d5c20bff.json,skip,,customer_count>10
/Users/mrggrm/Documents/GitHub/MDMTSP-HSE-RESEARCH/results/runs/research_group_03/cheapest_insertion/research/group_03/g03_i48_c500_d4_m13_adversarial/20260508T021423Z__research_group_03__cheapest_insertion__g03_i48_c500_d4_m13_adversarial__seed_42__b65a8cab832a.json,skip,,customer_count>10
/Users/mrggrm/Documents/GitHub/MDMTSP-HSE-RESEARCH/results/runs/research_group_03/cheapest_insertion/research/group_03/g03_i49_c500_d5_m15_adversarial/20260508T021423Z__research_group_03__cheapest_insertion__g03_i49_c500_d5_m15_adversarial__seed_42__6c20d3856be6.json,skip,,customer_count>10
/Users/mrggrm/Documents/GitHub/MDMTSP-HSE-RESEARCH/results/runs/research_group_03/cheapest_insertion/research/group_03/g03_i50_c500_d4_m12_adversarial/20260508T021423Z__research_group_03__cheapest_insertion__g03_i50_c500_d4_m12_adversarial__seed_42__521d0a434041.json,skip,,customer_count>10
/Users/mrggrm/Documents/GitHub/MDMTSP-HSE-RESEARCH/results/runs/research_group_03/cheapest_insertion/research/group_03/g03_i51_c500_d4_m13_adversarial/20260508T021423Z__research_group_03__cheapest_insertion__g03_i51_c500_d4_m13_adversarial__seed_42__73459f937121.json,skip,,customer_count>10
/Users/mrggrm/Documents/GitHub/MDMTSP-HSE-RESEARCH/results/runs/research_group_03/cheapest_insertion/research/group_03/g03_i52_c500_d5_m15_adversarial/20260508T021423Z__research_group_03__cheapest_insertion__g03_i52_c500_d5_m15_adversarial__seed_42__bee5ff62d342.json,skip,,customer_count>10
/Users/mrggrm/Documents/GitHub/MDMTSP-HSE-RESEARCH/results/runs/research_group_03/cheapest_insertion_2opt/research/group_03/g03_i01_c500_d5_m21_random/20260508T021424Z__research_group_03__cheapest_insertion_2opt__g03_i01_c500_d5_m21_random__seed_42__f7b03c9e389c.json,skip,,customer_count>10
/Users/mrggrm/Documents/GitHub/MDMTSP-HSE-RESEARCH/results/runs/research_group_03/cheapest_insertion_2opt/research/group_03/g03_i02_c500_d3_m10_random/20260508T021424Z__research_group_03__cheapest_insertion_2opt__g03_i02_c500_d3_m10_random__seed_42__c277854a6bcb.json,skip,,customer_count>10
/Users/mrggrm/Documents/GitHub/MDMTSP-HSE-RESEARCH/results/runs/research_group_03/cheapest_insertion_2opt/research/group_03/g03_i03_c500_d3_m12_random/20260508T021424Z__research_group_03__cheapest_insertion_2opt__g03_i03_c500_d3_m12_random__seed_42__eb214ad77e18.json,skip,,customer_count>10
/Users/mrggrm/Documents/GitHub/MDMTSP-HSE-RESEARCH/results/runs/research_group_03/cheapest_insertion_2opt/research/group_03/g03_i04_c500_d5_m19_random/20260508T021424Z__research_group_03__cheapest_insertion_2opt__g03_i04_c500_d5_m19_random__seed_42__7bf95d15f328.json,skip,,customer_count>10
/Users/mrggrm/Documents/GitHub/MDMTSP-HSE-RESEARCH/results/runs/research_group_03/cheapest_insertion_2opt/research/group_03/g03_i05_c500_d3_m6_random/20260508T021424Z__research_group_03__cheapest_insertion_2opt__g03_i05_c500_d3_m6_random__seed_42__207003083141.json,skip,,customer_count>10
/Users/mrggrm/Documents/GitHub/MDMTSP-HSE-RESEARCH/results/runs/research_group_03/cheapest_insertion_2opt/research/group_03/g03_i06_c500_d3_m3_random/20260508T021424Z__research_group_03__cheapest_insertion_2opt__g03_i06_c500_d3_m3_random__seed_42__2d4e4d6f2771.json,skip,,customer_count>10
/Users/mrggrm/Documents/GitHub/MDMTSP-HSE-RESEARCH/results/runs/research_group_03/cheapest_insertion_2opt/research/group_03/g03_i07_c500_d5_m20_random/20260508T021424Z__research_group_03__cheapest_insertion_2opt__g03_i07_c500_d5_m20_random__seed_42__a2a52d2ef90f.json,skip,,customer_count>10
/Users/mrggrm/Documents/GitHub/MDMTSP-HSE-RESEARCH/results/runs/research_group_03/cheapest_insertion_2opt/research/group_03/g03_i08_c500_d3_m7_random/20260508T021424Z__research_group_03__cheapest_insertion_2opt__g03_i08_c500_d3_m7_random__seed_42__5b3c75542650.json,skip,,customer_count>10
/Users/mrggrm/Documents/GitHub/MDMTSP-HSE-RESEARCH/results/runs/research_group_03/cheapest_insertion_2opt/research/group_03/g03_i09_c500_d4_m8_random/20260508T021424Z__research_group_03__cheapest_insertion_2opt__g03_i09_c500_d4_m8_random__seed_42__4400806c116a.json,skip,,customer_count>10
/Users/mrggrm/Documents/GitHub/MDMTSP-HSE-RESEARCH/results/runs/research_group_03/cheapest_insertion_2opt/research/group_03/g03_i10_c500_d5_m18_random/20260508T021424Z__research_group_03__cheapest_insertion_2opt__g03_i10_c500_d5_m18_random__seed_42__ef2822fb32f7.json,skip,,customer_count>10
/Users/mrggrm/Documents/GitHub/MDMTSP-HSE-RESEARCH/results/runs/research_group_03/cheapest_insertion_2opt/research/group_03/g03_i11_c500_d4_m12_adversarial/20260508T021424Z__research_group_03__cheapest_insertion_2opt__g03_i11_c500_d4_m12_adversarial__seed_42__08fc958da6c8.json,skip,,customer_count>10
/Users/mrggrm/Documents/GitHub/MDMTSP-HSE-RESEARCH/results/runs/research_group_03/cheapest_insertion_2opt/research/group_03/g03_i12_c500_d4_m13_adversarial/20260508T021424Z__research_group_03__cheapest_insertion_2opt__g03_i12_c500_d4_m13_adversarial__seed_42__754d56c69855.json,skip,,customer_count>10
/Users/mrggrm/Documents/GitHub/MDMTSP-HSE-RESEARCH/results/runs/research_group_03/cheapest_insertion_2opt/research/group_03/g03_i13_c500_d4_m12_adversarial/20260508T021424Z__research_group_03__cheapest_insertion_2opt__g03_i13_c500_d4_m12_adversarial__seed_42__c08de30f70a2.json,skip,,customer_count>10
/Users/mrggrm/Documents/GitHub/MDMTSP-HSE-RESEARCH/results/runs/research_group_03/cheapest_insertion_2opt/research/group_03/g03_i14_c500_d4_m13_adversarial/20260508T021424Z__research_group_03__cheapest_insertion_2opt__g03_i14_c500_d4_m13_adversarial__seed_42__a720fa5da830.json,skip,,customer_count>10
/Users/mrggrm/Documents/GitHub/MDMTSP-HSE-RESEARCH/results/runs/research_group_03/cheapest_insertion_2opt/research/group_03/g03_i15_c500_d5_m15_adversarial/20260508T021424Z__research_group_03__cheapest_insertion_2opt__g03_i15_c500_d5_m15_adversarial__seed_42__6ffb85a5c158.json,skip,,customer_count>10
/Users/mrggrm/Documents/GitHub/MDMTSP-HSE-RESEARCH/results/runs/research_group_03/cheapest_insertion_2opt/research/group_03/g03_i16_c500_d4_m12_adversarial/20260508T021424Z__research_group_03__cheapest_insertion_2opt__g03_i16_c500_d4_m12_adversarial__seed_42__f31e01957b4b.json,skip,,customer_count>10
/Users/mrggrm/Documents/GitHub/MDMTSP-HSE-RESEARCH/results/runs/research_group_03/cheapest_insertion_2opt/research/group_03/g03_i17_c500_d4_m13_adversarial/20260508T021424Z__research_group_03__cheapest_insertion_2opt__g03_i17_c500_d4_m13_adversarial__seed_42__65a9884a0204.json,skip,,customer_count>10
/Users/mrggrm/Documents/GitHub/MDMTSP-HSE-RESEARCH/results/runs/research_group_03/cheapest_insertion_2opt/research/group_03/g03_i18_c500_d5_m15_adversarial/20260508T021424Z__research_group_03__cheapest_insertion_2opt__g03_i18_c500_d5_m15_adversarial__seed_42__5553186e3a4c.json,skip,,customer_count>10
/Users/mrggrm/Documents/GitHub/MDMTSP-HSE-RESEARCH/results/runs/research_group_03/cheapest_insertion_2opt/research/group_03/g03_i19_c500_d4_m12_adversarial/20260508T021424Z__research_group_03__cheapest_insertion_2opt__g03_i19_c500_d4_m12_adversarial__seed_42__892a68a3288c.json,skip,,customer_count>10
/Users/mrggrm/Documents/GitHub/MDMTSP-HSE-RESEARCH/results/runs/research_group_03/cheapest_insertion_2opt/research/group_03/g03_i20_c500_d4_m13_adversarial/20260508T021424Z__research_group_03__cheapest_insertion_2opt__g03_i20_c500_d4_m13_adversarial__seed_42__bdbabc347105.json,skip,,customer_count>10
/Users/mrggrm/Documents/GitHub/MDMTSP-HSE-RESEARCH/results/runs/research_group_03/cheapest_insertion_2opt/research/group_03/g03_i21_c500_d5_m15_adversarial/20260508T021424Z__research_group_03__cheapest_insertion_2opt__g03_i21_c500_d5_m15_adversarial__seed_42__bb81a2842741.json,skip,,customer_count>10
/Users/mrggrm/Documents/GitHub/MDMTSP-HSE-RESEARCH/results/runs/research_group_03/cheapest_insertion_2opt/research/group_03/g03_i22_c500_d4_m12_adversarial/20260508T021424Z__research_group_03__cheapest_insertion_2opt__g03_i22_c500_d4_m12_adversarial__seed_42__5203d74b90d0.json,skip,,customer_count>10
/Users/mrggrm/Documents/GitHub/MDMTSP-HSE-RESEARCH/results/runs/research_group_03/cheapest_insertion_2opt/research/group_03/g03_i23_c500_d4_m13_adversarial/20260508T021424Z__research_group_03__cheapest_insertion_2opt__g03_i23_c500_d4_m13_adversarial__seed_42__7996caa00ac6.json,skip,,customer_count>10
/Users/mrggrm/Documents/GitHub/MDMTSP-HSE-RESEARCH/results/runs/research_group_03/cheapest_insertion_2opt/research/group_03/g03_i24_c500_d5_m15_adversarial/20260508T021424Z__research_group_03__cheapest_insertion_2opt__g03_i24_c500_d5_m15_adversarial__seed_42__8473ef5b3c1c.json,skip,,customer_count>10
/Users/mrggrm/Documents/GitHub/MDMTSP-HSE-RESEARCH/results/runs/research_group_03/cheapest_insertion_2opt/research/group_03/g03_i25_c500_d4_m12_adversarial/20260508T021424Z__research_group_03__cheapest_insertion_2opt__g03_i25_c500_d4_m12_adversarial__seed_42__a00d5c480f15.json,skip,,customer_count>10
/Users/mrggrm/Documents/GitHub/MDMTSP-HSE-RESEARCH/results/runs/research_group_03/cheapest_insertion_2opt/research/group_03/g03_i26_c500_d5_m14_adversarial/20260508T021424Z__research_group_03__cheapest_insertion_2opt__g03_i26_c500_d5_m14_adversarial__seed_42__1c550bbd03a7.json,skip,,customer_count>10
/Users/mrggrm/Documents/GitHub/MDMTSP-HSE-RESEARCH/results/runs/research_group_03/cheapest_insertion_2opt/research/group_03/g03_i27_c500_d4_m12_adversarial/20260508T021424Z__research_group_03__cheapest_insertion_2opt__g03_i27_c500_d4_m12_adversarial__seed_42__16afa0e9ecd3.json,skip,,customer_count>10
/Users/mrggrm/Documents/GitHub/MDMTSP-HSE-RESEARCH/results/runs/research_group_03/cheapest_insertion_2opt/research/group_03/g03_i28_c500_d5_m14_adversarial/20260508T021424Z__research_group_03__cheapest_insertion_2opt__g03_i28_c500_d5_m14_adversarial__seed_42__2dd4c0703690.json,skip,,customer_count>10
/Users/mrggrm/Documents/GitHub/MDMTSP-HSE-RESEARCH/results/runs/research_group_03/cheapest_insertion_2opt/research/group_03/g03_i29_c500_d4_m12_adversarial/20260508T021424Z__research_group_03__cheapest_insertion_2opt__g03_i29_c500_d4_m12_adversarial__seed_42__eff7c2ab3cd7.json,skip,,customer_count>10
/Users/mrggrm/Documents/GitHub/MDMTSP-HSE-RESEARCH/results/runs/research_group_03/cheapest_insertion_2opt/research/group_03/g03_i30_c500_d5_m14_adversarial/20260508T021424Z__research_group_03__cheapest_insertion_2opt__g03_i30_c500_d5_m14_adversarial__seed_42__f911aca09f8f.json,skip,,customer_count>10
/Users/mrggrm/Documents/GitHub/MDMTSP-HSE-RESEARCH/results/runs/research_group_03/cheapest_insertion_2opt/research/group_03/g03_i31_c500_d4_m12_adversarial/20260508T021424Z__research_group_03__cheapest_insertion_2opt__g03_i31_c500_d4_m12_adversarial__seed_42__d87c3ebf29bd.json,skip,,customer_count>10
/Users/mrggrm/Documents/GitHub/MDMTSP-HSE-RESEARCH/results/runs/research_group_03/cheapest_insertion_2opt/research/group_03/g03_i32_c500_d5_m14_adversarial/20260508T021424Z__research_group_03__cheapest_insertion_2opt__g03_i32_c500_d5_m14_adversarial__seed_42__554af39d40f5.json,skip,,customer_count>10
/Users/mrggrm/Documents/GitHub/MDMTSP-HSE-RESEARCH/results/runs/research_group_03/cheapest_insertion_2opt/research/group_03/g03_i33_c500_d4_m13_adversarial/20260508T021424Z__research_group_03__cheapest_insertion_2opt__g03_i33_c500_d4_m13_adversarial__seed_42__939fdb3db540.json,skip,,customer_count>10
/Users/mrggrm/Documents/GitHub/MDMTSP-HSE-RESEARCH/results/runs/research_group_03/cheapest_insertion_2opt/research/group_03/g03_i34_c500_d5_m16_adversarial/20260508T021424Z__research_group_03__cheapest_insertion_2opt__g03_i34_c500_d5_m16_adversarial__seed_42__9acd9ad81a27.json,skip,,customer_count>10
/Users/mrggrm/Documents/GitHub/MDMTSP-HSE-RESEARCH/results/runs/research_group_03/cheapest_insertion_2opt/research/group_03/g03_i35_c500_d4_m13_adversarial/20260508T021424Z__research_group_03__cheapest_insertion_2opt__g03_i35_c500_d4_m13_adversarial__seed_42__05c18002aeb9.json,skip,,customer_count>10
/Users/mrggrm/Documents/GitHub/MDMTSP-HSE-RESEARCH/results/runs/research_group_03/cheapest_insertion_2opt/research/group_03/g03_i36_c500_d5_m16_adversarial/20260508T021424Z__research_group_03__cheapest_insertion_2opt__g03_i36_c500_d5_m16_adversarial__seed_42__6ff06f7f1ace.json,skip,,customer_count>10
/Users/mrggrm/Documents/GitHub/MDMTSP-HSE-RESEARCH/results/runs/research_group_03/cheapest_insertion_2opt/research/group_03/g03_i37_c500_d4_m13_adversarial/20260508T021424Z__research_group_03__cheapest_insertion_2opt__g03_i37_c500_d4_m13_adversarial__seed_42__ae4b75dd610f.json,skip,,customer_count>10
/Users/mrggrm/Documents/GitHub/MDMTSP-HSE-RESEARCH/results/runs/research_group_03/cheapest_insertion_2opt/research/group_03/g03_i38_c500_d5_m16_adversarial/20260508T021424Z__research_group_03__cheapest_insertion_2opt__g03_i38_c500_d5_m16_adversarial__seed_42__0e874a66835d.json,skip,,customer_count>10
/Users/mrggrm/Documents/GitHub/MDMTSP-HSE-RESEARCH/results/runs/research_group_03/cheapest_insertion_2opt/research/group_03/g03_i39_c500_d4_m13_adversarial/20260508T021424Z__research_group_03__cheapest_insertion_2opt__g03_i39_c500_d4_m13_adversarial__seed_42__f90b69e3a76f.json,skip,,customer_count>10
/Users/mrggrm/Documents/GitHub/MDMTSP-HSE-RESEARCH/results/runs/research_group_03/cheapest_insertion_2opt/research/group_03/g03_i40_c500_d5_m16_adversarial/20260508T021424Z__research_group_03__cheapest_insertion_2opt__g03_i40_c500_d5_m16_adversarial__seed_42__091e1d3eca77.json,skip,,customer_count>10
/Users/mrggrm/Documents/GitHub/MDMTSP-HSE-RESEARCH/results/runs/research_group_03/cheapest_insertion_2opt/research/group_03/g03_i41_c500_d4_m12_adversarial/20260508T021424Z__research_group_03__cheapest_insertion_2opt__g03_i41_c500_d4_m12_adversarial__seed_42__07b264ca712c.json,skip,,customer_count>10
/Users/mrggrm/Documents/GitHub/MDMTSP-HSE-RESEARCH/results/runs/research_group_03/cheapest_insertion_2opt/research/group_03/g03_i42_c500_d5_m14_adversarial/20260508T021424Z__research_group_03__cheapest_insertion_2opt__g03_i42_c500_d5_m14_adversarial__seed_42__cd5da63020d9.json,skip,,customer_count>10
/Users/mrggrm/Documents/GitHub/MDMTSP-HSE-RESEARCH/results/runs/research_group_03/cheapest_insertion_2opt/research/group_03/g03_i43_c500_d4_m12_adversarial/20260508T021424Z__research_group_03__cheapest_insertion_2opt__g03_i43_c500_d4_m12_adversarial__seed_42__2aaf148e58aa.json,skip,,customer_count>10
/Users/mrggrm/Documents/GitHub/MDMTSP-HSE-RESEARCH/results/runs/research_group_03/cheapest_insertion_2opt/research/group_03/g03_i44_c500_d5_m14_adversarial/20260508T021424Z__research_group_03__cheapest_insertion_2opt__g03_i44_c500_d5_m14_adversarial__seed_42__39a2d3b691bf.json,skip,,customer_count>10
/Users/mrggrm/Documents/GitHub/MDMTSP-HSE-RESEARCH/results/runs/research_group_03/cheapest_insertion_2opt/research/group_03/g03_i45_c500_d4_m12_adversarial/20260508T021424Z__research_group_03__cheapest_insertion_2opt__g03_i45_c500_d4_m12_adversarial__seed_42__a08649fc7f2e.json,skip,,customer_count>10
/Users/mrggrm/Documents/GitHub/MDMTSP-HSE-RESEARCH/results/runs/research_group_03/cheapest_insertion_2opt/research/group_03/g03_i46_c500_d5_m14_adversarial/20260508T021424Z__research_group_03__cheapest_insertion_2opt__g03_i46_c500_d5_m14_adversarial__seed_42__6b223e382629.json,skip,,customer_count>10
/Users/mrggrm/Documents/GitHub/MDMTSP-HSE-RESEARCH/results/runs/research_group_03/cheapest_insertion_2opt/research/group_03/g03_i47_c500_d4_m12_adversarial/20260508T021424Z__research_group_03__cheapest_insertion_2opt__g03_i47_c500_d4_m12_adversarial__seed_42__7683b9dac1c8.json,skip,,customer_count>10
/Users/mrggrm/Documents/GitHub/MDMTSP-HSE-RESEARCH/results/runs/research_group_03/cheapest_insertion_2opt/research/group_03/g03_i48_c500_d4_m13_adversarial/20260508T021424Z__research_group_03__cheapest_insertion_2opt__g03_i48_c500_d4_m13_adversarial__seed_42__a7650973729c.json,skip,,customer_count>10
/Users/mrggrm/Documents/GitHub/MDMTSP-HSE-RESEARCH/results/runs/research_group_03/cheapest_insertion_2opt/research/group_03/g03_i49_c500_d5_m15_adversarial/20260508T021424Z__research_group_03__cheapest_insertion_2opt__g03_i49_c500_d5_m15_adversarial__seed_42__5e790d5f377f.json,skip,,customer_count>10
/Users/mrggrm/Documents/GitHub/MDMTSP-HSE-RESEARCH/results/runs/research_group_03/cheapest_insertion_2opt/research/group_03/g03_i50_c500_d4_m12_adversarial/20260508T021424Z__research_group_03__cheapest_insertion_2opt__g03_i50_c500_d4_m12_adversarial__seed_42__cc88fe356e23.json,skip,,customer_count>10
/Users/mrggrm/Documents/GitHub/MDMTSP-HSE-RESEARCH/results/runs/research_group_03/cheapest_insertion_2opt/research/group_03/g03_i51_c500_d4_m13_adversarial/20260508T021424Z__research_group_03__cheapest_insertion_2opt__g03_i51_c500_d4_m13_adversarial__seed_42__1d5a4b887d7f.json,skip,,customer_count>10
/Users/mrggrm/Documents/GitHub/MDMTSP-HSE-RESEARCH/results/runs/research_group_03/cheapest_insertion_2opt/research/group_03/g03_i52_c500_d5_m15_adversarial/20260508T021424Z__research_group_03__cheapest_insertion_2opt__g03_i52_c500_d5_m15_adversarial__seed_42__f45e2d654859.json,skip,,customer_count>10
/Users/mrggrm/Documents/GitHub/MDMTSP-HSE-RESEARCH/results/runs/research_group_03/cheapest_insertion_tabu/research/group_03/g03_i01_c500_d5_m21_random/20260508T022220Z__research_group_03__cheapest_insertion_tabu__g03_i01_c500_d5_m21_random__seed_42__9ae881b8f828.json,skip,,customer_count>10
/Users/mrggrm/Documents/GitHub/MDMTSP-HSE-RESEARCH/results/runs/research_group_03/cheapest_insertion_tabu/research/group_03/g03_i02_c500_d3_m10_random/20260508T022220Z__research_group_03__cheapest_insertion_tabu__g03_i02_c500_d3_m10_random__seed_42__170b18adf43a.json,skip,,customer_count>10
/Users/mrggrm/Documents/GitHub/MDMTSP-HSE-RESEARCH/results/runs/research_group_03/cheapest_insertion_tabu/research/group_03/g03_i03_c500_d3_m12_random/20260508T022220Z__research_group_03__cheapest_insertion_tabu__g03_i03_c500_d3_m12_random__seed_42__767de9dcf260.json,skip,,customer_count>10
/Users/mrggrm/Documents/GitHub/MDMTSP-HSE-RESEARCH/results/runs/research_group_03/cheapest_insertion_tabu/research/group_03/g03_i04_c500_d5_m19_random/20260508T022220Z__research_group_03__cheapest_insertion_tabu__g03_i04_c500_d5_m19_random__seed_42__be2a5e927446.json,skip,,customer_count>10
/Users/mrggrm/Documents/GitHub/MDMTSP-HSE-RESEARCH/results/runs/research_group_03/cheapest_insertion_tabu/research/group_03/g03_i05_c500_d3_m6_random/20260508T022220Z__research_group_03__cheapest_insertion_tabu__g03_i05_c500_d3_m6_random__seed_42__f1aebe34df07.json,skip,,customer_count>10
/Users/mrggrm/Documents/GitHub/MDMTSP-HSE-RESEARCH/results/runs/research_group_03/cheapest_insertion_tabu/research/group_03/g03_i06_c500_d3_m3_random/20260508T022220Z__research_group_03__cheapest_insertion_tabu__g03_i06_c500_d3_m3_random__seed_42__e0fc7d331602.json,skip,,customer_count>10
/Users/mrggrm/Documents/GitHub/MDMTSP-HSE-RESEARCH/results/runs/research_group_03/cheapest_insertion_tabu/research/group_03/g03_i07_c500_d5_m20_random/20260508T022220Z__research_group_03__cheapest_insertion_tabu__g03_i07_c500_d5_m20_random__seed_42__7542b129718b.json,skip,,customer_count>10
/Users/mrggrm/Documents/GitHub/MDMTSP-HSE-RESEARCH/results/runs/research_group_03/cheapest_insertion_tabu/research/group_03/g03_i08_c500_d3_m7_random/20260508T022220Z__research_group_03__cheapest_insertion_tabu__g03_i08_c500_d3_m7_random__seed_42__4811159ddd26.json,skip,,customer_count>10
/Users/mrggrm/Documents/GitHub/MDMTSP-HSE-RESEARCH/results/runs/research_group_03/cheapest_insertion_tabu/research/group_03/g03_i09_c500_d4_m8_random/20260508T022220Z__research_group_03__cheapest_insertion_tabu__g03_i09_c500_d4_m8_random__seed_42__8c2b031093c8.json,skip,,customer_count>10
/Users/mrggrm/Documents/GitHub/MDMTSP-HSE-RESEARCH/results/runs/research_group_03/cheapest_insertion_tabu/research/group_03/g03_i10_c500_d5_m18_random/20260508T022220Z__research_group_03__cheapest_insertion_tabu__g03_i10_c500_d5_m18_random__seed_42__0d4871eb0bfc.json,skip,,customer_count>10
/Users/mrggrm/Documents/GitHub/MDMTSP-HSE-RESEARCH/results/runs/research_group_03/cheapest_insertion_tabu/research/group_03/g03_i11_c500_d4_m12_adversarial/20260508T022220Z__research_group_03__cheapest_insertion_tabu__g03_i11_c500_d4_m12_adversarial__seed_42__fd6497aa92c3.json,skip,,customer_count>10
/Users/mrggrm/Documents/GitHub/MDMTSP-HSE-RESEARCH/results/runs/research_group_03/cheapest_insertion_tabu/research/group_03/g03_i12_c500_d4_m13_adversarial/20260508T022220Z__research_group_03__cheapest_insertion_tabu__g03_i12_c500_d4_m13_adversarial__seed_42__96a8e394488d.json,skip,,customer_count>10
/Users/mrggrm/Documents/GitHub/MDMTSP-HSE-RESEARCH/results/runs/research_group_03/cheapest_insertion_tabu/research/group_03/g03_i13_c500_d4_m12_adversarial/20260508T022220Z__research_group_03__cheapest_insertion_tabu__g03_i13_c500_d4_m12_adversarial__seed_42__a1d28e22b9a0.json,skip,,customer_count>10
/Users/mrggrm/Documents/GitHub/MDMTSP-HSE-RESEARCH/results/runs/research_group_03/cheapest_insertion_tabu/research/group_03/g03_i14_c500_d4_m13_adversarial/20260508T022220Z__research_group_03__cheapest_insertion_tabu__g03_i14_c500_d4_m13_adversarial__seed_42__24881a0ad0ae.json,skip,,customer_count>10
/Users/mrggrm/Documents/GitHub/MDMTSP-HSE-RESEARCH/results/runs/research_group_03/cheapest_insertion_tabu/research/group_03/g03_i15_c500_d5_m15_adversarial/20260508T022220Z__research_group_03__cheapest_insertion_tabu__g03_i15_c500_d5_m15_adversarial__seed_42__432d69f96aac.json,skip,,customer_count>10
/Users/mrggrm/Documents/GitHub/MDMTSP-HSE-RESEARCH/results/runs/research_group_03/cheapest_insertion_tabu/research/group_03/g03_i16_c500_d4_m12_adversarial/20260508T022220Z__research_group_03__cheapest_insertion_tabu__g03_i16_c500_d4_m12_adversarial__seed_42__c66bbd4f3e1b.json,skip,,customer_count>10
/Users/mrggrm/Documents/GitHub/MDMTSP-HSE-RESEARCH/results/runs/research_group_03/cheapest_insertion_tabu/research/group_03/g03_i17_c500_d4_m13_adversarial/20260508T022220Z__research_group_03__cheapest_insertion_tabu__g03_i17_c500_d4_m13_adversarial__seed_42__3566ca0c6f6e.json,skip,,customer_count>10
/Users/mrggrm/Documents/GitHub/MDMTSP-HSE-RESEARCH/results/runs/research_group_03/cheapest_insertion_tabu/research/group_03/g03_i18_c500_d5_m15_adversarial/20260508T022220Z__research_group_03__cheapest_insertion_tabu__g03_i18_c500_d5_m15_adversarial__seed_42__7492a7b030ac.json,skip,,customer_count>10
/Users/mrggrm/Documents/GitHub/MDMTSP-HSE-RESEARCH/results/runs/research_group_03/cheapest_insertion_tabu/research/group_03/g03_i19_c500_d4_m12_adversarial/20260508T022220Z__research_group_03__cheapest_insertion_tabu__g03_i19_c500_d4_m12_adversarial__seed_42__13fa69a4b6f8.json,skip,,customer_count>10
/Users/mrggrm/Documents/GitHub/MDMTSP-HSE-RESEARCH/results/runs/research_group_03/cheapest_insertion_tabu/research/group_03/g03_i20_c500_d4_m13_adversarial/20260508T022220Z__research_group_03__cheapest_insertion_tabu__g03_i20_c500_d4_m13_adversarial__seed_42__3a15e7cafb37.json,skip,,customer_count>10
/Users/mrggrm/Documents/GitHub/MDMTSP-HSE-RESEARCH/results/runs/research_group_03/cheapest_insertion_tabu/research/group_03/g03_i21_c500_d5_m15_adversarial/20260508T022220Z__research_group_03__cheapest_insertion_tabu__g03_i21_c500_d5_m15_adversarial__seed_42__812b71b4fa09.json,skip,,customer_count>10
/Users/mrggrm/Documents/GitHub/MDMTSP-HSE-RESEARCH/results/runs/research_group_03/cheapest_insertion_tabu/research/group_03/g03_i22_c500_d4_m12_adversarial/20260508T022220Z__research_group_03__cheapest_insertion_tabu__g03_i22_c500_d4_m12_adversarial__seed_42__0b99d2e27971.json,skip,,customer_count>10
/Users/mrggrm/Documents/GitHub/MDMTSP-HSE-RESEARCH/results/runs/research_group_03/cheapest_insertion_tabu/research/group_03/g03_i23_c500_d4_m13_adversarial/20260508T022220Z__research_group_03__cheapest_insertion_tabu__g03_i23_c500_d4_m13_adversarial__seed_42__6331eb819af5.json,skip,,customer_count>10
/Users/mrggrm/Documents/GitHub/MDMTSP-HSE-RESEARCH/results/runs/research_group_03/cheapest_insertion_tabu/research/group_03/g03_i24_c500_d5_m15_adversarial/20260508T022220Z__research_group_03__cheapest_insertion_tabu__g03_i24_c500_d5_m15_adversarial__seed_42__21a9c298beb8.json,skip,,customer_count>10
/Users/mrggrm/Documents/GitHub/MDMTSP-HSE-RESEARCH/results/runs/research_group_03/cheapest_insertion_tabu/research/group_03/g03_i25_c500_d4_m12_adversarial/20260508T022220Z__research_group_03__cheapest_insertion_tabu__g03_i25_c500_d4_m12_adversarial__seed_42__0bdb45adaf4d.json,skip,,customer_count>10
/Users/mrggrm/Documents/GitHub/MDMTSP-HSE-RESEARCH/results/runs/research_group_03/cheapest_insertion_tabu/research/group_03/g03_i26_c500_d5_m14_adversarial/20260508T022220Z__research_group_03__cheapest_insertion_tabu__g03_i26_c500_d5_m14_adversarial__seed_42__7340632f13a3.json,skip,,customer_count>10
/Users/mrggrm/Documents/GitHub/MDMTSP-HSE-RESEARCH/results/runs/research_group_03/cheapest_insertion_tabu/research/group_03/g03_i27_c500_d4_m12_adversarial/20260508T022220Z__research_group_03__cheapest_insertion_tabu__g03_i27_c500_d4_m12_adversarial__seed_42__71429b0a8db2.json,skip,,customer_count>10
/Users/mrggrm/Documents/GitHub/MDMTSP-HSE-RESEARCH/results/runs/research_group_03/cheapest_insertion_tabu/research/group_03/g03_i28_c500_d5_m14_adversarial/20260508T022220Z__research_group_03__cheapest_insertion_tabu__g03_i28_c500_d5_m14_adversarial__seed_42__6b307341f65a.json,skip,,customer_count>10
/Users/mrggrm/Documents/GitHub/MDMTSP-HSE-RESEARCH/results/runs/research_group_03/cheapest_insertion_tabu/research/group_03/g03_i29_c500_d4_m12_adversarial/20260508T022220Z__research_group_03__cheapest_insertion_tabu__g03_i29_c500_d4_m12_adversarial__seed_42__92aa6b469396.json,skip,,customer_count>10
/Users/mrggrm/Documents/GitHub/MDMTSP-HSE-RESEARCH/results/runs/research_group_03/cheapest_insertion_tabu/research/group_03/g03_i30_c500_d5_m14_adversarial/20260508T022220Z__research_group_03__cheapest_insertion_tabu__g03_i30_c500_d5_m14_adversarial__seed_42__c2438de12d37.json,skip,,customer_count>10
/Users/mrggrm/Documents/GitHub/MDMTSP-HSE-RESEARCH/results/runs/research_group_03/cheapest_insertion_tabu/research/group_03/g03_i31_c500_d4_m12_adversarial/20260508T022220Z__research_group_03__cheapest_insertion_tabu__g03_i31_c500_d4_m12_adversarial__seed_42__8ec7748b3c4b.json,skip,,customer_count>10
/Users/mrggrm/Documents/GitHub/MDMTSP-HSE-RESEARCH/results/runs/research_group_03/cheapest_insertion_tabu/research/group_03/g03_i32_c500_d5_m14_adversarial/20260508T022220Z__research_group_03__cheapest_insertion_tabu__g03_i32_c500_d5_m14_adversarial__seed_42__a3be37bec243.json,skip,,customer_count>10
/Users/mrggrm/Documents/GitHub/MDMTSP-HSE-RESEARCH/results/runs/research_group_03/cheapest_insertion_tabu/research/group_03/g03_i33_c500_d4_m13_adversarial/20260508T022220Z__research_group_03__cheapest_insertion_tabu__g03_i33_c500_d4_m13_adversarial__seed_42__469a68e69db5.json,skip,,customer_count>10
/Users/mrggrm/Documents/GitHub/MDMTSP-HSE-RESEARCH/results/runs/research_group_03/cheapest_insertion_tabu/research/group_03/g03_i34_c500_d5_m16_adversarial/20260508T022220Z__research_group_03__cheapest_insertion_tabu__g03_i34_c500_d5_m16_adversarial__seed_42__ece84640214a.json,skip,,customer_count>10
/Users/mrggrm/Documents/GitHub/MDMTSP-HSE-RESEARCH/results/runs/research_group_03/cheapest_insertion_tabu/research/group_03/g03_i35_c500_d4_m13_adversarial/20260508T022220Z__research_group_03__cheapest_insertion_tabu__g03_i35_c500_d4_m13_adversarial__seed_42__743b35388ef4.json,skip,,customer_count>10
/Users/mrggrm/Documents/GitHub/MDMTSP-HSE-RESEARCH/results/runs/research_group_03/cheapest_insertion_tabu/research/group_03/g03_i36_c500_d5_m16_adversarial/20260508T022220Z__research_group_03__cheapest_insertion_tabu__g03_i36_c500_d5_m16_adversarial__seed_42__5040081f258d.json,skip,,customer_count>10
/Users/mrggrm/Documents/GitHub/MDMTSP-HSE-RESEARCH/results/runs/research_group_03/cheapest_insertion_tabu/research/group_03/g03_i37_c500_d4_m13_adversarial/20260508T022220Z__research_group_03__cheapest_insertion_tabu__g03_i37_c500_d4_m13_adversarial__seed_42__01f32574698d.json,skip,,customer_count>10
/Users/mrggrm/Documents/GitHub/MDMTSP-HSE-RESEARCH/results/runs/research_group_03/cheapest_insertion_tabu/research/group_03/g03_i38_c500_d5_m16_adversarial/20260508T022220Z__research_group_03__cheapest_insertion_tabu__g03_i38_c500_d5_m16_adversarial__seed_42__ff6aae013c66.json,skip,,customer_count>10
/Users/mrggrm/Documents/GitHub/MDMTSP-HSE-RESEARCH/results/runs/research_group_03/cheapest_insertion_tabu/research/group_03/g03_i39_c500_d4_m13_adversarial/20260508T022220Z__research_group_03__cheapest_insertion_tabu__g03_i39_c500_d4_m13_adversarial__seed_42__5644dbcb85b2.json,skip,,customer_count>10
/Users/mrggrm/Documents/GitHub/MDMTSP-HSE-RESEARCH/results/runs/research_group_03/cheapest_insertion_tabu/research/group_03/g03_i40_c500_d5_m16_adversarial/20260508T022220Z__research_group_03__cheapest_insertion_tabu__g03_i40_c500_d5_m16_adversarial__seed_42__af8f0a8f3364.json,skip,,customer_count>10
/Users/mrggrm/Documents/GitHub/MDMTSP-HSE-RESEARCH/results/runs/research_group_03/cheapest_insertion_tabu/research/group_03/g03_i41_c500_d4_m12_adversarial/20260508T022220Z__research_group_03__cheapest_insertion_tabu__g03_i41_c500_d4_m12_adversarial__seed_42__64b0f8d4d8c4.json,skip,,customer_count>10
/Users/mrggrm/Documents/GitHub/MDMTSP-HSE-RESEARCH/results/runs/research_group_03/cheapest_insertion_tabu/research/group_03/g03_i42_c500_d5_m14_adversarial/20260508T022220Z__research_group_03__cheapest_insertion_tabu__g03_i42_c500_d5_m14_adversarial__seed_42__6d924184220f.json,skip,,customer_count>10
/Users/mrggrm/Documents/GitHub/MDMTSP-HSE-RESEARCH/results/runs/research_group_03/cheapest_insertion_tabu/research/group_03/g03_i43_c500_d4_m12_adversarial/20260508T022220Z__research_group_03__cheapest_insertion_tabu__g03_i43_c500_d4_m12_adversarial__seed_42__868a6e2365ba.json,skip,,customer_count>10
/Users/mrggrm/Documents/GitHub/MDMTSP-HSE-RESEARCH/results/runs/research_group_03/cheapest_insertion_tabu/research/group_03/g03_i44_c500_d5_m14_adversarial/20260508T022220Z__research_group_03__cheapest_insertion_tabu__g03_i44_c500_d5_m14_adversarial__seed_42__ad4c56b8746e.json,skip,,customer_count>10
/Users/mrggrm/Documents/GitHub/MDMTSP-HSE-RESEARCH/results/runs/research_group_03/cheapest_insertion_tabu/research/group_03/g03_i45_c500_d4_m12_adversarial/20260508T022220Z__research_group_03__cheapest_insertion_tabu__g03_i45_c500_d4_m12_adversarial__seed_42__b35e303739a2.json,skip,,customer_count>10
/Users/mrggrm/Documents/GitHub/MDMTSP-HSE-RESEARCH/results/runs/research_group_03/cheapest_insertion_tabu/research/group_03/g03_i46_c500_d5_m14_adversarial/20260508T022220Z__research_group_03__cheapest_insertion_tabu__g03_i46_c500_d5_m14_adversarial__seed_42__f9d58f6d8645.json,skip,,customer_count>10
/Users/mrggrm/Documents/GitHub/MDMTSP-HSE-RESEARCH/results/runs/research_group_03/cheapest_insertion_tabu/research/group_03/g03_i47_c500_d4_m12_adversarial/20260508T022220Z__research_group_03__cheapest_insertion_tabu__g03_i47_c500_d4_m12_adversarial__seed_42__4414cd443f8c.json,skip,,customer_count>10
/Users/mrggrm/Documents/GitHub/MDMTSP-HSE-RESEARCH/results/runs/research_group_03/cheapest_insertion_tabu/research/group_03/g03_i48_c500_d4_m13_adversarial/20260508T022220Z__research_group_03__cheapest_insertion_tabu__g03_i48_c500_d4_m13_adversarial__seed_42__4899c5a6df25.json,skip,,customer_count>10
/Users/mrggrm/Documents/GitHub/MDMTSP-HSE-RESEARCH/results/runs/research_group_03/cheapest_insertion_tabu/research/group_03/g03_i49_c500_d5_m15_adversarial/20260508T022220Z__research_group_03__cheapest_insertion_tabu__g03_i49_c500_d5_m15_adversarial__seed_42__600a427d323f.json,skip,,customer_count>10
/Users/mrggrm/Documents/GitHub/MDMTSP-HSE-RESEARCH/results/runs/research_group_03/cheapest_insertion_tabu/research/group_03/g03_i50_c500_d4_m12_adversarial/20260508T022220Z__research_group_03__cheapest_insertion_tabu__g03_i50_c500_d4_m12_adversarial__seed_42__aedf6379bdaa.json,skip,,customer_count>10
/Users/mrggrm/Documents/GitHub/MDMTSP-HSE-RESEARCH/results/runs/research_group_03/cheapest_insertion_tabu/research/group_03/g03_i51_c500_d4_m13_adversarial/20260508T022220Z__research_group_03__cheapest_insertion_tabu__g03_i51_c500_d4_m13_adversarial__seed_42__f19dbbfc45f1.json,skip,,customer_count>10
/Users/mrggrm/Documents/GitHub/MDMTSP-HSE-RESEARCH/results/runs/research_group_03/cheapest_insertion_tabu/research/group_03/g03_i52_c500_d5_m15_adversarial/20260508T022220Z__research_group_03__cheapest_insertion_tabu__g03_i52_c500_d5_m15_adversarial__seed_42__11c8cf770d61.json,skip,,customer_count>10
/Users/mrggrm/Documents/GitHub/MDMTSP-HSE-RESEARCH/results/runs/research_group_03/cheapest_insertion_vnd/research/group_03/g03_i01_c500_d5_m21_random/20260508T021424Z__research_group_03__cheapest_insertion_vnd__g03_i01_c500_d5_m21_random__seed_42__37a25bc7163b.json,skip,,customer_count>10
/Users/mrggrm/Documents/GitHub/MDMTSP-HSE-RESEARCH/results/runs/research_group_03/cheapest_insertion_vnd/research/group_03/g03_i02_c500_d3_m10_random/20260508T021434Z__research_group_03__cheapest_insertion_vnd__g03_i02_c500_d3_m10_random__seed_42__ce33bf4399c9.json,skip,,customer_count>10
/Users/mrggrm/Documents/GitHub/MDMTSP-HSE-RESEARCH/results/runs/research_group_03/cheapest_insertion_vnd/research/group_03/g03_i03_c500_d3_m12_random/20260508T021443Z__research_group_03__cheapest_insertion_vnd__g03_i03_c500_d3_m12_random__seed_42__0ad4f7aacf0c.json,skip,,customer_count>10
/Users/mrggrm/Documents/GitHub/MDMTSP-HSE-RESEARCH/results/runs/research_group_03/cheapest_insertion_vnd/research/group_03/g03_i04_c500_d5_m19_random/20260508T021453Z__research_group_03__cheapest_insertion_vnd__g03_i04_c500_d5_m19_random__seed_42__b47ea845be75.json,skip,,customer_count>10
/Users/mrggrm/Documents/GitHub/MDMTSP-HSE-RESEARCH/results/runs/research_group_03/cheapest_insertion_vnd/research/group_03/g03_i05_c500_d3_m6_random/20260508T021502Z__research_group_03__cheapest_insertion_vnd__g03_i05_c500_d3_m6_random__seed_42__13edfce8165f.json,skip,,customer_count>10
/Users/mrggrm/Documents/GitHub/MDMTSP-HSE-RESEARCH/results/runs/research_group_03/cheapest_insertion_vnd/research/group_03/g03_i06_c500_d3_m3_random/20260508T021510Z__research_group_03__cheapest_insertion_vnd__g03_i06_c500_d3_m3_random__seed_42__219025e1ca89.json,skip,,customer_count>10
/Users/mrggrm/Documents/GitHub/MDMTSP-HSE-RESEARCH/results/runs/research_group_03/cheapest_insertion_vnd/research/group_03/g03_i07_c500_d5_m20_random/20260508T021518Z__research_group_03__cheapest_insertion_vnd__g03_i07_c500_d5_m20_random__seed_42__a6b6caaa7b37.json,skip,,customer_count>10
/Users/mrggrm/Documents/GitHub/MDMTSP-HSE-RESEARCH/results/runs/research_group_03/cheapest_insertion_vnd/research/group_03/g03_i08_c500_d3_m7_random/20260508T021528Z__research_group_03__cheapest_insertion_vnd__g03_i08_c500_d3_m7_random__seed_42__92ad95a2ee4f.json,skip,,customer_count>10
/Users/mrggrm/Documents/GitHub/MDMTSP-HSE-RESEARCH/results/runs/research_group_03/cheapest_insertion_vnd/research/group_03/g03_i09_c500_d4_m8_random/20260508T021536Z__research_group_03__cheapest_insertion_vnd__g03_i09_c500_d4_m8_random__seed_42__3b19bcc9e22c.json,skip,,customer_count>10
/Users/mrggrm/Documents/GitHub/MDMTSP-HSE-RESEARCH/results/runs/research_group_03/cheapest_insertion_vnd/research/group_03/g03_i10_c500_d5_m18_random/20260508T021545Z__research_group_03__cheapest_insertion_vnd__g03_i10_c500_d5_m18_random__seed_42__943dcf51273a.json,skip,,customer_count>10
/Users/mrggrm/Documents/GitHub/MDMTSP-HSE-RESEARCH/results/runs/research_group_03/cheapest_insertion_vnd/research/group_03/g03_i11_c500_d4_m12_adversarial/20260508T021555Z__research_group_03__cheapest_insertion_vnd__g03_i11_c500_d4_m12_adversarial__seed_42__f3a78182a905.json,skip,,customer_count>10
/Users/mrggrm/Documents/GitHub/MDMTSP-HSE-RESEARCH/results/runs/research_group_03/cheapest_insertion_vnd/research/group_03/g03_i12_c500_d4_m13_adversarial/20260508T021604Z__research_group_03__cheapest_insertion_vnd__g03_i12_c500_d4_m13_adversarial__seed_42__1a29889eb9dd.json,skip,,customer_count>10
/Users/mrggrm/Documents/GitHub/MDMTSP-HSE-RESEARCH/results/runs/research_group_03/cheapest_insertion_vnd/research/group_03/g03_i13_c500_d4_m12_adversarial/20260508T021613Z__research_group_03__cheapest_insertion_vnd__g03_i13_c500_d4_m12_adversarial__seed_42__d853545afff5.json,skip,,customer_count>10
/Users/mrggrm/Documents/GitHub/MDMTSP-HSE-RESEARCH/results/runs/research_group_03/cheapest_insertion_vnd/research/group_03/g03_i14_c500_d4_m13_adversarial/20260508T021622Z__research_group_03__cheapest_insertion_vnd__g03_i14_c500_d4_m13_adversarial__seed_42__67414d01d5a7.json,skip,,customer_count>10
/Users/mrggrm/Documents/GitHub/MDMTSP-HSE-RESEARCH/results/runs/research_group_03/cheapest_insertion_vnd/research/group_03/g03_i15_c500_d5_m15_adversarial/20260508T021631Z__research_group_03__cheapest_insertion_vnd__g03_i15_c500_d5_m15_adversarial__seed_42__9ca30fc4c696.json,skip,,customer_count>10
/Users/mrggrm/Documents/GitHub/MDMTSP-HSE-RESEARCH/results/runs/research_group_03/cheapest_insertion_vnd/research/group_03/g03_i16_c500_d4_m12_adversarial/20260508T021640Z__research_group_03__cheapest_insertion_vnd__g03_i16_c500_d4_m12_adversarial__seed_42__7cbf2f0568e8.json,skip,,customer_count>10
/Users/mrggrm/Documents/GitHub/MDMTSP-HSE-RESEARCH/results/runs/research_group_03/cheapest_insertion_vnd/research/group_03/g03_i17_c500_d4_m13_adversarial/20260508T021649Z__research_group_03__cheapest_insertion_vnd__g03_i17_c500_d4_m13_adversarial__seed_42__3916a1f258bd.json,skip,,customer_count>10
/Users/mrggrm/Documents/GitHub/MDMTSP-HSE-RESEARCH/results/runs/research_group_03/cheapest_insertion_vnd/research/group_03/g03_i18_c500_d5_m15_adversarial/20260508T021658Z__research_group_03__cheapest_insertion_vnd__g03_i18_c500_d5_m15_adversarial__seed_42__1a7d6cd9b5d4.json,skip,,customer_count>10
/Users/mrggrm/Documents/GitHub/MDMTSP-HSE-RESEARCH/results/runs/research_group_03/cheapest_insertion_vnd/research/group_03/g03_i19_c500_d4_m12_adversarial/20260508T021708Z__research_group_03__cheapest_insertion_vnd__g03_i19_c500_d4_m12_adversarial__seed_42__eaebf2c21fbc.json,skip,,customer_count>10
/Users/mrggrm/Documents/GitHub/MDMTSP-HSE-RESEARCH/results/runs/research_group_03/cheapest_insertion_vnd/research/group_03/g03_i20_c500_d4_m13_adversarial/20260508T021718Z__research_group_03__cheapest_insertion_vnd__g03_i20_c500_d4_m13_adversarial__seed_42__9ed0663a9795.json,skip,,customer_count>10
/Users/mrggrm/Documents/GitHub/MDMTSP-HSE-RESEARCH/results/runs/research_group_03/cheapest_insertion_vnd/research/group_03/g03_i21_c500_d5_m15_adversarial/20260508T021727Z__research_group_03__cheapest_insertion_vnd__g03_i21_c500_d5_m15_adversarial__seed_42__cece0e90f92c.json,skip,,customer_count>10
/Users/mrggrm/Documents/GitHub/MDMTSP-HSE-RESEARCH/results/runs/research_group_03/cheapest_insertion_vnd/research/group_03/g03_i22_c500_d4_m12_adversarial/20260508T021736Z__research_group_03__cheapest_insertion_vnd__g03_i22_c500_d4_m12_adversarial__seed_42__1931bd46ccf9.json,skip,,customer_count>10
/Users/mrggrm/Documents/GitHub/MDMTSP-HSE-RESEARCH/results/runs/research_group_03/cheapest_insertion_vnd/research/group_03/g03_i23_c500_d4_m13_adversarial/20260508T021745Z__research_group_03__cheapest_insertion_vnd__g03_i23_c500_d4_m13_adversarial__seed_42__a715e95c0a55.json,skip,,customer_count>10
/Users/mrggrm/Documents/GitHub/MDMTSP-HSE-RESEARCH/results/runs/research_group_03/cheapest_insertion_vnd/research/group_03/g03_i24_c500_d5_m15_adversarial/20260508T021754Z__research_group_03__cheapest_insertion_vnd__g03_i24_c500_d5_m15_adversarial__seed_42__02836eaa1144.json,skip,,customer_count>10
/Users/mrggrm/Documents/GitHub/MDMTSP-HSE-RESEARCH/results/runs/research_group_03/cheapest_insertion_vnd/research/group_03/g03_i25_c500_d4_m12_adversarial/20260508T021804Z__research_group_03__cheapest_insertion_vnd__g03_i25_c500_d4_m12_adversarial__seed_42__e810431a5763.json,skip,,customer_count>10
/Users/mrggrm/Documents/GitHub/MDMTSP-HSE-RESEARCH/results/runs/research_group_03/cheapest_insertion_vnd/research/group_03/g03_i26_c500_d5_m14_adversarial/20260508T021813Z__research_group_03__cheapest_insertion_vnd__g03_i26_c500_d5_m14_adversarial__seed_42__f42e1ea0a369.json,skip,,customer_count>10
/Users/mrggrm/Documents/GitHub/MDMTSP-HSE-RESEARCH/results/runs/research_group_03/cheapest_insertion_vnd/research/group_03/g03_i27_c500_d4_m12_adversarial/20260508T021822Z__research_group_03__cheapest_insertion_vnd__g03_i27_c500_d4_m12_adversarial__seed_42__cc22079409c9.json,skip,,customer_count>10
/Users/mrggrm/Documents/GitHub/MDMTSP-HSE-RESEARCH/results/runs/research_group_03/cheapest_insertion_vnd/research/group_03/g03_i28_c500_d5_m14_adversarial/20260508T021832Z__research_group_03__cheapest_insertion_vnd__g03_i28_c500_d5_m14_adversarial__seed_42__9ca7ef0479b1.json,skip,,customer_count>10
/Users/mrggrm/Documents/GitHub/MDMTSP-HSE-RESEARCH/results/runs/research_group_03/cheapest_insertion_vnd/research/group_03/g03_i29_c500_d4_m12_adversarial/20260508T021841Z__research_group_03__cheapest_insertion_vnd__g03_i29_c500_d4_m12_adversarial__seed_42__80abb001aadd.json,skip,,customer_count>10
/Users/mrggrm/Documents/GitHub/MDMTSP-HSE-RESEARCH/results/runs/research_group_03/cheapest_insertion_vnd/research/group_03/g03_i30_c500_d5_m14_adversarial/20260508T021850Z__research_group_03__cheapest_insertion_vnd__g03_i30_c500_d5_m14_adversarial__seed_42__2348e8fde05a.json,skip,,customer_count>10
/Users/mrggrm/Documents/GitHub/MDMTSP-HSE-RESEARCH/results/runs/research_group_03/cheapest_insertion_vnd/research/group_03/g03_i31_c500_d4_m12_adversarial/20260508T021900Z__research_group_03__cheapest_insertion_vnd__g03_i31_c500_d4_m12_adversarial__seed_42__9dea984d8d9c.json,skip,,customer_count>10
/Users/mrggrm/Documents/GitHub/MDMTSP-HSE-RESEARCH/results/runs/research_group_03/cheapest_insertion_vnd/research/group_03/g03_i32_c500_d5_m14_adversarial/20260508T021909Z__research_group_03__cheapest_insertion_vnd__g03_i32_c500_d5_m14_adversarial__seed_42__86eb11522483.json,skip,,customer_count>10
/Users/mrggrm/Documents/GitHub/MDMTSP-HSE-RESEARCH/results/runs/research_group_03/cheapest_insertion_vnd/research/group_03/g03_i33_c500_d4_m13_adversarial/20260508T021918Z__research_group_03__cheapest_insertion_vnd__g03_i33_c500_d4_m13_adversarial__seed_42__294d3da71cce.json,skip,,customer_count>10
/Users/mrggrm/Documents/GitHub/MDMTSP-HSE-RESEARCH/results/runs/research_group_03/cheapest_insertion_vnd/research/group_03/g03_i34_c500_d5_m16_adversarial/20260508T021927Z__research_group_03__cheapest_insertion_vnd__g03_i34_c500_d5_m16_adversarial__seed_42__2301c8f27482.json,skip,,customer_count>10
/Users/mrggrm/Documents/GitHub/MDMTSP-HSE-RESEARCH/results/runs/research_group_03/cheapest_insertion_vnd/research/group_03/g03_i35_c500_d4_m13_adversarial/20260508T021937Z__research_group_03__cheapest_insertion_vnd__g03_i35_c500_d4_m13_adversarial__seed_42__847fbe0f77f0.json,skip,,customer_count>10
/Users/mrggrm/Documents/GitHub/MDMTSP-HSE-RESEARCH/results/runs/research_group_03/cheapest_insertion_vnd/research/group_03/g03_i36_c500_d5_m16_adversarial/20260508T021945Z__research_group_03__cheapest_insertion_vnd__g03_i36_c500_d5_m16_adversarial__seed_42__3924c2673da4.json,skip,,customer_count>10
/Users/mrggrm/Documents/GitHub/MDMTSP-HSE-RESEARCH/results/runs/research_group_03/cheapest_insertion_vnd/research/group_03/g03_i37_c500_d4_m13_adversarial/20260508T021955Z__research_group_03__cheapest_insertion_vnd__g03_i37_c500_d4_m13_adversarial__seed_42__b326fcf852ed.json,skip,,customer_count>10
/Users/mrggrm/Documents/GitHub/MDMTSP-HSE-RESEARCH/results/runs/research_group_03/cheapest_insertion_vnd/research/group_03/g03_i38_c500_d5_m16_adversarial/20260508T022004Z__research_group_03__cheapest_insertion_vnd__g03_i38_c500_d5_m16_adversarial__seed_42__06cba85f0f9a.json,skip,,customer_count>10
/Users/mrggrm/Documents/GitHub/MDMTSP-HSE-RESEARCH/results/runs/research_group_03/cheapest_insertion_vnd/research/group_03/g03_i39_c500_d4_m13_adversarial/20260508T022013Z__research_group_03__cheapest_insertion_vnd__g03_i39_c500_d4_m13_adversarial__seed_42__ae53e63a05a2.json,skip,,customer_count>10
/Users/mrggrm/Documents/GitHub/MDMTSP-HSE-RESEARCH/results/runs/research_group_03/cheapest_insertion_vnd/research/group_03/g03_i40_c500_d5_m16_adversarial/20260508T022022Z__research_group_03__cheapest_insertion_vnd__g03_i40_c500_d5_m16_adversarial__seed_42__2b58e123057a.json,skip,,customer_count>10
/Users/mrggrm/Documents/GitHub/MDMTSP-HSE-RESEARCH/results/runs/research_group_03/cheapest_insertion_vnd/research/group_03/g03_i41_c500_d4_m12_adversarial/20260508T022031Z__research_group_03__cheapest_insertion_vnd__g03_i41_c500_d4_m12_adversarial__seed_42__1552c45e62b0.json,skip,,customer_count>10
/Users/mrggrm/Documents/GitHub/MDMTSP-HSE-RESEARCH/results/runs/research_group_03/cheapest_insertion_vnd/research/group_03/g03_i42_c500_d5_m14_adversarial/20260508T022040Z__research_group_03__cheapest_insertion_vnd__g03_i42_c500_d5_m14_adversarial__seed_42__148f5956c7e6.json,skip,,customer_count>10
/Users/mrggrm/Documents/GitHub/MDMTSP-HSE-RESEARCH/results/runs/research_group_03/cheapest_insertion_vnd/research/group_03/g03_i43_c500_d4_m12_adversarial/20260508T022049Z__research_group_03__cheapest_insertion_vnd__g03_i43_c500_d4_m12_adversarial__seed_42__027fa91fc1d9.json,skip,,customer_count>10
/Users/mrggrm/Documents/GitHub/MDMTSP-HSE-RESEARCH/results/runs/research_group_03/cheapest_insertion_vnd/research/group_03/g03_i44_c500_d5_m14_adversarial/20260508T022058Z__research_group_03__cheapest_insertion_vnd__g03_i44_c500_d5_m14_adversarial__seed_42__97081066287b.json,skip,,customer_count>10
/Users/mrggrm/Documents/GitHub/MDMTSP-HSE-RESEARCH/results/runs/research_group_03/cheapest_insertion_vnd/research/group_03/g03_i45_c500_d4_m12_adversarial/20260508T022107Z__research_group_03__cheapest_insertion_vnd__g03_i45_c500_d4_m12_adversarial__seed_42__9d1c9fa0f1b1.json,skip,,customer_count>10
/Users/mrggrm/Documents/GitHub/MDMTSP-HSE-RESEARCH/results/runs/research_group_03/cheapest_insertion_vnd/research/group_03/g03_i46_c500_d5_m14_adversarial/20260508T022117Z__research_group_03__cheapest_insertion_vnd__g03_i46_c500_d5_m14_adversarial__seed_42__6ab53ac9208e.json,skip,,customer_count>10
/Users/mrggrm/Documents/GitHub/MDMTSP-HSE-RESEARCH/results/runs/research_group_03/cheapest_insertion_vnd/research/group_03/g03_i47_c500_d4_m12_adversarial/20260508T022126Z__research_group_03__cheapest_insertion_vnd__g03_i47_c500_d4_m12_adversarial__seed_42__8bc8c3385f66.json,skip,,customer_count>10
/Users/mrggrm/Documents/GitHub/MDMTSP-HSE-RESEARCH/results/runs/research_group_03/cheapest_insertion_vnd/research/group_03/g03_i48_c500_d4_m13_adversarial/20260508T022135Z__research_group_03__cheapest_insertion_vnd__g03_i48_c500_d4_m13_adversarial__seed_42__930778f74eae.json,skip,,customer_count>10
/Users/mrggrm/Documents/GitHub/MDMTSP-HSE-RESEARCH/results/runs/research_group_03/cheapest_insertion_vnd/research/group_03/g03_i49_c500_d5_m15_adversarial/20260508T022143Z__research_group_03__cheapest_insertion_vnd__g03_i49_c500_d5_m15_adversarial__seed_42__b27cf2a5928f.json,skip,,customer_count>10
/Users/mrggrm/Documents/GitHub/MDMTSP-HSE-RESEARCH/results/runs/research_group_03/cheapest_insertion_vnd/research/group_03/g03_i50_c500_d4_m12_adversarial/20260508T022153Z__research_group_03__cheapest_insertion_vnd__g03_i50_c500_d4_m12_adversarial__seed_42__3379bfd61aae.json,skip,,customer_count>10
/Users/mrggrm/Documents/GitHub/MDMTSP-HSE-RESEARCH/results/runs/research_group_03/cheapest_insertion_vnd/research/group_03/g03_i51_c500_d4_m13_adversarial/20260508T022202Z__research_group_03__cheapest_insertion_vnd__g03_i51_c500_d4_m13_adversarial__seed_42__3419c2ed1f83.json,skip,,customer_count>10
/Users/mrggrm/Documents/GitHub/MDMTSP-HSE-RESEARCH/results/runs/research_group_03/cheapest_insertion_vnd/research/group_03/g03_i52_c500_d5_m15_adversarial/20260508T022210Z__research_group_03__cheapest_insertion_vnd__g03_i52_c500_d5_m15_adversarial__seed_42__5d7b5de26c09.json,skip,,customer_count>10
/Users/mrggrm/Documents/GitHub/MDMTSP-HSE-RESEARCH/results/runs/research_group_03/nearest_neighbour/research/group_03/g03_i01_c500_d5_m21_random/20260508T021423Z__research_group_03__nearest_neighbour__g03_i01_c500_d5_m21_random__seed_42__2ddeac8e471c.json,skip,,customer_count>10
/Users/mrggrm/Documents/GitHub/MDMTSP-HSE-RESEARCH/results/runs/research_group_03/nearest_neighbour/research/group_03/g03_i02_c500_d3_m10_random/20260508T021423Z__research_group_03__nearest_neighbour__g03_i02_c500_d3_m10_random__seed_42__99539787480e.json,skip,,customer_count>10
/Users/mrggrm/Documents/GitHub/MDMTSP-HSE-RESEARCH/results/runs/research_group_03/nearest_neighbour/research/group_03/g03_i03_c500_d3_m12_random/20260508T021423Z__research_group_03__nearest_neighbour__g03_i03_c500_d3_m12_random__seed_42__ea76ce60b069.json,skip,,customer_count>10
/Users/mrggrm/Documents/GitHub/MDMTSP-HSE-RESEARCH/results/runs/research_group_03/nearest_neighbour/research/group_03/g03_i04_c500_d5_m19_random/20260508T021423Z__research_group_03__nearest_neighbour__g03_i04_c500_d5_m19_random__seed_42__359daceec1fe.json,skip,,customer_count>10
/Users/mrggrm/Documents/GitHub/MDMTSP-HSE-RESEARCH/results/runs/research_group_03/nearest_neighbour/research/group_03/g03_i05_c500_d3_m6_random/20260508T021423Z__research_group_03__nearest_neighbour__g03_i05_c500_d3_m6_random__seed_42__93238d3893a0.json,skip,,customer_count>10
/Users/mrggrm/Documents/GitHub/MDMTSP-HSE-RESEARCH/results/runs/research_group_03/nearest_neighbour/research/group_03/g03_i06_c500_d3_m3_random/20260508T021423Z__research_group_03__nearest_neighbour__g03_i06_c500_d3_m3_random__seed_42__d79d8a1b8b9d.json,skip,,customer_count>10
/Users/mrggrm/Documents/GitHub/MDMTSP-HSE-RESEARCH/results/runs/research_group_03/nearest_neighbour/research/group_03/g03_i07_c500_d5_m20_random/20260508T021423Z__research_group_03__nearest_neighbour__g03_i07_c500_d5_m20_random__seed_42__cdca0545ecd7.json,skip,,customer_count>10
/Users/mrggrm/Documents/GitHub/MDMTSP-HSE-RESEARCH/results/runs/research_group_03/nearest_neighbour/research/group_03/g03_i08_c500_d3_m7_random/20260508T021423Z__research_group_03__nearest_neighbour__g03_i08_c500_d3_m7_random__seed_42__4f3ccdcdcf85.json,skip,,customer_count>10
/Users/mrggrm/Documents/GitHub/MDMTSP-HSE-RESEARCH/results/runs/research_group_03/nearest_neighbour/research/group_03/g03_i09_c500_d4_m8_random/20260508T021423Z__research_group_03__nearest_neighbour__g03_i09_c500_d4_m8_random__seed_42__0eae828934d4.json,skip,,customer_count>10
/Users/mrggrm/Documents/GitHub/MDMTSP-HSE-RESEARCH/results/runs/research_group_03/nearest_neighbour/research/group_03/g03_i10_c500_d5_m18_random/20260508T021423Z__research_group_03__nearest_neighbour__g03_i10_c500_d5_m18_random__seed_42__56489c6a31cf.json,skip,,customer_count>10
/Users/mrggrm/Documents/GitHub/MDMTSP-HSE-RESEARCH/results/runs/research_group_03/nearest_neighbour/research/group_03/g03_i11_c500_d4_m12_adversarial/20260508T021423Z__research_group_03__nearest_neighbour__g03_i11_c500_d4_m12_adversarial__seed_42__5d9baeb65d63.json,skip,,customer_count>10
/Users/mrggrm/Documents/GitHub/MDMTSP-HSE-RESEARCH/results/runs/research_group_03/nearest_neighbour/research/group_03/g03_i12_c500_d4_m13_adversarial/20260508T021423Z__research_group_03__nearest_neighbour__g03_i12_c500_d4_m13_adversarial__seed_42__b889f5dfe1d4.json,skip,,customer_count>10
/Users/mrggrm/Documents/GitHub/MDMTSP-HSE-RESEARCH/results/runs/research_group_03/nearest_neighbour/research/group_03/g03_i13_c500_d4_m12_adversarial/20260508T021423Z__research_group_03__nearest_neighbour__g03_i13_c500_d4_m12_adversarial__seed_42__dc53ca2f6ae8.json,skip,,customer_count>10
/Users/mrggrm/Documents/GitHub/MDMTSP-HSE-RESEARCH/results/runs/research_group_03/nearest_neighbour/research/group_03/g03_i14_c500_d4_m13_adversarial/20260508T021423Z__research_group_03__nearest_neighbour__g03_i14_c500_d4_m13_adversarial__seed_42__ec6e0836ef12.json,skip,,customer_count>10
/Users/mrggrm/Documents/GitHub/MDMTSP-HSE-RESEARCH/results/runs/research_group_03/nearest_neighbour/research/group_03/g03_i15_c500_d5_m15_adversarial/20260508T021423Z__research_group_03__nearest_neighbour__g03_i15_c500_d5_m15_adversarial__seed_42__4b544ff023c9.json,skip,,customer_count>10
/Users/mrggrm/Documents/GitHub/MDMTSP-HSE-RESEARCH/results/runs/research_group_03/nearest_neighbour/research/group_03/g03_i16_c500_d4_m12_adversarial/20260508T021423Z__research_group_03__nearest_neighbour__g03_i16_c500_d4_m12_adversarial__seed_42__6f200bb436de.json,skip,,customer_count>10
/Users/mrggrm/Documents/GitHub/MDMTSP-HSE-RESEARCH/results/runs/research_group_03/nearest_neighbour/research/group_03/g03_i17_c500_d4_m13_adversarial/20260508T021423Z__research_group_03__nearest_neighbour__g03_i17_c500_d4_m13_adversarial__seed_42__527d6a0fbd1a.json,skip,,customer_count>10
/Users/mrggrm/Documents/GitHub/MDMTSP-HSE-RESEARCH/results/runs/research_group_03/nearest_neighbour/research/group_03/g03_i18_c500_d5_m15_adversarial/20260508T021423Z__research_group_03__nearest_neighbour__g03_i18_c500_d5_m15_adversarial__seed_42__1d67a9e867ed.json,skip,,customer_count>10
/Users/mrggrm/Documents/GitHub/MDMTSP-HSE-RESEARCH/results/runs/research_group_03/nearest_neighbour/research/group_03/g03_i19_c500_d4_m12_adversarial/20260508T021423Z__research_group_03__nearest_neighbour__g03_i19_c500_d4_m12_adversarial__seed_42__0ef88cdac447.json,skip,,customer_count>10
/Users/mrggrm/Documents/GitHub/MDMTSP-HSE-RESEARCH/results/runs/research_group_03/nearest_neighbour/research/group_03/g03_i20_c500_d4_m13_adversarial/20260508T021423Z__research_group_03__nearest_neighbour__g03_i20_c500_d4_m13_adversarial__seed_42__9870e038403c.json,skip,,customer_count>10
/Users/mrggrm/Documents/GitHub/MDMTSP-HSE-RESEARCH/results/runs/research_group_03/nearest_neighbour/research/group_03/g03_i21_c500_d5_m15_adversarial/20260508T021423Z__research_group_03__nearest_neighbour__g03_i21_c500_d5_m15_adversarial__seed_42__b92d82d3c1dc.json,skip,,customer_count>10
/Users/mrggrm/Documents/GitHub/MDMTSP-HSE-RESEARCH/results/runs/research_group_03/nearest_neighbour/research/group_03/g03_i22_c500_d4_m12_adversarial/20260508T021423Z__research_group_03__nearest_neighbour__g03_i22_c500_d4_m12_adversarial__seed_42__441ed5633870.json,skip,,customer_count>10
/Users/mrggrm/Documents/GitHub/MDMTSP-HSE-RESEARCH/results/runs/research_group_03/nearest_neighbour/research/group_03/g03_i23_c500_d4_m13_adversarial/20260508T021423Z__research_group_03__nearest_neighbour__g03_i23_c500_d4_m13_adversarial__seed_42__16a745c3d766.json,skip,,customer_count>10
/Users/mrggrm/Documents/GitHub/MDMTSP-HSE-RESEARCH/results/runs/research_group_03/nearest_neighbour/research/group_03/g03_i24_c500_d5_m15_adversarial/20260508T021423Z__research_group_03__nearest_neighbour__g03_i24_c500_d5_m15_adversarial__seed_42__258ec0218b4e.json,skip,,customer_count>10
/Users/mrggrm/Documents/GitHub/MDMTSP-HSE-RESEARCH/results/runs/research_group_03/nearest_neighbour/research/group_03/g03_i25_c500_d4_m12_adversarial/20260508T021423Z__research_group_03__nearest_neighbour__g03_i25_c500_d4_m12_adversarial__seed_42__e728239217c0.json,skip,,customer_count>10
/Users/mrggrm/Documents/GitHub/MDMTSP-HSE-RESEARCH/results/runs/research_group_03/nearest_neighbour/research/group_03/g03_i26_c500_d5_m14_adversarial/20260508T021423Z__research_group_03__nearest_neighbour__g03_i26_c500_d5_m14_adversarial__seed_42__c8bb490124c3.json,skip,,customer_count>10
/Users/mrggrm/Documents/GitHub/MDMTSP-HSE-RESEARCH/results/runs/research_group_03/nearest_neighbour/research/group_03/g03_i27_c500_d4_m12_adversarial/20260508T021423Z__research_group_03__nearest_neighbour__g03_i27_c500_d4_m12_adversarial__seed_42__44503f6cf1f7.json,skip,,customer_count>10
/Users/mrggrm/Documents/GitHub/MDMTSP-HSE-RESEARCH/results/runs/research_group_03/nearest_neighbour/research/group_03/g03_i28_c500_d5_m14_adversarial/20260508T021423Z__research_group_03__nearest_neighbour__g03_i28_c500_d5_m14_adversarial__seed_42__d9b353a2467a.json,skip,,customer_count>10
/Users/mrggrm/Documents/GitHub/MDMTSP-HSE-RESEARCH/results/runs/research_group_03/nearest_neighbour/research/group_03/g03_i29_c500_d4_m12_adversarial/20260508T021423Z__research_group_03__nearest_neighbour__g03_i29_c500_d4_m12_adversarial__seed_42__61a9333c3526.json,skip,,customer_count>10
/Users/mrggrm/Documents/GitHub/MDMTSP-HSE-RESEARCH/results/runs/research_group_03/nearest_neighbour/research/group_03/g03_i30_c500_d5_m14_adversarial/20260508T021423Z__research_group_03__nearest_neighbour__g03_i30_c500_d5_m14_adversarial__seed_42__d3d4d1bc49b2.json,skip,,customer_count>10
/Users/mrggrm/Documents/GitHub/MDMTSP-HSE-RESEARCH/results/runs/research_group_03/nearest_neighbour/research/group_03/g03_i31_c500_d4_m12_adversarial/20260508T021423Z__research_group_03__nearest_neighbour__g03_i31_c500_d4_m12_adversarial__seed_42__7c194c6d36ad.json,skip,,customer_count>10
/Users/mrggrm/Documents/GitHub/MDMTSP-HSE-RESEARCH/results/runs/research_group_03/nearest_neighbour/research/group_03/g03_i32_c500_d5_m14_adversarial/20260508T021423Z__research_group_03__nearest_neighbour__g03_i32_c500_d5_m14_adversarial__seed_42__0d9edc19d4c0.json,skip,,customer_count>10
/Users/mrggrm/Documents/GitHub/MDMTSP-HSE-RESEARCH/results/runs/research_group_03/nearest_neighbour/research/group_03/g03_i33_c500_d4_m13_adversarial/20260508T021423Z__research_group_03__nearest_neighbour__g03_i33_c500_d4_m13_adversarial__seed_42__65ba37cfe9c2.json,skip,,customer_count>10
/Users/mrggrm/Documents/GitHub/MDMTSP-HSE-RESEARCH/results/runs/research_group_03/nearest_neighbour/research/group_03/g03_i34_c500_d5_m16_adversarial/20260508T021423Z__research_group_03__nearest_neighbour__g03_i34_c500_d5_m16_adversarial__seed_42__562bc9d2a1ec.json,skip,,customer_count>10
/Users/mrggrm/Documents/GitHub/MDMTSP-HSE-RESEARCH/results/runs/research_group_03/nearest_neighbour/research/group_03/g03_i35_c500_d4_m13_adversarial/20260508T021423Z__research_group_03__nearest_neighbour__g03_i35_c500_d4_m13_adversarial__seed_42__14de9202e92a.json,skip,,customer_count>10
/Users/mrggrm/Documents/GitHub/MDMTSP-HSE-RESEARCH/results/runs/research_group_03/nearest_neighbour/research/group_03/g03_i36_c500_d5_m16_adversarial/20260508T021423Z__research_group_03__nearest_neighbour__g03_i36_c500_d5_m16_adversarial__seed_42__32de73e849aa.json,skip,,customer_count>10
/Users/mrggrm/Documents/GitHub/MDMTSP-HSE-RESEARCH/results/runs/research_group_03/nearest_neighbour/research/group_03/g03_i37_c500_d4_m13_adversarial/20260508T021423Z__research_group_03__nearest_neighbour__g03_i37_c500_d4_m13_adversarial__seed_42__72fea818fb65.json,skip,,customer_count>10
/Users/mrggrm/Documents/GitHub/MDMTSP-HSE-RESEARCH/results/runs/research_group_03/nearest_neighbour/research/group_03/g03_i38_c500_d5_m16_adversarial/20260508T021423Z__research_group_03__nearest_neighbour__g03_i38_c500_d5_m16_adversarial__seed_42__22c7f180094d.json,skip,,customer_count>10
/Users/mrggrm/Documents/GitHub/MDMTSP-HSE-RESEARCH/results/runs/research_group_03/nearest_neighbour/research/group_03/g03_i39_c500_d4_m13_adversarial/20260508T021423Z__research_group_03__nearest_neighbour__g03_i39_c500_d4_m13_adversarial__seed_42__e60f9df30d98.json,skip,,customer_count>10
/Users/mrggrm/Documents/GitHub/MDMTSP-HSE-RESEARCH/results/runs/research_group_03/nearest_neighbour/research/group_03/g03_i40_c500_d5_m16_adversarial/20260508T021423Z__research_group_03__nearest_neighbour__g03_i40_c500_d5_m16_adversarial__seed_42__86275930bbe7.json,skip,,customer_count>10
/Users/mrggrm/Documents/GitHub/MDMTSP-HSE-RESEARCH/results/runs/research_group_03/nearest_neighbour/research/group_03/g03_i41_c500_d4_m12_adversarial/20260508T021423Z__research_group_03__nearest_neighbour__g03_i41_c500_d4_m12_adversarial__seed_42__999d9d609493.json,skip,,customer_count>10
/Users/mrggrm/Documents/GitHub/MDMTSP-HSE-RESEARCH/results/runs/research_group_03/nearest_neighbour/research/group_03/g03_i42_c500_d5_m14_adversarial/20260508T021423Z__research_group_03__nearest_neighbour__g03_i42_c500_d5_m14_adversarial__seed_42__6a216b4257d9.json,skip,,customer_count>10
/Users/mrggrm/Documents/GitHub/MDMTSP-HSE-RESEARCH/results/runs/research_group_03/nearest_neighbour/research/group_03/g03_i43_c500_d4_m12_adversarial/20260508T021423Z__research_group_03__nearest_neighbour__g03_i43_c500_d4_m12_adversarial__seed_42__fadb8c0c29d2.json,skip,,customer_count>10
/Users/mrggrm/Documents/GitHub/MDMTSP-HSE-RESEARCH/results/runs/research_group_03/nearest_neighbour/research/group_03/g03_i44_c500_d5_m14_adversarial/20260508T021423Z__research_group_03__nearest_neighbour__g03_i44_c500_d5_m14_adversarial__seed_42__f6c285991e11.json,skip,,customer_count>10
/Users/mrggrm/Documents/GitHub/MDMTSP-HSE-RESEARCH/results/runs/research_group_03/nearest_neighbour/research/group_03/g03_i45_c500_d4_m12_adversarial/20260508T021423Z__research_group_03__nearest_neighbour__g03_i45_c500_d4_m12_adversarial__seed_42__d75f95ab1114.json,skip,,customer_count>10
/Users/mrggrm/Documents/GitHub/MDMTSP-HSE-RESEARCH/results/runs/research_group_03/nearest_neighbour/research/group_03/g03_i46_c500_d5_m14_adversarial/20260508T021423Z__research_group_03__nearest_neighbour__g03_i46_c500_d5_m14_adversarial__seed_42__1c5f73a11cf5.json,skip,,customer_count>10
/Users/mrggrm/Documents/GitHub/MDMTSP-HSE-RESEARCH/results/runs/research_group_03/nearest_neighbour/research/group_03/g03_i47_c500_d4_m12_adversarial/20260508T021423Z__research_group_03__nearest_neighbour__g03_i47_c500_d4_m12_adversarial__seed_42__d57374d0a11d.json,skip,,customer_count>10
/Users/mrggrm/Documents/GitHub/MDMTSP-HSE-RESEARCH/results/runs/research_group_03/nearest_neighbour/research/group_03/g03_i48_c500_d4_m13_adversarial/20260508T021423Z__research_group_03__nearest_neighbour__g03_i48_c500_d4_m13_adversarial__seed_42__22714976e0fa.json,skip,,customer_count>10
/Users/mrggrm/Documents/GitHub/MDMTSP-HSE-RESEARCH/results/runs/research_group_03/nearest_neighbour/research/group_03/g03_i49_c500_d5_m15_adversarial/20260508T021423Z__research_group_03__nearest_neighbour__g03_i49_c500_d5_m15_adversarial__seed_42__4e5457af223b.json,skip,,customer_count>10
/Users/mrggrm/Documents/GitHub/MDMTSP-HSE-RESEARCH/results/runs/research_group_03/nearest_neighbour/research/group_03/g03_i50_c500_d4_m12_adversarial/20260508T021423Z__research_group_03__nearest_neighbour__g03_i50_c500_d4_m12_adversarial__seed_42__96458614c4bb.json,skip,,customer_count>10
/Users/mrggrm/Documents/GitHub/MDMTSP-HSE-RESEARCH/results/runs/research_group_03/nearest_neighbour/research/group_03/g03_i51_c500_d4_m13_adversarial/20260508T021423Z__research_group_03__nearest_neighbour__g03_i51_c500_d4_m13_adversarial__seed_42__4aff92c01cea.json,skip,,customer_count>10
/Users/mrggrm/Documents/GitHub/MDMTSP-HSE-RESEARCH/results/runs/research_group_03/nearest_neighbour/research/group_03/g03_i52_c500_d5_m15_adversarial/20260508T021423Z__research_group_03__nearest_neighbour__g03_i52_c500_d5_m15_adversarial__seed_42__1e65b226105d.json,skip,,customer_count>10
/Users/mrggrm/Documents/GitHub/MDMTSP-HSE-RESEARCH/results/runs/research_group_03/nearest_neighbour_2opt/research/group_03/g03_i01_c500_d5_m21_random/20260508T021423Z__research_group_03__nearest_neighbour_2opt__g03_i01_c500_d5_m21_random__seed_42__6d9b43152459.json,skip,,customer_count>10
/Users/mrggrm/Documents/GitHub/MDMTSP-HSE-RESEARCH/results/runs/research_group_03/nearest_neighbour_2opt/research/group_03/g03_i02_c500_d3_m10_random/20260508T021423Z__research_group_03__nearest_neighbour_2opt__g03_i02_c500_d3_m10_random__seed_42__c2872a9e4ac6.json,skip,,customer_count>10
/Users/mrggrm/Documents/GitHub/MDMTSP-HSE-RESEARCH/results/runs/research_group_03/nearest_neighbour_2opt/research/group_03/g03_i03_c500_d3_m12_random/20260508T021423Z__research_group_03__nearest_neighbour_2opt__g03_i03_c500_d3_m12_random__seed_42__e4b0c74f58cb.json,skip,,customer_count>10
/Users/mrggrm/Documents/GitHub/MDMTSP-HSE-RESEARCH/results/runs/research_group_03/nearest_neighbour_2opt/research/group_03/g03_i04_c500_d5_m19_random/20260508T021423Z__research_group_03__nearest_neighbour_2opt__g03_i04_c500_d5_m19_random__seed_42__dd5d66c5d696.json,skip,,customer_count>10
/Users/mrggrm/Documents/GitHub/MDMTSP-HSE-RESEARCH/results/runs/research_group_03/nearest_neighbour_2opt/research/group_03/g03_i05_c500_d3_m6_random/20260508T021423Z__research_group_03__nearest_neighbour_2opt__g03_i05_c500_d3_m6_random__seed_42__72d54a096c00.json,skip,,customer_count>10
/Users/mrggrm/Documents/GitHub/MDMTSP-HSE-RESEARCH/results/runs/research_group_03/nearest_neighbour_2opt/research/group_03/g03_i06_c500_d3_m3_random/20260508T021423Z__research_group_03__nearest_neighbour_2opt__g03_i06_c500_d3_m3_random__seed_42__b87f3427f943.json,skip,,customer_count>10
/Users/mrggrm/Documents/GitHub/MDMTSP-HSE-RESEARCH/results/runs/research_group_03/nearest_neighbour_2opt/research/group_03/g03_i07_c500_d5_m20_random/20260508T021423Z__research_group_03__nearest_neighbour_2opt__g03_i07_c500_d5_m20_random__seed_42__a8d2c9616104.json,skip,,customer_count>10
/Users/mrggrm/Documents/GitHub/MDMTSP-HSE-RESEARCH/results/runs/research_group_03/nearest_neighbour_2opt/research/group_03/g03_i08_c500_d3_m7_random/20260508T021423Z__research_group_03__nearest_neighbour_2opt__g03_i08_c500_d3_m7_random__seed_42__41f42a8cca69.json,skip,,customer_count>10
/Users/mrggrm/Documents/GitHub/MDMTSP-HSE-RESEARCH/results/runs/research_group_03/nearest_neighbour_2opt/research/group_03/g03_i09_c500_d4_m8_random/20260508T021423Z__research_group_03__nearest_neighbour_2opt__g03_i09_c500_d4_m8_random__seed_42__7cd58090afd3.json,skip,,customer_count>10
/Users/mrggrm/Documents/GitHub/MDMTSP-HSE-RESEARCH/results/runs/research_group_03/nearest_neighbour_2opt/research/group_03/g03_i10_c500_d5_m18_random/20260508T021423Z__research_group_03__nearest_neighbour_2opt__g03_i10_c500_d5_m18_random__seed_42__d880a8e19cea.json,skip,,customer_count>10
/Users/mrggrm/Documents/GitHub/MDMTSP-HSE-RESEARCH/results/runs/research_group_03/nearest_neighbour_2opt/research/group_03/g03_i11_c500_d4_m12_adversarial/20260508T021423Z__research_group_03__nearest_neighbour_2opt__g03_i11_c500_d4_m12_adversarial__seed_42__21b417551068.json,skip,,customer_count>10
/Users/mrggrm/Documents/GitHub/MDMTSP-HSE-RESEARCH/results/runs/research_group_03/nearest_neighbour_2opt/research/group_03/g03_i12_c500_d4_m13_adversarial/20260508T021423Z__research_group_03__nearest_neighbour_2opt__g03_i12_c500_d4_m13_adversarial__seed_42__fa91b806c8b8.json,skip,,customer_count>10
/Users/mrggrm/Documents/GitHub/MDMTSP-HSE-RESEARCH/results/runs/research_group_03/nearest_neighbour_2opt/research/group_03/g03_i13_c500_d4_m12_adversarial/20260508T021423Z__research_group_03__nearest_neighbour_2opt__g03_i13_c500_d4_m12_adversarial__seed_42__040bad8a4d8e.json,skip,,customer_count>10
/Users/mrggrm/Documents/GitHub/MDMTSP-HSE-RESEARCH/results/runs/research_group_03/nearest_neighbour_2opt/research/group_03/g03_i14_c500_d4_m13_adversarial/20260508T021423Z__research_group_03__nearest_neighbour_2opt__g03_i14_c500_d4_m13_adversarial__seed_42__18f849cf5605.json,skip,,customer_count>10
/Users/mrggrm/Documents/GitHub/MDMTSP-HSE-RESEARCH/results/runs/research_group_03/nearest_neighbour_2opt/research/group_03/g03_i15_c500_d5_m15_adversarial/20260508T021423Z__research_group_03__nearest_neighbour_2opt__g03_i15_c500_d5_m15_adversarial__seed_42__3cff8c9b6ecd.json,skip,,customer_count>10
/Users/mrggrm/Documents/GitHub/MDMTSP-HSE-RESEARCH/results/runs/research_group_03/nearest_neighbour_2opt/research/group_03/g03_i16_c500_d4_m12_adversarial/20260508T021423Z__research_group_03__nearest_neighbour_2opt__g03_i16_c500_d4_m12_adversarial__seed_42__558da0745ad3.json,skip,,customer_count>10
/Users/mrggrm/Documents/GitHub/MDMTSP-HSE-RESEARCH/results/runs/research_group_03/nearest_neighbour_2opt/research/group_03/g03_i17_c500_d4_m13_adversarial/20260508T021423Z__research_group_03__nearest_neighbour_2opt__g03_i17_c500_d4_m13_adversarial__seed_42__2dfa2d0d8e62.json,skip,,customer_count>10
/Users/mrggrm/Documents/GitHub/MDMTSP-HSE-RESEARCH/results/runs/research_group_03/nearest_neighbour_2opt/research/group_03/g03_i18_c500_d5_m15_adversarial/20260508T021423Z__research_group_03__nearest_neighbour_2opt__g03_i18_c500_d5_m15_adversarial__seed_42__2ed6e7969145.json,skip,,customer_count>10
/Users/mrggrm/Documents/GitHub/MDMTSP-HSE-RESEARCH/results/runs/research_group_03/nearest_neighbour_2opt/research/group_03/g03_i19_c500_d4_m12_adversarial/20260508T021423Z__research_group_03__nearest_neighbour_2opt__g03_i19_c500_d4_m12_adversarial__seed_42__5787bd05f5b9.json,skip,,customer_count>10
/Users/mrggrm/Documents/GitHub/MDMTSP-HSE-RESEARCH/results/runs/research_group_03/nearest_neighbour_2opt/research/group_03/g03_i20_c500_d4_m13_adversarial/20260508T021423Z__research_group_03__nearest_neighbour_2opt__g03_i20_c500_d4_m13_adversarial__seed_42__8dd095185e0a.json,skip,,customer_count>10
/Users/mrggrm/Documents/GitHub/MDMTSP-HSE-RESEARCH/results/runs/research_group_03/nearest_neighbour_2opt/research/group_03/g03_i21_c500_d5_m15_adversarial/20260508T021423Z__research_group_03__nearest_neighbour_2opt__g03_i21_c500_d5_m15_adversarial__seed_42__fd9744e5ada3.json,skip,,customer_count>10
/Users/mrggrm/Documents/GitHub/MDMTSP-HSE-RESEARCH/results/runs/research_group_03/nearest_neighbour_2opt/research/group_03/g03_i22_c500_d4_m12_adversarial/20260508T021423Z__research_group_03__nearest_neighbour_2opt__g03_i22_c500_d4_m12_adversarial__seed_42__9148050ea436.json,skip,,customer_count>10
/Users/mrggrm/Documents/GitHub/MDMTSP-HSE-RESEARCH/results/runs/research_group_03/nearest_neighbour_2opt/research/group_03/g03_i23_c500_d4_m13_adversarial/20260508T021423Z__research_group_03__nearest_neighbour_2opt__g03_i23_c500_d4_m13_adversarial__seed_42__8f3b66301881.json,skip,,customer_count>10
/Users/mrggrm/Documents/GitHub/MDMTSP-HSE-RESEARCH/results/runs/research_group_03/nearest_neighbour_2opt/research/group_03/g03_i24_c500_d5_m15_adversarial/20260508T021423Z__research_group_03__nearest_neighbour_2opt__g03_i24_c500_d5_m15_adversarial__seed_42__3779b893583d.json,skip,,customer_count>10
/Users/mrggrm/Documents/GitHub/MDMTSP-HSE-RESEARCH/results/runs/research_group_03/nearest_neighbour_2opt/research/group_03/g03_i25_c500_d4_m12_adversarial/20260508T021423Z__research_group_03__nearest_neighbour_2opt__g03_i25_c500_d4_m12_adversarial__seed_42__177c66b60d14.json,skip,,customer_count>10
/Users/mrggrm/Documents/GitHub/MDMTSP-HSE-RESEARCH/results/runs/research_group_03/nearest_neighbour_2opt/research/group_03/g03_i26_c500_d5_m14_adversarial/20260508T021423Z__research_group_03__nearest_neighbour_2opt__g03_i26_c500_d5_m14_adversarial__seed_42__c09ffeae68ca.json,skip,,customer_count>10
/Users/mrggrm/Documents/GitHub/MDMTSP-HSE-RESEARCH/results/runs/research_group_03/nearest_neighbour_2opt/research/group_03/g03_i27_c500_d4_m12_adversarial/20260508T021423Z__research_group_03__nearest_neighbour_2opt__g03_i27_c500_d4_m12_adversarial__seed_42__fb39d2c23ba9.json,skip,,customer_count>10
/Users/mrggrm/Documents/GitHub/MDMTSP-HSE-RESEARCH/results/runs/research_group_03/nearest_neighbour_2opt/research/group_03/g03_i28_c500_d5_m14_adversarial/20260508T021423Z__research_group_03__nearest_neighbour_2opt__g03_i28_c500_d5_m14_adversarial__seed_42__2cb44ff38ec9.json,skip,,customer_count>10
/Users/mrggrm/Documents/GitHub/MDMTSP-HSE-RESEARCH/results/runs/research_group_03/nearest_neighbour_2opt/research/group_03/g03_i29_c500_d4_m12_adversarial/20260508T021423Z__research_group_03__nearest_neighbour_2opt__g03_i29_c500_d4_m12_adversarial__seed_42__95084779cee5.json,skip,,customer_count>10
/Users/mrggrm/Documents/GitHub/MDMTSP-HSE-RESEARCH/results/runs/research_group_03/nearest_neighbour_2opt/research/group_03/g03_i30_c500_d5_m14_adversarial/20260508T021423Z__research_group_03__nearest_neighbour_2opt__g03_i30_c500_d5_m14_adversarial__seed_42__91876f51b420.json,skip,,customer_count>10
/Users/mrggrm/Documents/GitHub/MDMTSP-HSE-RESEARCH/results/runs/research_group_03/nearest_neighbour_2opt/research/group_03/g03_i31_c500_d4_m12_adversarial/20260508T021423Z__research_group_03__nearest_neighbour_2opt__g03_i31_c500_d4_m12_adversarial__seed_42__b05cbf6ba921.json,skip,,customer_count>10
/Users/mrggrm/Documents/GitHub/MDMTSP-HSE-RESEARCH/results/runs/research_group_03/nearest_neighbour_2opt/research/group_03/g03_i32_c500_d5_m14_adversarial/20260508T021423Z__research_group_03__nearest_neighbour_2opt__g03_i32_c500_d5_m14_adversarial__seed_42__10dd6e9e02f5.json,skip,,customer_count>10
/Users/mrggrm/Documents/GitHub/MDMTSP-HSE-RESEARCH/results/runs/research_group_03/nearest_neighbour_2opt/research/group_03/g03_i33_c500_d4_m13_adversarial/20260508T021424Z__research_group_03__nearest_neighbour_2opt__g03_i33_c500_d4_m13_adversarial__seed_42__58174f91910b.json,skip,,customer_count>10
/Users/mrggrm/Documents/GitHub/MDMTSP-HSE-RESEARCH/results/runs/research_group_03/nearest_neighbour_2opt/research/group_03/g03_i34_c500_d5_m16_adversarial/20260508T021424Z__research_group_03__nearest_neighbour_2opt__g03_i34_c500_d5_m16_adversarial__seed_42__ec5150c2d94e.json,skip,,customer_count>10
/Users/mrggrm/Documents/GitHub/MDMTSP-HSE-RESEARCH/results/runs/research_group_03/nearest_neighbour_2opt/research/group_03/g03_i35_c500_d4_m13_adversarial/20260508T021424Z__research_group_03__nearest_neighbour_2opt__g03_i35_c500_d4_m13_adversarial__seed_42__8797effd7ccd.json,skip,,customer_count>10
/Users/mrggrm/Documents/GitHub/MDMTSP-HSE-RESEARCH/results/runs/research_group_03/nearest_neighbour_2opt/research/group_03/g03_i36_c500_d5_m16_adversarial/20260508T021424Z__research_group_03__nearest_neighbour_2opt__g03_i36_c500_d5_m16_adversarial__seed_42__66473a58c2c3.json,skip,,customer_count>10
/Users/mrggrm/Documents/GitHub/MDMTSP-HSE-RESEARCH/results/runs/research_group_03/nearest_neighbour_2opt/research/group_03/g03_i37_c500_d4_m13_adversarial/20260508T021424Z__research_group_03__nearest_neighbour_2opt__g03_i37_c500_d4_m13_adversarial__seed_42__2b8aa424226d.json,skip,,customer_count>10
/Users/mrggrm/Documents/GitHub/MDMTSP-HSE-RESEARCH/results/runs/research_group_03/nearest_neighbour_2opt/research/group_03/g03_i38_c500_d5_m16_adversarial/20260508T021424Z__research_group_03__nearest_neighbour_2opt__g03_i38_c500_d5_m16_adversarial__seed_42__6260120ea4f9.json,skip,,customer_count>10
/Users/mrggrm/Documents/GitHub/MDMTSP-HSE-RESEARCH/results/runs/research_group_03/nearest_neighbour_2opt/research/group_03/g03_i39_c500_d4_m13_adversarial/20260508T021424Z__research_group_03__nearest_neighbour_2opt__g03_i39_c500_d4_m13_adversarial__seed_42__19522b7edd62.json,skip,,customer_count>10
/Users/mrggrm/Documents/GitHub/MDMTSP-HSE-RESEARCH/results/runs/research_group_03/nearest_neighbour_2opt/research/group_03/g03_i40_c500_d5_m16_adversarial/20260508T021424Z__research_group_03__nearest_neighbour_2opt__g03_i40_c500_d5_m16_adversarial__seed_42__1f1b4f493d08.json,skip,,customer_count>10
/Users/mrggrm/Documents/GitHub/MDMTSP-HSE-RESEARCH/results/runs/research_group_03/nearest_neighbour_2opt/research/group_03/g03_i41_c500_d4_m12_adversarial/20260508T021424Z__research_group_03__nearest_neighbour_2opt__g03_i41_c500_d4_m12_adversarial__seed_42__d34102691870.json,skip,,customer_count>10
/Users/mrggrm/Documents/GitHub/MDMTSP-HSE-RESEARCH/results/runs/research_group_03/nearest_neighbour_2opt/research/group_03/g03_i42_c500_d5_m14_adversarial/20260508T021424Z__research_group_03__nearest_neighbour_2opt__g03_i42_c500_d5_m14_adversarial__seed_42__d5e650b81b67.json,skip,,customer_count>10
/Users/mrggrm/Documents/GitHub/MDMTSP-HSE-RESEARCH/results/runs/research_group_03/nearest_neighbour_2opt/research/group_03/g03_i43_c500_d4_m12_adversarial/20260508T021424Z__research_group_03__nearest_neighbour_2opt__g03_i43_c500_d4_m12_adversarial__seed_42__7f315e8aeaec.json,skip,,customer_count>10
/Users/mrggrm/Documents/GitHub/MDMTSP-HSE-RESEARCH/results/runs/research_group_03/nearest_neighbour_2opt/research/group_03/g03_i44_c500_d5_m14_adversarial/20260508T021424Z__research_group_03__nearest_neighbour_2opt__g03_i44_c500_d5_m14_adversarial__seed_42__f84d7e8cd9da.json,skip,,customer_count>10
/Users/mrggrm/Documents/GitHub/MDMTSP-HSE-RESEARCH/results/runs/research_group_03/nearest_neighbour_2opt/research/group_03/g03_i45_c500_d4_m12_adversarial/20260508T021424Z__research_group_03__nearest_neighbour_2opt__g03_i45_c500_d4_m12_adversarial__seed_42__2af57b1e9011.json,skip,,customer_count>10
/Users/mrggrm/Documents/GitHub/MDMTSP-HSE-RESEARCH/results/runs/research_group_03/nearest_neighbour_2opt/research/group_03/g03_i46_c500_d5_m14_adversarial/20260508T021424Z__research_group_03__nearest_neighbour_2opt__g03_i46_c500_d5_m14_adversarial__seed_42__3480b2ff5630.json,skip,,customer_count>10
/Users/mrggrm/Documents/GitHub/MDMTSP-HSE-RESEARCH/results/runs/research_group_03/nearest_neighbour_2opt/research/group_03/g03_i47_c500_d4_m12_adversarial/20260508T021424Z__research_group_03__nearest_neighbour_2opt__g03_i47_c500_d4_m12_adversarial__seed_42__0a11b3222632.json,skip,,customer_count>10
/Users/mrggrm/Documents/GitHub/MDMTSP-HSE-RESEARCH/results/runs/research_group_03/nearest_neighbour_2opt/research/group_03/g03_i48_c500_d4_m13_adversarial/20260508T021424Z__research_group_03__nearest_neighbour_2opt__g03_i48_c500_d4_m13_adversarial__seed_42__3c74dae35ba1.json,skip,,customer_count>10
/Users/mrggrm/Documents/GitHub/MDMTSP-HSE-RESEARCH/results/runs/research_group_03/nearest_neighbour_2opt/research/group_03/g03_i49_c500_d5_m15_adversarial/20260508T021424Z__research_group_03__nearest_neighbour_2opt__g03_i49_c500_d5_m15_adversarial__seed_42__f2ccfba00562.json,skip,,customer_count>10
/Users/mrggrm/Documents/GitHub/MDMTSP-HSE-RESEARCH/results/runs/research_group_03/nearest_neighbour_2opt/research/group_03/g03_i50_c500_d4_m12_adversarial/20260508T021424Z__research_group_03__nearest_neighbour_2opt__g03_i50_c500_d4_m12_adversarial__seed_42__1cea72772d57.json,skip,,customer_count>10
/Users/mrggrm/Documents/GitHub/MDMTSP-HSE-RESEARCH/results/runs/research_group_03/nearest_neighbour_2opt/research/group_03/g03_i51_c500_d4_m13_adversarial/20260508T021424Z__research_group_03__nearest_neighbour_2opt__g03_i51_c500_d4_m13_adversarial__seed_42__3226e7ebb07c.json,skip,,customer_count>10
/Users/mrggrm/Documents/GitHub/MDMTSP-HSE-RESEARCH/results/runs/research_group_03/nearest_neighbour_2opt/research/group_03/g03_i52_c500_d5_m15_adversarial/20260508T021424Z__research_group_03__nearest_neighbour_2opt__g03_i52_c500_d5_m15_adversarial__seed_42__adf7531e210c.json,skip,,customer_count>10
/Users/mrggrm/Documents/GitHub/MDMTSP-HSE-RESEARCH/results/runs/research_group_03/nearest_neighbour_2opt_v2/research/group_03/g03_i01_c500_d5_m21_random/20260508T021424Z__research_group_03__nearest_neighbour_2opt_v2__g03_i01_c500_d5_m21_random__seed_42__0d92f9167f10.json,skip,,customer_count>10
/Users/mrggrm/Documents/GitHub/MDMTSP-HSE-RESEARCH/results/runs/research_group_03/nearest_neighbour_2opt_v2/research/group_03/g03_i02_c500_d3_m10_random/20260508T021424Z__research_group_03__nearest_neighbour_2opt_v2__g03_i02_c500_d3_m10_random__seed_42__73c82ed3d3ca.json,skip,,customer_count>10
/Users/mrggrm/Documents/GitHub/MDMTSP-HSE-RESEARCH/results/runs/research_group_03/nearest_neighbour_2opt_v2/research/group_03/g03_i03_c500_d3_m12_random/20260508T021424Z__research_group_03__nearest_neighbour_2opt_v2__g03_i03_c500_d3_m12_random__seed_42__2f724d3f3daa.json,skip,,customer_count>10
/Users/mrggrm/Documents/GitHub/MDMTSP-HSE-RESEARCH/results/runs/research_group_03/nearest_neighbour_2opt_v2/research/group_03/g03_i04_c500_d5_m19_random/20260508T021424Z__research_group_03__nearest_neighbour_2opt_v2__g03_i04_c500_d5_m19_random__seed_42__5b72b45a4695.json,skip,,customer_count>10
/Users/mrggrm/Documents/GitHub/MDMTSP-HSE-RESEARCH/results/runs/research_group_03/nearest_neighbour_2opt_v2/research/group_03/g03_i05_c500_d3_m6_random/20260508T021424Z__research_group_03__nearest_neighbour_2opt_v2__g03_i05_c500_d3_m6_random__seed_42__78da60d8126f.json,skip,,customer_count>10
/Users/mrggrm/Documents/GitHub/MDMTSP-HSE-RESEARCH/results/runs/research_group_03/nearest_neighbour_2opt_v2/research/group_03/g03_i06_c500_d3_m3_random/20260508T021424Z__research_group_03__nearest_neighbour_2opt_v2__g03_i06_c500_d3_m3_random__seed_42__2b3d5514b6c5.json,skip,,customer_count>10
/Users/mrggrm/Documents/GitHub/MDMTSP-HSE-RESEARCH/results/runs/research_group_03/nearest_neighbour_2opt_v2/research/group_03/g03_i07_c500_d5_m20_random/20260508T021424Z__research_group_03__nearest_neighbour_2opt_v2__g03_i07_c500_d5_m20_random__seed_42__0f050b0f69e5.json,skip,,customer_count>10
/Users/mrggrm/Documents/GitHub/MDMTSP-HSE-RESEARCH/results/runs/research_group_03/nearest_neighbour_2opt_v2/research/group_03/g03_i08_c500_d3_m7_random/20260508T021424Z__research_group_03__nearest_neighbour_2opt_v2__g03_i08_c500_d3_m7_random__seed_42__d2570637447d.json,skip,,customer_count>10
/Users/mrggrm/Documents/GitHub/MDMTSP-HSE-RESEARCH/results/runs/research_group_03/nearest_neighbour_2opt_v2/research/group_03/g03_i09_c500_d4_m8_random/20260508T021424Z__research_group_03__nearest_neighbour_2opt_v2__g03_i09_c500_d4_m8_random__seed_42__1db5d8294a2c.json,skip,,customer_count>10
/Users/mrggrm/Documents/GitHub/MDMTSP-HSE-RESEARCH/results/runs/research_group_03/nearest_neighbour_2opt_v2/research/group_03/g03_i10_c500_d5_m18_random/20260508T021424Z__research_group_03__nearest_neighbour_2opt_v2__g03_i10_c500_d5_m18_random__seed_42__767c870f202f.json,skip,,customer_count>10
/Users/mrggrm/Documents/GitHub/MDMTSP-HSE-RESEARCH/results/runs/research_group_03/nearest_neighbour_2opt_v2/research/group_03/g03_i11_c500_d4_m12_adversarial/20260508T021424Z__research_group_03__nearest_neighbour_2opt_v2__g03_i11_c500_d4_m12_adversarial__seed_42__f7c4a0a29104.json,skip,,customer_count>10
/Users/mrggrm/Documents/GitHub/MDMTSP-HSE-RESEARCH/results/runs/research_group_03/nearest_neighbour_2opt_v2/research/group_03/g03_i12_c500_d4_m13_adversarial/20260508T021424Z__research_group_03__nearest_neighbour_2opt_v2__g03_i12_c500_d4_m13_adversarial__seed_42__efadc71d43ff.json,skip,,customer_count>10
/Users/mrggrm/Documents/GitHub/MDMTSP-HSE-RESEARCH/results/runs/research_group_03/nearest_neighbour_2opt_v2/research/group_03/g03_i13_c500_d4_m12_adversarial/20260508T021424Z__research_group_03__nearest_neighbour_2opt_v2__g03_i13_c500_d4_m12_adversarial__seed_42__cc1cc88dd078.json,skip,,customer_count>10
/Users/mrggrm/Documents/GitHub/MDMTSP-HSE-RESEARCH/results/runs/research_group_03/nearest_neighbour_2opt_v2/research/group_03/g03_i14_c500_d4_m13_adversarial/20260508T021424Z__research_group_03__nearest_neighbour_2opt_v2__g03_i14_c500_d4_m13_adversarial__seed_42__4814ef73a78b.json,skip,,customer_count>10
/Users/mrggrm/Documents/GitHub/MDMTSP-HSE-RESEARCH/results/runs/research_group_03/nearest_neighbour_2opt_v2/research/group_03/g03_i15_c500_d5_m15_adversarial/20260508T021424Z__research_group_03__nearest_neighbour_2opt_v2__g03_i15_c500_d5_m15_adversarial__seed_42__97514b9b100d.json,skip,,customer_count>10
/Users/mrggrm/Documents/GitHub/MDMTSP-HSE-RESEARCH/results/runs/research_group_03/nearest_neighbour_2opt_v2/research/group_03/g03_i16_c500_d4_m12_adversarial/20260508T021424Z__research_group_03__nearest_neighbour_2opt_v2__g03_i16_c500_d4_m12_adversarial__seed_42__028439d0d088.json,skip,,customer_count>10
/Users/mrggrm/Documents/GitHub/MDMTSP-HSE-RESEARCH/results/runs/research_group_03/nearest_neighbour_2opt_v2/research/group_03/g03_i17_c500_d4_m13_adversarial/20260508T021424Z__research_group_03__nearest_neighbour_2opt_v2__g03_i17_c500_d4_m13_adversarial__seed_42__843e3b0f7cae.json,skip,,customer_count>10
/Users/mrggrm/Documents/GitHub/MDMTSP-HSE-RESEARCH/results/runs/research_group_03/nearest_neighbour_2opt_v2/research/group_03/g03_i18_c500_d5_m15_adversarial/20260508T021424Z__research_group_03__nearest_neighbour_2opt_v2__g03_i18_c500_d5_m15_adversarial__seed_42__34811bb2a352.json,skip,,customer_count>10
/Users/mrggrm/Documents/GitHub/MDMTSP-HSE-RESEARCH/results/runs/research_group_03/nearest_neighbour_2opt_v2/research/group_03/g03_i19_c500_d4_m12_adversarial/20260508T021424Z__research_group_03__nearest_neighbour_2opt_v2__g03_i19_c500_d4_m12_adversarial__seed_42__278a909eb450.json,skip,,customer_count>10
/Users/mrggrm/Documents/GitHub/MDMTSP-HSE-RESEARCH/results/runs/research_group_03/nearest_neighbour_2opt_v2/research/group_03/g03_i20_c500_d4_m13_adversarial/20260508T021424Z__research_group_03__nearest_neighbour_2opt_v2__g03_i20_c500_d4_m13_adversarial__seed_42__d74e4b0737ef.json,skip,,customer_count>10
/Users/mrggrm/Documents/GitHub/MDMTSP-HSE-RESEARCH/results/runs/research_group_03/nearest_neighbour_2opt_v2/research/group_03/g03_i21_c500_d5_m15_adversarial/20260508T021424Z__research_group_03__nearest_neighbour_2opt_v2__g03_i21_c500_d5_m15_adversarial__seed_42__f1bc8e9c2fdd.json,skip,,customer_count>10
/Users/mrggrm/Documents/GitHub/MDMTSP-HSE-RESEARCH/results/runs/research_group_03/nearest_neighbour_2opt_v2/research/group_03/g03_i22_c500_d4_m12_adversarial/20260508T021424Z__research_group_03__nearest_neighbour_2opt_v2__g03_i22_c500_d4_m12_adversarial__seed_42__7ba7842bb449.json,skip,,customer_count>10
/Users/mrggrm/Documents/GitHub/MDMTSP-HSE-RESEARCH/results/runs/research_group_03/nearest_neighbour_2opt_v2/research/group_03/g03_i23_c500_d4_m13_adversarial/20260508T021424Z__research_group_03__nearest_neighbour_2opt_v2__g03_i23_c500_d4_m13_adversarial__seed_42__c342b60e6f82.json,skip,,customer_count>10
/Users/mrggrm/Documents/GitHub/MDMTSP-HSE-RESEARCH/results/runs/research_group_03/nearest_neighbour_2opt_v2/research/group_03/g03_i24_c500_d5_m15_adversarial/20260508T021424Z__research_group_03__nearest_neighbour_2opt_v2__g03_i24_c500_d5_m15_adversarial__seed_42__5338b0787252.json,skip,,customer_count>10
/Users/mrggrm/Documents/GitHub/MDMTSP-HSE-RESEARCH/results/runs/research_group_03/nearest_neighbour_2opt_v2/research/group_03/g03_i25_c500_d4_m12_adversarial/20260508T021424Z__research_group_03__nearest_neighbour_2opt_v2__g03_i25_c500_d4_m12_adversarial__seed_42__b7e7ad90e7ef.json,skip,,customer_count>10
/Users/mrggrm/Documents/GitHub/MDMTSP-HSE-RESEARCH/results/runs/research_group_03/nearest_neighbour_2opt_v2/research/group_03/g03_i26_c500_d5_m14_adversarial/20260508T021424Z__research_group_03__nearest_neighbour_2opt_v2__g03_i26_c500_d5_m14_adversarial__seed_42__cb517d4ad3b3.json,skip,,customer_count>10
/Users/mrggrm/Documents/GitHub/MDMTSP-HSE-RESEARCH/results/runs/research_group_03/nearest_neighbour_2opt_v2/research/group_03/g03_i27_c500_d4_m12_adversarial/20260508T021424Z__research_group_03__nearest_neighbour_2opt_v2__g03_i27_c500_d4_m12_adversarial__seed_42__f4b9ad0d3414.json,skip,,customer_count>10
/Users/mrggrm/Documents/GitHub/MDMTSP-HSE-RESEARCH/results/runs/research_group_03/nearest_neighbour_2opt_v2/research/group_03/g03_i28_c500_d5_m14_adversarial/20260508T021424Z__research_group_03__nearest_neighbour_2opt_v2__g03_i28_c500_d5_m14_adversarial__seed_42__04be38cc4e40.json,skip,,customer_count>10
/Users/mrggrm/Documents/GitHub/MDMTSP-HSE-RESEARCH/results/runs/research_group_03/nearest_neighbour_2opt_v2/research/group_03/g03_i29_c500_d4_m12_adversarial/20260508T021424Z__research_group_03__nearest_neighbour_2opt_v2__g03_i29_c500_d4_m12_adversarial__seed_42__6d1adc7baa05.json,skip,,customer_count>10
/Users/mrggrm/Documents/GitHub/MDMTSP-HSE-RESEARCH/results/runs/research_group_03/nearest_neighbour_2opt_v2/research/group_03/g03_i30_c500_d5_m14_adversarial/20260508T021424Z__research_group_03__nearest_neighbour_2opt_v2__g03_i30_c500_d5_m14_adversarial__seed_42__6209d3d77991.json,skip,,customer_count>10
/Users/mrggrm/Documents/GitHub/MDMTSP-HSE-RESEARCH/results/runs/research_group_03/nearest_neighbour_2opt_v2/research/group_03/g03_i31_c500_d4_m12_adversarial/20260508T021424Z__research_group_03__nearest_neighbour_2opt_v2__g03_i31_c500_d4_m12_adversarial__seed_42__60a64cd53175.json,skip,,customer_count>10
/Users/mrggrm/Documents/GitHub/MDMTSP-HSE-RESEARCH/results/runs/research_group_03/nearest_neighbour_2opt_v2/research/group_03/g03_i32_c500_d5_m14_adversarial/20260508T021424Z__research_group_03__nearest_neighbour_2opt_v2__g03_i32_c500_d5_m14_adversarial__seed_42__8792b02fc6e7.json,skip,,customer_count>10
/Users/mrggrm/Documents/GitHub/MDMTSP-HSE-RESEARCH/results/runs/research_group_03/nearest_neighbour_2opt_v2/research/group_03/g03_i33_c500_d4_m13_adversarial/20260508T021424Z__research_group_03__nearest_neighbour_2opt_v2__g03_i33_c500_d4_m13_adversarial__seed_42__831e6c33d839.json,skip,,customer_count>10
/Users/mrggrm/Documents/GitHub/MDMTSP-HSE-RESEARCH/results/runs/research_group_03/nearest_neighbour_2opt_v2/research/group_03/g03_i34_c500_d5_m16_adversarial/20260508T021424Z__research_group_03__nearest_neighbour_2opt_v2__g03_i34_c500_d5_m16_adversarial__seed_42__94862703edfe.json,skip,,customer_count>10
/Users/mrggrm/Documents/GitHub/MDMTSP-HSE-RESEARCH/results/runs/research_group_03/nearest_neighbour_2opt_v2/research/group_03/g03_i35_c500_d4_m13_adversarial/20260508T021424Z__research_group_03__nearest_neighbour_2opt_v2__g03_i35_c500_d4_m13_adversarial__seed_42__1c0889038447.json,skip,,customer_count>10
/Users/mrggrm/Documents/GitHub/MDMTSP-HSE-RESEARCH/results/runs/research_group_03/nearest_neighbour_2opt_v2/research/group_03/g03_i36_c500_d5_m16_adversarial/20260508T021424Z__research_group_03__nearest_neighbour_2opt_v2__g03_i36_c500_d5_m16_adversarial__seed_42__8424a53b7c7c.json,skip,,customer_count>10
/Users/mrggrm/Documents/GitHub/MDMTSP-HSE-RESEARCH/results/runs/research_group_03/nearest_neighbour_2opt_v2/research/group_03/g03_i37_c500_d4_m13_adversarial/20260508T021424Z__research_group_03__nearest_neighbour_2opt_v2__g03_i37_c500_d4_m13_adversarial__seed_42__da206620d8ad.json,skip,,customer_count>10
/Users/mrggrm/Documents/GitHub/MDMTSP-HSE-RESEARCH/results/runs/research_group_03/nearest_neighbour_2opt_v2/research/group_03/g03_i38_c500_d5_m16_adversarial/20260508T021424Z__research_group_03__nearest_neighbour_2opt_v2__g03_i38_c500_d5_m16_adversarial__seed_42__16832133b23b.json,skip,,customer_count>10
/Users/mrggrm/Documents/GitHub/MDMTSP-HSE-RESEARCH/results/runs/research_group_03/nearest_neighbour_2opt_v2/research/group_03/g03_i39_c500_d4_m13_adversarial/20260508T021424Z__research_group_03__nearest_neighbour_2opt_v2__g03_i39_c500_d4_m13_adversarial__seed_42__fd2f5448b006.json,skip,,customer_count>10
/Users/mrggrm/Documents/GitHub/MDMTSP-HSE-RESEARCH/results/runs/research_group_03/nearest_neighbour_2opt_v2/research/group_03/g03_i40_c500_d5_m16_adversarial/20260508T021424Z__research_group_03__nearest_neighbour_2opt_v2__g03_i40_c500_d5_m16_adversarial__seed_42__f53e6997e228.json,skip,,customer_count>10
/Users/mrggrm/Documents/GitHub/MDMTSP-HSE-RESEARCH/results/runs/research_group_03/nearest_neighbour_2opt_v2/research/group_03/g03_i41_c500_d4_m12_adversarial/20260508T021424Z__research_group_03__nearest_neighbour_2opt_v2__g03_i41_c500_d4_m12_adversarial__seed_42__7f24089aec37.json,skip,,customer_count>10
/Users/mrggrm/Documents/GitHub/MDMTSP-HSE-RESEARCH/results/runs/research_group_03/nearest_neighbour_2opt_v2/research/group_03/g03_i42_c500_d5_m14_adversarial/20260508T021424Z__research_group_03__nearest_neighbour_2opt_v2__g03_i42_c500_d5_m14_adversarial__seed_42__9cdc3577a8f8.json,skip,,customer_count>10
/Users/mrggrm/Documents/GitHub/MDMTSP-HSE-RESEARCH/results/runs/research_group_03/nearest_neighbour_2opt_v2/research/group_03/g03_i43_c500_d4_m12_adversarial/20260508T021424Z__research_group_03__nearest_neighbour_2opt_v2__g03_i43_c500_d4_m12_adversarial__seed_42__4244364cda3f.json,skip,,customer_count>10
/Users/mrggrm/Documents/GitHub/MDMTSP-HSE-RESEARCH/results/runs/research_group_03/nearest_neighbour_2opt_v2/research/group_03/g03_i44_c500_d5_m14_adversarial/20260508T021424Z__research_group_03__nearest_neighbour_2opt_v2__g03_i44_c500_d5_m14_adversarial__seed_42__a2c19ac15e9d.json,skip,,customer_count>10
/Users/mrggrm/Documents/GitHub/MDMTSP-HSE-RESEARCH/results/runs/research_group_03/nearest_neighbour_2opt_v2/research/group_03/g03_i45_c500_d4_m12_adversarial/20260508T021424Z__research_group_03__nearest_neighbour_2opt_v2__g03_i45_c500_d4_m12_adversarial__seed_42__abd618270127.json,skip,,customer_count>10
/Users/mrggrm/Documents/GitHub/MDMTSP-HSE-RESEARCH/results/runs/research_group_03/nearest_neighbour_2opt_v2/research/group_03/g03_i46_c500_d5_m14_adversarial/20260508T021424Z__research_group_03__nearest_neighbour_2opt_v2__g03_i46_c500_d5_m14_adversarial__seed_42__8b53e42dfe02.json,skip,,customer_count>10
/Users/mrggrm/Documents/GitHub/MDMTSP-HSE-RESEARCH/results/runs/research_group_03/nearest_neighbour_2opt_v2/research/group_03/g03_i47_c500_d4_m12_adversarial/20260508T021424Z__research_group_03__nearest_neighbour_2opt_v2__g03_i47_c500_d4_m12_adversarial__seed_42__82c1fb6a4dc1.json,skip,,customer_count>10
/Users/mrggrm/Documents/GitHub/MDMTSP-HSE-RESEARCH/results/runs/research_group_03/nearest_neighbour_2opt_v2/research/group_03/g03_i48_c500_d4_m13_adversarial/20260508T021424Z__research_group_03__nearest_neighbour_2opt_v2__g03_i48_c500_d4_m13_adversarial__seed_42__66c1f6af91e5.json,skip,,customer_count>10
/Users/mrggrm/Documents/GitHub/MDMTSP-HSE-RESEARCH/results/runs/research_group_03/nearest_neighbour_2opt_v2/research/group_03/g03_i49_c500_d5_m15_adversarial/20260508T021424Z__research_group_03__nearest_neighbour_2opt_v2__g03_i49_c500_d5_m15_adversarial__seed_42__c5b43d0287d6.json,skip,,customer_count>10
/Users/mrggrm/Documents/GitHub/MDMTSP-HSE-RESEARCH/results/runs/research_group_03/nearest_neighbour_2opt_v2/research/group_03/g03_i50_c500_d4_m12_adversarial/20260508T021424Z__research_group_03__nearest_neighbour_2opt_v2__g03_i50_c500_d4_m12_adversarial__seed_42__9360397d9534.json,skip,,customer_count>10
/Users/mrggrm/Documents/GitHub/MDMTSP-HSE-RESEARCH/results/runs/research_group_03/nearest_neighbour_2opt_v2/research/group_03/g03_i51_c500_d4_m13_adversarial/20260508T021424Z__research_group_03__nearest_neighbour_2opt_v2__g03_i51_c500_d4_m13_adversarial__seed_42__c9816b59f603.json,skip,,customer_count>10
/Users/mrggrm/Documents/GitHub/MDMTSP-HSE-RESEARCH/results/runs/research_group_03/nearest_neighbour_2opt_v2/research/group_03/g03_i52_c500_d5_m15_adversarial/20260508T021424Z__research_group_03__nearest_neighbour_2opt_v2__g03_i52_c500_d5_m15_adversarial__seed_42__56da378b6d06.json,skip,,customer_count>10
/Users/mrggrm/Documents/GitHub/MDMTSP-HSE-RESEARCH/results/runs/research_group_03/random_insertion/research/group_03/g03_i01_c500_d5_m21_random/20260508T021423Z__research_group_03__random_insertion__g03_i01_c500_d5_m21_random__seed_42__82b364976279.json,skip,,customer_count>10
/Users/mrggrm/Documents/GitHub/MDMTSP-HSE-RESEARCH/results/runs/research_group_03/random_insertion/research/group_03/g03_i02_c500_d3_m10_random/20260508T021423Z__research_group_03__random_insertion__g03_i02_c500_d3_m10_random__seed_42__aa554662696f.json,skip,,customer_count>10
/Users/mrggrm/Documents/GitHub/MDMTSP-HSE-RESEARCH/results/runs/research_group_03/random_insertion/research/group_03/g03_i03_c500_d3_m12_random/20260508T021423Z__research_group_03__random_insertion__g03_i03_c500_d3_m12_random__seed_42__5b37eb208df8.json,skip,,customer_count>10
/Users/mrggrm/Documents/GitHub/MDMTSP-HSE-RESEARCH/results/runs/research_group_03/random_insertion/research/group_03/g03_i04_c500_d5_m19_random/20260508T021423Z__research_group_03__random_insertion__g03_i04_c500_d5_m19_random__seed_42__ea761e9761f2.json,skip,,customer_count>10
/Users/mrggrm/Documents/GitHub/MDMTSP-HSE-RESEARCH/results/runs/research_group_03/random_insertion/research/group_03/g03_i05_c500_d3_m6_random/20260508T021423Z__research_group_03__random_insertion__g03_i05_c500_d3_m6_random__seed_42__a9ff3b2a7e72.json,skip,,customer_count>10
/Users/mrggrm/Documents/GitHub/MDMTSP-HSE-RESEARCH/results/runs/research_group_03/random_insertion/research/group_03/g03_i06_c500_d3_m3_random/20260508T021423Z__research_group_03__random_insertion__g03_i06_c500_d3_m3_random__seed_42__7bdef90cf3f1.json,skip,,customer_count>10
/Users/mrggrm/Documents/GitHub/MDMTSP-HSE-RESEARCH/results/runs/research_group_03/random_insertion/research/group_03/g03_i07_c500_d5_m20_random/20260508T021423Z__research_group_03__random_insertion__g03_i07_c500_d5_m20_random__seed_42__d048e00dec7c.json,skip,,customer_count>10
/Users/mrggrm/Documents/GitHub/MDMTSP-HSE-RESEARCH/results/runs/research_group_03/random_insertion/research/group_03/g03_i08_c500_d3_m7_random/20260508T021423Z__research_group_03__random_insertion__g03_i08_c500_d3_m7_random__seed_42__460f942d54cc.json,skip,,customer_count>10
/Users/mrggrm/Documents/GitHub/MDMTSP-HSE-RESEARCH/results/runs/research_group_03/random_insertion/research/group_03/g03_i09_c500_d4_m8_random/20260508T021423Z__research_group_03__random_insertion__g03_i09_c500_d4_m8_random__seed_42__2fec12568b61.json,skip,,customer_count>10
/Users/mrggrm/Documents/GitHub/MDMTSP-HSE-RESEARCH/results/runs/research_group_03/random_insertion/research/group_03/g03_i10_c500_d5_m18_random/20260508T021423Z__research_group_03__random_insertion__g03_i10_c500_d5_m18_random__seed_42__06bb982b1c51.json,skip,,customer_count>10
/Users/mrggrm/Documents/GitHub/MDMTSP-HSE-RESEARCH/results/runs/research_group_03/random_insertion/research/group_03/g03_i11_c500_d4_m12_adversarial/20260508T021423Z__research_group_03__random_insertion__g03_i11_c500_d4_m12_adversarial__seed_42__750efcc3166e.json,skip,,customer_count>10
/Users/mrggrm/Documents/GitHub/MDMTSP-HSE-RESEARCH/results/runs/research_group_03/random_insertion/research/group_03/g03_i12_c500_d4_m13_adversarial/20260508T021423Z__research_group_03__random_insertion__g03_i12_c500_d4_m13_adversarial__seed_42__ae164f2f5a24.json,skip,,customer_count>10
/Users/mrggrm/Documents/GitHub/MDMTSP-HSE-RESEARCH/results/runs/research_group_03/random_insertion/research/group_03/g03_i13_c500_d4_m12_adversarial/20260508T021423Z__research_group_03__random_insertion__g03_i13_c500_d4_m12_adversarial__seed_42__aacaa0bb097d.json,skip,,customer_count>10
/Users/mrggrm/Documents/GitHub/MDMTSP-HSE-RESEARCH/results/runs/research_group_03/random_insertion/research/group_03/g03_i14_c500_d4_m13_adversarial/20260508T021423Z__research_group_03__random_insertion__g03_i14_c500_d4_m13_adversarial__seed_42__6018f36ba84e.json,skip,,customer_count>10
/Users/mrggrm/Documents/GitHub/MDMTSP-HSE-RESEARCH/results/runs/research_group_03/random_insertion/research/group_03/g03_i15_c500_d5_m15_adversarial/20260508T021423Z__research_group_03__random_insertion__g03_i15_c500_d5_m15_adversarial__seed_42__53789ad8dcd8.json,skip,,customer_count>10
/Users/mrggrm/Documents/GitHub/MDMTSP-HSE-RESEARCH/results/runs/research_group_03/random_insertion/research/group_03/g03_i16_c500_d4_m12_adversarial/20260508T021423Z__research_group_03__random_insertion__g03_i16_c500_d4_m12_adversarial__seed_42__d93566944088.json,skip,,customer_count>10
/Users/mrggrm/Documents/GitHub/MDMTSP-HSE-RESEARCH/results/runs/research_group_03/random_insertion/research/group_03/g03_i17_c500_d4_m13_adversarial/20260508T021423Z__research_group_03__random_insertion__g03_i17_c500_d4_m13_adversarial__seed_42__80d46843bd73.json,skip,,customer_count>10
/Users/mrggrm/Documents/GitHub/MDMTSP-HSE-RESEARCH/results/runs/research_group_03/random_insertion/research/group_03/g03_i18_c500_d5_m15_adversarial/20260508T021423Z__research_group_03__random_insertion__g03_i18_c500_d5_m15_adversarial__seed_42__98c98f91a02f.json,skip,,customer_count>10
/Users/mrggrm/Documents/GitHub/MDMTSP-HSE-RESEARCH/results/runs/research_group_03/random_insertion/research/group_03/g03_i19_c500_d4_m12_adversarial/20260508T021423Z__research_group_03__random_insertion__g03_i19_c500_d4_m12_adversarial__seed_42__9ff2c1675397.json,skip,,customer_count>10
/Users/mrggrm/Documents/GitHub/MDMTSP-HSE-RESEARCH/results/runs/research_group_03/random_insertion/research/group_03/g03_i20_c500_d4_m13_adversarial/20260508T021423Z__research_group_03__random_insertion__g03_i20_c500_d4_m13_adversarial__seed_42__b6a40da58176.json,skip,,customer_count>10
/Users/mrggrm/Documents/GitHub/MDMTSP-HSE-RESEARCH/results/runs/research_group_03/random_insertion/research/group_03/g03_i21_c500_d5_m15_adversarial/20260508T021423Z__research_group_03__random_insertion__g03_i21_c500_d5_m15_adversarial__seed_42__d6fd886b3503.json,skip,,customer_count>10
/Users/mrggrm/Documents/GitHub/MDMTSP-HSE-RESEARCH/results/runs/research_group_03/random_insertion/research/group_03/g03_i22_c500_d4_m12_adversarial/20260508T021423Z__research_group_03__random_insertion__g03_i22_c500_d4_m12_adversarial__seed_42__a76d2bfe50ff.json,skip,,customer_count>10
/Users/mrggrm/Documents/GitHub/MDMTSP-HSE-RESEARCH/results/runs/research_group_03/random_insertion/research/group_03/g03_i23_c500_d4_m13_adversarial/20260508T021423Z__research_group_03__random_insertion__g03_i23_c500_d4_m13_adversarial__seed_42__060c2cf9981d.json,skip,,customer_count>10
/Users/mrggrm/Documents/GitHub/MDMTSP-HSE-RESEARCH/results/runs/research_group_03/random_insertion/research/group_03/g03_i24_c500_d5_m15_adversarial/20260508T021423Z__research_group_03__random_insertion__g03_i24_c500_d5_m15_adversarial__seed_42__f5c7fe11cd2b.json,skip,,customer_count>10
/Users/mrggrm/Documents/GitHub/MDMTSP-HSE-RESEARCH/results/runs/research_group_03/random_insertion/research/group_03/g03_i25_c500_d4_m12_adversarial/20260508T021423Z__research_group_03__random_insertion__g03_i25_c500_d4_m12_adversarial__seed_42__a88ea068d276.json,skip,,customer_count>10
/Users/mrggrm/Documents/GitHub/MDMTSP-HSE-RESEARCH/results/runs/research_group_03/random_insertion/research/group_03/g03_i26_c500_d5_m14_adversarial/20260508T021423Z__research_group_03__random_insertion__g03_i26_c500_d5_m14_adversarial__seed_42__5f0f76327ec5.json,skip,,customer_count>10
/Users/mrggrm/Documents/GitHub/MDMTSP-HSE-RESEARCH/results/runs/research_group_03/random_insertion/research/group_03/g03_i27_c500_d4_m12_adversarial/20260508T021423Z__research_group_03__random_insertion__g03_i27_c500_d4_m12_adversarial__seed_42__6d0235b44530.json,skip,,customer_count>10
/Users/mrggrm/Documents/GitHub/MDMTSP-HSE-RESEARCH/results/runs/research_group_03/random_insertion/research/group_03/g03_i28_c500_d5_m14_adversarial/20260508T021423Z__research_group_03__random_insertion__g03_i28_c500_d5_m14_adversarial__seed_42__63be67b04dfe.json,skip,,customer_count>10
/Users/mrggrm/Documents/GitHub/MDMTSP-HSE-RESEARCH/results/runs/research_group_03/random_insertion/research/group_03/g03_i29_c500_d4_m12_adversarial/20260508T021423Z__research_group_03__random_insertion__g03_i29_c500_d4_m12_adversarial__seed_42__506c974d5d79.json,skip,,customer_count>10
/Users/mrggrm/Documents/GitHub/MDMTSP-HSE-RESEARCH/results/runs/research_group_03/random_insertion/research/group_03/g03_i30_c500_d5_m14_adversarial/20260508T021423Z__research_group_03__random_insertion__g03_i30_c500_d5_m14_adversarial__seed_42__c7017677c008.json,skip,,customer_count>10
/Users/mrggrm/Documents/GitHub/MDMTSP-HSE-RESEARCH/results/runs/research_group_03/random_insertion/research/group_03/g03_i31_c500_d4_m12_adversarial/20260508T021423Z__research_group_03__random_insertion__g03_i31_c500_d4_m12_adversarial__seed_42__bde5cf6f4248.json,skip,,customer_count>10
/Users/mrggrm/Documents/GitHub/MDMTSP-HSE-RESEARCH/results/runs/research_group_03/random_insertion/research/group_03/g03_i32_c500_d5_m14_adversarial/20260508T021423Z__research_group_03__random_insertion__g03_i32_c500_d5_m14_adversarial__seed_42__2755217400fd.json,skip,,customer_count>10
/Users/mrggrm/Documents/GitHub/MDMTSP-HSE-RESEARCH/results/runs/research_group_03/random_insertion/research/group_03/g03_i33_c500_d4_m13_adversarial/20260508T021423Z__research_group_03__random_insertion__g03_i33_c500_d4_m13_adversarial__seed_42__3981cb4b6f8b.json,skip,,customer_count>10
/Users/mrggrm/Documents/GitHub/MDMTSP-HSE-RESEARCH/results/runs/research_group_03/random_insertion/research/group_03/g03_i34_c500_d5_m16_adversarial/20260508T021423Z__research_group_03__random_insertion__g03_i34_c500_d5_m16_adversarial__seed_42__6a39d012149b.json,skip,,customer_count>10
/Users/mrggrm/Documents/GitHub/MDMTSP-HSE-RESEARCH/results/runs/research_group_03/random_insertion/research/group_03/g03_i35_c500_d4_m13_adversarial/20260508T021423Z__research_group_03__random_insertion__g03_i35_c500_d4_m13_adversarial__seed_42__cd76e4dbe6cd.json,skip,,customer_count>10
/Users/mrggrm/Documents/GitHub/MDMTSP-HSE-RESEARCH/results/runs/research_group_03/random_insertion/research/group_03/g03_i36_c500_d5_m16_adversarial/20260508T021423Z__research_group_03__random_insertion__g03_i36_c500_d5_m16_adversarial__seed_42__56ee423ec749.json,skip,,customer_count>10
/Users/mrggrm/Documents/GitHub/MDMTSP-HSE-RESEARCH/results/runs/research_group_03/random_insertion/research/group_03/g03_i37_c500_d4_m13_adversarial/20260508T021423Z__research_group_03__random_insertion__g03_i37_c500_d4_m13_adversarial__seed_42__e5156d8c7c30.json,skip,,customer_count>10
/Users/mrggrm/Documents/GitHub/MDMTSP-HSE-RESEARCH/results/runs/research_group_03/random_insertion/research/group_03/g03_i38_c500_d5_m16_adversarial/20260508T021423Z__research_group_03__random_insertion__g03_i38_c500_d5_m16_adversarial__seed_42__3c7866c4a070.json,skip,,customer_count>10
/Users/mrggrm/Documents/GitHub/MDMTSP-HSE-RESEARCH/results/runs/research_group_03/random_insertion/research/group_03/g03_i39_c500_d4_m13_adversarial/20260508T021423Z__research_group_03__random_insertion__g03_i39_c500_d4_m13_adversarial__seed_42__b6bb69d4f40a.json,skip,,customer_count>10
/Users/mrggrm/Documents/GitHub/MDMTSP-HSE-RESEARCH/results/runs/research_group_03/random_insertion/research/group_03/g03_i40_c500_d5_m16_adversarial/20260508T021423Z__research_group_03__random_insertion__g03_i40_c500_d5_m16_adversarial__seed_42__b566cbd84573.json,skip,,customer_count>10
/Users/mrggrm/Documents/GitHub/MDMTSP-HSE-RESEARCH/results/runs/research_group_03/random_insertion/research/group_03/g03_i41_c500_d4_m12_adversarial/20260508T021423Z__research_group_03__random_insertion__g03_i41_c500_d4_m12_adversarial__seed_42__1f158b1d62df.json,skip,,customer_count>10
/Users/mrggrm/Documents/GitHub/MDMTSP-HSE-RESEARCH/results/runs/research_group_03/random_insertion/research/group_03/g03_i42_c500_d5_m14_adversarial/20260508T021423Z__research_group_03__random_insertion__g03_i42_c500_d5_m14_adversarial__seed_42__70ff62ac38cf.json,skip,,customer_count>10
/Users/mrggrm/Documents/GitHub/MDMTSP-HSE-RESEARCH/results/runs/research_group_03/random_insertion/research/group_03/g03_i43_c500_d4_m12_adversarial/20260508T021423Z__research_group_03__random_insertion__g03_i43_c500_d4_m12_adversarial__seed_42__d3318051f66d.json,skip,,customer_count>10
/Users/mrggrm/Documents/GitHub/MDMTSP-HSE-RESEARCH/results/runs/research_group_03/random_insertion/research/group_03/g03_i44_c500_d5_m14_adversarial/20260508T021423Z__research_group_03__random_insertion__g03_i44_c500_d5_m14_adversarial__seed_42__2b37b8481591.json,skip,,customer_count>10
/Users/mrggrm/Documents/GitHub/MDMTSP-HSE-RESEARCH/results/runs/research_group_03/random_insertion/research/group_03/g03_i45_c500_d4_m12_adversarial/20260508T021423Z__research_group_03__random_insertion__g03_i45_c500_d4_m12_adversarial__seed_42__e7bfe45bcc17.json,skip,,customer_count>10
/Users/mrggrm/Documents/GitHub/MDMTSP-HSE-RESEARCH/results/runs/research_group_03/random_insertion/research/group_03/g03_i46_c500_d5_m14_adversarial/20260508T021423Z__research_group_03__random_insertion__g03_i46_c500_d5_m14_adversarial__seed_42__c4e9e8ae3d46.json,skip,,customer_count>10
/Users/mrggrm/Documents/GitHub/MDMTSP-HSE-RESEARCH/results/runs/research_group_03/random_insertion/research/group_03/g03_i47_c500_d4_m12_adversarial/20260508T021423Z__research_group_03__random_insertion__g03_i47_c500_d4_m12_adversarial__seed_42__024c16372e04.json,skip,,customer_count>10
/Users/mrggrm/Documents/GitHub/MDMTSP-HSE-RESEARCH/results/runs/research_group_03/random_insertion/research/group_03/g03_i48_c500_d4_m13_adversarial/20260508T021423Z__research_group_03__random_insertion__g03_i48_c500_d4_m13_adversarial__seed_42__8ebd8c60d520.json,skip,,customer_count>10
/Users/mrggrm/Documents/GitHub/MDMTSP-HSE-RESEARCH/results/runs/research_group_03/random_insertion/research/group_03/g03_i49_c500_d5_m15_adversarial/20260508T021423Z__research_group_03__random_insertion__g03_i49_c500_d5_m15_adversarial__seed_42__6d17696a2a5d.json,skip,,customer_count>10
/Users/mrggrm/Documents/GitHub/MDMTSP-HSE-RESEARCH/results/runs/research_group_03/random_insertion/research/group_03/g03_i50_c500_d4_m12_adversarial/20260508T021423Z__research_group_03__random_insertion__g03_i50_c500_d4_m12_adversarial__seed_42__5991cd9fde20.json,skip,,customer_count>10
/Users/mrggrm/Documents/GitHub/MDMTSP-HSE-RESEARCH/results/runs/research_group_03/random_insertion/research/group_03/g03_i51_c500_d4_m13_adversarial/20260508T021423Z__research_group_03__random_insertion__g03_i51_c500_d4_m13_adversarial__seed_42__54950c64d4c6.json,skip,,customer_count>10
/Users/mrggrm/Documents/GitHub/MDMTSP-HSE-RESEARCH/results/runs/research_group_03/random_insertion/research/group_03/g03_i52_c500_d5_m15_adversarial/20260508T021423Z__research_group_03__random_insertion__g03_i52_c500_d5_m15_adversarial__seed_42__bad04bb49241.json,skip,,customer_count>10
/Users/mrggrm/Documents/GitHub/MDMTSP-HSE-RESEARCH/results/runs/research_group_03_hard/cheapest_insertion/research/group_03_hard/g03h_i01_c500_d3_m5_hard_adversarial/20260508T024403Z__research_group_03_hard__cheapest_insertion__g03h_i01_c500_d3_m5_hard_adversarial__seed_42__1ae3989a12a1.json,skip,,customer_count>10
/Users/mrggrm/Documents/GitHub/MDMTSP-HSE-RESEARCH/results/runs/research_group_03_hard/cheapest_insertion/research/group_03_hard/g03h_i02_c500_d3_m6_hard_adversarial/20260508T024403Z__research_group_03_hard__cheapest_insertion__g03h_i02_c500_d3_m6_hard_adversarial__seed_42__cd94e9236ff2.json,skip,,customer_count>10
/Users/mrggrm/Documents/GitHub/MDMTSP-HSE-RESEARCH/results/runs/research_group_03_hard/cheapest_insertion/research/group_03_hard/g03h_i03_c500_d2_m4_hard_adversarial/20260508T024403Z__research_group_03_hard__cheapest_insertion__g03h_i03_c500_d2_m4_hard_adversarial__seed_42__0da21b32beaf.json,skip,,customer_count>10
/Users/mrggrm/Documents/GitHub/MDMTSP-HSE-RESEARCH/results/runs/research_group_03_hard/cheapest_insertion/research/group_03_hard/g03h_i04_c500_d3_m5_hard_adversarial/20260508T024403Z__research_group_03_hard__cheapest_insertion__g03h_i04_c500_d3_m5_hard_adversarial__seed_42__2ccfd43eacad.json,skip,,customer_count>10
/Users/mrggrm/Documents/GitHub/MDMTSP-HSE-RESEARCH/results/runs/research_group_03_hard/cheapest_insertion/research/group_03_hard/g03h_i05_c500_d3_m6_hard_adversarial/20260508T024403Z__research_group_03_hard__cheapest_insertion__g03h_i05_c500_d3_m6_hard_adversarial__seed_42__b08c54e02a76.json,skip,,customer_count>10
/Users/mrggrm/Documents/GitHub/MDMTSP-HSE-RESEARCH/results/runs/research_group_03_hard/cheapest_insertion/research/group_03_hard/g03h_i06_c500_d2_m4_hard_adversarial/20260508T024403Z__research_group_03_hard__cheapest_insertion__g03h_i06_c500_d2_m4_hard_adversarial__seed_42__cdfdab96f026.json,skip,,customer_count>10
/Users/mrggrm/Documents/GitHub/MDMTSP-HSE-RESEARCH/results/runs/research_group_03_hard/cheapest_insertion/research/group_03_hard/g03h_i07_c500_d3_m5_hard_adversarial/20260508T024403Z__research_group_03_hard__cheapest_insertion__g03h_i07_c500_d3_m5_hard_adversarial__seed_42__c9d0a0850410.json,skip,,customer_count>10
/Users/mrggrm/Documents/GitHub/MDMTSP-HSE-RESEARCH/results/runs/research_group_03_hard/cheapest_insertion/research/group_03_hard/g03h_i08_c500_d2_m4_hard_adversarial/20260508T024403Z__research_group_03_hard__cheapest_insertion__g03h_i08_c500_d2_m4_hard_adversarial__seed_42__65b843948666.json,skip,,customer_count>10
/Users/mrggrm/Documents/GitHub/MDMTSP-HSE-RESEARCH/results/runs/research_group_03_hard/cheapest_insertion/research/group_03_hard/g03h_i09_c500_d3_m5_hard_adversarial/20260508T024403Z__research_group_03_hard__cheapest_insertion__g03h_i09_c500_d3_m5_hard_adversarial__seed_42__48a85b2549ce.json,skip,,customer_count>10
/Users/mrggrm/Documents/GitHub/MDMTSP-HSE-RESEARCH/results/runs/research_group_03_hard/cheapest_insertion/research/group_03_hard/g03h_i10_c500_d2_m4_hard_adversarial/20260508T024403Z__research_group_03_hard__cheapest_insertion__g03h_i10_c500_d2_m4_hard_adversarial__seed_42__acea73e855f2.json,skip,,customer_count>10
/Users/mrggrm/Documents/GitHub/MDMTSP-HSE-RESEARCH/results/runs/research_group_03_hard/cheapest_insertion/research/group_03_hard/g03h_i11_c500_d3_m5_hard_adversarial/20260508T024403Z__research_group_03_hard__cheapest_insertion__g03h_i11_c500_d3_m5_hard_adversarial__seed_42__b7a10a655d59.json,skip,,customer_count>10
/Users/mrggrm/Documents/GitHub/MDMTSP-HSE-RESEARCH/results/runs/research_group_03_hard/cheapest_insertion/research/group_03_hard/g03h_i12_c500_d2_m4_hard_adversarial/20260508T024403Z__research_group_03_hard__cheapest_insertion__g03h_i12_c500_d2_m4_hard_adversarial__seed_42__d0b49e02977c.json,skip,,customer_count>10
/Users/mrggrm/Documents/GitHub/MDMTSP-HSE-RESEARCH/results/runs/research_group_03_hard/cheapest_insertion/research/group_03_hard/g03h_i13_c500_d3_m5_hard_adversarial/20260508T024403Z__research_group_03_hard__cheapest_insertion__g03h_i13_c500_d3_m5_hard_adversarial__seed_42__6007213d86bb.json,skip,,customer_count>10
/Users/mrggrm/Documents/GitHub/MDMTSP-HSE-RESEARCH/results/runs/research_group_03_hard/cheapest_insertion/research/group_03_hard/g03h_i14_c500_d2_m4_hard_adversarial/20260508T024403Z__research_group_03_hard__cheapest_insertion__g03h_i14_c500_d2_m4_hard_adversarial__seed_42__8c22c9875e62.json,skip,,customer_count>10
/Users/mrggrm/Documents/GitHub/MDMTSP-HSE-RESEARCH/results/runs/research_group_03_hard/cheapest_insertion/research/group_03_hard/g03h_i15_c500_d3_m5_hard_adversarial/20260508T024403Z__research_group_03_hard__cheapest_insertion__g03h_i15_c500_d3_m5_hard_adversarial__seed_42__396682b36da2.json,skip,,customer_count>10
/Users/mrggrm/Documents/GitHub/MDMTSP-HSE-RESEARCH/results/runs/research_group_03_hard/cheapest_insertion/research/group_03_hard/g03h_i16_c500_d2_m4_hard_adversarial/20260508T024403Z__research_group_03_hard__cheapest_insertion__g03h_i16_c500_d2_m4_hard_adversarial__seed_42__5236d7b7b505.json,skip,,customer_count>10
/Users/mrggrm/Documents/GitHub/MDMTSP-HSE-RESEARCH/results/runs/research_group_03_hard/cheapest_insertion/research/group_03_hard/g03h_i17_c500_d3_m5_hard_adversarial/20260508T024403Z__research_group_03_hard__cheapest_insertion__g03h_i17_c500_d3_m5_hard_adversarial__seed_42__263245f7ece9.json,skip,,customer_count>10
/Users/mrggrm/Documents/GitHub/MDMTSP-HSE-RESEARCH/results/runs/research_group_03_hard/cheapest_insertion/research/group_03_hard/g03h_i18_c500_d3_m6_hard_adversarial/20260508T024403Z__research_group_03_hard__cheapest_insertion__g03h_i18_c500_d3_m6_hard_adversarial__seed_42__34b3f9cbac37.json,skip,,customer_count>10
/Users/mrggrm/Documents/GitHub/MDMTSP-HSE-RESEARCH/results/runs/research_group_03_hard/cheapest_insertion/research/group_03_hard/g03h_i19_c500_d2_m5_hard_adversarial/20260508T024403Z__research_group_03_hard__cheapest_insertion__g03h_i19_c500_d2_m5_hard_adversarial__seed_42__61e5d3483187.json,skip,,customer_count>10
/Users/mrggrm/Documents/GitHub/MDMTSP-HSE-RESEARCH/results/runs/research_group_03_hard/cheapest_insertion/research/group_03_hard/g03h_i20_c500_d3_m6_hard_adversarial/20260508T024403Z__research_group_03_hard__cheapest_insertion__g03h_i20_c500_d3_m6_hard_adversarial__seed_42__9db3d6862dc3.json,skip,,customer_count>10
/Users/mrggrm/Documents/GitHub/MDMTSP-HSE-RESEARCH/results/runs/research_group_03_hard/cheapest_insertion/research/group_03_hard/g03h_i21_c500_d2_m5_hard_adversarial/20260508T024403Z__research_group_03_hard__cheapest_insertion__g03h_i21_c500_d2_m5_hard_adversarial__seed_42__3554bc828f99.json,skip,,customer_count>10
/Users/mrggrm/Documents/GitHub/MDMTSP-HSE-RESEARCH/results/runs/research_group_03_hard/cheapest_insertion/research/group_03_hard/g03h_i22_c500_d2_m4_hard_adversarial/20260508T024403Z__research_group_03_hard__cheapest_insertion__g03h_i22_c500_d2_m4_hard_adversarial__seed_42__7bac865afe42.json,skip,,customer_count>10
/Users/mrggrm/Documents/GitHub/MDMTSP-HSE-RESEARCH/results/runs/research_group_03_hard/cheapest_insertion/research/group_03_hard/g03h_i23_c500_d3_m5_hard_adversarial/20260508T024403Z__research_group_03_hard__cheapest_insertion__g03h_i23_c500_d3_m5_hard_adversarial__seed_42__93ebc0532e23.json,skip,,customer_count>10
/Users/mrggrm/Documents/GitHub/MDMTSP-HSE-RESEARCH/results/runs/research_group_03_hard/cheapest_insertion/research/group_03_hard/g03h_i24_c500_d2_m4_hard_adversarial/20260508T024403Z__research_group_03_hard__cheapest_insertion__g03h_i24_c500_d2_m4_hard_adversarial__seed_42__d8b8e78c45d7.json,skip,,customer_count>10
/Users/mrggrm/Documents/GitHub/MDMTSP-HSE-RESEARCH/results/runs/research_group_03_hard/cheapest_insertion/research/group_03_hard/g03h_i25_c500_d3_m5_hard_adversarial/20260508T024403Z__research_group_03_hard__cheapest_insertion__g03h_i25_c500_d3_m5_hard_adversarial__seed_42__7b66c1fbea04.json,skip,,customer_count>10
/Users/mrggrm/Documents/GitHub/MDMTSP-HSE-RESEARCH/results/runs/research_group_03_hard/cheapest_insertion_2opt/research/group_03_hard/g03h_i01_c500_d3_m5_hard_adversarial/20260508T024403Z__research_group_03_hard__cheapest_insertion_2opt__g03h_i01_c500_d3_m5_hard_adversarial__seed_42__5ffade4306f7.json,skip,,customer_count>10
/Users/mrggrm/Documents/GitHub/MDMTSP-HSE-RESEARCH/results/runs/research_group_03_hard/cheapest_insertion_2opt/research/group_03_hard/g03h_i02_c500_d3_m6_hard_adversarial/20260508T024403Z__research_group_03_hard__cheapest_insertion_2opt__g03h_i02_c500_d3_m6_hard_adversarial__seed_42__81216dbd1b55.json,skip,,customer_count>10
/Users/mrggrm/Documents/GitHub/MDMTSP-HSE-RESEARCH/results/runs/research_group_03_hard/cheapest_insertion_2opt/research/group_03_hard/g03h_i03_c500_d2_m4_hard_adversarial/20260508T024403Z__research_group_03_hard__cheapest_insertion_2opt__g03h_i03_c500_d2_m4_hard_adversarial__seed_42__357a5f22b81a.json,skip,,customer_count>10
/Users/mrggrm/Documents/GitHub/MDMTSP-HSE-RESEARCH/results/runs/research_group_03_hard/cheapest_insertion_2opt/research/group_03_hard/g03h_i04_c500_d3_m5_hard_adversarial/20260508T024403Z__research_group_03_hard__cheapest_insertion_2opt__g03h_i04_c500_d3_m5_hard_adversarial__seed_42__ddf44749bacb.json,skip,,customer_count>10
/Users/mrggrm/Documents/GitHub/MDMTSP-HSE-RESEARCH/results/runs/research_group_03_hard/cheapest_insertion_2opt/research/group_03_hard/g03h_i05_c500_d3_m6_hard_adversarial/20260508T024403Z__research_group_03_hard__cheapest_insertion_2opt__g03h_i05_c500_d3_m6_hard_adversarial__seed_42__56b5da6ba943.json,skip,,customer_count>10
/Users/mrggrm/Documents/GitHub/MDMTSP-HSE-RESEARCH/results/runs/research_group_03_hard/cheapest_insertion_2opt/research/group_03_hard/g03h_i06_c500_d2_m4_hard_adversarial/20260508T024403Z__research_group_03_hard__cheapest_insertion_2opt__g03h_i06_c500_d2_m4_hard_adversarial__seed_42__4fa01962a4aa.json,skip,,customer_count>10
/Users/mrggrm/Documents/GitHub/MDMTSP-HSE-RESEARCH/results/runs/research_group_03_hard/cheapest_insertion_2opt/research/group_03_hard/g03h_i07_c500_d3_m5_hard_adversarial/20260508T024403Z__research_group_03_hard__cheapest_insertion_2opt__g03h_i07_c500_d3_m5_hard_adversarial__seed_42__3528fb4b0341.json,skip,,customer_count>10
/Users/mrggrm/Documents/GitHub/MDMTSP-HSE-RESEARCH/results/runs/research_group_03_hard/cheapest_insertion_2opt/research/group_03_hard/g03h_i08_c500_d2_m4_hard_adversarial/20260508T024403Z__research_group_03_hard__cheapest_insertion_2opt__g03h_i08_c500_d2_m4_hard_adversarial__seed_42__c2978345f952.json,skip,,customer_count>10
/Users/mrggrm/Documents/GitHub/MDMTSP-HSE-RESEARCH/results/runs/research_group_03_hard/cheapest_insertion_2opt/research/group_03_hard/g03h_i09_c500_d3_m5_hard_adversarial/20260508T024403Z__research_group_03_hard__cheapest_insertion_2opt__g03h_i09_c500_d3_m5_hard_adversarial__seed_42__55203d04fc8a.json,skip,,customer_count>10
/Users/mrggrm/Documents/GitHub/MDMTSP-HSE-RESEARCH/results/runs/research_group_03_hard/cheapest_insertion_2opt/research/group_03_hard/g03h_i10_c500_d2_m4_hard_adversarial/20260508T024403Z__research_group_03_hard__cheapest_insertion_2opt__g03h_i10_c500_d2_m4_hard_adversarial__seed_42__a8c87439bded.json,skip,,customer_count>10
/Users/mrggrm/Documents/GitHub/MDMTSP-HSE-RESEARCH/results/runs/research_group_03_hard/cheapest_insertion_2opt/research/group_03_hard/g03h_i11_c500_d3_m5_hard_adversarial/20260508T024403Z__research_group_03_hard__cheapest_insertion_2opt__g03h_i11_c500_d3_m5_hard_adversarial__seed_42__7b789702a4d1.json,skip,,customer_count>10
/Users/mrggrm/Documents/GitHub/MDMTSP-HSE-RESEARCH/results/runs/research_group_03_hard/cheapest_insertion_2opt/research/group_03_hard/g03h_i12_c500_d2_m4_hard_adversarial/20260508T024403Z__research_group_03_hard__cheapest_insertion_2opt__g03h_i12_c500_d2_m4_hard_adversarial__seed_42__3c623cff22ee.json,skip,,customer_count>10
/Users/mrggrm/Documents/GitHub/MDMTSP-HSE-RESEARCH/results/runs/research_group_03_hard/cheapest_insertion_2opt/research/group_03_hard/g03h_i13_c500_d3_m5_hard_adversarial/20260508T024404Z__research_group_03_hard__cheapest_insertion_2opt__g03h_i13_c500_d3_m5_hard_adversarial__seed_42__21e30190f00a.json,skip,,customer_count>10
/Users/mrggrm/Documents/GitHub/MDMTSP-HSE-RESEARCH/results/runs/research_group_03_hard/cheapest_insertion_2opt/research/group_03_hard/g03h_i14_c500_d2_m4_hard_adversarial/20260508T024404Z__research_group_03_hard__cheapest_insertion_2opt__g03h_i14_c500_d2_m4_hard_adversarial__seed_42__fd849b2e1e33.json,skip,,customer_count>10
/Users/mrggrm/Documents/GitHub/MDMTSP-HSE-RESEARCH/results/runs/research_group_03_hard/cheapest_insertion_2opt/research/group_03_hard/g03h_i15_c500_d3_m5_hard_adversarial/20260508T024404Z__research_group_03_hard__cheapest_insertion_2opt__g03h_i15_c500_d3_m5_hard_adversarial__seed_42__4cb6f043946c.json,skip,,customer_count>10
/Users/mrggrm/Documents/GitHub/MDMTSP-HSE-RESEARCH/results/runs/research_group_03_hard/cheapest_insertion_2opt/research/group_03_hard/g03h_i16_c500_d2_m4_hard_adversarial/20260508T024404Z__research_group_03_hard__cheapest_insertion_2opt__g03h_i16_c500_d2_m4_hard_adversarial__seed_42__719694a306f9.json,skip,,customer_count>10
/Users/mrggrm/Documents/GitHub/MDMTSP-HSE-RESEARCH/results/runs/research_group_03_hard/cheapest_insertion_2opt/research/group_03_hard/g03h_i17_c500_d3_m5_hard_adversarial/20260508T024404Z__research_group_03_hard__cheapest_insertion_2opt__g03h_i17_c500_d3_m5_hard_adversarial__seed_42__35408361da0d.json,skip,,customer_count>10
/Users/mrggrm/Documents/GitHub/MDMTSP-HSE-RESEARCH/results/runs/research_group_03_hard/cheapest_insertion_2opt/research/group_03_hard/g03h_i18_c500_d3_m6_hard_adversarial/20260508T024404Z__research_group_03_hard__cheapest_insertion_2opt__g03h_i18_c500_d3_m6_hard_adversarial__seed_42__beaa6917b899.json,skip,,customer_count>10
/Users/mrggrm/Documents/GitHub/MDMTSP-HSE-RESEARCH/results/runs/research_group_03_hard/cheapest_insertion_2opt/research/group_03_hard/g03h_i19_c500_d2_m5_hard_adversarial/20260508T024404Z__research_group_03_hard__cheapest_insertion_2opt__g03h_i19_c500_d2_m5_hard_adversarial__seed_42__ab6035aa1969.json,skip,,customer_count>10
/Users/mrggrm/Documents/GitHub/MDMTSP-HSE-RESEARCH/results/runs/research_group_03_hard/cheapest_insertion_2opt/research/group_03_hard/g03h_i20_c500_d3_m6_hard_adversarial/20260508T024404Z__research_group_03_hard__cheapest_insertion_2opt__g03h_i20_c500_d3_m6_hard_adversarial__seed_42__4094ebaec97b.json,skip,,customer_count>10
/Users/mrggrm/Documents/GitHub/MDMTSP-HSE-RESEARCH/results/runs/research_group_03_hard/cheapest_insertion_2opt/research/group_03_hard/g03h_i21_c500_d2_m5_hard_adversarial/20260508T024404Z__research_group_03_hard__cheapest_insertion_2opt__g03h_i21_c500_d2_m5_hard_adversarial__seed_42__975cd679c7a1.json,skip,,customer_count>10
/Users/mrggrm/Documents/GitHub/MDMTSP-HSE-RESEARCH/results/runs/research_group_03_hard/cheapest_insertion_2opt/research/group_03_hard/g03h_i22_c500_d2_m4_hard_adversarial/20260508T024404Z__research_group_03_hard__cheapest_insertion_2opt__g03h_i22_c500_d2_m4_hard_adversarial__seed_42__7443d2a1766d.json,skip,,customer_count>10
/Users/mrggrm/Documents/GitHub/MDMTSP-HSE-RESEARCH/results/runs/research_group_03_hard/cheapest_insertion_2opt/research/group_03_hard/g03h_i23_c500_d3_m5_hard_adversarial/20260508T024404Z__research_group_03_hard__cheapest_insertion_2opt__g03h_i23_c500_d3_m5_hard_adversarial__seed_42__108be579a00b.json,skip,,customer_count>10
/Users/mrggrm/Documents/GitHub/MDMTSP-HSE-RESEARCH/results/runs/research_group_03_hard/cheapest_insertion_2opt/research/group_03_hard/g03h_i24_c500_d2_m4_hard_adversarial/20260508T024404Z__research_group_03_hard__cheapest_insertion_2opt__g03h_i24_c500_d2_m4_hard_adversarial__seed_42__6e56c755e371.json,skip,,customer_count>10
/Users/mrggrm/Documents/GitHub/MDMTSP-HSE-RESEARCH/results/runs/research_group_03_hard/cheapest_insertion_2opt/research/group_03_hard/g03h_i25_c500_d3_m5_hard_adversarial/20260508T024404Z__research_group_03_hard__cheapest_insertion_2opt__g03h_i25_c500_d3_m5_hard_adversarial__seed_42__194ebdc0a9bb.json,skip,,customer_count>10
/Users/mrggrm/Documents/GitHub/MDMTSP-HSE-RESEARCH/results/runs/research_group_03_hard/cheapest_insertion_tabu/research/group_03_hard/g03h_i01_c500_d3_m5_hard_adversarial/20260508T024715Z__research_group_03_hard__cheapest_insertion_tabu__g03h_i01_c500_d3_m5_hard_adversarial__seed_42__81d9afb2a512.json,skip,,customer_count>10
/Users/mrggrm/Documents/GitHub/MDMTSP-HSE-RESEARCH/results/runs/research_group_03_hard/cheapest_insertion_tabu/research/group_03_hard/g03h_i02_c500_d3_m6_hard_adversarial/20260508T024715Z__research_group_03_hard__cheapest_insertion_tabu__g03h_i02_c500_d3_m6_hard_adversarial__seed_42__59d8213bd1d0.json,skip,,customer_count>10
/Users/mrggrm/Documents/GitHub/MDMTSP-HSE-RESEARCH/results/runs/research_group_03_hard/cheapest_insertion_tabu/research/group_03_hard/g03h_i03_c500_d2_m4_hard_adversarial/20260508T024715Z__research_group_03_hard__cheapest_insertion_tabu__g03h_i03_c500_d2_m4_hard_adversarial__seed_42__3e81ff66f94d.json,skip,,customer_count>10
/Users/mrggrm/Documents/GitHub/MDMTSP-HSE-RESEARCH/results/runs/research_group_03_hard/cheapest_insertion_tabu/research/group_03_hard/g03h_i04_c500_d3_m5_hard_adversarial/20260508T024715Z__research_group_03_hard__cheapest_insertion_tabu__g03h_i04_c500_d3_m5_hard_adversarial__seed_42__eaeda4e7cb7c.json,skip,,customer_count>10
/Users/mrggrm/Documents/GitHub/MDMTSP-HSE-RESEARCH/results/runs/research_group_03_hard/cheapest_insertion_tabu/research/group_03_hard/g03h_i05_c500_d3_m6_hard_adversarial/20260508T024715Z__research_group_03_hard__cheapest_insertion_tabu__g03h_i05_c500_d3_m6_hard_adversarial__seed_42__aa0beb0856a9.json,skip,,customer_count>10
/Users/mrggrm/Documents/GitHub/MDMTSP-HSE-RESEARCH/results/runs/research_group_03_hard/cheapest_insertion_tabu/research/group_03_hard/g03h_i06_c500_d2_m4_hard_adversarial/20260508T024715Z__research_group_03_hard__cheapest_insertion_tabu__g03h_i06_c500_d2_m4_hard_adversarial__seed_42__89e54c084dfd.json,skip,,customer_count>10
/Users/mrggrm/Documents/GitHub/MDMTSP-HSE-RESEARCH/results/runs/research_group_03_hard/cheapest_insertion_tabu/research/group_03_hard/g03h_i07_c500_d3_m5_hard_adversarial/20260508T024715Z__research_group_03_hard__cheapest_insertion_tabu__g03h_i07_c500_d3_m5_hard_adversarial__seed_42__1550de69ece3.json,skip,,customer_count>10
/Users/mrggrm/Documents/GitHub/MDMTSP-HSE-RESEARCH/results/runs/research_group_03_hard/cheapest_insertion_tabu/research/group_03_hard/g03h_i08_c500_d2_m4_hard_adversarial/20260508T024715Z__research_group_03_hard__cheapest_insertion_tabu__g03h_i08_c500_d2_m4_hard_adversarial__seed_42__b1134758caf4.json,skip,,customer_count>10
/Users/mrggrm/Documents/GitHub/MDMTSP-HSE-RESEARCH/results/runs/research_group_03_hard/cheapest_insertion_tabu/research/group_03_hard/g03h_i09_c500_d3_m5_hard_adversarial/20260508T024715Z__research_group_03_hard__cheapest_insertion_tabu__g03h_i09_c500_d3_m5_hard_adversarial__seed_42__03ce77ff978d.json,skip,,customer_count>10
/Users/mrggrm/Documents/GitHub/MDMTSP-HSE-RESEARCH/results/runs/research_group_03_hard/cheapest_insertion_tabu/research/group_03_hard/g03h_i10_c500_d2_m4_hard_adversarial/20260508T024715Z__research_group_03_hard__cheapest_insertion_tabu__g03h_i10_c500_d2_m4_hard_adversarial__seed_42__a93540cd2f69.json,skip,,customer_count>10
/Users/mrggrm/Documents/GitHub/MDMTSP-HSE-RESEARCH/results/runs/research_group_03_hard/cheapest_insertion_tabu/research/group_03_hard/g03h_i11_c500_d3_m5_hard_adversarial/20260508T024715Z__research_group_03_hard__cheapest_insertion_tabu__g03h_i11_c500_d3_m5_hard_adversarial__seed_42__1848087cbb4c.json,skip,,customer_count>10
/Users/mrggrm/Documents/GitHub/MDMTSP-HSE-RESEARCH/results/runs/research_group_03_hard/cheapest_insertion_tabu/research/group_03_hard/g03h_i12_c500_d2_m4_hard_adversarial/20260508T024715Z__research_group_03_hard__cheapest_insertion_tabu__g03h_i12_c500_d2_m4_hard_adversarial__seed_42__c85fec88ab79.json,skip,,customer_count>10
/Users/mrggrm/Documents/GitHub/MDMTSP-HSE-RESEARCH/results/runs/research_group_03_hard/cheapest_insertion_tabu/research/group_03_hard/g03h_i13_c500_d3_m5_hard_adversarial/20260508T024715Z__research_group_03_hard__cheapest_insertion_tabu__g03h_i13_c500_d3_m5_hard_adversarial__seed_42__ca4d1a1c2f5e.json,skip,,customer_count>10
/Users/mrggrm/Documents/GitHub/MDMTSP-HSE-RESEARCH/results/runs/research_group_03_hard/cheapest_insertion_tabu/research/group_03_hard/g03h_i14_c500_d2_m4_hard_adversarial/20260508T024715Z__research_group_03_hard__cheapest_insertion_tabu__g03h_i14_c500_d2_m4_hard_adversarial__seed_42__95f8e93a2914.json,skip,,customer_count>10
/Users/mrggrm/Documents/GitHub/MDMTSP-HSE-RESEARCH/results/runs/research_group_03_hard/cheapest_insertion_tabu/research/group_03_hard/g03h_i15_c500_d3_m5_hard_adversarial/20260508T024715Z__research_group_03_hard__cheapest_insertion_tabu__g03h_i15_c500_d3_m5_hard_adversarial__seed_42__ce5d660a0706.json,skip,,customer_count>10
/Users/mrggrm/Documents/GitHub/MDMTSP-HSE-RESEARCH/results/runs/research_group_03_hard/cheapest_insertion_tabu/research/group_03_hard/g03h_i16_c500_d2_m4_hard_adversarial/20260508T024715Z__research_group_03_hard__cheapest_insertion_tabu__g03h_i16_c500_d2_m4_hard_adversarial__seed_42__7b0ce76b3889.json,skip,,customer_count>10
/Users/mrggrm/Documents/GitHub/MDMTSP-HSE-RESEARCH/results/runs/research_group_03_hard/cheapest_insertion_tabu/research/group_03_hard/g03h_i17_c500_d3_m5_hard_adversarial/20260508T024715Z__research_group_03_hard__cheapest_insertion_tabu__g03h_i17_c500_d3_m5_hard_adversarial__seed_42__2e8181cb50ac.json,skip,,customer_count>10
/Users/mrggrm/Documents/GitHub/MDMTSP-HSE-RESEARCH/results/runs/research_group_03_hard/cheapest_insertion_tabu/research/group_03_hard/g03h_i18_c500_d3_m6_hard_adversarial/20260508T024715Z__research_group_03_hard__cheapest_insertion_tabu__g03h_i18_c500_d3_m6_hard_adversarial__seed_42__4b5d3e7a8726.json,skip,,customer_count>10
/Users/mrggrm/Documents/GitHub/MDMTSP-HSE-RESEARCH/results/runs/research_group_03_hard/cheapest_insertion_tabu/research/group_03_hard/g03h_i19_c500_d2_m5_hard_adversarial/20260508T024715Z__research_group_03_hard__cheapest_insertion_tabu__g03h_i19_c500_d2_m5_hard_adversarial__seed_42__2391a580dcdf.json,skip,,customer_count>10
/Users/mrggrm/Documents/GitHub/MDMTSP-HSE-RESEARCH/results/runs/research_group_03_hard/cheapest_insertion_tabu/research/group_03_hard/g03h_i20_c500_d3_m6_hard_adversarial/20260508T024715Z__research_group_03_hard__cheapest_insertion_tabu__g03h_i20_c500_d3_m6_hard_adversarial__seed_42__35d32c824632.json,skip,,customer_count>10
/Users/mrggrm/Documents/GitHub/MDMTSP-HSE-RESEARCH/results/runs/research_group_03_hard/cheapest_insertion_tabu/research/group_03_hard/g03h_i21_c500_d2_m5_hard_adversarial/20260508T024715Z__research_group_03_hard__cheapest_insertion_tabu__g03h_i21_c500_d2_m5_hard_adversarial__seed_42__918959cb3c72.json,skip,,customer_count>10
/Users/mrggrm/Documents/GitHub/MDMTSP-HSE-RESEARCH/results/runs/research_group_03_hard/cheapest_insertion_tabu/research/group_03_hard/g03h_i22_c500_d2_m4_hard_adversarial/20260508T024715Z__research_group_03_hard__cheapest_insertion_tabu__g03h_i22_c500_d2_m4_hard_adversarial__seed_42__646803a36443.json,skip,,customer_count>10
/Users/mrggrm/Documents/GitHub/MDMTSP-HSE-RESEARCH/results/runs/research_group_03_hard/cheapest_insertion_tabu/research/group_03_hard/g03h_i23_c500_d3_m5_hard_adversarial/20260508T024715Z__research_group_03_hard__cheapest_insertion_tabu__g03h_i23_c500_d3_m5_hard_adversarial__seed_42__cebf11984543.json,skip,,customer_count>10
/Users/mrggrm/Documents/GitHub/MDMTSP-HSE-RESEARCH/results/runs/research_group_03_hard/cheapest_insertion_tabu/research/group_03_hard/g03h_i24_c500_d2_m4_hard_adversarial/20260508T024715Z__research_group_03_hard__cheapest_insertion_tabu__g03h_i24_c500_d2_m4_hard_adversarial__seed_42__fed223b603e2.json,skip,,customer_count>10
/Users/mrggrm/Documents/GitHub/MDMTSP-HSE-RESEARCH/results/runs/research_group_03_hard/cheapest_insertion_tabu/research/group_03_hard/g03h_i25_c500_d3_m5_hard_adversarial/20260508T024715Z__research_group_03_hard__cheapest_insertion_tabu__g03h_i25_c500_d3_m5_hard_adversarial__seed_42__89ce3f107a85.json,skip,,customer_count>10
/Users/mrggrm/Documents/GitHub/MDMTSP-HSE-RESEARCH/results/runs/research_group_03_hard/cheapest_insertion_vnd/research/group_03_hard/g03h_i01_c500_d3_m5_hard_adversarial/20260508T024404Z__research_group_03_hard__cheapest_insertion_vnd__g03h_i01_c500_d3_m5_hard_adversarial__seed_42__995e53cb29be.json,skip,,customer_count>10
/Users/mrggrm/Documents/GitHub/MDMTSP-HSE-RESEARCH/results/runs/research_group_03_hard/cheapest_insertion_vnd/research/group_03_hard/g03h_i02_c500_d3_m6_hard_adversarial/20260508T024411Z__research_group_03_hard__cheapest_insertion_vnd__g03h_i02_c500_d3_m6_hard_adversarial__seed_42__403d18e98ced.json,skip,,customer_count>10
/Users/mrggrm/Documents/GitHub/MDMTSP-HSE-RESEARCH/results/runs/research_group_03_hard/cheapest_insertion_vnd/research/group_03_hard/g03h_i03_c500_d2_m4_hard_adversarial/20260508T024419Z__research_group_03_hard__cheapest_insertion_vnd__g03h_i03_c500_d2_m4_hard_adversarial__seed_42__9d9aba6fd11a.json,skip,,customer_count>10
/Users/mrggrm/Documents/GitHub/MDMTSP-HSE-RESEARCH/results/runs/research_group_03_hard/cheapest_insertion_vnd/research/group_03_hard/g03h_i04_c500_d3_m5_hard_adversarial/20260508T024427Z__research_group_03_hard__cheapest_insertion_vnd__g03h_i04_c500_d3_m5_hard_adversarial__seed_42__6c5dd8398e93.json,skip,,customer_count>10
/Users/mrggrm/Documents/GitHub/MDMTSP-HSE-RESEARCH/results/runs/research_group_03_hard/cheapest_insertion_vnd/research/group_03_hard/g03h_i05_c500_d3_m6_hard_adversarial/20260508T024435Z__research_group_03_hard__cheapest_insertion_vnd__g03h_i05_c500_d3_m6_hard_adversarial__seed_42__908d108df511.json,skip,,customer_count>10
/Users/mrggrm/Documents/GitHub/MDMTSP-HSE-RESEARCH/results/runs/research_group_03_hard/cheapest_insertion_vnd/research/group_03_hard/g03h_i06_c500_d2_m4_hard_adversarial/20260508T024443Z__research_group_03_hard__cheapest_insertion_vnd__g03h_i06_c500_d2_m4_hard_adversarial__seed_42__f2d2abf93804.json,skip,,customer_count>10
/Users/mrggrm/Documents/GitHub/MDMTSP-HSE-RESEARCH/results/runs/research_group_03_hard/cheapest_insertion_vnd/research/group_03_hard/g03h_i07_c500_d3_m5_hard_adversarial/20260508T024450Z__research_group_03_hard__cheapest_insertion_vnd__g03h_i07_c500_d3_m5_hard_adversarial__seed_42__8de677dcfa1e.json,skip,,customer_count>10
/Users/mrggrm/Documents/GitHub/MDMTSP-HSE-RESEARCH/results/runs/research_group_03_hard/cheapest_insertion_vnd/research/group_03_hard/g03h_i08_c500_d2_m4_hard_adversarial/20260508T024458Z__research_group_03_hard__cheapest_insertion_vnd__g03h_i08_c500_d2_m4_hard_adversarial__seed_42__b28f8a601068.json,skip,,customer_count>10
/Users/mrggrm/Documents/GitHub/MDMTSP-HSE-RESEARCH/results/runs/research_group_03_hard/cheapest_insertion_vnd/research/group_03_hard/g03h_i09_c500_d3_m5_hard_adversarial/20260508T024505Z__research_group_03_hard__cheapest_insertion_vnd__g03h_i09_c500_d3_m5_hard_adversarial__seed_42__862f0947c568.json,skip,,customer_count>10
/Users/mrggrm/Documents/GitHub/MDMTSP-HSE-RESEARCH/results/runs/research_group_03_hard/cheapest_insertion_vnd/research/group_03_hard/g03h_i10_c500_d2_m4_hard_adversarial/20260508T024513Z__research_group_03_hard__cheapest_insertion_vnd__g03h_i10_c500_d2_m4_hard_adversarial__seed_42__74915963da5c.json,skip,,customer_count>10
/Users/mrggrm/Documents/GitHub/MDMTSP-HSE-RESEARCH/results/runs/research_group_03_hard/cheapest_insertion_vnd/research/group_03_hard/g03h_i11_c500_d3_m5_hard_adversarial/20260508T024521Z__research_group_03_hard__cheapest_insertion_vnd__g03h_i11_c500_d3_m5_hard_adversarial__seed_42__418fb97a8be6.json,skip,,customer_count>10
/Users/mrggrm/Documents/GitHub/MDMTSP-HSE-RESEARCH/results/runs/research_group_03_hard/cheapest_insertion_vnd/research/group_03_hard/g03h_i12_c500_d2_m4_hard_adversarial/20260508T024529Z__research_group_03_hard__cheapest_insertion_vnd__g03h_i12_c500_d2_m4_hard_adversarial__seed_42__7ff05074cdab.json,skip,,customer_count>10
/Users/mrggrm/Documents/GitHub/MDMTSP-HSE-RESEARCH/results/runs/research_group_03_hard/cheapest_insertion_vnd/research/group_03_hard/g03h_i13_c500_d3_m5_hard_adversarial/20260508T024536Z__research_group_03_hard__cheapest_insertion_vnd__g03h_i13_c500_d3_m5_hard_adversarial__seed_42__4ed113aa388f.json,skip,,customer_count>10
/Users/mrggrm/Documents/GitHub/MDMTSP-HSE-RESEARCH/results/runs/research_group_03_hard/cheapest_insertion_vnd/research/group_03_hard/g03h_i14_c500_d2_m4_hard_adversarial/20260508T024544Z__research_group_03_hard__cheapest_insertion_vnd__g03h_i14_c500_d2_m4_hard_adversarial__seed_42__e0ae0f973588.json,skip,,customer_count>10
/Users/mrggrm/Documents/GitHub/MDMTSP-HSE-RESEARCH/results/runs/research_group_03_hard/cheapest_insertion_vnd/research/group_03_hard/g03h_i15_c500_d3_m5_hard_adversarial/20260508T024551Z__research_group_03_hard__cheapest_insertion_vnd__g03h_i15_c500_d3_m5_hard_adversarial__seed_42__3e5cf023c867.json,skip,,customer_count>10
/Users/mrggrm/Documents/GitHub/MDMTSP-HSE-RESEARCH/results/runs/research_group_03_hard/cheapest_insertion_vnd/research/group_03_hard/g03h_i16_c500_d2_m4_hard_adversarial/20260508T024559Z__research_group_03_hard__cheapest_insertion_vnd__g03h_i16_c500_d2_m4_hard_adversarial__seed_42__2c6664b4d56e.json,skip,,customer_count>10
/Users/mrggrm/Documents/GitHub/MDMTSP-HSE-RESEARCH/results/runs/research_group_03_hard/cheapest_insertion_vnd/research/group_03_hard/g03h_i17_c500_d3_m5_hard_adversarial/20260508T024607Z__research_group_03_hard__cheapest_insertion_vnd__g03h_i17_c500_d3_m5_hard_adversarial__seed_42__9ee9b57fc607.json,skip,,customer_count>10
/Users/mrggrm/Documents/GitHub/MDMTSP-HSE-RESEARCH/results/runs/research_group_03_hard/cheapest_insertion_vnd/research/group_03_hard/g03h_i18_c500_d3_m6_hard_adversarial/20260508T024614Z__research_group_03_hard__cheapest_insertion_vnd__g03h_i18_c500_d3_m6_hard_adversarial__seed_42__bd94a96ba579.json,skip,,customer_count>10
/Users/mrggrm/Documents/GitHub/MDMTSP-HSE-RESEARCH/results/runs/research_group_03_hard/cheapest_insertion_vnd/research/group_03_hard/g03h_i19_c500_d2_m5_hard_adversarial/20260508T024622Z__research_group_03_hard__cheapest_insertion_vnd__g03h_i19_c500_d2_m5_hard_adversarial__seed_42__ae9b0f6e2aef.json,skip,,customer_count>10
/Users/mrggrm/Documents/GitHub/MDMTSP-HSE-RESEARCH/results/runs/research_group_03_hard/cheapest_insertion_vnd/research/group_03_hard/g03h_i20_c500_d3_m6_hard_adversarial/20260508T024630Z__research_group_03_hard__cheapest_insertion_vnd__g03h_i20_c500_d3_m6_hard_adversarial__seed_42__3197b49eae97.json,skip,,customer_count>10
/Users/mrggrm/Documents/GitHub/MDMTSP-HSE-RESEARCH/results/runs/research_group_03_hard/cheapest_insertion_vnd/research/group_03_hard/g03h_i21_c500_d2_m5_hard_adversarial/20260508T024638Z__research_group_03_hard__cheapest_insertion_vnd__g03h_i21_c500_d2_m5_hard_adversarial__seed_42__65c0b9375f8b.json,skip,,customer_count>10
/Users/mrggrm/Documents/GitHub/MDMTSP-HSE-RESEARCH/results/runs/research_group_03_hard/cheapest_insertion_vnd/research/group_03_hard/g03h_i22_c500_d2_m4_hard_adversarial/20260508T024645Z__research_group_03_hard__cheapest_insertion_vnd__g03h_i22_c500_d2_m4_hard_adversarial__seed_42__df7a17d72fe5.json,skip,,customer_count>10
/Users/mrggrm/Documents/GitHub/MDMTSP-HSE-RESEARCH/results/runs/research_group_03_hard/cheapest_insertion_vnd/research/group_03_hard/g03h_i23_c500_d3_m5_hard_adversarial/20260508T024653Z__research_group_03_hard__cheapest_insertion_vnd__g03h_i23_c500_d3_m5_hard_adversarial__seed_42__64bd80d98a53.json,skip,,customer_count>10
/Users/mrggrm/Documents/GitHub/MDMTSP-HSE-RESEARCH/results/runs/research_group_03_hard/cheapest_insertion_vnd/research/group_03_hard/g03h_i24_c500_d2_m4_hard_adversarial/20260508T024700Z__research_group_03_hard__cheapest_insertion_vnd__g03h_i24_c500_d2_m4_hard_adversarial__seed_42__68bff9d0827e.json,skip,,customer_count>10
/Users/mrggrm/Documents/GitHub/MDMTSP-HSE-RESEARCH/results/runs/research_group_03_hard/cheapest_insertion_vnd/research/group_03_hard/g03h_i25_c500_d3_m5_hard_adversarial/20260508T024708Z__research_group_03_hard__cheapest_insertion_vnd__g03h_i25_c500_d3_m5_hard_adversarial__seed_42__b0a33e39d4ad.json,skip,,customer_count>10
/Users/mrggrm/Documents/GitHub/MDMTSP-HSE-RESEARCH/results/runs/research_group_03_hard/nearest_neighbour/research/group_03_hard/g03h_i01_c500_d3_m5_hard_adversarial/20260508T024403Z__research_group_03_hard__nearest_neighbour__g03h_i01_c500_d3_m5_hard_adversarial__seed_42__4cbd0c618ebb.json,skip,,customer_count>10
/Users/mrggrm/Documents/GitHub/MDMTSP-HSE-RESEARCH/results/runs/research_group_03_hard/nearest_neighbour/research/group_03_hard/g03h_i02_c500_d3_m6_hard_adversarial/20260508T024403Z__research_group_03_hard__nearest_neighbour__g03h_i02_c500_d3_m6_hard_adversarial__seed_42__541b27640224.json,skip,,customer_count>10
/Users/mrggrm/Documents/GitHub/MDMTSP-HSE-RESEARCH/results/runs/research_group_03_hard/nearest_neighbour/research/group_03_hard/g03h_i03_c500_d2_m4_hard_adversarial/20260508T024403Z__research_group_03_hard__nearest_neighbour__g03h_i03_c500_d2_m4_hard_adversarial__seed_42__3ecaeaca107f.json,skip,,customer_count>10
/Users/mrggrm/Documents/GitHub/MDMTSP-HSE-RESEARCH/results/runs/research_group_03_hard/nearest_neighbour/research/group_03_hard/g03h_i04_c500_d3_m5_hard_adversarial/20260508T024403Z__research_group_03_hard__nearest_neighbour__g03h_i04_c500_d3_m5_hard_adversarial__seed_42__bbacaecdbd6a.json,skip,,customer_count>10
/Users/mrggrm/Documents/GitHub/MDMTSP-HSE-RESEARCH/results/runs/research_group_03_hard/nearest_neighbour/research/group_03_hard/g03h_i05_c500_d3_m6_hard_adversarial/20260508T024403Z__research_group_03_hard__nearest_neighbour__g03h_i05_c500_d3_m6_hard_adversarial__seed_42__02982f0ac13f.json,skip,,customer_count>10
/Users/mrggrm/Documents/GitHub/MDMTSP-HSE-RESEARCH/results/runs/research_group_03_hard/nearest_neighbour/research/group_03_hard/g03h_i06_c500_d2_m4_hard_adversarial/20260508T024403Z__research_group_03_hard__nearest_neighbour__g03h_i06_c500_d2_m4_hard_adversarial__seed_42__fa37f18ba171.json,skip,,customer_count>10
/Users/mrggrm/Documents/GitHub/MDMTSP-HSE-RESEARCH/results/runs/research_group_03_hard/nearest_neighbour/research/group_03_hard/g03h_i07_c500_d3_m5_hard_adversarial/20260508T024403Z__research_group_03_hard__nearest_neighbour__g03h_i07_c500_d3_m5_hard_adversarial__seed_42__166a61b7e104.json,skip,,customer_count>10
/Users/mrggrm/Documents/GitHub/MDMTSP-HSE-RESEARCH/results/runs/research_group_03_hard/nearest_neighbour/research/group_03_hard/g03h_i08_c500_d2_m4_hard_adversarial/20260508T024403Z__research_group_03_hard__nearest_neighbour__g03h_i08_c500_d2_m4_hard_adversarial__seed_42__07adf5ae2971.json,skip,,customer_count>10
/Users/mrggrm/Documents/GitHub/MDMTSP-HSE-RESEARCH/results/runs/research_group_03_hard/nearest_neighbour/research/group_03_hard/g03h_i09_c500_d3_m5_hard_adversarial/20260508T024403Z__research_group_03_hard__nearest_neighbour__g03h_i09_c500_d3_m5_hard_adversarial__seed_42__997014afa3d4.json,skip,,customer_count>10
/Users/mrggrm/Documents/GitHub/MDMTSP-HSE-RESEARCH/results/runs/research_group_03_hard/nearest_neighbour/research/group_03_hard/g03h_i10_c500_d2_m4_hard_adversarial/20260508T024403Z__research_group_03_hard__nearest_neighbour__g03h_i10_c500_d2_m4_hard_adversarial__seed_42__cac94b72db5d.json,skip,,customer_count>10
/Users/mrggrm/Documents/GitHub/MDMTSP-HSE-RESEARCH/results/runs/research_group_03_hard/nearest_neighbour/research/group_03_hard/g03h_i11_c500_d3_m5_hard_adversarial/20260508T024403Z__research_group_03_hard__nearest_neighbour__g03h_i11_c500_d3_m5_hard_adversarial__seed_42__98fd0e08b97b.json,skip,,customer_count>10
/Users/mrggrm/Documents/GitHub/MDMTSP-HSE-RESEARCH/results/runs/research_group_03_hard/nearest_neighbour/research/group_03_hard/g03h_i12_c500_d2_m4_hard_adversarial/20260508T024403Z__research_group_03_hard__nearest_neighbour__g03h_i12_c500_d2_m4_hard_adversarial__seed_42__26a87c8ac187.json,skip,,customer_count>10
/Users/mrggrm/Documents/GitHub/MDMTSP-HSE-RESEARCH/results/runs/research_group_03_hard/nearest_neighbour/research/group_03_hard/g03h_i13_c500_d3_m5_hard_adversarial/20260508T024403Z__research_group_03_hard__nearest_neighbour__g03h_i13_c500_d3_m5_hard_adversarial__seed_42__483ade5cacd6.json,skip,,customer_count>10
/Users/mrggrm/Documents/GitHub/MDMTSP-HSE-RESEARCH/results/runs/research_group_03_hard/nearest_neighbour/research/group_03_hard/g03h_i14_c500_d2_m4_hard_adversarial/20260508T024403Z__research_group_03_hard__nearest_neighbour__g03h_i14_c500_d2_m4_hard_adversarial__seed_42__f3a13b467fec.json,skip,,customer_count>10
/Users/mrggrm/Documents/GitHub/MDMTSP-HSE-RESEARCH/results/runs/research_group_03_hard/nearest_neighbour/research/group_03_hard/g03h_i15_c500_d3_m5_hard_adversarial/20260508T024403Z__research_group_03_hard__nearest_neighbour__g03h_i15_c500_d3_m5_hard_adversarial__seed_42__8b96a29199a1.json,skip,,customer_count>10
/Users/mrggrm/Documents/GitHub/MDMTSP-HSE-RESEARCH/results/runs/research_group_03_hard/nearest_neighbour/research/group_03_hard/g03h_i16_c500_d2_m4_hard_adversarial/20260508T024403Z__research_group_03_hard__nearest_neighbour__g03h_i16_c500_d2_m4_hard_adversarial__seed_42__6df7a05e7edb.json,skip,,customer_count>10
/Users/mrggrm/Documents/GitHub/MDMTSP-HSE-RESEARCH/results/runs/research_group_03_hard/nearest_neighbour/research/group_03_hard/g03h_i17_c500_d3_m5_hard_adversarial/20260508T024403Z__research_group_03_hard__nearest_neighbour__g03h_i17_c500_d3_m5_hard_adversarial__seed_42__5533047ce9bc.json,skip,,customer_count>10
/Users/mrggrm/Documents/GitHub/MDMTSP-HSE-RESEARCH/results/runs/research_group_03_hard/nearest_neighbour/research/group_03_hard/g03h_i18_c500_d3_m6_hard_adversarial/20260508T024403Z__research_group_03_hard__nearest_neighbour__g03h_i18_c500_d3_m6_hard_adversarial__seed_42__74d994137e5d.json,skip,,customer_count>10
/Users/mrggrm/Documents/GitHub/MDMTSP-HSE-RESEARCH/results/runs/research_group_03_hard/nearest_neighbour/research/group_03_hard/g03h_i19_c500_d2_m5_hard_adversarial/20260508T024403Z__research_group_03_hard__nearest_neighbour__g03h_i19_c500_d2_m5_hard_adversarial__seed_42__407e3182cc94.json,skip,,customer_count>10
/Users/mrggrm/Documents/GitHub/MDMTSP-HSE-RESEARCH/results/runs/research_group_03_hard/nearest_neighbour/research/group_03_hard/g03h_i20_c500_d3_m6_hard_adversarial/20260508T024403Z__research_group_03_hard__nearest_neighbour__g03h_i20_c500_d3_m6_hard_adversarial__seed_42__485906844f96.json,skip,,customer_count>10
/Users/mrggrm/Documents/GitHub/MDMTSP-HSE-RESEARCH/results/runs/research_group_03_hard/nearest_neighbour/research/group_03_hard/g03h_i21_c500_d2_m5_hard_adversarial/20260508T024403Z__research_group_03_hard__nearest_neighbour__g03h_i21_c500_d2_m5_hard_adversarial__seed_42__2dbb9d1048f4.json,skip,,customer_count>10
/Users/mrggrm/Documents/GitHub/MDMTSP-HSE-RESEARCH/results/runs/research_group_03_hard/nearest_neighbour/research/group_03_hard/g03h_i22_c500_d2_m4_hard_adversarial/20260508T024403Z__research_group_03_hard__nearest_neighbour__g03h_i22_c500_d2_m4_hard_adversarial__seed_42__41ea2199ac37.json,skip,,customer_count>10
/Users/mrggrm/Documents/GitHub/MDMTSP-HSE-RESEARCH/results/runs/research_group_03_hard/nearest_neighbour/research/group_03_hard/g03h_i23_c500_d3_m5_hard_adversarial/20260508T024403Z__research_group_03_hard__nearest_neighbour__g03h_i23_c500_d3_m5_hard_adversarial__seed_42__b5b0ab7dc039.json,skip,,customer_count>10
/Users/mrggrm/Documents/GitHub/MDMTSP-HSE-RESEARCH/results/runs/research_group_03_hard/nearest_neighbour/research/group_03_hard/g03h_i24_c500_d2_m4_hard_adversarial/20260508T024403Z__research_group_03_hard__nearest_neighbour__g03h_i24_c500_d2_m4_hard_adversarial__seed_42__8528c9af375b.json,skip,,customer_count>10
/Users/mrggrm/Documents/GitHub/MDMTSP-HSE-RESEARCH/results/runs/research_group_03_hard/nearest_neighbour/research/group_03_hard/g03h_i25_c500_d3_m5_hard_adversarial/20260508T024403Z__research_group_03_hard__nearest_neighbour__g03h_i25_c500_d3_m5_hard_adversarial__seed_42__639cb90d0353.json,skip,,customer_count>10
/Users/mrggrm/Documents/GitHub/MDMTSP-HSE-RESEARCH/results/runs/research_group_03_hard/nearest_neighbour_2opt/research/group_03_hard/g03h_i01_c500_d3_m5_hard_adversarial/20260508T025824Z__research_group_03_hard__nearest_neighbour_2opt__g03h_i01_c500_d3_m5_hard_adversarial__seed_42__059ab1629244.json,skip,,customer_count>10
/Users/mrggrm/Documents/GitHub/MDMTSP-HSE-RESEARCH/results/runs/research_group_03_hard/nearest_neighbour_2opt/research/group_03_hard/g03h_i02_c500_d3_m6_hard_adversarial/20260508T025824Z__research_group_03_hard__nearest_neighbour_2opt__g03h_i02_c500_d3_m6_hard_adversarial__seed_42__b17c1477bdc9.json,skip,,customer_count>10
/Users/mrggrm/Documents/GitHub/MDMTSP-HSE-RESEARCH/results/runs/research_group_03_hard/nearest_neighbour_2opt/research/group_03_hard/g03h_i03_c500_d2_m4_hard_adversarial/20260508T025824Z__research_group_03_hard__nearest_neighbour_2opt__g03h_i03_c500_d2_m4_hard_adversarial__seed_42__1001907b56b8.json,skip,,customer_count>10
/Users/mrggrm/Documents/GitHub/MDMTSP-HSE-RESEARCH/results/runs/research_group_03_hard/nearest_neighbour_2opt/research/group_03_hard/g03h_i04_c500_d3_m5_hard_adversarial/20260508T025824Z__research_group_03_hard__nearest_neighbour_2opt__g03h_i04_c500_d3_m5_hard_adversarial__seed_42__d67a85e6ec81.json,skip,,customer_count>10
/Users/mrggrm/Documents/GitHub/MDMTSP-HSE-RESEARCH/results/runs/research_group_03_hard/nearest_neighbour_2opt/research/group_03_hard/g03h_i05_c500_d3_m6_hard_adversarial/20260508T025824Z__research_group_03_hard__nearest_neighbour_2opt__g03h_i05_c500_d3_m6_hard_adversarial__seed_42__4e21392da1b0.json,skip,,customer_count>10
/Users/mrggrm/Documents/GitHub/MDMTSP-HSE-RESEARCH/results/runs/research_group_03_hard/nearest_neighbour_2opt/research/group_03_hard/g03h_i06_c500_d2_m4_hard_adversarial/20260508T025824Z__research_group_03_hard__nearest_neighbour_2opt__g03h_i06_c500_d2_m4_hard_adversarial__seed_42__f25488b5e6bd.json,skip,,customer_count>10
/Users/mrggrm/Documents/GitHub/MDMTSP-HSE-RESEARCH/results/runs/research_group_03_hard/nearest_neighbour_2opt/research/group_03_hard/g03h_i07_c500_d3_m5_hard_adversarial/20260508T025824Z__research_group_03_hard__nearest_neighbour_2opt__g03h_i07_c500_d3_m5_hard_adversarial__seed_42__5a9983e29190.json,skip,,customer_count>10
/Users/mrggrm/Documents/GitHub/MDMTSP-HSE-RESEARCH/results/runs/research_group_03_hard/nearest_neighbour_2opt/research/group_03_hard/g03h_i08_c500_d2_m4_hard_adversarial/20260508T025824Z__research_group_03_hard__nearest_neighbour_2opt__g03h_i08_c500_d2_m4_hard_adversarial__seed_42__08cf9a1c5a9a.json,skip,,customer_count>10
/Users/mrggrm/Documents/GitHub/MDMTSP-HSE-RESEARCH/results/runs/research_group_03_hard/nearest_neighbour_2opt/research/group_03_hard/g03h_i09_c500_d3_m5_hard_adversarial/20260508T025824Z__research_group_03_hard__nearest_neighbour_2opt__g03h_i09_c500_d3_m5_hard_adversarial__seed_42__f45fbd1fc4c5.json,skip,,customer_count>10
/Users/mrggrm/Documents/GitHub/MDMTSP-HSE-RESEARCH/results/runs/research_group_03_hard/nearest_neighbour_2opt/research/group_03_hard/g03h_i10_c500_d2_m4_hard_adversarial/20260508T025824Z__research_group_03_hard__nearest_neighbour_2opt__g03h_i10_c500_d2_m4_hard_adversarial__seed_42__b7fae1a24386.json,skip,,customer_count>10
/Users/mrggrm/Documents/GitHub/MDMTSP-HSE-RESEARCH/results/runs/research_group_03_hard/nearest_neighbour_2opt/research/group_03_hard/g03h_i11_c500_d3_m5_hard_adversarial/20260508T025824Z__research_group_03_hard__nearest_neighbour_2opt__g03h_i11_c500_d3_m5_hard_adversarial__seed_42__7de84308d1ce.json,skip,,customer_count>10
/Users/mrggrm/Documents/GitHub/MDMTSP-HSE-RESEARCH/results/runs/research_group_03_hard/nearest_neighbour_2opt/research/group_03_hard/g03h_i12_c500_d2_m4_hard_adversarial/20260508T025824Z__research_group_03_hard__nearest_neighbour_2opt__g03h_i12_c500_d2_m4_hard_adversarial__seed_42__f3796dd7b327.json,skip,,customer_count>10
/Users/mrggrm/Documents/GitHub/MDMTSP-HSE-RESEARCH/results/runs/research_group_03_hard/nearest_neighbour_2opt/research/group_03_hard/g03h_i13_c500_d3_m5_hard_adversarial/20260508T025824Z__research_group_03_hard__nearest_neighbour_2opt__g03h_i13_c500_d3_m5_hard_adversarial__seed_42__73929a4e7938.json,skip,,customer_count>10
/Users/mrggrm/Documents/GitHub/MDMTSP-HSE-RESEARCH/results/runs/research_group_03_hard/nearest_neighbour_2opt/research/group_03_hard/g03h_i14_c500_d2_m4_hard_adversarial/20260508T025824Z__research_group_03_hard__nearest_neighbour_2opt__g03h_i14_c500_d2_m4_hard_adversarial__seed_42__a44a89465deb.json,skip,,customer_count>10
/Users/mrggrm/Documents/GitHub/MDMTSP-HSE-RESEARCH/results/runs/research_group_03_hard/nearest_neighbour_2opt/research/group_03_hard/g03h_i15_c500_d3_m5_hard_adversarial/20260508T025824Z__research_group_03_hard__nearest_neighbour_2opt__g03h_i15_c500_d3_m5_hard_adversarial__seed_42__33425633d1dd.json,skip,,customer_count>10
/Users/mrggrm/Documents/GitHub/MDMTSP-HSE-RESEARCH/results/runs/research_group_03_hard/nearest_neighbour_2opt/research/group_03_hard/g03h_i16_c500_d2_m4_hard_adversarial/20260508T025824Z__research_group_03_hard__nearest_neighbour_2opt__g03h_i16_c500_d2_m4_hard_adversarial__seed_42__f49f7d76d545.json,skip,,customer_count>10
/Users/mrggrm/Documents/GitHub/MDMTSP-HSE-RESEARCH/results/runs/research_group_03_hard/nearest_neighbour_2opt/research/group_03_hard/g03h_i17_c500_d3_m5_hard_adversarial/20260508T025824Z__research_group_03_hard__nearest_neighbour_2opt__g03h_i17_c500_d3_m5_hard_adversarial__seed_42__3fe1b56ef6da.json,skip,,customer_count>10
/Users/mrggrm/Documents/GitHub/MDMTSP-HSE-RESEARCH/results/runs/research_group_03_hard/nearest_neighbour_2opt/research/group_03_hard/g03h_i18_c500_d3_m6_hard_adversarial/20260508T025824Z__research_group_03_hard__nearest_neighbour_2opt__g03h_i18_c500_d3_m6_hard_adversarial__seed_42__2e7a34aab7b5.json,skip,,customer_count>10
/Users/mrggrm/Documents/GitHub/MDMTSP-HSE-RESEARCH/results/runs/research_group_03_hard/nearest_neighbour_2opt/research/group_03_hard/g03h_i19_c500_d2_m5_hard_adversarial/20260508T025824Z__research_group_03_hard__nearest_neighbour_2opt__g03h_i19_c500_d2_m5_hard_adversarial__seed_42__8eb89ed6932a.json,skip,,customer_count>10
/Users/mrggrm/Documents/GitHub/MDMTSP-HSE-RESEARCH/results/runs/research_group_03_hard/nearest_neighbour_2opt/research/group_03_hard/g03h_i20_c500_d3_m6_hard_adversarial/20260508T025824Z__research_group_03_hard__nearest_neighbour_2opt__g03h_i20_c500_d3_m6_hard_adversarial__seed_42__40b160caa746.json,skip,,customer_count>10
/Users/mrggrm/Documents/GitHub/MDMTSP-HSE-RESEARCH/results/runs/research_group_03_hard/nearest_neighbour_2opt/research/group_03_hard/g03h_i21_c500_d2_m5_hard_adversarial/20260508T025824Z__research_group_03_hard__nearest_neighbour_2opt__g03h_i21_c500_d2_m5_hard_adversarial__seed_42__2832c7b18e7a.json,skip,,customer_count>10
/Users/mrggrm/Documents/GitHub/MDMTSP-HSE-RESEARCH/results/runs/research_group_03_hard/nearest_neighbour_2opt/research/group_03_hard/g03h_i22_c500_d2_m4_hard_adversarial/20260508T025824Z__research_group_03_hard__nearest_neighbour_2opt__g03h_i22_c500_d2_m4_hard_adversarial__seed_42__a00b8cb062c5.json,skip,,customer_count>10
/Users/mrggrm/Documents/GitHub/MDMTSP-HSE-RESEARCH/results/runs/research_group_03_hard/nearest_neighbour_2opt/research/group_03_hard/g03h_i23_c500_d3_m5_hard_adversarial/20260508T025824Z__research_group_03_hard__nearest_neighbour_2opt__g03h_i23_c500_d3_m5_hard_adversarial__seed_42__d09633f1af92.json,skip,,customer_count>10
/Users/mrggrm/Documents/GitHub/MDMTSP-HSE-RESEARCH/results/runs/research_group_03_hard/nearest_neighbour_2opt/research/group_03_hard/g03h_i24_c500_d2_m4_hard_adversarial/20260508T025824Z__research_group_03_hard__nearest_neighbour_2opt__g03h_i24_c500_d2_m4_hard_adversarial__seed_42__88af04e9b3d2.json,skip,,customer_count>10
/Users/mrggrm/Documents/GitHub/MDMTSP-HSE-RESEARCH/results/runs/research_group_03_hard/nearest_neighbour_2opt/research/group_03_hard/g03h_i25_c500_d3_m5_hard_adversarial/20260508T025824Z__research_group_03_hard__nearest_neighbour_2opt__g03h_i25_c500_d3_m5_hard_adversarial__seed_42__4eb8c51726db.json,skip,,customer_count>10
/Users/mrggrm/Documents/GitHub/MDMTSP-HSE-RESEARCH/results/runs/research_group_03_hard/nearest_neighbour_2opt_v2/research/group_03_hard/g03h_i01_c500_d3_m5_hard_adversarial/20260508T025824Z__research_group_03_hard__nearest_neighbour_2opt_v2__g03h_i01_c500_d3_m5_hard_adversarial__seed_42__becfc104d828.json,skip,,customer_count>10
/Users/mrggrm/Documents/GitHub/MDMTSP-HSE-RESEARCH/results/runs/research_group_03_hard/nearest_neighbour_2opt_v2/research/group_03_hard/g03h_i02_c500_d3_m6_hard_adversarial/20260508T025824Z__research_group_03_hard__nearest_neighbour_2opt_v2__g03h_i02_c500_d3_m6_hard_adversarial__seed_42__9c25d9a15e86.json,skip,,customer_count>10
/Users/mrggrm/Documents/GitHub/MDMTSP-HSE-RESEARCH/results/runs/research_group_03_hard/nearest_neighbour_2opt_v2/research/group_03_hard/g03h_i03_c500_d2_m4_hard_adversarial/20260508T025824Z__research_group_03_hard__nearest_neighbour_2opt_v2__g03h_i03_c500_d2_m4_hard_adversarial__seed_42__72d3fa89ca41.json,skip,,customer_count>10
/Users/mrggrm/Documents/GitHub/MDMTSP-HSE-RESEARCH/results/runs/research_group_03_hard/nearest_neighbour_2opt_v2/research/group_03_hard/g03h_i04_c500_d3_m5_hard_adversarial/20260508T025824Z__research_group_03_hard__nearest_neighbour_2opt_v2__g03h_i04_c500_d3_m5_hard_adversarial__seed_42__eb807620f80e.json,skip,,customer_count>10
/Users/mrggrm/Documents/GitHub/MDMTSP-HSE-RESEARCH/results/runs/research_group_03_hard/nearest_neighbour_2opt_v2/research/group_03_hard/g03h_i05_c500_d3_m6_hard_adversarial/20260508T025824Z__research_group_03_hard__nearest_neighbour_2opt_v2__g03h_i05_c500_d3_m6_hard_adversarial__seed_42__c7ce44963e2e.json,skip,,customer_count>10
/Users/mrggrm/Documents/GitHub/MDMTSP-HSE-RESEARCH/results/runs/research_group_03_hard/nearest_neighbour_2opt_v2/research/group_03_hard/g03h_i06_c500_d2_m4_hard_adversarial/20260508T025824Z__research_group_03_hard__nearest_neighbour_2opt_v2__g03h_i06_c500_d2_m4_hard_adversarial__seed_42__faa9d501d2ca.json,skip,,customer_count>10
/Users/mrggrm/Documents/GitHub/MDMTSP-HSE-RESEARCH/results/runs/research_group_03_hard/nearest_neighbour_2opt_v2/research/group_03_hard/g03h_i07_c500_d3_m5_hard_adversarial/20260508T025824Z__research_group_03_hard__nearest_neighbour_2opt_v2__g03h_i07_c500_d3_m5_hard_adversarial__seed_42__9a8a2f72d2db.json,skip,,customer_count>10
/Users/mrggrm/Documents/GitHub/MDMTSP-HSE-RESEARCH/results/runs/research_group_03_hard/nearest_neighbour_2opt_v2/research/group_03_hard/g03h_i08_c500_d2_m4_hard_adversarial/20260508T025824Z__research_group_03_hard__nearest_neighbour_2opt_v2__g03h_i08_c500_d2_m4_hard_adversarial__seed_42__96ef257e180f.json,skip,,customer_count>10
/Users/mrggrm/Documents/GitHub/MDMTSP-HSE-RESEARCH/results/runs/research_group_03_hard/nearest_neighbour_2opt_v2/research/group_03_hard/g03h_i09_c500_d3_m5_hard_adversarial/20260508T025824Z__research_group_03_hard__nearest_neighbour_2opt_v2__g03h_i09_c500_d3_m5_hard_adversarial__seed_42__8a7b8b1fbd0a.json,skip,,customer_count>10
/Users/mrggrm/Documents/GitHub/MDMTSP-HSE-RESEARCH/results/runs/research_group_03_hard/nearest_neighbour_2opt_v2/research/group_03_hard/g03h_i10_c500_d2_m4_hard_adversarial/20260508T025824Z__research_group_03_hard__nearest_neighbour_2opt_v2__g03h_i10_c500_d2_m4_hard_adversarial__seed_42__bedbcea0ae29.json,skip,,customer_count>10
/Users/mrggrm/Documents/GitHub/MDMTSP-HSE-RESEARCH/results/runs/research_group_03_hard/nearest_neighbour_2opt_v2/research/group_03_hard/g03h_i11_c500_d3_m5_hard_adversarial/20260508T025824Z__research_group_03_hard__nearest_neighbour_2opt_v2__g03h_i11_c500_d3_m5_hard_adversarial__seed_42__217aa940d6da.json,skip,,customer_count>10
/Users/mrggrm/Documents/GitHub/MDMTSP-HSE-RESEARCH/results/runs/research_group_03_hard/nearest_neighbour_2opt_v2/research/group_03_hard/g03h_i12_c500_d2_m4_hard_adversarial/20260508T025824Z__research_group_03_hard__nearest_neighbour_2opt_v2__g03h_i12_c500_d2_m4_hard_adversarial__seed_42__a9559df45b26.json,skip,,customer_count>10
/Users/mrggrm/Documents/GitHub/MDMTSP-HSE-RESEARCH/results/runs/research_group_03_hard/nearest_neighbour_2opt_v2/research/group_03_hard/g03h_i13_c500_d3_m5_hard_adversarial/20260508T025824Z__research_group_03_hard__nearest_neighbour_2opt_v2__g03h_i13_c500_d3_m5_hard_adversarial__seed_42__f5d81c447982.json,skip,,customer_count>10
/Users/mrggrm/Documents/GitHub/MDMTSP-HSE-RESEARCH/results/runs/research_group_03_hard/nearest_neighbour_2opt_v2/research/group_03_hard/g03h_i14_c500_d2_m4_hard_adversarial/20260508T025824Z__research_group_03_hard__nearest_neighbour_2opt_v2__g03h_i14_c500_d2_m4_hard_adversarial__seed_42__daa832560e46.json,skip,,customer_count>10
/Users/mrggrm/Documents/GitHub/MDMTSP-HSE-RESEARCH/results/runs/research_group_03_hard/nearest_neighbour_2opt_v2/research/group_03_hard/g03h_i15_c500_d3_m5_hard_adversarial/20260508T025824Z__research_group_03_hard__nearest_neighbour_2opt_v2__g03h_i15_c500_d3_m5_hard_adversarial__seed_42__f460ca732cbf.json,skip,,customer_count>10
/Users/mrggrm/Documents/GitHub/MDMTSP-HSE-RESEARCH/results/runs/research_group_03_hard/nearest_neighbour_2opt_v2/research/group_03_hard/g03h_i16_c500_d2_m4_hard_adversarial/20260508T025824Z__research_group_03_hard__nearest_neighbour_2opt_v2__g03h_i16_c500_d2_m4_hard_adversarial__seed_42__8e43cdc3ab94.json,skip,,customer_count>10
/Users/mrggrm/Documents/GitHub/MDMTSP-HSE-RESEARCH/results/runs/research_group_03_hard/nearest_neighbour_2opt_v2/research/group_03_hard/g03h_i17_c500_d3_m5_hard_adversarial/20260508T025824Z__research_group_03_hard__nearest_neighbour_2opt_v2__g03h_i17_c500_d3_m5_hard_adversarial__seed_42__8fd91e0f2493.json,skip,,customer_count>10
/Users/mrggrm/Documents/GitHub/MDMTSP-HSE-RESEARCH/results/runs/research_group_03_hard/nearest_neighbour_2opt_v2/research/group_03_hard/g03h_i18_c500_d3_m6_hard_adversarial/20260508T025824Z__research_group_03_hard__nearest_neighbour_2opt_v2__g03h_i18_c500_d3_m6_hard_adversarial__seed_42__8cfbe0672666.json,skip,,customer_count>10
/Users/mrggrm/Documents/GitHub/MDMTSP-HSE-RESEARCH/results/runs/research_group_03_hard/nearest_neighbour_2opt_v2/research/group_03_hard/g03h_i19_c500_d2_m5_hard_adversarial/20260508T025824Z__research_group_03_hard__nearest_neighbour_2opt_v2__g03h_i19_c500_d2_m5_hard_adversarial__seed_42__8b4bf6e7a69c.json,skip,,customer_count>10
/Users/mrggrm/Documents/GitHub/MDMTSP-HSE-RESEARCH/results/runs/research_group_03_hard/nearest_neighbour_2opt_v2/research/group_03_hard/g03h_i20_c500_d3_m6_hard_adversarial/20260508T025824Z__research_group_03_hard__nearest_neighbour_2opt_v2__g03h_i20_c500_d3_m6_hard_adversarial__seed_42__f5d40cf76045.json,skip,,customer_count>10
/Users/mrggrm/Documents/GitHub/MDMTSP-HSE-RESEARCH/results/runs/research_group_03_hard/nearest_neighbour_2opt_v2/research/group_03_hard/g03h_i21_c500_d2_m5_hard_adversarial/20260508T025824Z__research_group_03_hard__nearest_neighbour_2opt_v2__g03h_i21_c500_d2_m5_hard_adversarial__seed_42__98c0043a2914.json,skip,,customer_count>10
/Users/mrggrm/Documents/GitHub/MDMTSP-HSE-RESEARCH/results/runs/research_group_03_hard/nearest_neighbour_2opt_v2/research/group_03_hard/g03h_i22_c500_d2_m4_hard_adversarial/20260508T025824Z__research_group_03_hard__nearest_neighbour_2opt_v2__g03h_i22_c500_d2_m4_hard_adversarial__seed_42__5913226402d1.json,skip,,customer_count>10
/Users/mrggrm/Documents/GitHub/MDMTSP-HSE-RESEARCH/results/runs/research_group_03_hard/nearest_neighbour_2opt_v2/research/group_03_hard/g03h_i23_c500_d3_m5_hard_adversarial/20260508T025824Z__research_group_03_hard__nearest_neighbour_2opt_v2__g03h_i23_c500_d3_m5_hard_adversarial__seed_42__9b80d7cd6131.json,skip,,customer_count>10
/Users/mrggrm/Documents/GitHub/MDMTSP-HSE-RESEARCH/results/runs/research_group_03_hard/nearest_neighbour_2opt_v2/research/group_03_hard/g03h_i24_c500_d2_m4_hard_adversarial/20260508T025824Z__research_group_03_hard__nearest_neighbour_2opt_v2__g03h_i24_c500_d2_m4_hard_adversarial__seed_42__e4c8a8a2d70d.json,skip,,customer_count>10
/Users/mrggrm/Documents/GitHub/MDMTSP-HSE-RESEARCH/results/runs/research_group_03_hard/nearest_neighbour_2opt_v2/research/group_03_hard/g03h_i25_c500_d3_m5_hard_adversarial/20260508T025824Z__research_group_03_hard__nearest_neighbour_2opt_v2__g03h_i25_c500_d3_m5_hard_adversarial__seed_42__fbac3b04968a.json,skip,,customer_count>10
/Users/mrggrm/Documents/GitHub/MDMTSP-HSE-RESEARCH/results/runs/research_group_03_hard/random_insertion/research/group_03_hard/g03h_i01_c500_d3_m5_hard_adversarial/20260508T024403Z__research_group_03_hard__random_insertion__g03h_i01_c500_d3_m5_hard_adversarial__seed_42__3292d1822c71.json,skip,,customer_count>10
/Users/mrggrm/Documents/GitHub/MDMTSP-HSE-RESEARCH/results/runs/research_group_03_hard/random_insertion/research/group_03_hard/g03h_i02_c500_d3_m6_hard_adversarial/20260508T024403Z__research_group_03_hard__random_insertion__g03h_i02_c500_d3_m6_hard_adversarial__seed_42__ea0bf4890789.json,skip,,customer_count>10
/Users/mrggrm/Documents/GitHub/MDMTSP-HSE-RESEARCH/results/runs/research_group_03_hard/random_insertion/research/group_03_hard/g03h_i03_c500_d2_m4_hard_adversarial/20260508T024403Z__research_group_03_hard__random_insertion__g03h_i03_c500_d2_m4_hard_adversarial__seed_42__ef1bca193959.json,skip,,customer_count>10
/Users/mrggrm/Documents/GitHub/MDMTSP-HSE-RESEARCH/results/runs/research_group_03_hard/random_insertion/research/group_03_hard/g03h_i04_c500_d3_m5_hard_adversarial/20260508T024403Z__research_group_03_hard__random_insertion__g03h_i04_c500_d3_m5_hard_adversarial__seed_42__88646db1ef6b.json,skip,,customer_count>10
/Users/mrggrm/Documents/GitHub/MDMTSP-HSE-RESEARCH/results/runs/research_group_03_hard/random_insertion/research/group_03_hard/g03h_i05_c500_d3_m6_hard_adversarial/20260508T024403Z__research_group_03_hard__random_insertion__g03h_i05_c500_d3_m6_hard_adversarial__seed_42__8de52b30dd57.json,skip,,customer_count>10
/Users/mrggrm/Documents/GitHub/MDMTSP-HSE-RESEARCH/results/runs/research_group_03_hard/random_insertion/research/group_03_hard/g03h_i06_c500_d2_m4_hard_adversarial/20260508T024403Z__research_group_03_hard__random_insertion__g03h_i06_c500_d2_m4_hard_adversarial__seed_42__42640f52db2a.json,skip,,customer_count>10
/Users/mrggrm/Documents/GitHub/MDMTSP-HSE-RESEARCH/results/runs/research_group_03_hard/random_insertion/research/group_03_hard/g03h_i07_c500_d3_m5_hard_adversarial/20260508T024403Z__research_group_03_hard__random_insertion__g03h_i07_c500_d3_m5_hard_adversarial__seed_42__ae16b3980884.json,skip,,customer_count>10
/Users/mrggrm/Documents/GitHub/MDMTSP-HSE-RESEARCH/results/runs/research_group_03_hard/random_insertion/research/group_03_hard/g03h_i08_c500_d2_m4_hard_adversarial/20260508T024403Z__research_group_03_hard__random_insertion__g03h_i08_c500_d2_m4_hard_adversarial__seed_42__1ee21df5d1ae.json,skip,,customer_count>10
/Users/mrggrm/Documents/GitHub/MDMTSP-HSE-RESEARCH/results/runs/research_group_03_hard/random_insertion/research/group_03_hard/g03h_i09_c500_d3_m5_hard_adversarial/20260508T024403Z__research_group_03_hard__random_insertion__g03h_i09_c500_d3_m5_hard_adversarial__seed_42__ead50a0d6b68.json,skip,,customer_count>10
/Users/mrggrm/Documents/GitHub/MDMTSP-HSE-RESEARCH/results/runs/research_group_03_hard/random_insertion/research/group_03_hard/g03h_i10_c500_d2_m4_hard_adversarial/20260508T024403Z__research_group_03_hard__random_insertion__g03h_i10_c500_d2_m4_hard_adversarial__seed_42__579404ba2100.json,skip,,customer_count>10
/Users/mrggrm/Documents/GitHub/MDMTSP-HSE-RESEARCH/results/runs/research_group_03_hard/random_insertion/research/group_03_hard/g03h_i11_c500_d3_m5_hard_adversarial/20260508T024403Z__research_group_03_hard__random_insertion__g03h_i11_c500_d3_m5_hard_adversarial__seed_42__31f7df243978.json,skip,,customer_count>10
/Users/mrggrm/Documents/GitHub/MDMTSP-HSE-RESEARCH/results/runs/research_group_03_hard/random_insertion/research/group_03_hard/g03h_i12_c500_d2_m4_hard_adversarial/20260508T024403Z__research_group_03_hard__random_insertion__g03h_i12_c500_d2_m4_hard_adversarial__seed_42__47a59f06e23a.json,skip,,customer_count>10
/Users/mrggrm/Documents/GitHub/MDMTSP-HSE-RESEARCH/results/runs/research_group_03_hard/random_insertion/research/group_03_hard/g03h_i13_c500_d3_m5_hard_adversarial/20260508T024403Z__research_group_03_hard__random_insertion__g03h_i13_c500_d3_m5_hard_adversarial__seed_42__9a1aa46405be.json,skip,,customer_count>10
/Users/mrggrm/Documents/GitHub/MDMTSP-HSE-RESEARCH/results/runs/research_group_03_hard/random_insertion/research/group_03_hard/g03h_i14_c500_d2_m4_hard_adversarial/20260508T024403Z__research_group_03_hard__random_insertion__g03h_i14_c500_d2_m4_hard_adversarial__seed_42__1fd9bd7d6054.json,skip,,customer_count>10
/Users/mrggrm/Documents/GitHub/MDMTSP-HSE-RESEARCH/results/runs/research_group_03_hard/random_insertion/research/group_03_hard/g03h_i15_c500_d3_m5_hard_adversarial/20260508T024403Z__research_group_03_hard__random_insertion__g03h_i15_c500_d3_m5_hard_adversarial__seed_42__c347901cf125.json,skip,,customer_count>10
/Users/mrggrm/Documents/GitHub/MDMTSP-HSE-RESEARCH/results/runs/research_group_03_hard/random_insertion/research/group_03_hard/g03h_i16_c500_d2_m4_hard_adversarial/20260508T024403Z__research_group_03_hard__random_insertion__g03h_i16_c500_d2_m4_hard_adversarial__seed_42__0a5216df4db9.json,skip,,customer_count>10
/Users/mrggrm/Documents/GitHub/MDMTSP-HSE-RESEARCH/results/runs/research_group_03_hard/random_insertion/research/group_03_hard/g03h_i17_c500_d3_m5_hard_adversarial/20260508T024403Z__research_group_03_hard__random_insertion__g03h_i17_c500_d3_m5_hard_adversarial__seed_42__8a41fbb73098.json,skip,,customer_count>10
/Users/mrggrm/Documents/GitHub/MDMTSP-HSE-RESEARCH/results/runs/research_group_03_hard/random_insertion/research/group_03_hard/g03h_i18_c500_d3_m6_hard_adversarial/20260508T024403Z__research_group_03_hard__random_insertion__g03h_i18_c500_d3_m6_hard_adversarial__seed_42__afd1d18cad3f.json,skip,,customer_count>10
/Users/mrggrm/Documents/GitHub/MDMTSP-HSE-RESEARCH/results/runs/research_group_03_hard/random_insertion/research/group_03_hard/g03h_i19_c500_d2_m5_hard_adversarial/20260508T024403Z__research_group_03_hard__random_insertion__g03h_i19_c500_d2_m5_hard_adversarial__seed_42__7cb7d623d512.json,skip,,customer_count>10
/Users/mrggrm/Documents/GitHub/MDMTSP-HSE-RESEARCH/results/runs/research_group_03_hard/random_insertion/research/group_03_hard/g03h_i20_c500_d3_m6_hard_adversarial/20260508T024403Z__research_group_03_hard__random_insertion__g03h_i20_c500_d3_m6_hard_adversarial__seed_42__87cd32dedfe0.json,skip,,customer_count>10
/Users/mrggrm/Documents/GitHub/MDMTSP-HSE-RESEARCH/results/runs/research_group_03_hard/random_insertion/research/group_03_hard/g03h_i21_c500_d2_m5_hard_adversarial/20260508T024403Z__research_group_03_hard__random_insertion__g03h_i21_c500_d2_m5_hard_adversarial__seed_42__158068e8ad7c.json,skip,,customer_count>10
/Users/mrggrm/Documents/GitHub/MDMTSP-HSE-RESEARCH/results/runs/research_group_03_hard/random_insertion/research/group_03_hard/g03h_i22_c500_d2_m4_hard_adversarial/20260508T024403Z__research_group_03_hard__random_insertion__g03h_i22_c500_d2_m4_hard_adversarial__seed_42__2271fb149945.json,skip,,customer_count>10
/Users/mrggrm/Documents/GitHub/MDMTSP-HSE-RESEARCH/results/runs/research_group_03_hard/random_insertion/research/group_03_hard/g03h_i23_c500_d3_m5_hard_adversarial/20260508T024403Z__research_group_03_hard__random_insertion__g03h_i23_c500_d3_m5_hard_adversarial__seed_42__1d8ddec5e7ed.json,skip,,customer_count>10
/Users/mrggrm/Documents/GitHub/MDMTSP-HSE-RESEARCH/results/runs/research_group_03_hard/random_insertion/research/group_03_hard/g03h_i24_c500_d2_m4_hard_adversarial/20260508T024403Z__research_group_03_hard__random_insertion__g03h_i24_c500_d2_m4_hard_adversarial__seed_42__58e6a30415cb.json,skip,,customer_count>10
/Users/mrggrm/Documents/GitHub/MDMTSP-HSE-RESEARCH/results/runs/research_group_03_hard/random_insertion/research/group_03_hard/g03h_i25_c500_d3_m5_hard_adversarial/20260508T024403Z__research_group_03_hard__random_insertion__g03h_i25_c500_d3_m5_hard_adversarial__seed_42__cdd581c22684.json,skip,,customer_count>10
/Users/mrggrm/Documents/GitHub/MDMTSP-HSE-RESEARCH/results/runs/research_group_03_traps/cheapest_insertion/research/group_03_traps/g03t_i01_c750_d4_m5_trap/20260508T030548Z__research_group_03_traps__cheapest_insertion__g03t_i01_c750_d4_m5_trap__seed_42__cd28984bb0c4.json,skip,,customer_count>10
/Users/mrggrm/Documents/GitHub/MDMTSP-HSE-RESEARCH/results/runs/research_group_03_traps/cheapest_insertion/research/group_03_traps/g03t_i02_c750_d3_m4_trap/20260508T030548Z__research_group_03_traps__cheapest_insertion__g03t_i02_c750_d3_m4_trap__seed_42__e44fa53ac91c.json,skip,,customer_count>10
/Users/mrggrm/Documents/GitHub/MDMTSP-HSE-RESEARCH/results/runs/research_group_03_traps/cheapest_insertion/research/group_03_traps/g03t_i03_c750_d2_m3_trap/20260508T030548Z__research_group_03_traps__cheapest_insertion__g03t_i03_c750_d2_m3_trap__seed_42__c5ba97335629.json,skip,,customer_count>10
/Users/mrggrm/Documents/GitHub/MDMTSP-HSE-RESEARCH/results/runs/research_group_03_traps/cheapest_insertion/research/group_03_traps/g03t_i04_c750_d4_m5_trap/20260508T030548Z__research_group_03_traps__cheapest_insertion__g03t_i04_c750_d4_m5_trap__seed_42__17be39be32dd.json,skip,,customer_count>10
/Users/mrggrm/Documents/GitHub/MDMTSP-HSE-RESEARCH/results/runs/research_group_03_traps/cheapest_insertion/research/group_03_traps/g03t_i05_c750_d3_m4_trap/20260508T030548Z__research_group_03_traps__cheapest_insertion__g03t_i05_c750_d3_m4_trap__seed_42__ea2f956881d1.json,skip,,customer_count>10
/Users/mrggrm/Documents/GitHub/MDMTSP-HSE-RESEARCH/results/runs/research_group_03_traps/cheapest_insertion/research/group_03_traps/g03t_i06_c750_d2_m3_trap/20260508T030548Z__research_group_03_traps__cheapest_insertion__g03t_i06_c750_d2_m3_trap__seed_42__cbc816d2cb9b.json,skip,,customer_count>10
/Users/mrggrm/Documents/GitHub/MDMTSP-HSE-RESEARCH/results/runs/research_group_03_traps/cheapest_insertion/research/group_03_traps/g03t_i07_c750_d4_m5_trap/20260508T030548Z__research_group_03_traps__cheapest_insertion__g03t_i07_c750_d4_m5_trap__seed_42__1fd7486ce422.json,skip,,customer_count>10
/Users/mrggrm/Documents/GitHub/MDMTSP-HSE-RESEARCH/results/runs/research_group_03_traps/cheapest_insertion/research/group_03_traps/g03t_i08_c750_d4_m5_trap/20260508T030548Z__research_group_03_traps__cheapest_insertion__g03t_i08_c750_d4_m5_trap__seed_42__99f11dd1c948.json,skip,,customer_count>10
/Users/mrggrm/Documents/GitHub/MDMTSP-HSE-RESEARCH/results/runs/research_group_03_traps/cheapest_insertion/research/group_03_traps/g03t_i09_c750_d3_m4_trap/20260508T030548Z__research_group_03_traps__cheapest_insertion__g03t_i09_c750_d3_m4_trap__seed_42__c8f8991f5c6c.json,skip,,customer_count>10
/Users/mrggrm/Documents/GitHub/MDMTSP-HSE-RESEARCH/results/runs/research_group_03_traps/cheapest_insertion/research/group_03_traps/g03t_i10_c750_d2_m3_trap/20260508T030548Z__research_group_03_traps__cheapest_insertion__g03t_i10_c750_d2_m3_trap__seed_42__6be5df10efd1.json,skip,,customer_count>10
/Users/mrggrm/Documents/GitHub/MDMTSP-HSE-RESEARCH/results/runs/research_group_03_traps/cheapest_insertion/research/group_03_traps/g03t_i11_c750_d4_m5_trap/20260508T030548Z__research_group_03_traps__cheapest_insertion__g03t_i11_c750_d4_m5_trap__seed_42__0329a433d5c8.json,skip,,customer_count>10
/Users/mrggrm/Documents/GitHub/MDMTSP-HSE-RESEARCH/results/runs/research_group_03_traps/cheapest_insertion/research/group_03_traps/g03t_i12_c750_d3_m4_trap/20260508T030548Z__research_group_03_traps__cheapest_insertion__g03t_i12_c750_d3_m4_trap__seed_42__cf896488c007.json,skip,,customer_count>10
/Users/mrggrm/Documents/GitHub/MDMTSP-HSE-RESEARCH/results/runs/research_group_03_traps/cheapest_insertion/research/group_03_traps/g03t_i13_c750_d2_m3_trap/20260508T030548Z__research_group_03_traps__cheapest_insertion__g03t_i13_c750_d2_m3_trap__seed_42__2a21b2197765.json,skip,,customer_count>10
/Users/mrggrm/Documents/GitHub/MDMTSP-HSE-RESEARCH/results/runs/research_group_03_traps/cheapest_insertion/research/group_03_traps/g03t_i14_c750_d4_m5_trap/20260508T030548Z__research_group_03_traps__cheapest_insertion__g03t_i14_c750_d4_m5_trap__seed_42__a42ef95628b5.json,skip,,customer_count>10
/Users/mrggrm/Documents/GitHub/MDMTSP-HSE-RESEARCH/results/runs/research_group_03_traps/cheapest_insertion/research/group_03_traps/g03t_i15_c750_d3_m4_trap/20260508T030548Z__research_group_03_traps__cheapest_insertion__g03t_i15_c750_d3_m4_trap__seed_42__96500dc793f6.json,skip,,customer_count>10
/Users/mrggrm/Documents/GitHub/MDMTSP-HSE-RESEARCH/results/runs/research_group_03_traps/cheapest_insertion/research/group_03_traps/g03t_i16_c750_d2_m3_trap/20260508T030548Z__research_group_03_traps__cheapest_insertion__g03t_i16_c750_d2_m3_trap__seed_42__622bac1be6ba.json,skip,,customer_count>10
/Users/mrggrm/Documents/GitHub/MDMTSP-HSE-RESEARCH/results/runs/research_group_03_traps/cheapest_insertion/research/group_03_traps/g03t_i17_c750_d4_m5_trap/20260508T030548Z__research_group_03_traps__cheapest_insertion__g03t_i17_c750_d4_m5_trap__seed_42__5f22283497fa.json,skip,,customer_count>10
/Users/mrggrm/Documents/GitHub/MDMTSP-HSE-RESEARCH/results/runs/research_group_03_traps/cheapest_insertion/research/group_03_traps/g03t_i18_c750_d3_m4_trap/20260508T030548Z__research_group_03_traps__cheapest_insertion__g03t_i18_c750_d3_m4_trap__seed_42__7410d966923e.json,skip,,customer_count>10
/Users/mrggrm/Documents/GitHub/MDMTSP-HSE-RESEARCH/results/runs/research_group_03_traps/cheapest_insertion/research/group_03_traps/g03t_i19_c750_d4_m5_trap/20260508T030548Z__research_group_03_traps__cheapest_insertion__g03t_i19_c750_d4_m5_trap__seed_42__7b95549bf609.json,skip,,customer_count>10
/Users/mrggrm/Documents/GitHub/MDMTSP-HSE-RESEARCH/results/runs/research_group_03_traps/cheapest_insertion/research/group_03_traps/g03t_i20_c750_d3_m4_trap/20260508T030548Z__research_group_03_traps__cheapest_insertion__g03t_i20_c750_d3_m4_trap__seed_42__11cae771c2da.json,skip,,customer_count>10
/Users/mrggrm/Documents/GitHub/MDMTSP-HSE-RESEARCH/results/runs/research_group_03_traps/cheapest_insertion/research/group_03_traps/g03t_i21_c750_d4_m5_trap/20260508T030548Z__research_group_03_traps__cheapest_insertion__g03t_i21_c750_d4_m5_trap__seed_42__64e1b85d1342.json,skip,,customer_count>10
/Users/mrggrm/Documents/GitHub/MDMTSP-HSE-RESEARCH/results/runs/research_group_03_traps/cheapest_insertion/research/group_03_traps/g03t_i22_c750_d3_m4_trap/20260508T030549Z__research_group_03_traps__cheapest_insertion__g03t_i22_c750_d3_m4_trap__seed_42__bbdb91654d8d.json,skip,,customer_count>10
/Users/mrggrm/Documents/GitHub/MDMTSP-HSE-RESEARCH/results/runs/research_group_03_traps/cheapest_insertion/research/group_03_traps/g03t_i23_c750_d4_m5_trap/20260508T030549Z__research_group_03_traps__cheapest_insertion__g03t_i23_c750_d4_m5_trap__seed_42__e68c4c51a9c7.json,skip,,customer_count>10
/Users/mrggrm/Documents/GitHub/MDMTSP-HSE-RESEARCH/results/runs/research_group_03_traps/cheapest_insertion/research/group_03_traps/g03t_i24_c750_d3_m4_trap/20260508T030549Z__research_group_03_traps__cheapest_insertion__g03t_i24_c750_d3_m4_trap__seed_42__df368b1cf6d2.json,skip,,customer_count>10
/Users/mrggrm/Documents/GitHub/MDMTSP-HSE-RESEARCH/results/runs/research_group_03_traps/cheapest_insertion/research/group_03_traps/g03t_i25_c750_d2_m3_trap/20260508T030549Z__research_group_03_traps__cheapest_insertion__g03t_i25_c750_d2_m3_trap__seed_42__9deec85a2ab8.json,skip,,customer_count>10
/Users/mrggrm/Documents/GitHub/MDMTSP-HSE-RESEARCH/results/runs/research_group_03_traps/cheapest_insertion_2opt/research/group_03_traps/g03t_i01_c750_d4_m5_trap/20260508T030549Z__research_group_03_traps__cheapest_insertion_2opt__g03t_i01_c750_d4_m5_trap__seed_42__6bf52e80cab1.json,skip,,customer_count>10
/Users/mrggrm/Documents/GitHub/MDMTSP-HSE-RESEARCH/results/runs/research_group_03_traps/cheapest_insertion_2opt/research/group_03_traps/g03t_i02_c750_d3_m4_trap/20260508T030549Z__research_group_03_traps__cheapest_insertion_2opt__g03t_i02_c750_d3_m4_trap__seed_42__2d4c54c622e9.json,skip,,customer_count>10
/Users/mrggrm/Documents/GitHub/MDMTSP-HSE-RESEARCH/results/runs/research_group_03_traps/cheapest_insertion_2opt/research/group_03_traps/g03t_i03_c750_d2_m3_trap/20260508T030549Z__research_group_03_traps__cheapest_insertion_2opt__g03t_i03_c750_d2_m3_trap__seed_42__0bd2ccaa1a28.json,skip,,customer_count>10
/Users/mrggrm/Documents/GitHub/MDMTSP-HSE-RESEARCH/results/runs/research_group_03_traps/cheapest_insertion_2opt/research/group_03_traps/g03t_i04_c750_d4_m5_trap/20260508T030549Z__research_group_03_traps__cheapest_insertion_2opt__g03t_i04_c750_d4_m5_trap__seed_42__7e8d9da4db1e.json,skip,,customer_count>10
/Users/mrggrm/Documents/GitHub/MDMTSP-HSE-RESEARCH/results/runs/research_group_03_traps/cheapest_insertion_2opt/research/group_03_traps/g03t_i05_c750_d3_m4_trap/20260508T030549Z__research_group_03_traps__cheapest_insertion_2opt__g03t_i05_c750_d3_m4_trap__seed_42__59bd8782bf5e.json,skip,,customer_count>10
/Users/mrggrm/Documents/GitHub/MDMTSP-HSE-RESEARCH/results/runs/research_group_03_traps/cheapest_insertion_2opt/research/group_03_traps/g03t_i06_c750_d2_m3_trap/20260508T030549Z__research_group_03_traps__cheapest_insertion_2opt__g03t_i06_c750_d2_m3_trap__seed_42__866f8ef217c5.json,skip,,customer_count>10
/Users/mrggrm/Documents/GitHub/MDMTSP-HSE-RESEARCH/results/runs/research_group_03_traps/cheapest_insertion_2opt/research/group_03_traps/g03t_i07_c750_d4_m5_trap/20260508T030549Z__research_group_03_traps__cheapest_insertion_2opt__g03t_i07_c750_d4_m5_trap__seed_42__2a603c303da8.json,skip,,customer_count>10
/Users/mrggrm/Documents/GitHub/MDMTSP-HSE-RESEARCH/results/runs/research_group_03_traps/cheapest_insertion_2opt/research/group_03_traps/g03t_i08_c750_d4_m5_trap/20260508T030549Z__research_group_03_traps__cheapest_insertion_2opt__g03t_i08_c750_d4_m5_trap__seed_42__ff2c59d8c6fd.json,skip,,customer_count>10
/Users/mrggrm/Documents/GitHub/MDMTSP-HSE-RESEARCH/results/runs/research_group_03_traps/cheapest_insertion_2opt/research/group_03_traps/g03t_i09_c750_d3_m4_trap/20260508T030549Z__research_group_03_traps__cheapest_insertion_2opt__g03t_i09_c750_d3_m4_trap__seed_42__3660f0a9dc85.json,skip,,customer_count>10
/Users/mrggrm/Documents/GitHub/MDMTSP-HSE-RESEARCH/results/runs/research_group_03_traps/cheapest_insertion_2opt/research/group_03_traps/g03t_i10_c750_d2_m3_trap/20260508T030549Z__research_group_03_traps__cheapest_insertion_2opt__g03t_i10_c750_d2_m3_trap__seed_42__144d4b983c44.json,skip,,customer_count>10
/Users/mrggrm/Documents/GitHub/MDMTSP-HSE-RESEARCH/results/runs/research_group_03_traps/cheapest_insertion_2opt/research/group_03_traps/g03t_i11_c750_d4_m5_trap/20260508T030549Z__research_group_03_traps__cheapest_insertion_2opt__g03t_i11_c750_d4_m5_trap__seed_42__d0fd1e522c6f.json,skip,,customer_count>10
/Users/mrggrm/Documents/GitHub/MDMTSP-HSE-RESEARCH/results/runs/research_group_03_traps/cheapest_insertion_2opt/research/group_03_traps/g03t_i12_c750_d3_m4_trap/20260508T030549Z__research_group_03_traps__cheapest_insertion_2opt__g03t_i12_c750_d3_m4_trap__seed_42__77372e54b3e9.json,skip,,customer_count>10
/Users/mrggrm/Documents/GitHub/MDMTSP-HSE-RESEARCH/results/runs/research_group_03_traps/cheapest_insertion_2opt/research/group_03_traps/g03t_i13_c750_d2_m3_trap/20260508T030549Z__research_group_03_traps__cheapest_insertion_2opt__g03t_i13_c750_d2_m3_trap__seed_42__dd86b0f2878d.json,skip,,customer_count>10
/Users/mrggrm/Documents/GitHub/MDMTSP-HSE-RESEARCH/results/runs/research_group_03_traps/cheapest_insertion_2opt/research/group_03_traps/g03t_i14_c750_d4_m5_trap/20260508T030549Z__research_group_03_traps__cheapest_insertion_2opt__g03t_i14_c750_d4_m5_trap__seed_42__751e6bb200fa.json,skip,,customer_count>10
/Users/mrggrm/Documents/GitHub/MDMTSP-HSE-RESEARCH/results/runs/research_group_03_traps/cheapest_insertion_2opt/research/group_03_traps/g03t_i15_c750_d3_m4_trap/20260508T030549Z__research_group_03_traps__cheapest_insertion_2opt__g03t_i15_c750_d3_m4_trap__seed_42__dea7e60faa87.json,skip,,customer_count>10
/Users/mrggrm/Documents/GitHub/MDMTSP-HSE-RESEARCH/results/runs/research_group_03_traps/cheapest_insertion_2opt/research/group_03_traps/g03t_i16_c750_d2_m3_trap/20260508T030549Z__research_group_03_traps__cheapest_insertion_2opt__g03t_i16_c750_d2_m3_trap__seed_42__a0d156e20a51.json,skip,,customer_count>10
/Users/mrggrm/Documents/GitHub/MDMTSP-HSE-RESEARCH/results/runs/research_group_03_traps/cheapest_insertion_2opt/research/group_03_traps/g03t_i17_c750_d4_m5_trap/20260508T030549Z__research_group_03_traps__cheapest_insertion_2opt__g03t_i17_c750_d4_m5_trap__seed_42__264ecb7931c4.json,skip,,customer_count>10
/Users/mrggrm/Documents/GitHub/MDMTSP-HSE-RESEARCH/results/runs/research_group_03_traps/cheapest_insertion_2opt/research/group_03_traps/g03t_i18_c750_d3_m4_trap/20260508T030549Z__research_group_03_traps__cheapest_insertion_2opt__g03t_i18_c750_d3_m4_trap__seed_42__6eac018140e9.json,skip,,customer_count>10
/Users/mrggrm/Documents/GitHub/MDMTSP-HSE-RESEARCH/results/runs/research_group_03_traps/cheapest_insertion_2opt/research/group_03_traps/g03t_i19_c750_d4_m5_trap/20260508T030549Z__research_group_03_traps__cheapest_insertion_2opt__g03t_i19_c750_d4_m5_trap__seed_42__7c869ecf4599.json,skip,,customer_count>10
/Users/mrggrm/Documents/GitHub/MDMTSP-HSE-RESEARCH/results/runs/research_group_03_traps/cheapest_insertion_2opt/research/group_03_traps/g03t_i20_c750_d3_m4_trap/20260508T030549Z__research_group_03_traps__cheapest_insertion_2opt__g03t_i20_c750_d3_m4_trap__seed_42__6ccac7fa8b15.json,skip,,customer_count>10
/Users/mrggrm/Documents/GitHub/MDMTSP-HSE-RESEARCH/results/runs/research_group_03_traps/cheapest_insertion_2opt/research/group_03_traps/g03t_i21_c750_d4_m5_trap/20260508T030549Z__research_group_03_traps__cheapest_insertion_2opt__g03t_i21_c750_d4_m5_trap__seed_42__c4ba5e37f572.json,skip,,customer_count>10
/Users/mrggrm/Documents/GitHub/MDMTSP-HSE-RESEARCH/results/runs/research_group_03_traps/cheapest_insertion_2opt/research/group_03_traps/g03t_i22_c750_d3_m4_trap/20260508T030549Z__research_group_03_traps__cheapest_insertion_2opt__g03t_i22_c750_d3_m4_trap__seed_42__1d614242eea0.json,skip,,customer_count>10
/Users/mrggrm/Documents/GitHub/MDMTSP-HSE-RESEARCH/results/runs/research_group_03_traps/cheapest_insertion_2opt/research/group_03_traps/g03t_i23_c750_d4_m5_trap/20260508T030549Z__research_group_03_traps__cheapest_insertion_2opt__g03t_i23_c750_d4_m5_trap__seed_42__79c27458cb2b.json,skip,,customer_count>10
/Users/mrggrm/Documents/GitHub/MDMTSP-HSE-RESEARCH/results/runs/research_group_03_traps/cheapest_insertion_2opt/research/group_03_traps/g03t_i24_c750_d3_m4_trap/20260508T030549Z__research_group_03_traps__cheapest_insertion_2opt__g03t_i24_c750_d3_m4_trap__seed_42__1b759bf40ff8.json,skip,,customer_count>10
/Users/mrggrm/Documents/GitHub/MDMTSP-HSE-RESEARCH/results/runs/research_group_03_traps/cheapest_insertion_2opt/research/group_03_traps/g03t_i25_c750_d2_m3_trap/20260508T030550Z__research_group_03_traps__cheapest_insertion_2opt__g03t_i25_c750_d2_m3_trap__seed_42__3d1f2a4a9072.json,skip,,customer_count>10
/Users/mrggrm/Documents/GitHub/MDMTSP-HSE-RESEARCH/results/runs/research_group_03_traps/cheapest_insertion_tabu/research/group_03_traps/g03t_i01_c750_d4_m5_trap/20260508T031557Z__research_group_03_traps__cheapest_insertion_tabu__g03t_i01_c750_d4_m5_trap__seed_42__4aeb7c9045a7.json,skip,,customer_count>10
/Users/mrggrm/Documents/GitHub/MDMTSP-HSE-RESEARCH/results/runs/research_group_03_traps/cheapest_insertion_tabu/research/group_03_traps/g03t_i02_c750_d3_m4_trap/20260508T031557Z__research_group_03_traps__cheapest_insertion_tabu__g03t_i02_c750_d3_m4_trap__seed_42__d355892214c0.json,skip,,customer_count>10
/Users/mrggrm/Documents/GitHub/MDMTSP-HSE-RESEARCH/results/runs/research_group_03_traps/cheapest_insertion_tabu/research/group_03_traps/g03t_i03_c750_d2_m3_trap/20260508T031557Z__research_group_03_traps__cheapest_insertion_tabu__g03t_i03_c750_d2_m3_trap__seed_42__970cb0be457f.json,skip,,customer_count>10
/Users/mrggrm/Documents/GitHub/MDMTSP-HSE-RESEARCH/results/runs/research_group_03_traps/cheapest_insertion_tabu/research/group_03_traps/g03t_i04_c750_d4_m5_trap/20260508T031557Z__research_group_03_traps__cheapest_insertion_tabu__g03t_i04_c750_d4_m5_trap__seed_42__5f1dc7c7bdd0.json,skip,,customer_count>10
/Users/mrggrm/Documents/GitHub/MDMTSP-HSE-RESEARCH/results/runs/research_group_03_traps/cheapest_insertion_tabu/research/group_03_traps/g03t_i05_c750_d3_m4_trap/20260508T031557Z__research_group_03_traps__cheapest_insertion_tabu__g03t_i05_c750_d3_m4_trap__seed_42__e4baae49f2bb.json,skip,,customer_count>10
/Users/mrggrm/Documents/GitHub/MDMTSP-HSE-RESEARCH/results/runs/research_group_03_traps/cheapest_insertion_tabu/research/group_03_traps/g03t_i06_c750_d2_m3_trap/20260508T031557Z__research_group_03_traps__cheapest_insertion_tabu__g03t_i06_c750_d2_m3_trap__seed_42__7fa6e371529d.json,skip,,customer_count>10
/Users/mrggrm/Documents/GitHub/MDMTSP-HSE-RESEARCH/results/runs/research_group_03_traps/cheapest_insertion_tabu/research/group_03_traps/g03t_i07_c750_d4_m5_trap/20260508T031557Z__research_group_03_traps__cheapest_insertion_tabu__g03t_i07_c750_d4_m5_trap__seed_42__704d5b9b0107.json,skip,,customer_count>10
/Users/mrggrm/Documents/GitHub/MDMTSP-HSE-RESEARCH/results/runs/research_group_03_traps/cheapest_insertion_tabu/research/group_03_traps/g03t_i08_c750_d4_m5_trap/20260508T031557Z__research_group_03_traps__cheapest_insertion_tabu__g03t_i08_c750_d4_m5_trap__seed_42__d0b38cdedb64.json,skip,,customer_count>10
/Users/mrggrm/Documents/GitHub/MDMTSP-HSE-RESEARCH/results/runs/research_group_03_traps/cheapest_insertion_tabu/research/group_03_traps/g03t_i09_c750_d3_m4_trap/20260508T031557Z__research_group_03_traps__cheapest_insertion_tabu__g03t_i09_c750_d3_m4_trap__seed_42__8e0dfc2c811b.json,skip,,customer_count>10
/Users/mrggrm/Documents/GitHub/MDMTSP-HSE-RESEARCH/results/runs/research_group_03_traps/cheapest_insertion_tabu/research/group_03_traps/g03t_i10_c750_d2_m3_trap/20260508T031557Z__research_group_03_traps__cheapest_insertion_tabu__g03t_i10_c750_d2_m3_trap__seed_42__445d232faf79.json,skip,,customer_count>10
/Users/mrggrm/Documents/GitHub/MDMTSP-HSE-RESEARCH/results/runs/research_group_03_traps/cheapest_insertion_tabu/research/group_03_traps/g03t_i11_c750_d4_m5_trap/20260508T031557Z__research_group_03_traps__cheapest_insertion_tabu__g03t_i11_c750_d4_m5_trap__seed_42__12e555c2d5bf.json,skip,,customer_count>10
/Users/mrggrm/Documents/GitHub/MDMTSP-HSE-RESEARCH/results/runs/research_group_03_traps/cheapest_insertion_tabu/research/group_03_traps/g03t_i12_c750_d3_m4_trap/20260508T031557Z__research_group_03_traps__cheapest_insertion_tabu__g03t_i12_c750_d3_m4_trap__seed_42__dc70fcda5b64.json,skip,,customer_count>10
/Users/mrggrm/Documents/GitHub/MDMTSP-HSE-RESEARCH/results/runs/research_group_03_traps/cheapest_insertion_tabu/research/group_03_traps/g03t_i13_c750_d2_m3_trap/20260508T031557Z__research_group_03_traps__cheapest_insertion_tabu__g03t_i13_c750_d2_m3_trap__seed_42__1cb539bdacc5.json,skip,,customer_count>10
/Users/mrggrm/Documents/GitHub/MDMTSP-HSE-RESEARCH/results/runs/research_group_03_traps/cheapest_insertion_tabu/research/group_03_traps/g03t_i14_c750_d4_m5_trap/20260508T031557Z__research_group_03_traps__cheapest_insertion_tabu__g03t_i14_c750_d4_m5_trap__seed_42__e7642bd70c84.json,skip,,customer_count>10
/Users/mrggrm/Documents/GitHub/MDMTSP-HSE-RESEARCH/results/runs/research_group_03_traps/cheapest_insertion_tabu/research/group_03_traps/g03t_i15_c750_d3_m4_trap/20260508T031557Z__research_group_03_traps__cheapest_insertion_tabu__g03t_i15_c750_d3_m4_trap__seed_42__58bd1c033f7c.json,skip,,customer_count>10
/Users/mrggrm/Documents/GitHub/MDMTSP-HSE-RESEARCH/results/runs/research_group_03_traps/cheapest_insertion_tabu/research/group_03_traps/g03t_i16_c750_d2_m3_trap/20260508T031557Z__research_group_03_traps__cheapest_insertion_tabu__g03t_i16_c750_d2_m3_trap__seed_42__3e078a878a8f.json,skip,,customer_count>10
/Users/mrggrm/Documents/GitHub/MDMTSP-HSE-RESEARCH/results/runs/research_group_03_traps/cheapest_insertion_tabu/research/group_03_traps/g03t_i17_c750_d4_m5_trap/20260508T031557Z__research_group_03_traps__cheapest_insertion_tabu__g03t_i17_c750_d4_m5_trap__seed_42__2eb175524522.json,skip,,customer_count>10
/Users/mrggrm/Documents/GitHub/MDMTSP-HSE-RESEARCH/results/runs/research_group_03_traps/cheapest_insertion_tabu/research/group_03_traps/g03t_i18_c750_d3_m4_trap/20260508T031557Z__research_group_03_traps__cheapest_insertion_tabu__g03t_i18_c750_d3_m4_trap__seed_42__24ccd4834728.json,skip,,customer_count>10
/Users/mrggrm/Documents/GitHub/MDMTSP-HSE-RESEARCH/results/runs/research_group_03_traps/cheapest_insertion_tabu/research/group_03_traps/g03t_i19_c750_d4_m5_trap/20260508T031557Z__research_group_03_traps__cheapest_insertion_tabu__g03t_i19_c750_d4_m5_trap__seed_42__17f6674c709c.json,skip,,customer_count>10
/Users/mrggrm/Documents/GitHub/MDMTSP-HSE-RESEARCH/results/runs/research_group_03_traps/cheapest_insertion_tabu/research/group_03_traps/g03t_i20_c750_d3_m4_trap/20260508T031557Z__research_group_03_traps__cheapest_insertion_tabu__g03t_i20_c750_d3_m4_trap__seed_42__be6baff6dded.json,skip,,customer_count>10
/Users/mrggrm/Documents/GitHub/MDMTSP-HSE-RESEARCH/results/runs/research_group_03_traps/cheapest_insertion_tabu/research/group_03_traps/g03t_i21_c750_d4_m5_trap/20260508T031557Z__research_group_03_traps__cheapest_insertion_tabu__g03t_i21_c750_d4_m5_trap__seed_42__5bfb6f57e241.json,skip,,customer_count>10
/Users/mrggrm/Documents/GitHub/MDMTSP-HSE-RESEARCH/results/runs/research_group_03_traps/cheapest_insertion_tabu/research/group_03_traps/g03t_i22_c750_d3_m4_trap/20260508T031557Z__research_group_03_traps__cheapest_insertion_tabu__g03t_i22_c750_d3_m4_trap__seed_42__8ac34155e841.json,skip,,customer_count>10
/Users/mrggrm/Documents/GitHub/MDMTSP-HSE-RESEARCH/results/runs/research_group_03_traps/cheapest_insertion_tabu/research/group_03_traps/g03t_i23_c750_d4_m5_trap/20260508T031557Z__research_group_03_traps__cheapest_insertion_tabu__g03t_i23_c750_d4_m5_trap__seed_42__7df5996687cf.json,skip,,customer_count>10
/Users/mrggrm/Documents/GitHub/MDMTSP-HSE-RESEARCH/results/runs/research_group_03_traps/cheapest_insertion_tabu/research/group_03_traps/g03t_i24_c750_d3_m4_trap/20260508T031557Z__research_group_03_traps__cheapest_insertion_tabu__g03t_i24_c750_d3_m4_trap__seed_42__b1e01bd547c7.json,skip,,customer_count>10
/Users/mrggrm/Documents/GitHub/MDMTSP-HSE-RESEARCH/results/runs/research_group_03_traps/cheapest_insertion_tabu/research/group_03_traps/g03t_i25_c750_d2_m3_trap/20260508T031557Z__research_group_03_traps__cheapest_insertion_tabu__g03t_i25_c750_d2_m3_trap__seed_42__31c5d6316f20.json,skip,,customer_count>10
/Users/mrggrm/Documents/GitHub/MDMTSP-HSE-RESEARCH/results/runs/research_group_03_traps/cheapest_insertion_vnd/research/group_03_traps/g03t_i01_c750_d4_m5_trap/20260508T030550Z__research_group_03_traps__cheapest_insertion_vnd__g03t_i01_c750_d4_m5_trap__seed_42__9934d4e02cc9.json,skip,,customer_count>10
/Users/mrggrm/Documents/GitHub/MDMTSP-HSE-RESEARCH/results/runs/research_group_03_traps/cheapest_insertion_vnd/research/group_03_traps/g03t_i02_c750_d3_m4_trap/20260508T030614Z__research_group_03_traps__cheapest_insertion_vnd__g03t_i02_c750_d3_m4_trap__seed_42__0cb7f8965ddc.json,skip,,customer_count>10
/Users/mrggrm/Documents/GitHub/MDMTSP-HSE-RESEARCH/results/runs/research_group_03_traps/cheapest_insertion_vnd/research/group_03_traps/g03t_i03_c750_d2_m3_trap/20260508T030639Z__research_group_03_traps__cheapest_insertion_vnd__g03t_i03_c750_d2_m3_trap__seed_42__a249e4c45958.json,skip,,customer_count>10
/Users/mrggrm/Documents/GitHub/MDMTSP-HSE-RESEARCH/results/runs/research_group_03_traps/cheapest_insertion_vnd/research/group_03_traps/g03t_i04_c750_d4_m5_trap/20260508T030702Z__research_group_03_traps__cheapest_insertion_vnd__g03t_i04_c750_d4_m5_trap__seed_42__48a1afa76887.json,skip,,customer_count>10
/Users/mrggrm/Documents/GitHub/MDMTSP-HSE-RESEARCH/results/runs/research_group_03_traps/cheapest_insertion_vnd/research/group_03_traps/g03t_i05_c750_d3_m4_trap/20260508T030727Z__research_group_03_traps__cheapest_insertion_vnd__g03t_i05_c750_d3_m4_trap__seed_42__43605239de14.json,skip,,customer_count>10
/Users/mrggrm/Documents/GitHub/MDMTSP-HSE-RESEARCH/results/runs/research_group_03_traps/cheapest_insertion_vnd/research/group_03_traps/g03t_i06_c750_d2_m3_trap/20260508T030751Z__research_group_03_traps__cheapest_insertion_vnd__g03t_i06_c750_d2_m3_trap__seed_42__30e4c57121ba.json,skip,,customer_count>10
/Users/mrggrm/Documents/GitHub/MDMTSP-HSE-RESEARCH/results/runs/research_group_03_traps/cheapest_insertion_vnd/research/group_03_traps/g03t_i07_c750_d4_m5_trap/20260508T030814Z__research_group_03_traps__cheapest_insertion_vnd__g03t_i07_c750_d4_m5_trap__seed_42__8e0f8bafe97c.json,skip,,customer_count>10
/Users/mrggrm/Documents/GitHub/MDMTSP-HSE-RESEARCH/results/runs/research_group_03_traps/cheapest_insertion_vnd/research/group_03_traps/g03t_i08_c750_d4_m5_trap/20260508T030839Z__research_group_03_traps__cheapest_insertion_vnd__g03t_i08_c750_d4_m5_trap__seed_42__8ad76739e324.json,skip,,customer_count>10
/Users/mrggrm/Documents/GitHub/MDMTSP-HSE-RESEARCH/results/runs/research_group_03_traps/cheapest_insertion_vnd/research/group_03_traps/g03t_i09_c750_d3_m4_trap/20260508T030904Z__research_group_03_traps__cheapest_insertion_vnd__g03t_i09_c750_d3_m4_trap__seed_42__81b0cdb8f73f.json,skip,,customer_count>10
/Users/mrggrm/Documents/GitHub/MDMTSP-HSE-RESEARCH/results/runs/research_group_03_traps/cheapest_insertion_vnd/research/group_03_traps/g03t_i10_c750_d2_m3_trap/20260508T030928Z__research_group_03_traps__cheapest_insertion_vnd__g03t_i10_c750_d2_m3_trap__seed_42__3b8314455f67.json,skip,,customer_count>10
/Users/mrggrm/Documents/GitHub/MDMTSP-HSE-RESEARCH/results/runs/research_group_03_traps/cheapest_insertion_vnd/research/group_03_traps/g03t_i11_c750_d4_m5_trap/20260508T030951Z__research_group_03_traps__cheapest_insertion_vnd__g03t_i11_c750_d4_m5_trap__seed_42__4cb5f261bd1d.json,skip,,customer_count>10
/Users/mrggrm/Documents/GitHub/MDMTSP-HSE-RESEARCH/results/runs/research_group_03_traps/cheapest_insertion_vnd/research/group_03_traps/g03t_i12_c750_d3_m4_trap/20260508T031016Z__research_group_03_traps__cheapest_insertion_vnd__g03t_i12_c750_d3_m4_trap__seed_42__d4cc3e28ea25.json,skip,,customer_count>10
/Users/mrggrm/Documents/GitHub/MDMTSP-HSE-RESEARCH/results/runs/research_group_03_traps/cheapest_insertion_vnd/research/group_03_traps/g03t_i13_c750_d2_m3_trap/20260508T031041Z__research_group_03_traps__cheapest_insertion_vnd__g03t_i13_c750_d2_m3_trap__seed_42__2edb1fe52a69.json,skip,,customer_count>10
/Users/mrggrm/Documents/GitHub/MDMTSP-HSE-RESEARCH/results/runs/research_group_03_traps/cheapest_insertion_vnd/research/group_03_traps/g03t_i14_c750_d4_m5_trap/20260508T031105Z__research_group_03_traps__cheapest_insertion_vnd__g03t_i14_c750_d4_m5_trap__seed_42__1df42adcad66.json,skip,,customer_count>10
/Users/mrggrm/Documents/GitHub/MDMTSP-HSE-RESEARCH/results/runs/research_group_03_traps/cheapest_insertion_vnd/research/group_03_traps/g03t_i15_c750_d3_m4_trap/20260508T031130Z__research_group_03_traps__cheapest_insertion_vnd__g03t_i15_c750_d3_m4_trap__seed_42__b82035da5f6a.json,skip,,customer_count>10
/Users/mrggrm/Documents/GitHub/MDMTSP-HSE-RESEARCH/results/runs/research_group_03_traps/cheapest_insertion_vnd/research/group_03_traps/g03t_i16_c750_d2_m3_trap/20260508T031155Z__research_group_03_traps__cheapest_insertion_vnd__g03t_i16_c750_d2_m3_trap__seed_42__134e8f40fd83.json,skip,,customer_count>10
/Users/mrggrm/Documents/GitHub/MDMTSP-HSE-RESEARCH/results/runs/research_group_03_traps/cheapest_insertion_vnd/research/group_03_traps/g03t_i17_c750_d4_m5_trap/20260508T031219Z__research_group_03_traps__cheapest_insertion_vnd__g03t_i17_c750_d4_m5_trap__seed_42__8e8e962da519.json,skip,,customer_count>10
/Users/mrggrm/Documents/GitHub/MDMTSP-HSE-RESEARCH/results/runs/research_group_03_traps/cheapest_insertion_vnd/research/group_03_traps/g03t_i18_c750_d3_m4_trap/20260508T031244Z__research_group_03_traps__cheapest_insertion_vnd__g03t_i18_c750_d3_m4_trap__seed_42__df0e4d41cec5.json,skip,,customer_count>10
/Users/mrggrm/Documents/GitHub/MDMTSP-HSE-RESEARCH/results/runs/research_group_03_traps/cheapest_insertion_vnd/research/group_03_traps/g03t_i19_c750_d4_m5_trap/20260508T031308Z__research_group_03_traps__cheapest_insertion_vnd__g03t_i19_c750_d4_m5_trap__seed_42__88b980d43f65.json,skip,,customer_count>10
/Users/mrggrm/Documents/GitHub/MDMTSP-HSE-RESEARCH/results/runs/research_group_03_traps/cheapest_insertion_vnd/research/group_03_traps/g03t_i20_c750_d3_m4_trap/20260508T031333Z__research_group_03_traps__cheapest_insertion_vnd__g03t_i20_c750_d3_m4_trap__seed_42__95bd5df79645.json,skip,,customer_count>10
/Users/mrggrm/Documents/GitHub/MDMTSP-HSE-RESEARCH/results/runs/research_group_03_traps/cheapest_insertion_vnd/research/group_03_traps/g03t_i21_c750_d4_m5_trap/20260508T031357Z__research_group_03_traps__cheapest_insertion_vnd__g03t_i21_c750_d4_m5_trap__seed_42__d8dd80b67837.json,skip,,customer_count>10
/Users/mrggrm/Documents/GitHub/MDMTSP-HSE-RESEARCH/results/runs/research_group_03_traps/cheapest_insertion_vnd/research/group_03_traps/g03t_i22_c750_d3_m4_trap/20260508T031421Z__research_group_03_traps__cheapest_insertion_vnd__g03t_i22_c750_d3_m4_trap__seed_42__e555dc7ccf07.json,skip,,customer_count>10
/Users/mrggrm/Documents/GitHub/MDMTSP-HSE-RESEARCH/results/runs/research_group_03_traps/cheapest_insertion_vnd/research/group_03_traps/g03t_i23_c750_d4_m5_trap/20260508T031445Z__research_group_03_traps__cheapest_insertion_vnd__g03t_i23_c750_d4_m5_trap__seed_42__1ce6da9d930f.json,skip,,customer_count>10
/Users/mrggrm/Documents/GitHub/MDMTSP-HSE-RESEARCH/results/runs/research_group_03_traps/cheapest_insertion_vnd/research/group_03_traps/g03t_i24_c750_d3_m4_trap/20260508T031510Z__research_group_03_traps__cheapest_insertion_vnd__g03t_i24_c750_d3_m4_trap__seed_42__6e0e644338a1.json,skip,,customer_count>10
/Users/mrggrm/Documents/GitHub/MDMTSP-HSE-RESEARCH/results/runs/research_group_03_traps/cheapest_insertion_vnd/research/group_03_traps/g03t_i25_c750_d2_m3_trap/20260508T031533Z__research_group_03_traps__cheapest_insertion_vnd__g03t_i25_c750_d2_m3_trap__seed_42__5dbeaa51408b.json,skip,,customer_count>10
/Users/mrggrm/Documents/GitHub/MDMTSP-HSE-RESEARCH/results/runs/research_group_03_traps/nearest_neighbour/research/group_03_traps/g03t_i01_c750_d4_m5_trap/20260508T030548Z__research_group_03_traps__nearest_neighbour__g03t_i01_c750_d4_m5_trap__seed_42__b083463c63ed.json,skip,,customer_count>10
/Users/mrggrm/Documents/GitHub/MDMTSP-HSE-RESEARCH/results/runs/research_group_03_traps/nearest_neighbour/research/group_03_traps/g03t_i02_c750_d3_m4_trap/20260508T030548Z__research_group_03_traps__nearest_neighbour__g03t_i02_c750_d3_m4_trap__seed_42__d34bc6337166.json,skip,,customer_count>10
/Users/mrggrm/Documents/GitHub/MDMTSP-HSE-RESEARCH/results/runs/research_group_03_traps/nearest_neighbour/research/group_03_traps/g03t_i03_c750_d2_m3_trap/20260508T030548Z__research_group_03_traps__nearest_neighbour__g03t_i03_c750_d2_m3_trap__seed_42__0d093e0d0bf8.json,skip,,customer_count>10
/Users/mrggrm/Documents/GitHub/MDMTSP-HSE-RESEARCH/results/runs/research_group_03_traps/nearest_neighbour/research/group_03_traps/g03t_i04_c750_d4_m5_trap/20260508T030548Z__research_group_03_traps__nearest_neighbour__g03t_i04_c750_d4_m5_trap__seed_42__3aba254138d7.json,skip,,customer_count>10
/Users/mrggrm/Documents/GitHub/MDMTSP-HSE-RESEARCH/results/runs/research_group_03_traps/nearest_neighbour/research/group_03_traps/g03t_i05_c750_d3_m4_trap/20260508T030548Z__research_group_03_traps__nearest_neighbour__g03t_i05_c750_d3_m4_trap__seed_42__a2f12ad8d4f4.json,skip,,customer_count>10
/Users/mrggrm/Documents/GitHub/MDMTSP-HSE-RESEARCH/results/runs/research_group_03_traps/nearest_neighbour/research/group_03_traps/g03t_i06_c750_d2_m3_trap/20260508T030548Z__research_group_03_traps__nearest_neighbour__g03t_i06_c750_d2_m3_trap__seed_42__df985a33fec2.json,skip,,customer_count>10
/Users/mrggrm/Documents/GitHub/MDMTSP-HSE-RESEARCH/results/runs/research_group_03_traps/nearest_neighbour/research/group_03_traps/g03t_i07_c750_d4_m5_trap/20260508T030548Z__research_group_03_traps__nearest_neighbour__g03t_i07_c750_d4_m5_trap__seed_42__e7529ae0b7e1.json,skip,,customer_count>10
/Users/mrggrm/Documents/GitHub/MDMTSP-HSE-RESEARCH/results/runs/research_group_03_traps/nearest_neighbour/research/group_03_traps/g03t_i08_c750_d4_m5_trap/20260508T030548Z__research_group_03_traps__nearest_neighbour__g03t_i08_c750_d4_m5_trap__seed_42__9d810328c807.json,skip,,customer_count>10
/Users/mrggrm/Documents/GitHub/MDMTSP-HSE-RESEARCH/results/runs/research_group_03_traps/nearest_neighbour/research/group_03_traps/g03t_i09_c750_d3_m4_trap/20260508T030548Z__research_group_03_traps__nearest_neighbour__g03t_i09_c750_d3_m4_trap__seed_42__66dc566091cf.json,skip,,customer_count>10
/Users/mrggrm/Documents/GitHub/MDMTSP-HSE-RESEARCH/results/runs/research_group_03_traps/nearest_neighbour/research/group_03_traps/g03t_i10_c750_d2_m3_trap/20260508T030548Z__research_group_03_traps__nearest_neighbour__g03t_i10_c750_d2_m3_trap__seed_42__6ddb003e98c2.json,skip,,customer_count>10
/Users/mrggrm/Documents/GitHub/MDMTSP-HSE-RESEARCH/results/runs/research_group_03_traps/nearest_neighbour/research/group_03_traps/g03t_i11_c750_d4_m5_trap/20260508T030548Z__research_group_03_traps__nearest_neighbour__g03t_i11_c750_d4_m5_trap__seed_42__46e1ff7cd441.json,skip,,customer_count>10
/Users/mrggrm/Documents/GitHub/MDMTSP-HSE-RESEARCH/results/runs/research_group_03_traps/nearest_neighbour/research/group_03_traps/g03t_i12_c750_d3_m4_trap/20260508T030548Z__research_group_03_traps__nearest_neighbour__g03t_i12_c750_d3_m4_trap__seed_42__9556caf9f387.json,skip,,customer_count>10
/Users/mrggrm/Documents/GitHub/MDMTSP-HSE-RESEARCH/results/runs/research_group_03_traps/nearest_neighbour/research/group_03_traps/g03t_i13_c750_d2_m3_trap/20260508T030548Z__research_group_03_traps__nearest_neighbour__g03t_i13_c750_d2_m3_trap__seed_42__13c9e538bae4.json,skip,,customer_count>10
/Users/mrggrm/Documents/GitHub/MDMTSP-HSE-RESEARCH/results/runs/research_group_03_traps/nearest_neighbour/research/group_03_traps/g03t_i14_c750_d4_m5_trap/20260508T030548Z__research_group_03_traps__nearest_neighbour__g03t_i14_c750_d4_m5_trap__seed_42__ff136b55766c.json,skip,,customer_count>10
/Users/mrggrm/Documents/GitHub/MDMTSP-HSE-RESEARCH/results/runs/research_group_03_traps/nearest_neighbour/research/group_03_traps/g03t_i15_c750_d3_m4_trap/20260508T030548Z__research_group_03_traps__nearest_neighbour__g03t_i15_c750_d3_m4_trap__seed_42__af6718019c06.json,skip,,customer_count>10
/Users/mrggrm/Documents/GitHub/MDMTSP-HSE-RESEARCH/results/runs/research_group_03_traps/nearest_neighbour/research/group_03_traps/g03t_i16_c750_d2_m3_trap/20260508T030548Z__research_group_03_traps__nearest_neighbour__g03t_i16_c750_d2_m3_trap__seed_42__e6dfa9a3e8fc.json,skip,,customer_count>10
/Users/mrggrm/Documents/GitHub/MDMTSP-HSE-RESEARCH/results/runs/research_group_03_traps/nearest_neighbour/research/group_03_traps/g03t_i17_c750_d4_m5_trap/20260508T030548Z__research_group_03_traps__nearest_neighbour__g03t_i17_c750_d4_m5_trap__seed_42__8df06ab60853.json,skip,,customer_count>10
/Users/mrggrm/Documents/GitHub/MDMTSP-HSE-RESEARCH/results/runs/research_group_03_traps/nearest_neighbour/research/group_03_traps/g03t_i18_c750_d3_m4_trap/20260508T030548Z__research_group_03_traps__nearest_neighbour__g03t_i18_c750_d3_m4_trap__seed_42__38d573c26072.json,skip,,customer_count>10
/Users/mrggrm/Documents/GitHub/MDMTSP-HSE-RESEARCH/results/runs/research_group_03_traps/nearest_neighbour/research/group_03_traps/g03t_i19_c750_d4_m5_trap/20260508T030548Z__research_group_03_traps__nearest_neighbour__g03t_i19_c750_d4_m5_trap__seed_42__e8452c83899e.json,skip,,customer_count>10
/Users/mrggrm/Documents/GitHub/MDMTSP-HSE-RESEARCH/results/runs/research_group_03_traps/nearest_neighbour/research/group_03_traps/g03t_i20_c750_d3_m4_trap/20260508T030548Z__research_group_03_traps__nearest_neighbour__g03t_i20_c750_d3_m4_trap__seed_42__12bd67a9e46d.json,skip,,customer_count>10
/Users/mrggrm/Documents/GitHub/MDMTSP-HSE-RESEARCH/results/runs/research_group_03_traps/nearest_neighbour/research/group_03_traps/g03t_i21_c750_d4_m5_trap/20260508T030548Z__research_group_03_traps__nearest_neighbour__g03t_i21_c750_d4_m5_trap__seed_42__73905245a1c5.json,skip,,customer_count>10
/Users/mrggrm/Documents/GitHub/MDMTSP-HSE-RESEARCH/results/runs/research_group_03_traps/nearest_neighbour/research/group_03_traps/g03t_i22_c750_d3_m4_trap/20260508T030548Z__research_group_03_traps__nearest_neighbour__g03t_i22_c750_d3_m4_trap__seed_42__6b99a84ddaf2.json,skip,,customer_count>10
/Users/mrggrm/Documents/GitHub/MDMTSP-HSE-RESEARCH/results/runs/research_group_03_traps/nearest_neighbour/research/group_03_traps/g03t_i23_c750_d4_m5_trap/20260508T030548Z__research_group_03_traps__nearest_neighbour__g03t_i23_c750_d4_m5_trap__seed_42__14caba1acb89.json,skip,,customer_count>10
/Users/mrggrm/Documents/GitHub/MDMTSP-HSE-RESEARCH/results/runs/research_group_03_traps/nearest_neighbour/research/group_03_traps/g03t_i24_c750_d3_m4_trap/20260508T030548Z__research_group_03_traps__nearest_neighbour__g03t_i24_c750_d3_m4_trap__seed_42__63023339cf34.json,skip,,customer_count>10
/Users/mrggrm/Documents/GitHub/MDMTSP-HSE-RESEARCH/results/runs/research_group_03_traps/nearest_neighbour/research/group_03_traps/g03t_i25_c750_d2_m3_trap/20260508T030548Z__research_group_03_traps__nearest_neighbour__g03t_i25_c750_d2_m3_trap__seed_42__ca5aef667997.json,skip,,customer_count>10
/Users/mrggrm/Documents/GitHub/MDMTSP-HSE-RESEARCH/results/runs/research_group_03_traps/nearest_neighbour_2opt/research/group_03_traps/g03t_i01_c750_d4_m5_trap/20260508T030549Z__research_group_03_traps__nearest_neighbour_2opt__g03t_i01_c750_d4_m5_trap__seed_42__62893f8cc2cf.json,skip,,customer_count>10
/Users/mrggrm/Documents/GitHub/MDMTSP-HSE-RESEARCH/results/runs/research_group_03_traps/nearest_neighbour_2opt/research/group_03_traps/g03t_i02_c750_d3_m4_trap/20260508T030549Z__research_group_03_traps__nearest_neighbour_2opt__g03t_i02_c750_d3_m4_trap__seed_42__cd52cf254576.json,skip,,customer_count>10
/Users/mrggrm/Documents/GitHub/MDMTSP-HSE-RESEARCH/results/runs/research_group_03_traps/nearest_neighbour_2opt/research/group_03_traps/g03t_i03_c750_d2_m3_trap/20260508T030549Z__research_group_03_traps__nearest_neighbour_2opt__g03t_i03_c750_d2_m3_trap__seed_42__54b54c931841.json,skip,,customer_count>10
/Users/mrggrm/Documents/GitHub/MDMTSP-HSE-RESEARCH/results/runs/research_group_03_traps/nearest_neighbour_2opt/research/group_03_traps/g03t_i04_c750_d4_m5_trap/20260508T030549Z__research_group_03_traps__nearest_neighbour_2opt__g03t_i04_c750_d4_m5_trap__seed_42__e1e89047a179.json,skip,,customer_count>10
/Users/mrggrm/Documents/GitHub/MDMTSP-HSE-RESEARCH/results/runs/research_group_03_traps/nearest_neighbour_2opt/research/group_03_traps/g03t_i05_c750_d3_m4_trap/20260508T030549Z__research_group_03_traps__nearest_neighbour_2opt__g03t_i05_c750_d3_m4_trap__seed_42__1913b47b8ebf.json,skip,,customer_count>10
/Users/mrggrm/Documents/GitHub/MDMTSP-HSE-RESEARCH/results/runs/research_group_03_traps/nearest_neighbour_2opt/research/group_03_traps/g03t_i06_c750_d2_m3_trap/20260508T030549Z__research_group_03_traps__nearest_neighbour_2opt__g03t_i06_c750_d2_m3_trap__seed_42__ee7f5e85d2ba.json,skip,,customer_count>10
/Users/mrggrm/Documents/GitHub/MDMTSP-HSE-RESEARCH/results/runs/research_group_03_traps/nearest_neighbour_2opt/research/group_03_traps/g03t_i07_c750_d4_m5_trap/20260508T030549Z__research_group_03_traps__nearest_neighbour_2opt__g03t_i07_c750_d4_m5_trap__seed_42__b5d6d343bad7.json,skip,,customer_count>10
/Users/mrggrm/Documents/GitHub/MDMTSP-HSE-RESEARCH/results/runs/research_group_03_traps/nearest_neighbour_2opt/research/group_03_traps/g03t_i08_c750_d4_m5_trap/20260508T030549Z__research_group_03_traps__nearest_neighbour_2opt__g03t_i08_c750_d4_m5_trap__seed_42__db657e887b4c.json,skip,,customer_count>10
/Users/mrggrm/Documents/GitHub/MDMTSP-HSE-RESEARCH/results/runs/research_group_03_traps/nearest_neighbour_2opt/research/group_03_traps/g03t_i09_c750_d3_m4_trap/20260508T030549Z__research_group_03_traps__nearest_neighbour_2opt__g03t_i09_c750_d3_m4_trap__seed_42__1b0dc24e77de.json,skip,,customer_count>10
/Users/mrggrm/Documents/GitHub/MDMTSP-HSE-RESEARCH/results/runs/research_group_03_traps/nearest_neighbour_2opt/research/group_03_traps/g03t_i10_c750_d2_m3_trap/20260508T030549Z__research_group_03_traps__nearest_neighbour_2opt__g03t_i10_c750_d2_m3_trap__seed_42__a03701ea3383.json,skip,,customer_count>10
/Users/mrggrm/Documents/GitHub/MDMTSP-HSE-RESEARCH/results/runs/research_group_03_traps/nearest_neighbour_2opt/research/group_03_traps/g03t_i11_c750_d4_m5_trap/20260508T030549Z__research_group_03_traps__nearest_neighbour_2opt__g03t_i11_c750_d4_m5_trap__seed_42__d51d1e529eb6.json,skip,,customer_count>10
/Users/mrggrm/Documents/GitHub/MDMTSP-HSE-RESEARCH/results/runs/research_group_03_traps/nearest_neighbour_2opt/research/group_03_traps/g03t_i12_c750_d3_m4_trap/20260508T030549Z__research_group_03_traps__nearest_neighbour_2opt__g03t_i12_c750_d3_m4_trap__seed_42__8e46c61c13ff.json,skip,,customer_count>10
/Users/mrggrm/Documents/GitHub/MDMTSP-HSE-RESEARCH/results/runs/research_group_03_traps/nearest_neighbour_2opt/research/group_03_traps/g03t_i13_c750_d2_m3_trap/20260508T030549Z__research_group_03_traps__nearest_neighbour_2opt__g03t_i13_c750_d2_m3_trap__seed_42__39171602632b.json,skip,,customer_count>10
/Users/mrggrm/Documents/GitHub/MDMTSP-HSE-RESEARCH/results/runs/research_group_03_traps/nearest_neighbour_2opt/research/group_03_traps/g03t_i14_c750_d4_m5_trap/20260508T030549Z__research_group_03_traps__nearest_neighbour_2opt__g03t_i14_c750_d4_m5_trap__seed_42__cd4bd5405190.json,skip,,customer_count>10
/Users/mrggrm/Documents/GitHub/MDMTSP-HSE-RESEARCH/results/runs/research_group_03_traps/nearest_neighbour_2opt/research/group_03_traps/g03t_i15_c750_d3_m4_trap/20260508T030549Z__research_group_03_traps__nearest_neighbour_2opt__g03t_i15_c750_d3_m4_trap__seed_42__77b2d03ff62f.json,skip,,customer_count>10
/Users/mrggrm/Documents/GitHub/MDMTSP-HSE-RESEARCH/results/runs/research_group_03_traps/nearest_neighbour_2opt/research/group_03_traps/g03t_i16_c750_d2_m3_trap/20260508T030549Z__research_group_03_traps__nearest_neighbour_2opt__g03t_i16_c750_d2_m3_trap__seed_42__dfb65102d9c4.json,skip,,customer_count>10
/Users/mrggrm/Documents/GitHub/MDMTSP-HSE-RESEARCH/results/runs/research_group_03_traps/nearest_neighbour_2opt/research/group_03_traps/g03t_i17_c750_d4_m5_trap/20260508T030549Z__research_group_03_traps__nearest_neighbour_2opt__g03t_i17_c750_d4_m5_trap__seed_42__e8e362033558.json,skip,,customer_count>10
/Users/mrggrm/Documents/GitHub/MDMTSP-HSE-RESEARCH/results/runs/research_group_03_traps/nearest_neighbour_2opt/research/group_03_traps/g03t_i18_c750_d3_m4_trap/20260508T030549Z__research_group_03_traps__nearest_neighbour_2opt__g03t_i18_c750_d3_m4_trap__seed_42__d12ad42d52fe.json,skip,,customer_count>10
/Users/mrggrm/Documents/GitHub/MDMTSP-HSE-RESEARCH/results/runs/research_group_03_traps/nearest_neighbour_2opt/research/group_03_traps/g03t_i19_c750_d4_m5_trap/20260508T030549Z__research_group_03_traps__nearest_neighbour_2opt__g03t_i19_c750_d4_m5_trap__seed_42__701bd3ade96a.json,skip,,customer_count>10
/Users/mrggrm/Documents/GitHub/MDMTSP-HSE-RESEARCH/results/runs/research_group_03_traps/nearest_neighbour_2opt/research/group_03_traps/g03t_i20_c750_d3_m4_trap/20260508T030549Z__research_group_03_traps__nearest_neighbour_2opt__g03t_i20_c750_d3_m4_trap__seed_42__04e695f182d7.json,skip,,customer_count>10
/Users/mrggrm/Documents/GitHub/MDMTSP-HSE-RESEARCH/results/runs/research_group_03_traps/nearest_neighbour_2opt/research/group_03_traps/g03t_i21_c750_d4_m5_trap/20260508T030549Z__research_group_03_traps__nearest_neighbour_2opt__g03t_i21_c750_d4_m5_trap__seed_42__bd1c6d3223b0.json,skip,,customer_count>10
/Users/mrggrm/Documents/GitHub/MDMTSP-HSE-RESEARCH/results/runs/research_group_03_traps/nearest_neighbour_2opt/research/group_03_traps/g03t_i22_c750_d3_m4_trap/20260508T030549Z__research_group_03_traps__nearest_neighbour_2opt__g03t_i22_c750_d3_m4_trap__seed_42__dafed35fcf7a.json,skip,,customer_count>10
/Users/mrggrm/Documents/GitHub/MDMTSP-HSE-RESEARCH/results/runs/research_group_03_traps/nearest_neighbour_2opt/research/group_03_traps/g03t_i23_c750_d4_m5_trap/20260508T030549Z__research_group_03_traps__nearest_neighbour_2opt__g03t_i23_c750_d4_m5_trap__seed_42__7ded51d2f5e8.json,skip,,customer_count>10
/Users/mrggrm/Documents/GitHub/MDMTSP-HSE-RESEARCH/results/runs/research_group_03_traps/nearest_neighbour_2opt/research/group_03_traps/g03t_i24_c750_d3_m4_trap/20260508T030549Z__research_group_03_traps__nearest_neighbour_2opt__g03t_i24_c750_d3_m4_trap__seed_42__94067ef6706f.json,skip,,customer_count>10
/Users/mrggrm/Documents/GitHub/MDMTSP-HSE-RESEARCH/results/runs/research_group_03_traps/nearest_neighbour_2opt/research/group_03_traps/g03t_i25_c750_d2_m3_trap/20260508T030549Z__research_group_03_traps__nearest_neighbour_2opt__g03t_i25_c750_d2_m3_trap__seed_42__f6eadd9e7902.json,skip,,customer_count>10
/Users/mrggrm/Documents/GitHub/MDMTSP-HSE-RESEARCH/results/runs/research_group_03_traps/nearest_neighbour_2opt_v2/research/group_03_traps/g03t_i01_c750_d4_m5_trap/20260508T030549Z__research_group_03_traps__nearest_neighbour_2opt_v2__g03t_i01_c750_d4_m5_trap__seed_42__3d368b12d71d.json,skip,,customer_count>10
/Users/mrggrm/Documents/GitHub/MDMTSP-HSE-RESEARCH/results/runs/research_group_03_traps/nearest_neighbour_2opt_v2/research/group_03_traps/g03t_i02_c750_d3_m4_trap/20260508T030549Z__research_group_03_traps__nearest_neighbour_2opt_v2__g03t_i02_c750_d3_m4_trap__seed_42__4550f46643b0.json,skip,,customer_count>10
/Users/mrggrm/Documents/GitHub/MDMTSP-HSE-RESEARCH/results/runs/research_group_03_traps/nearest_neighbour_2opt_v2/research/group_03_traps/g03t_i03_c750_d2_m3_trap/20260508T030549Z__research_group_03_traps__nearest_neighbour_2opt_v2__g03t_i03_c750_d2_m3_trap__seed_42__3ffbeebc6abb.json,skip,,customer_count>10
/Users/mrggrm/Documents/GitHub/MDMTSP-HSE-RESEARCH/results/runs/research_group_03_traps/nearest_neighbour_2opt_v2/research/group_03_traps/g03t_i04_c750_d4_m5_trap/20260508T030549Z__research_group_03_traps__nearest_neighbour_2opt_v2__g03t_i04_c750_d4_m5_trap__seed_42__dcd22ae3c5a0.json,skip,,customer_count>10
/Users/mrggrm/Documents/GitHub/MDMTSP-HSE-RESEARCH/results/runs/research_group_03_traps/nearest_neighbour_2opt_v2/research/group_03_traps/g03t_i05_c750_d3_m4_trap/20260508T030549Z__research_group_03_traps__nearest_neighbour_2opt_v2__g03t_i05_c750_d3_m4_trap__seed_42__e01459f20a71.json,skip,,customer_count>10
/Users/mrggrm/Documents/GitHub/MDMTSP-HSE-RESEARCH/results/runs/research_group_03_traps/nearest_neighbour_2opt_v2/research/group_03_traps/g03t_i06_c750_d2_m3_trap/20260508T030549Z__research_group_03_traps__nearest_neighbour_2opt_v2__g03t_i06_c750_d2_m3_trap__seed_42__ab9e4d328c64.json,skip,,customer_count>10
/Users/mrggrm/Documents/GitHub/MDMTSP-HSE-RESEARCH/results/runs/research_group_03_traps/nearest_neighbour_2opt_v2/research/group_03_traps/g03t_i07_c750_d4_m5_trap/20260508T030549Z__research_group_03_traps__nearest_neighbour_2opt_v2__g03t_i07_c750_d4_m5_trap__seed_42__3c88a0342c83.json,skip,,customer_count>10
/Users/mrggrm/Documents/GitHub/MDMTSP-HSE-RESEARCH/results/runs/research_group_03_traps/nearest_neighbour_2opt_v2/research/group_03_traps/g03t_i08_c750_d4_m5_trap/20260508T030549Z__research_group_03_traps__nearest_neighbour_2opt_v2__g03t_i08_c750_d4_m5_trap__seed_42__d45c4353d100.json,skip,,customer_count>10
/Users/mrggrm/Documents/GitHub/MDMTSP-HSE-RESEARCH/results/runs/research_group_03_traps/nearest_neighbour_2opt_v2/research/group_03_traps/g03t_i09_c750_d3_m4_trap/20260508T030549Z__research_group_03_traps__nearest_neighbour_2opt_v2__g03t_i09_c750_d3_m4_trap__seed_42__b3cccdff677b.json,skip,,customer_count>10
/Users/mrggrm/Documents/GitHub/MDMTSP-HSE-RESEARCH/results/runs/research_group_03_traps/nearest_neighbour_2opt_v2/research/group_03_traps/g03t_i10_c750_d2_m3_trap/20260508T030549Z__research_group_03_traps__nearest_neighbour_2opt_v2__g03t_i10_c750_d2_m3_trap__seed_42__54f22ef28b82.json,skip,,customer_count>10
/Users/mrggrm/Documents/GitHub/MDMTSP-HSE-RESEARCH/results/runs/research_group_03_traps/nearest_neighbour_2opt_v2/research/group_03_traps/g03t_i11_c750_d4_m5_trap/20260508T030549Z__research_group_03_traps__nearest_neighbour_2opt_v2__g03t_i11_c750_d4_m5_trap__seed_42__903c06306830.json,skip,,customer_count>10
/Users/mrggrm/Documents/GitHub/MDMTSP-HSE-RESEARCH/results/runs/research_group_03_traps/nearest_neighbour_2opt_v2/research/group_03_traps/g03t_i12_c750_d3_m4_trap/20260508T030549Z__research_group_03_traps__nearest_neighbour_2opt_v2__g03t_i12_c750_d3_m4_trap__seed_42__3dfde9457104.json,skip,,customer_count>10
/Users/mrggrm/Documents/GitHub/MDMTSP-HSE-RESEARCH/results/runs/research_group_03_traps/nearest_neighbour_2opt_v2/research/group_03_traps/g03t_i13_c750_d2_m3_trap/20260508T030549Z__research_group_03_traps__nearest_neighbour_2opt_v2__g03t_i13_c750_d2_m3_trap__seed_42__6df843463160.json,skip,,customer_count>10
/Users/mrggrm/Documents/GitHub/MDMTSP-HSE-RESEARCH/results/runs/research_group_03_traps/nearest_neighbour_2opt_v2/research/group_03_traps/g03t_i14_c750_d4_m5_trap/20260508T030549Z__research_group_03_traps__nearest_neighbour_2opt_v2__g03t_i14_c750_d4_m5_trap__seed_42__cddb3c987cc1.json,skip,,customer_count>10
/Users/mrggrm/Documents/GitHub/MDMTSP-HSE-RESEARCH/results/runs/research_group_03_traps/nearest_neighbour_2opt_v2/research/group_03_traps/g03t_i15_c750_d3_m4_trap/20260508T030549Z__research_group_03_traps__nearest_neighbour_2opt_v2__g03t_i15_c750_d3_m4_trap__seed_42__6e4b93f3551a.json,skip,,customer_count>10
/Users/mrggrm/Documents/GitHub/MDMTSP-HSE-RESEARCH/results/runs/research_group_03_traps/nearest_neighbour_2opt_v2/research/group_03_traps/g03t_i16_c750_d2_m3_trap/20260508T030549Z__research_group_03_traps__nearest_neighbour_2opt_v2__g03t_i16_c750_d2_m3_trap__seed_42__9c2c8baf1f32.json,skip,,customer_count>10
/Users/mrggrm/Documents/GitHub/MDMTSP-HSE-RESEARCH/results/runs/research_group_03_traps/nearest_neighbour_2opt_v2/research/group_03_traps/g03t_i17_c750_d4_m5_trap/20260508T030549Z__research_group_03_traps__nearest_neighbour_2opt_v2__g03t_i17_c750_d4_m5_trap__seed_42__db31787f49bd.json,skip,,customer_count>10
/Users/mrggrm/Documents/GitHub/MDMTSP-HSE-RESEARCH/results/runs/research_group_03_traps/nearest_neighbour_2opt_v2/research/group_03_traps/g03t_i18_c750_d3_m4_trap/20260508T030549Z__research_group_03_traps__nearest_neighbour_2opt_v2__g03t_i18_c750_d3_m4_trap__seed_42__60d4378081be.json,skip,,customer_count>10
/Users/mrggrm/Documents/GitHub/MDMTSP-HSE-RESEARCH/results/runs/research_group_03_traps/nearest_neighbour_2opt_v2/research/group_03_traps/g03t_i19_c750_d4_m5_trap/20260508T030549Z__research_group_03_traps__nearest_neighbour_2opt_v2__g03t_i19_c750_d4_m5_trap__seed_42__475d4731436b.json,skip,,customer_count>10
/Users/mrggrm/Documents/GitHub/MDMTSP-HSE-RESEARCH/results/runs/research_group_03_traps/nearest_neighbour_2opt_v2/research/group_03_traps/g03t_i20_c750_d3_m4_trap/20260508T030549Z__research_group_03_traps__nearest_neighbour_2opt_v2__g03t_i20_c750_d3_m4_trap__seed_42__57c6a1e253e9.json,skip,,customer_count>10
/Users/mrggrm/Documents/GitHub/MDMTSP-HSE-RESEARCH/results/runs/research_group_03_traps/nearest_neighbour_2opt_v2/research/group_03_traps/g03t_i21_c750_d4_m5_trap/20260508T030549Z__research_group_03_traps__nearest_neighbour_2opt_v2__g03t_i21_c750_d4_m5_trap__seed_42__34d2fc7f0592.json,skip,,customer_count>10
/Users/mrggrm/Documents/GitHub/MDMTSP-HSE-RESEARCH/results/runs/research_group_03_traps/nearest_neighbour_2opt_v2/research/group_03_traps/g03t_i22_c750_d3_m4_trap/20260508T030549Z__research_group_03_traps__nearest_neighbour_2opt_v2__g03t_i22_c750_d3_m4_trap__seed_42__db4ccc3a8738.json,skip,,customer_count>10
/Users/mrggrm/Documents/GitHub/MDMTSP-HSE-RESEARCH/results/runs/research_group_03_traps/nearest_neighbour_2opt_v2/research/group_03_traps/g03t_i23_c750_d4_m5_trap/20260508T030549Z__research_group_03_traps__nearest_neighbour_2opt_v2__g03t_i23_c750_d4_m5_trap__seed_42__8e1ce1bc683c.json,skip,,customer_count>10
/Users/mrggrm/Documents/GitHub/MDMTSP-HSE-RESEARCH/results/runs/research_group_03_traps/nearest_neighbour_2opt_v2/research/group_03_traps/g03t_i24_c750_d3_m4_trap/20260508T030549Z__research_group_03_traps__nearest_neighbour_2opt_v2__g03t_i24_c750_d3_m4_trap__seed_42__fca6f7140518.json,skip,,customer_count>10
/Users/mrggrm/Documents/GitHub/MDMTSP-HSE-RESEARCH/results/runs/research_group_03_traps/nearest_neighbour_2opt_v2/research/group_03_traps/g03t_i25_c750_d2_m3_trap/20260508T030549Z__research_group_03_traps__nearest_neighbour_2opt_v2__g03t_i25_c750_d2_m3_trap__seed_42__5893277ec2ab.json,skip,,customer_count>10
/Users/mrggrm/Documents/GitHub/MDMTSP-HSE-RESEARCH/results/runs/research_group_03_traps/random_insertion/research/group_03_traps/g03t_i01_c750_d4_m5_trap/20260508T030548Z__research_group_03_traps__random_insertion__g03t_i01_c750_d4_m5_trap__seed_42__79a1f31ca2dd.json,skip,,customer_count>10
/Users/mrggrm/Documents/GitHub/MDMTSP-HSE-RESEARCH/results/runs/research_group_03_traps/random_insertion/research/group_03_traps/g03t_i02_c750_d3_m4_trap/20260508T030548Z__research_group_03_traps__random_insertion__g03t_i02_c750_d3_m4_trap__seed_42__3726a67bc360.json,skip,,customer_count>10
/Users/mrggrm/Documents/GitHub/MDMTSP-HSE-RESEARCH/results/runs/research_group_03_traps/random_insertion/research/group_03_traps/g03t_i03_c750_d2_m3_trap/20260508T030548Z__research_group_03_traps__random_insertion__g03t_i03_c750_d2_m3_trap__seed_42__4144bf26c143.json,skip,,customer_count>10
/Users/mrggrm/Documents/GitHub/MDMTSP-HSE-RESEARCH/results/runs/research_group_03_traps/random_insertion/research/group_03_traps/g03t_i04_c750_d4_m5_trap/20260508T030548Z__research_group_03_traps__random_insertion__g03t_i04_c750_d4_m5_trap__seed_42__d755bb0e5a5d.json,skip,,customer_count>10
/Users/mrggrm/Documents/GitHub/MDMTSP-HSE-RESEARCH/results/runs/research_group_03_traps/random_insertion/research/group_03_traps/g03t_i05_c750_d3_m4_trap/20260508T030548Z__research_group_03_traps__random_insertion__g03t_i05_c750_d3_m4_trap__seed_42__60ec8441bedd.json,skip,,customer_count>10
/Users/mrggrm/Documents/GitHub/MDMTSP-HSE-RESEARCH/results/runs/research_group_03_traps/random_insertion/research/group_03_traps/g03t_i06_c750_d2_m3_trap/20260508T030548Z__research_group_03_traps__random_insertion__g03t_i06_c750_d2_m3_trap__seed_42__2b428e5723ef.json,skip,,customer_count>10
/Users/mrggrm/Documents/GitHub/MDMTSP-HSE-RESEARCH/results/runs/research_group_03_traps/random_insertion/research/group_03_traps/g03t_i07_c750_d4_m5_trap/20260508T030548Z__research_group_03_traps__random_insertion__g03t_i07_c750_d4_m5_trap__seed_42__23a938824374.json,skip,,customer_count>10
/Users/mrggrm/Documents/GitHub/MDMTSP-HSE-RESEARCH/results/runs/research_group_03_traps/random_insertion/research/group_03_traps/g03t_i08_c750_d4_m5_trap/20260508T030548Z__research_group_03_traps__random_insertion__g03t_i08_c750_d4_m5_trap__seed_42__0c00b65bee17.json,skip,,customer_count>10
/Users/mrggrm/Documents/GitHub/MDMTSP-HSE-RESEARCH/results/runs/research_group_03_traps/random_insertion/research/group_03_traps/g03t_i09_c750_d3_m4_trap/20260508T030548Z__research_group_03_traps__random_insertion__g03t_i09_c750_d3_m4_trap__seed_42__df82dcb7b899.json,skip,,customer_count>10
/Users/mrggrm/Documents/GitHub/MDMTSP-HSE-RESEARCH/results/runs/research_group_03_traps/random_insertion/research/group_03_traps/g03t_i10_c750_d2_m3_trap/20260508T030548Z__research_group_03_traps__random_insertion__g03t_i10_c750_d2_m3_trap__seed_42__c7ab1edbedb0.json,skip,,customer_count>10
/Users/mrggrm/Documents/GitHub/MDMTSP-HSE-RESEARCH/results/runs/research_group_03_traps/random_insertion/research/group_03_traps/g03t_i11_c750_d4_m5_trap/20260508T030548Z__research_group_03_traps__random_insertion__g03t_i11_c750_d4_m5_trap__seed_42__fb6b9cc9a3a6.json,skip,,customer_count>10
/Users/mrggrm/Documents/GitHub/MDMTSP-HSE-RESEARCH/results/runs/research_group_03_traps/random_insertion/research/group_03_traps/g03t_i12_c750_d3_m4_trap/20260508T030548Z__research_group_03_traps__random_insertion__g03t_i12_c750_d3_m4_trap__seed_42__e9b4fd9b700a.json,skip,,customer_count>10
/Users/mrggrm/Documents/GitHub/MDMTSP-HSE-RESEARCH/results/runs/research_group_03_traps/random_insertion/research/group_03_traps/g03t_i13_c750_d2_m3_trap/20260508T030548Z__research_group_03_traps__random_insertion__g03t_i13_c750_d2_m3_trap__seed_42__b3d4e791f0b9.json,skip,,customer_count>10
/Users/mrggrm/Documents/GitHub/MDMTSP-HSE-RESEARCH/results/runs/research_group_03_traps/random_insertion/research/group_03_traps/g03t_i14_c750_d4_m5_trap/20260508T030548Z__research_group_03_traps__random_insertion__g03t_i14_c750_d4_m5_trap__seed_42__411137b1c322.json,skip,,customer_count>10
/Users/mrggrm/Documents/GitHub/MDMTSP-HSE-RESEARCH/results/runs/research_group_03_traps/random_insertion/research/group_03_traps/g03t_i15_c750_d3_m4_trap/20260508T030548Z__research_group_03_traps__random_insertion__g03t_i15_c750_d3_m4_trap__seed_42__efa64dd7a70a.json,skip,,customer_count>10
/Users/mrggrm/Documents/GitHub/MDMTSP-HSE-RESEARCH/results/runs/research_group_03_traps/random_insertion/research/group_03_traps/g03t_i16_c750_d2_m3_trap/20260508T030548Z__research_group_03_traps__random_insertion__g03t_i16_c750_d2_m3_trap__seed_42__f1f7839d0760.json,skip,,customer_count>10
/Users/mrggrm/Documents/GitHub/MDMTSP-HSE-RESEARCH/results/runs/research_group_03_traps/random_insertion/research/group_03_traps/g03t_i17_c750_d4_m5_trap/20260508T030548Z__research_group_03_traps__random_insertion__g03t_i17_c750_d4_m5_trap__seed_42__cac52f7ef665.json,skip,,customer_count>10
/Users/mrggrm/Documents/GitHub/MDMTSP-HSE-RESEARCH/results/runs/research_group_03_traps/random_insertion/research/group_03_traps/g03t_i18_c750_d3_m4_trap/20260508T030548Z__research_group_03_traps__random_insertion__g03t_i18_c750_d3_m4_trap__seed_42__a948baba2b46.json,skip,,customer_count>10
/Users/mrggrm/Documents/GitHub/MDMTSP-HSE-RESEARCH/results/runs/research_group_03_traps/random_insertion/research/group_03_traps/g03t_i19_c750_d4_m5_trap/20260508T030548Z__research_group_03_traps__random_insertion__g03t_i19_c750_d4_m5_trap__seed_42__dc9518f3a9d9.json,skip,,customer_count>10
/Users/mrggrm/Documents/GitHub/MDMTSP-HSE-RESEARCH/results/runs/research_group_03_traps/random_insertion/research/group_03_traps/g03t_i20_c750_d3_m4_trap/20260508T030548Z__research_group_03_traps__random_insertion__g03t_i20_c750_d3_m4_trap__seed_42__c505a874c8fe.json,skip,,customer_count>10
/Users/mrggrm/Documents/GitHub/MDMTSP-HSE-RESEARCH/results/runs/research_group_03_traps/random_insertion/research/group_03_traps/g03t_i21_c750_d4_m5_trap/20260508T030548Z__research_group_03_traps__random_insertion__g03t_i21_c750_d4_m5_trap__seed_42__4e182c5b1b1f.json,skip,,customer_count>10
/Users/mrggrm/Documents/GitHub/MDMTSP-HSE-RESEARCH/results/runs/research_group_03_traps/random_insertion/research/group_03_traps/g03t_i22_c750_d3_m4_trap/20260508T030548Z__research_group_03_traps__random_insertion__g03t_i22_c750_d3_m4_trap__seed_42__169e81389d96.json,skip,,customer_count>10
/Users/mrggrm/Documents/GitHub/MDMTSP-HSE-RESEARCH/results/runs/research_group_03_traps/random_insertion/research/group_03_traps/g03t_i23_c750_d4_m5_trap/20260508T030548Z__research_group_03_traps__random_insertion__g03t_i23_c750_d4_m5_trap__seed_42__9528d8c1e5d3.json,skip,,customer_count>10
/Users/mrggrm/Documents/GitHub/MDMTSP-HSE-RESEARCH/results/runs/research_group_03_traps/random_insertion/research/group_03_traps/g03t_i24_c750_d3_m4_trap/20260508T030548Z__research_group_03_traps__random_insertion__g03t_i24_c750_d3_m4_trap__seed_42__b1dd226af229.json,skip,,customer_count>10
/Users/mrggrm/Documents/GitHub/MDMTSP-HSE-RESEARCH/results/runs/research_group_03_traps/random_insertion/research/group_03_traps/g03t_i25_c750_d2_m3_trap/20260508T030548Z__research_group_03_traps__random_insertion__g03t_i25_c750_d2_m3_trap__seed_42__c9599b9e479f.json,skip,,customer_count>10
/Users/mrggrm/Documents/GitHub/MDMTSP-HSE-RESEARCH/results/runs/research_until_25000/cheapest_insertion/research/group_01/g01_i01_c10_d1_m3_random/20260506T005954Z__research_until_25000__cheapest_insertion__g01_i01_c10_d1_m3_random__seed_42__7e06f097d45e.json,rendered,/Users/mrggrm/Documents/GitHub/MDMTSP-HSE-RESEARCH/.ci-artifacts/plots/solutions/research_until_25000/cheapest_insertion/research/group_01/g01_i01_c10_d1_m3_random/20260506T005954Z__research_until_25000__cheapest_insertion__g01_i01_c10_d1_m3_random__seed_42__7e06f097d45e.png,
/Users/mrggrm/Documents/GitHub/MDMTSP-HSE-RESEARCH/results/runs/research_until_25000/cheapest_insertion/research/group_01/g01_i02_c10_d1_m3_random/20260506T005954Z__research_until_25000__cheapest_insertion__g01_i02_c10_d1_m3_random__seed_42__a2e7e8575547.json,rendered,/Users/mrggrm/Documents/GitHub/MDMTSP-HSE-RESEARCH/.ci-artifacts/plots/solutions/research_until_25000/cheapest_insertion/research/group_01/g01_i02_c10_d1_m3_random/20260506T005954Z__research_until_25000__cheapest_insertion__g01_i02_c10_d1_m3_random__seed_42__a2e7e8575547.png,
/Users/mrggrm/Documents/GitHub/MDMTSP-HSE-RESEARCH/results/runs/research_until_25000/cheapest_insertion/research/group_01/g01_i03_c10_d2_m6_random/20260506T005954Z__research_until_25000__cheapest_insertion__g01_i03_c10_d2_m6_random__seed_42__2f2a8c397720.json,rendered,/Users/mrggrm/Documents/GitHub/MDMTSP-HSE-RESEARCH/.ci-artifacts/plots/solutions/research_until_25000/cheapest_insertion/research/group_01/g01_i03_c10_d2_m6_random/20260506T005954Z__research_until_25000__cheapest_insertion__g01_i03_c10_d2_m6_random__seed_42__2f2a8c397720.png,
/Users/mrggrm/Documents/GitHub/MDMTSP-HSE-RESEARCH/results/runs/research_until_25000/cheapest_insertion/research/group_01/g01_i04_c10_d2_m5_random/20260506T005954Z__research_until_25000__cheapest_insertion__g01_i04_c10_d2_m5_random__seed_42__18356b69aabd.json,rendered,/Users/mrggrm/Documents/GitHub/MDMTSP-HSE-RESEARCH/.ci-artifacts/plots/solutions/research_until_25000/cheapest_insertion/research/group_01/g01_i04_c10_d2_m5_random/20260506T005954Z__research_until_25000__cheapest_insertion__g01_i04_c10_d2_m5_random__seed_42__18356b69aabd.png,
/Users/mrggrm/Documents/GitHub/MDMTSP-HSE-RESEARCH/results/runs/research_until_25000/cheapest_insertion/research/group_01/g01_i05_c10_d2_m4_random/20260506T005954Z__research_until_25000__cheapest_insertion__g01_i05_c10_d2_m4_random__seed_42__cd2922a66f5c.json,rendered,/Users/mrggrm/Documents/GitHub/MDMTSP-HSE-RESEARCH/.ci-artifacts/plots/solutions/research_until_25000/cheapest_insertion/research/group_01/g01_i05_c10_d2_m4_random/20260506T005954Z__research_until_25000__cheapest_insertion__g01_i05_c10_d2_m4_random__seed_42__cd2922a66f5c.png,
/Users/mrggrm/Documents/GitHub/MDMTSP-HSE-RESEARCH/results/runs/research_until_25000/cheapest_insertion/research/group_01/g01_i06_c10_d3_m4_random/20260506T005954Z__research_until_25000__cheapest_insertion__g01_i06_c10_d3_m4_random__seed_42__3c638308419d.json,rendered,/Users/mrggrm/Documents/GitHub/MDMTSP-HSE-RESEARCH/.ci-artifacts/plots/solutions/research_until_25000/cheapest_insertion/research/group_01/g01_i06_c10_d3_m4_random/20260506T005954Z__research_until_25000__cheapest_insertion__g01_i06_c10_d3_m4_random__seed_42__3c638308419d.png,
/Users/mrggrm/Documents/GitHub/MDMTSP-HSE-RESEARCH/results/runs/research_until_25000/cheapest_insertion/research/group_01/g01_i07_c10_d3_m5_random/20260506T005954Z__research_until_25000__cheapest_insertion__g01_i07_c10_d3_m5_random__seed_42__b23b5f274871.json,rendered,/Users/mrggrm/Documents/GitHub/MDMTSP-HSE-RESEARCH/.ci-artifacts/plots/solutions/research_until_25000/cheapest_insertion/research/group_01/g01_i07_c10_d3_m5_random/20260506T005954Z__research_until_25000__cheapest_insertion__g01_i07_c10_d3_m5_random__seed_42__b23b5f274871.png,
/Users/mrggrm/Documents/GitHub/MDMTSP-HSE-RESEARCH/results/runs/research_until_25000/cheapest_insertion/research/group_01/g01_i08_c10_d2_m2_random/20260506T005954Z__research_until_25000__cheapest_insertion__g01_i08_c10_d2_m2_random__seed_42__b65adea6e7be.json,rendered,/Users/mrggrm/Documents/GitHub/MDMTSP-HSE-RESEARCH/.ci-artifacts/plots/solutions/research_until_25000/cheapest_insertion/research/group_01/g01_i08_c10_d2_m2_random/20260506T005954Z__research_until_25000__cheapest_insertion__g01_i08_c10_d2_m2_random__seed_42__b65adea6e7be.png,
/Users/mrggrm/Documents/GitHub/MDMTSP-HSE-RESEARCH/results/runs/research_until_25000/cheapest_insertion/research/group_01/g01_i09_c10_d3_m3_random/20260506T005954Z__research_until_25000__cheapest_insertion__g01_i09_c10_d3_m3_random__seed_42__37938d57f57d.json,rendered,/Users/mrggrm/Documents/GitHub/MDMTSP-HSE-RESEARCH/.ci-artifacts/plots/solutions/research_until_25000/cheapest_insertion/research/group_01/g01_i09_c10_d3_m3_random/20260506T005954Z__research_until_25000__cheapest_insertion__g01_i09_c10_d3_m3_random__seed_42__37938d57f57d.png,
/Users/mrggrm/Documents/GitHub/MDMTSP-HSE-RESEARCH/results/runs/research_until_25000/cheapest_insertion/research/group_01/g01_i10_c10_d1_m1_random/20260506T005954Z__research_until_25000__cheapest_insertion__g01_i10_c10_d1_m1_random__seed_42__e48153472cc6.json,rendered,/Users/mrggrm/Documents/GitHub/MDMTSP-HSE-RESEARCH/.ci-artifacts/plots/solutions/research_until_25000/cheapest_insertion/research/group_01/g01_i10_c10_d1_m1_random/20260506T005954Z__research_until_25000__cheapest_insertion__g01_i10_c10_d1_m1_random__seed_42__e48153472cc6.png,
/Users/mrggrm/Documents/GitHub/MDMTSP-HSE-RESEARCH/results/runs/research_until_25000/cheapest_insertion/research/group_02/g02_i01_c50_d5_m23_random/20260506T005954Z__research_until_25000__cheapest_insertion__g02_i01_c50_d5_m23_random__seed_42__aa50ef54c7ac.json,skip,,customer_count>10
/Users/mrggrm/Documents/GitHub/MDMTSP-HSE-RESEARCH/results/runs/research_until_25000/cheapest_insertion/research/group_02/g02_i02_c50_d3_m3_random/20260506T005954Z__research_until_25000__cheapest_insertion__g02_i02_c50_d3_m3_random__seed_42__c22e5544fc1a.json,skip,,customer_count>10
/Users/mrggrm/Documents/GitHub/MDMTSP-HSE-RESEARCH/results/runs/research_until_25000/cheapest_insertion/research/group_02/g02_i03_c50_d4_m19_random/20260506T005954Z__research_until_25000__cheapest_insertion__g02_i03_c50_d4_m19_random__seed_42__d0e1e5335fd4.json,skip,,customer_count>10
/Users/mrggrm/Documents/GitHub/MDMTSP-HSE-RESEARCH/results/runs/research_until_25000/cheapest_insertion/research/group_02/g02_i04_c50_d4_m10_random/20260506T005954Z__research_until_25000__cheapest_insertion__g02_i04_c50_d4_m10_random__seed_42__57115fdab4bf.json,skip,,customer_count>10
/Users/mrggrm/Documents/GitHub/MDMTSP-HSE-RESEARCH/results/runs/research_until_25000/cheapest_insertion/research/group_02/g02_i05_c50_d3_m7_random/20260506T005954Z__research_until_25000__cheapest_insertion__g02_i05_c50_d3_m7_random__seed_42__735150021370.json,skip,,customer_count>10
/Users/mrggrm/Documents/GitHub/MDMTSP-HSE-RESEARCH/results/runs/research_until_25000/cheapest_insertion/research/group_02/g02_i06_c50_d4_m6_random/20260506T005954Z__research_until_25000__cheapest_insertion__g02_i06_c50_d4_m6_random__seed_42__b5ea96f1cbcb.json,skip,,customer_count>10
/Users/mrggrm/Documents/GitHub/MDMTSP-HSE-RESEARCH/results/runs/research_until_25000/cheapest_insertion/research/group_02/g02_i07_c50_d4_m5_random/20260506T005954Z__research_until_25000__cheapest_insertion__g02_i07_c50_d4_m5_random__seed_42__c970623ef3bc.json,skip,,customer_count>10
/Users/mrggrm/Documents/GitHub/MDMTSP-HSE-RESEARCH/results/runs/research_until_25000/cheapest_insertion/research/group_02/g02_i08_c50_d4_m11_random/20260506T005954Z__research_until_25000__cheapest_insertion__g02_i08_c50_d4_m11_random__seed_42__2040391bf342.json,skip,,customer_count>10
/Users/mrggrm/Documents/GitHub/MDMTSP-HSE-RESEARCH/results/runs/research_until_25000/cheapest_insertion/research/group_02/g02_i09_c50_d5_m10_random/20260506T005954Z__research_until_25000__cheapest_insertion__g02_i09_c50_d5_m10_random__seed_42__394a9c209cad.json,skip,,customer_count>10
/Users/mrggrm/Documents/GitHub/MDMTSP-HSE-RESEARCH/results/runs/research_until_25000/cheapest_insertion/research/group_02/g02_i10_c50_d4_m20_random/20260506T005954Z__research_until_25000__cheapest_insertion__g02_i10_c50_d4_m20_random__seed_42__7a2299f9b2f0.json,skip,,customer_count>10
/Users/mrggrm/Documents/GitHub/MDMTSP-HSE-RESEARCH/results/runs/research_until_25000/cheapest_insertion/research/group_03/g03_i01_c500_d5_m21_random/20260506T005954Z__research_until_25000__cheapest_insertion__g03_i01_c500_d5_m21_random__seed_42__175bfb36e4fa.json,skip,,customer_count>10
/Users/mrggrm/Documents/GitHub/MDMTSP-HSE-RESEARCH/results/runs/research_until_25000/cheapest_insertion/research/group_03/g03_i02_c500_d3_m10_random/20260506T005954Z__research_until_25000__cheapest_insertion__g03_i02_c500_d3_m10_random__seed_42__29ce6a1a5ba2.json,skip,,customer_count>10
/Users/mrggrm/Documents/GitHub/MDMTSP-HSE-RESEARCH/results/runs/research_until_25000/cheapest_insertion/research/group_03/g03_i03_c500_d3_m12_random/20260506T005954Z__research_until_25000__cheapest_insertion__g03_i03_c500_d3_m12_random__seed_42__a4f055720596.json,skip,,customer_count>10
/Users/mrggrm/Documents/GitHub/MDMTSP-HSE-RESEARCH/results/runs/research_until_25000/cheapest_insertion/research/group_03/g03_i04_c500_d5_m19_random/20260506T005954Z__research_until_25000__cheapest_insertion__g03_i04_c500_d5_m19_random__seed_42__95e216d86ca9.json,skip,,customer_count>10
/Users/mrggrm/Documents/GitHub/MDMTSP-HSE-RESEARCH/results/runs/research_until_25000/cheapest_insertion/research/group_03/g03_i05_c500_d3_m6_random/20260506T005954Z__research_until_25000__cheapest_insertion__g03_i05_c500_d3_m6_random__seed_42__53b0f3c34d63.json,skip,,customer_count>10
/Users/mrggrm/Documents/GitHub/MDMTSP-HSE-RESEARCH/results/runs/research_until_25000/cheapest_insertion/research/group_03/g03_i06_c500_d3_m3_random/20260506T005954Z__research_until_25000__cheapest_insertion__g03_i06_c500_d3_m3_random__seed_42__f7d4589c5330.json,skip,,customer_count>10
/Users/mrggrm/Documents/GitHub/MDMTSP-HSE-RESEARCH/results/runs/research_until_25000/cheapest_insertion/research/group_03/g03_i07_c500_d5_m20_random/20260506T005954Z__research_until_25000__cheapest_insertion__g03_i07_c500_d5_m20_random__seed_42__7affcf95836a.json,skip,,customer_count>10
/Users/mrggrm/Documents/GitHub/MDMTSP-HSE-RESEARCH/results/runs/research_until_25000/cheapest_insertion/research/group_03/g03_i08_c500_d3_m7_random/20260506T005954Z__research_until_25000__cheapest_insertion__g03_i08_c500_d3_m7_random__seed_42__ec6b3f80bc6a.json,skip,,customer_count>10
/Users/mrggrm/Documents/GitHub/MDMTSP-HSE-RESEARCH/results/runs/research_until_25000/cheapest_insertion/research/group_03/g03_i09_c500_d4_m8_random/20260506T005954Z__research_until_25000__cheapest_insertion__g03_i09_c500_d4_m8_random__seed_42__4f6c8e92caea.json,skip,,customer_count>10
/Users/mrggrm/Documents/GitHub/MDMTSP-HSE-RESEARCH/results/runs/research_until_25000/cheapest_insertion/research/group_03/g03_i10_c500_d5_m18_random/20260506T005954Z__research_until_25000__cheapest_insertion__g03_i10_c500_d5_m18_random__seed_42__6aa997800f90.json,skip,,customer_count>10
/Users/mrggrm/Documents/GitHub/MDMTSP-HSE-RESEARCH/results/runs/research_until_25000/cheapest_insertion/research/group_04/g04_i01_c1000_d6_m11_random/20260506T005954Z__research_until_25000__cheapest_insertion__g04_i01_c1000_d6_m11_random__seed_42__39af9be3e953.json,skip,,customer_count>10
/Users/mrggrm/Documents/GitHub/MDMTSP-HSE-RESEARCH/results/runs/research_until_25000/cheapest_insertion/research/group_04/g04_i02_c1000_d5_m19_random/20260506T005954Z__research_until_25000__cheapest_insertion__g04_i02_c1000_d5_m19_random__seed_42__1d81c2335287.json,skip,,customer_count>10
/Users/mrggrm/Documents/GitHub/MDMTSP-HSE-RESEARCH/results/runs/research_until_25000/cheapest_insertion/research/group_04/g04_i03_c1000_d7_m19_random/20260506T005954Z__research_until_25000__cheapest_insertion__g04_i03_c1000_d7_m19_random__seed_42__95df24ab7f2f.json,skip,,customer_count>10
/Users/mrggrm/Documents/GitHub/MDMTSP-HSE-RESEARCH/results/runs/research_until_25000/cheapest_insertion/research/group_04/g04_i04_c1000_d7_m12_random/20260506T005954Z__research_until_25000__cheapest_insertion__g04_i04_c1000_d7_m12_random__seed_42__96d6bbed9c05.json,skip,,customer_count>10
/Users/mrggrm/Documents/GitHub/MDMTSP-HSE-RESEARCH/results/runs/research_until_25000/cheapest_insertion/research/group_04/g04_i05_c1000_d10_m23_random/20260506T005954Z__research_until_25000__cheapest_insertion__g04_i05_c1000_d10_m23_random__seed_42__1d07681787f8.json,skip,,customer_count>10
/Users/mrggrm/Documents/GitHub/MDMTSP-HSE-RESEARCH/results/runs/research_until_25000/cheapest_insertion/research/group_05/g05_i01_c10000_d1_m6_random/20260506T005954Z__research_until_25000__cheapest_insertion__g05_i01_c10000_d1_m6_random__seed_42__c6be87594e2a.json,skip,,customer_count>10
/Users/mrggrm/Documents/GitHub/MDMTSP-HSE-RESEARCH/results/runs/research_until_25000/cheapest_insertion/research/group_05/g05_i02_c10000_d2_m9_random/20260506T010031Z__research_until_25000__cheapest_insertion__g05_i02_c10000_d2_m9_random__seed_42__bd39a0f1a40b.json,skip,,customer_count>10
/Users/mrggrm/Documents/GitHub/MDMTSP-HSE-RESEARCH/results/runs/research_until_25000/cheapest_insertion/research/group_05/g05_i03_c10000_d3_m18_random/20260506T010053Z__research_until_25000__cheapest_insertion__g05_i03_c10000_d3_m18_random__seed_42__498f00f2ce3d.json,skip,,customer_count>10
/Users/mrggrm/Documents/GitHub/MDMTSP-HSE-RESEARCH/results/runs/research_until_25000/cheapest_insertion/research/group_05/g05_i04_c10000_d1_m8_random/20260506T010105Z__research_until_25000__cheapest_insertion__g05_i04_c10000_d1_m8_random__seed_42__d2d629d45a86.json,skip,,customer_count>10
/Users/mrggrm/Documents/GitHub/MDMTSP-HSE-RESEARCH/results/runs/research_until_25000/cheapest_insertion/research/group_05/g05_i05_c10000_d2_m9_random/20260506T010125Z__research_until_25000__cheapest_insertion__g05_i05_c10000_d2_m9_random__seed_42__1c948c4821c1.json,skip,,customer_count>10
/Users/mrggrm/Documents/GitHub/MDMTSP-HSE-RESEARCH/results/runs/research_until_25000/cheapest_insertion/research/group_06/g06_i01_c10000_d7_m16_clustered/20260506T010140Z__research_until_25000__cheapest_insertion__g06_i01_c10000_d7_m16_clustered__seed_42__b41874dad58e.json,skip,,customer_count>10
/Users/mrggrm/Documents/GitHub/MDMTSP-HSE-RESEARCH/results/runs/research_until_25000/cheapest_insertion/research/group_06/g06_i02_c10000_d6_m41_clustered/20260506T010152Z__research_until_25000__cheapest_insertion__g06_i02_c10000_d6_m41_clustered__seed_42__7677b4c7ee51.json,skip,,customer_count>10
/Users/mrggrm/Documents/GitHub/MDMTSP-HSE-RESEARCH/results/runs/research_until_25000/cheapest_insertion/research/group_06/g06_i03_c10000_d10_m79_grid/20260506T010156Z__research_until_25000__cheapest_insertion__g06_i03_c10000_d10_m79_grid__seed_42__a060a8747451.json,skip,,customer_count>10
/Users/mrggrm/Documents/GitHub/MDMTSP-HSE-RESEARCH/results/runs/research_until_25000/cheapest_insertion/research/group_06/g06_i04_c10000_d7_m15_grid/20260506T010157Z__research_until_25000__cheapest_insertion__g06_i04_c10000_d7_m15_grid__seed_42__3c861b76ed29.json,skip,,customer_count>10
/Users/mrggrm/Documents/GitHub/MDMTSP-HSE-RESEARCH/results/runs/research_until_25000/cheapest_insertion/research/group_06/g06_i05_c10000_d7_m15_adversarial/20260506T010202Z__research_until_25000__cheapest_insertion__g06_i05_c10000_d7_m15_adversarial__seed_42__faf8cb173ac7.json,skip,,customer_count>10
/Users/mrggrm/Documents/GitHub/MDMTSP-HSE-RESEARCH/results/runs/research_until_25000/cheapest_insertion/research/group_06/g06_i06_c10000_d7_m33_adversarial/20260506T010256Z__research_until_25000__cheapest_insertion__g06_i06_c10000_d7_m33_adversarial__seed_42__ab4fb124e83d.json,skip,,customer_count>10
/Users/mrggrm/Documents/GitHub/MDMTSP-HSE-RESEARCH/results/runs/research_until_25000/cheapest_insertion/research/group_06/g06_i07_c10000_d10_m70_line/20260506T010304Z__research_until_25000__cheapest_insertion__g06_i07_c10000_d10_m70_line__seed_42__7195434cbaa8.json,skip,,customer_count>10
/Users/mrggrm/Documents/GitHub/MDMTSP-HSE-RESEARCH/results/runs/research_until_25000/cheapest_insertion/research/group_06/g06_i08_c10000_d7_m45_line/20260506T010307Z__research_until_25000__cheapest_insertion__g06_i08_c10000_d7_m45_line__seed_42__6dc3ad4ba436.json,skip,,customer_count>10
/Users/mrggrm/Documents/GitHub/MDMTSP-HSE-RESEARCH/results/runs/research_until_25000/cheapest_insertion/research/group_07/g07_i01_c25000_d9_m20_random/20260506T010309Z__research_until_25000__cheapest_insertion__g07_i01_c25000_d9_m20_random__seed_42__5f363e5717d8.json,skip,,customer_count>10
/Users/mrggrm/Documents/GitHub/MDMTSP-HSE-RESEARCH/results/runs/research_until_25000/cheapest_insertion/research/group_07/g07_i02_c25000_d5_m26_random/20260506T010623Z__research_until_25000__cheapest_insertion__g07_i02_c25000_d5_m26_random__seed_42__004beec2361f.json,skip,,customer_count>10
/Users/mrggrm/Documents/GitHub/MDMTSP-HSE-RESEARCH/results/runs/research_until_25000/cheapest_insertion_2opt/research/group_01/g01_i01_c10_d1_m3_random/20260508T010559Z__research_until_25000__cheapest_insertion_2opt__g01_i01_c10_d1_m3_random__seed_42__0c371cd85fee.json,rendered,/Users/mrggrm/Documents/GitHub/MDMTSP-HSE-RESEARCH/.ci-artifacts/plots/solutions/research_until_25000/cheapest_insertion_2opt/research/group_01/g01_i01_c10_d1_m3_random/20260508T010559Z__research_until_25000__cheapest_insertion_2opt__g01_i01_c10_d1_m3_random__seed_42__0c371cd85fee.png,
/Users/mrggrm/Documents/GitHub/MDMTSP-HSE-RESEARCH/results/runs/research_until_25000/cheapest_insertion_2opt/research/group_01/g01_i02_c10_d1_m3_random/20260508T010559Z__research_until_25000__cheapest_insertion_2opt__g01_i02_c10_d1_m3_random__seed_42__9d8b8d937256.json,rendered,/Users/mrggrm/Documents/GitHub/MDMTSP-HSE-RESEARCH/.ci-artifacts/plots/solutions/research_until_25000/cheapest_insertion_2opt/research/group_01/g01_i02_c10_d1_m3_random/20260508T010559Z__research_until_25000__cheapest_insertion_2opt__g01_i02_c10_d1_m3_random__seed_42__9d8b8d937256.png,
/Users/mrggrm/Documents/GitHub/MDMTSP-HSE-RESEARCH/results/runs/research_until_25000/cheapest_insertion_2opt/research/group_01/g01_i03_c10_d2_m6_random/20260508T010559Z__research_until_25000__cheapest_insertion_2opt__g01_i03_c10_d2_m6_random__seed_42__3e659afebc74.json,rendered,/Users/mrggrm/Documents/GitHub/MDMTSP-HSE-RESEARCH/.ci-artifacts/plots/solutions/research_until_25000/cheapest_insertion_2opt/research/group_01/g01_i03_c10_d2_m6_random/20260508T010559Z__research_until_25000__cheapest_insertion_2opt__g01_i03_c10_d2_m6_random__seed_42__3e659afebc74.png,
/Users/mrggrm/Documents/GitHub/MDMTSP-HSE-RESEARCH/results/runs/research_until_25000/cheapest_insertion_2opt/research/group_01/g01_i04_c10_d2_m5_random/20260508T010559Z__research_until_25000__cheapest_insertion_2opt__g01_i04_c10_d2_m5_random__seed_42__7a02ab4c343d.json,rendered,/Users/mrggrm/Documents/GitHub/MDMTSP-HSE-RESEARCH/.ci-artifacts/plots/solutions/research_until_25000/cheapest_insertion_2opt/research/group_01/g01_i04_c10_d2_m5_random/20260508T010559Z__research_until_25000__cheapest_insertion_2opt__g01_i04_c10_d2_m5_random__seed_42__7a02ab4c343d.png,
/Users/mrggrm/Documents/GitHub/MDMTSP-HSE-RESEARCH/results/runs/research_until_25000/cheapest_insertion_2opt/research/group_01/g01_i05_c10_d2_m4_random/20260508T010559Z__research_until_25000__cheapest_insertion_2opt__g01_i05_c10_d2_m4_random__seed_42__94097aac5286.json,rendered,/Users/mrggrm/Documents/GitHub/MDMTSP-HSE-RESEARCH/.ci-artifacts/plots/solutions/research_until_25000/cheapest_insertion_2opt/research/group_01/g01_i05_c10_d2_m4_random/20260508T010559Z__research_until_25000__cheapest_insertion_2opt__g01_i05_c10_d2_m4_random__seed_42__94097aac5286.png,
/Users/mrggrm/Documents/GitHub/MDMTSP-HSE-RESEARCH/results/runs/research_until_25000/cheapest_insertion_2opt/research/group_01/g01_i06_c10_d3_m4_random/20260508T010559Z__research_until_25000__cheapest_insertion_2opt__g01_i06_c10_d3_m4_random__seed_42__b0222d196b7f.json,rendered,/Users/mrggrm/Documents/GitHub/MDMTSP-HSE-RESEARCH/.ci-artifacts/plots/solutions/research_until_25000/cheapest_insertion_2opt/research/group_01/g01_i06_c10_d3_m4_random/20260508T010559Z__research_until_25000__cheapest_insertion_2opt__g01_i06_c10_d3_m4_random__seed_42__b0222d196b7f.png,
/Users/mrggrm/Documents/GitHub/MDMTSP-HSE-RESEARCH/results/runs/research_until_25000/cheapest_insertion_2opt/research/group_01/g01_i07_c10_d3_m5_random/20260508T010559Z__research_until_25000__cheapest_insertion_2opt__g01_i07_c10_d3_m5_random__seed_42__411df1e941cc.json,rendered,/Users/mrggrm/Documents/GitHub/MDMTSP-HSE-RESEARCH/.ci-artifacts/plots/solutions/research_until_25000/cheapest_insertion_2opt/research/group_01/g01_i07_c10_d3_m5_random/20260508T010559Z__research_until_25000__cheapest_insertion_2opt__g01_i07_c10_d3_m5_random__seed_42__411df1e941cc.png,
/Users/mrggrm/Documents/GitHub/MDMTSP-HSE-RESEARCH/results/runs/research_until_25000/cheapest_insertion_2opt/research/group_01/g01_i08_c10_d2_m2_random/20260508T010559Z__research_until_25000__cheapest_insertion_2opt__g01_i08_c10_d2_m2_random__seed_42__3ea8bd5e4d52.json,rendered,/Users/mrggrm/Documents/GitHub/MDMTSP-HSE-RESEARCH/.ci-artifacts/plots/solutions/research_until_25000/cheapest_insertion_2opt/research/group_01/g01_i08_c10_d2_m2_random/20260508T010559Z__research_until_25000__cheapest_insertion_2opt__g01_i08_c10_d2_m2_random__seed_42__3ea8bd5e4d52.png,
/Users/mrggrm/Documents/GitHub/MDMTSP-HSE-RESEARCH/results/runs/research_until_25000/cheapest_insertion_2opt/research/group_01/g01_i09_c10_d3_m3_random/20260508T010559Z__research_until_25000__cheapest_insertion_2opt__g01_i09_c10_d3_m3_random__seed_42__7823e7e2f174.json,rendered,/Users/mrggrm/Documents/GitHub/MDMTSP-HSE-RESEARCH/.ci-artifacts/plots/solutions/research_until_25000/cheapest_insertion_2opt/research/group_01/g01_i09_c10_d3_m3_random/20260508T010559Z__research_until_25000__cheapest_insertion_2opt__g01_i09_c10_d3_m3_random__seed_42__7823e7e2f174.png,
/Users/mrggrm/Documents/GitHub/MDMTSP-HSE-RESEARCH/results/runs/research_until_25000/cheapest_insertion_2opt/research/group_01/g01_i10_c10_d1_m1_random/20260508T010559Z__research_until_25000__cheapest_insertion_2opt__g01_i10_c10_d1_m1_random__seed_42__0c82759f250a.json,rendered,/Users/mrggrm/Documents/GitHub/MDMTSP-HSE-RESEARCH/.ci-artifacts/plots/solutions/research_until_25000/cheapest_insertion_2opt/research/group_01/g01_i10_c10_d1_m1_random/20260508T010559Z__research_until_25000__cheapest_insertion_2opt__g01_i10_c10_d1_m1_random__seed_42__0c82759f250a.png,
/Users/mrggrm/Documents/GitHub/MDMTSP-HSE-RESEARCH/results/runs/research_until_25000/cheapest_insertion_2opt/research/group_02/g02_i01_c50_d5_m23_random/20260508T010559Z__research_until_25000__cheapest_insertion_2opt__g02_i01_c50_d5_m23_random__seed_42__70a063d94c7a.json,skip,,customer_count>10
/Users/mrggrm/Documents/GitHub/MDMTSP-HSE-RESEARCH/results/runs/research_until_25000/cheapest_insertion_2opt/research/group_02/g02_i02_c50_d3_m3_random/20260508T010559Z__research_until_25000__cheapest_insertion_2opt__g02_i02_c50_d3_m3_random__seed_42__d126dbcb8bba.json,skip,,customer_count>10
/Users/mrggrm/Documents/GitHub/MDMTSP-HSE-RESEARCH/results/runs/research_until_25000/cheapest_insertion_2opt/research/group_02/g02_i03_c50_d4_m19_random/20260508T010559Z__research_until_25000__cheapest_insertion_2opt__g02_i03_c50_d4_m19_random__seed_42__056dba836ee1.json,skip,,customer_count>10
/Users/mrggrm/Documents/GitHub/MDMTSP-HSE-RESEARCH/results/runs/research_until_25000/cheapest_insertion_2opt/research/group_02/g02_i04_c50_d4_m10_random/20260508T010559Z__research_until_25000__cheapest_insertion_2opt__g02_i04_c50_d4_m10_random__seed_42__5f87e20f81e8.json,skip,,customer_count>10
/Users/mrggrm/Documents/GitHub/MDMTSP-HSE-RESEARCH/results/runs/research_until_25000/cheapest_insertion_2opt/research/group_02/g02_i05_c50_d3_m7_random/20260508T010559Z__research_until_25000__cheapest_insertion_2opt__g02_i05_c50_d3_m7_random__seed_42__aca43caaec29.json,skip,,customer_count>10
/Users/mrggrm/Documents/GitHub/MDMTSP-HSE-RESEARCH/results/runs/research_until_25000/cheapest_insertion_2opt/research/group_02/g02_i06_c50_d4_m6_random/20260508T010559Z__research_until_25000__cheapest_insertion_2opt__g02_i06_c50_d4_m6_random__seed_42__c490826ecb69.json,skip,,customer_count>10
/Users/mrggrm/Documents/GitHub/MDMTSP-HSE-RESEARCH/results/runs/research_until_25000/cheapest_insertion_2opt/research/group_02/g02_i07_c50_d4_m5_random/20260508T010559Z__research_until_25000__cheapest_insertion_2opt__g02_i07_c50_d4_m5_random__seed_42__538704fc2b27.json,skip,,customer_count>10
/Users/mrggrm/Documents/GitHub/MDMTSP-HSE-RESEARCH/results/runs/research_until_25000/cheapest_insertion_2opt/research/group_02/g02_i08_c50_d4_m11_random/20260508T010559Z__research_until_25000__cheapest_insertion_2opt__g02_i08_c50_d4_m11_random__seed_42__67f92f49dff3.json,skip,,customer_count>10
/Users/mrggrm/Documents/GitHub/MDMTSP-HSE-RESEARCH/results/runs/research_until_25000/cheapest_insertion_2opt/research/group_02/g02_i09_c50_d5_m10_random/20260508T010559Z__research_until_25000__cheapest_insertion_2opt__g02_i09_c50_d5_m10_random__seed_42__fee27d48d58a.json,skip,,customer_count>10
/Users/mrggrm/Documents/GitHub/MDMTSP-HSE-RESEARCH/results/runs/research_until_25000/cheapest_insertion_2opt/research/group_02/g02_i10_c50_d4_m20_random/20260508T010559Z__research_until_25000__cheapest_insertion_2opt__g02_i10_c50_d4_m20_random__seed_42__ef400c4693f4.json,skip,,customer_count>10
/Users/mrggrm/Documents/GitHub/MDMTSP-HSE-RESEARCH/results/runs/research_until_25000/cheapest_insertion_2opt/research/group_03/g03_i01_c500_d5_m21_random/20260508T010559Z__research_until_25000__cheapest_insertion_2opt__g03_i01_c500_d5_m21_random__seed_42__14ab16e97704.json,skip,,customer_count>10
/Users/mrggrm/Documents/GitHub/MDMTSP-HSE-RESEARCH/results/runs/research_until_25000/cheapest_insertion_2opt/research/group_03/g03_i02_c500_d3_m10_random/20260508T010559Z__research_until_25000__cheapest_insertion_2opt__g03_i02_c500_d3_m10_random__seed_42__b2f0d6ddcb32.json,skip,,customer_count>10
/Users/mrggrm/Documents/GitHub/MDMTSP-HSE-RESEARCH/results/runs/research_until_25000/cheapest_insertion_2opt/research/group_03/g03_i03_c500_d3_m12_random/20260508T010559Z__research_until_25000__cheapest_insertion_2opt__g03_i03_c500_d3_m12_random__seed_42__b9ad21e9da5d.json,skip,,customer_count>10
/Users/mrggrm/Documents/GitHub/MDMTSP-HSE-RESEARCH/results/runs/research_until_25000/cheapest_insertion_2opt/research/group_03/g03_i04_c500_d5_m19_random/20260508T010559Z__research_until_25000__cheapest_insertion_2opt__g03_i04_c500_d5_m19_random__seed_42__ad98114854b7.json,skip,,customer_count>10
/Users/mrggrm/Documents/GitHub/MDMTSP-HSE-RESEARCH/results/runs/research_until_25000/cheapest_insertion_2opt/research/group_03/g03_i05_c500_d3_m6_random/20260508T010559Z__research_until_25000__cheapest_insertion_2opt__g03_i05_c500_d3_m6_random__seed_42__b58e109b1b94.json,skip,,customer_count>10
/Users/mrggrm/Documents/GitHub/MDMTSP-HSE-RESEARCH/results/runs/research_until_25000/cheapest_insertion_2opt/research/group_03/g03_i06_c500_d3_m3_random/20260508T010559Z__research_until_25000__cheapest_insertion_2opt__g03_i06_c500_d3_m3_random__seed_42__ce7c1b019e7d.json,skip,,customer_count>10
/Users/mrggrm/Documents/GitHub/MDMTSP-HSE-RESEARCH/results/runs/research_until_25000/cheapest_insertion_2opt/research/group_03/g03_i07_c500_d5_m20_random/20260508T010559Z__research_until_25000__cheapest_insertion_2opt__g03_i07_c500_d5_m20_random__seed_42__a814a3e4560a.json,skip,,customer_count>10
/Users/mrggrm/Documents/GitHub/MDMTSP-HSE-RESEARCH/results/runs/research_until_25000/cheapest_insertion_2opt/research/group_03/g03_i08_c500_d3_m7_random/20260508T010559Z__research_until_25000__cheapest_insertion_2opt__g03_i08_c500_d3_m7_random__seed_42__bfbcb8d9135d.json,skip,,customer_count>10
/Users/mrggrm/Documents/GitHub/MDMTSP-HSE-RESEARCH/results/runs/research_until_25000/cheapest_insertion_2opt/research/group_03/g03_i09_c500_d4_m8_random/20260508T010559Z__research_until_25000__cheapest_insertion_2opt__g03_i09_c500_d4_m8_random__seed_42__93e19a0403d4.json,skip,,customer_count>10
/Users/mrggrm/Documents/GitHub/MDMTSP-HSE-RESEARCH/results/runs/research_until_25000/cheapest_insertion_2opt/research/group_03/g03_i10_c500_d5_m18_random/20260508T010559Z__research_until_25000__cheapest_insertion_2opt__g03_i10_c500_d5_m18_random__seed_42__c30c268a721a.json,skip,,customer_count>10
/Users/mrggrm/Documents/GitHub/MDMTSP-HSE-RESEARCH/results/runs/research_until_25000/cheapest_insertion_2opt/research/group_04/g04_i01_c1000_d6_m11_random/20260508T010559Z__research_until_25000__cheapest_insertion_2opt__g04_i01_c1000_d6_m11_random__seed_42__58cd9cca0640.json,skip,,customer_count>10
/Users/mrggrm/Documents/GitHub/MDMTSP-HSE-RESEARCH/results/runs/research_until_25000/cheapest_insertion_2opt/research/group_04/g04_i02_c1000_d5_m19_random/20260508T010559Z__research_until_25000__cheapest_insertion_2opt__g04_i02_c1000_d5_m19_random__seed_42__7e07e1f9d48f.json,skip,,customer_count>10
/Users/mrggrm/Documents/GitHub/MDMTSP-HSE-RESEARCH/results/runs/research_until_25000/cheapest_insertion_2opt/research/group_04/g04_i03_c1000_d7_m19_random/20260508T010559Z__research_until_25000__cheapest_insertion_2opt__g04_i03_c1000_d7_m19_random__seed_42__278700da664c.json,skip,,customer_count>10
/Users/mrggrm/Documents/GitHub/MDMTSP-HSE-RESEARCH/results/runs/research_until_25000/cheapest_insertion_2opt/research/group_04/g04_i04_c1000_d7_m12_random/20260508T010559Z__research_until_25000__cheapest_insertion_2opt__g04_i04_c1000_d7_m12_random__seed_42__28763e34e3b6.json,skip,,customer_count>10
/Users/mrggrm/Documents/GitHub/MDMTSP-HSE-RESEARCH/results/runs/research_until_25000/cheapest_insertion_2opt/research/group_04/g04_i05_c1000_d10_m23_random/20260508T010559Z__research_until_25000__cheapest_insertion_2opt__g04_i05_c1000_d10_m23_random__seed_42__849419577074.json,skip,,customer_count>10
/Users/mrggrm/Documents/GitHub/MDMTSP-HSE-RESEARCH/results/runs/research_until_25000/cheapest_insertion_2opt/research/group_05/g05_i01_c10000_d1_m6_random/20260508T010559Z__research_until_25000__cheapest_insertion_2opt__g05_i01_c10000_d1_m6_random__seed_42__58684d7eb920.json,skip,,customer_count>10
/Users/mrggrm/Documents/GitHub/MDMTSP-HSE-RESEARCH/results/runs/research_until_25000/cheapest_insertion_2opt/research/group_05/g05_i02_c10000_d2_m9_random/20260508T010636Z__research_until_25000__cheapest_insertion_2opt__g05_i02_c10000_d2_m9_random__seed_42__6d6cdf255cb9.json,skip,,customer_count>10
/Users/mrggrm/Documents/GitHub/MDMTSP-HSE-RESEARCH/results/runs/research_until_25000/cheapest_insertion_2opt/research/group_05/g05_i03_c10000_d3_m18_random/20260508T010658Z__research_until_25000__cheapest_insertion_2opt__g05_i03_c10000_d3_m18_random__seed_42__5696a20fa7d6.json,skip,,customer_count>10
/Users/mrggrm/Documents/GitHub/MDMTSP-HSE-RESEARCH/results/runs/research_until_25000/cheapest_insertion_2opt/research/group_05/g05_i04_c10000_d1_m8_random/20260508T010711Z__research_until_25000__cheapest_insertion_2opt__g05_i04_c10000_d1_m8_random__seed_42__ef8da31bdfc2.json,skip,,customer_count>10
/Users/mrggrm/Documents/GitHub/MDMTSP-HSE-RESEARCH/results/runs/research_until_25000/cheapest_insertion_2opt/research/group_05/g05_i05_c10000_d2_m9_random/20260508T010732Z__research_until_25000__cheapest_insertion_2opt__g05_i05_c10000_d2_m9_random__seed_42__04c3a1081fdd.json,skip,,customer_count>10
/Users/mrggrm/Documents/GitHub/MDMTSP-HSE-RESEARCH/results/runs/research_until_25000/cheapest_insertion_2opt/research/group_06/g06_i01_c10000_d7_m16_clustered/20260508T010748Z__research_until_25000__cheapest_insertion_2opt__g06_i01_c10000_d7_m16_clustered__seed_42__138090fdc262.json,skip,,customer_count>10
/Users/mrggrm/Documents/GitHub/MDMTSP-HSE-RESEARCH/results/runs/research_until_25000/cheapest_insertion_2opt/research/group_06/g06_i02_c10000_d6_m41_clustered/20260508T010800Z__research_until_25000__cheapest_insertion_2opt__g06_i02_c10000_d6_m41_clustered__seed_42__893438ef85d6.json,skip,,customer_count>10
/Users/mrggrm/Documents/GitHub/MDMTSP-HSE-RESEARCH/results/runs/research_until_25000/cheapest_insertion_2opt/research/group_06/g06_i03_c10000_d10_m79_grid/20260508T010805Z__research_until_25000__cheapest_insertion_2opt__g06_i03_c10000_d10_m79_grid__seed_42__6142d1ea839f.json,skip,,customer_count>10
/Users/mrggrm/Documents/GitHub/MDMTSP-HSE-RESEARCH/results/runs/research_until_25000/cheapest_insertion_2opt/research/group_06/g06_i04_c10000_d7_m15_grid/20260508T010806Z__research_until_25000__cheapest_insertion_2opt__g06_i04_c10000_d7_m15_grid__seed_42__78d5e9fec302.json,skip,,customer_count>10
/Users/mrggrm/Documents/GitHub/MDMTSP-HSE-RESEARCH/results/runs/research_until_25000/cheapest_insertion_2opt/research/group_06/g06_i05_c10000_d7_m15_adversarial/20260508T010810Z__research_until_25000__cheapest_insertion_2opt__g06_i05_c10000_d7_m15_adversarial__seed_42__d34fc2b7b0c3.json,skip,,customer_count>10
/Users/mrggrm/Documents/GitHub/MDMTSP-HSE-RESEARCH/results/runs/research_until_25000/cheapest_insertion_2opt/research/group_06/g06_i06_c10000_d7_m33_adversarial/20260508T010905Z__research_until_25000__cheapest_insertion_2opt__g06_i06_c10000_d7_m33_adversarial__seed_42__a1efbaa8b83e.json,skip,,customer_count>10
/Users/mrggrm/Documents/GitHub/MDMTSP-HSE-RESEARCH/results/runs/research_until_25000/cheapest_insertion_2opt/research/group_06/g06_i07_c10000_d10_m70_line/20260508T010913Z__research_until_25000__cheapest_insertion_2opt__g06_i07_c10000_d10_m70_line__seed_42__b8fa13d36a11.json,skip,,customer_count>10
/Users/mrggrm/Documents/GitHub/MDMTSP-HSE-RESEARCH/results/runs/research_until_25000/cheapest_insertion_2opt/research/group_06/g06_i08_c10000_d7_m45_line/20260508T010917Z__research_until_25000__cheapest_insertion_2opt__g06_i08_c10000_d7_m45_line__seed_42__637ee65fd54d.json,skip,,customer_count>10
/Users/mrggrm/Documents/GitHub/MDMTSP-HSE-RESEARCH/results/runs/research_until_25000/cheapest_insertion_2opt/research/group_07/g07_i01_c25000_d9_m20_random/20260508T010919Z__research_until_25000__cheapest_insertion_2opt__g07_i01_c25000_d9_m20_random__seed_42__49b5853e2154.json,skip,,customer_count>10
/Users/mrggrm/Documents/GitHub/MDMTSP-HSE-RESEARCH/results/runs/research_until_25000/cheapest_insertion_2opt/research/group_07/g07_i02_c25000_d5_m26_random/20260508T011230Z__research_until_25000__cheapest_insertion_2opt__g07_i02_c25000_d5_m26_random__seed_42__7e9b5a70be33.json,skip,,customer_count>10
/Users/mrggrm/Documents/GitHub/MDMTSP-HSE-RESEARCH/results/runs/research_until_25000/cheapest_insertion_tabu/research/group_01/g01_i01_c10_d1_m3_random/20260508T013314Z__research_until_25000__cheapest_insertion_tabu__g01_i01_c10_d1_m3_random__seed_42__2b49208770a1.json,rendered,/Users/mrggrm/Documents/GitHub/MDMTSP-HSE-RESEARCH/.ci-artifacts/plots/solutions/research_until_25000/cheapest_insertion_tabu/research/group_01/g01_i01_c10_d1_m3_random/20260508T013314Z__research_until_25000__cheapest_insertion_tabu__g01_i01_c10_d1_m3_random__seed_42__2b49208770a1.png,
/Users/mrggrm/Documents/GitHub/MDMTSP-HSE-RESEARCH/results/runs/research_until_25000/cheapest_insertion_tabu/research/group_01/g01_i02_c10_d1_m3_random/20260508T013314Z__research_until_25000__cheapest_insertion_tabu__g01_i02_c10_d1_m3_random__seed_42__8bed90334051.json,rendered,/Users/mrggrm/Documents/GitHub/MDMTSP-HSE-RESEARCH/.ci-artifacts/plots/solutions/research_until_25000/cheapest_insertion_tabu/research/group_01/g01_i02_c10_d1_m3_random/20260508T013314Z__research_until_25000__cheapest_insertion_tabu__g01_i02_c10_d1_m3_random__seed_42__8bed90334051.png,
/Users/mrggrm/Documents/GitHub/MDMTSP-HSE-RESEARCH/results/runs/research_until_25000/cheapest_insertion_tabu/research/group_01/g01_i03_c10_d2_m6_random/20260508T013314Z__research_until_25000__cheapest_insertion_tabu__g01_i03_c10_d2_m6_random__seed_42__a1799f3dabdc.json,rendered,/Users/mrggrm/Documents/GitHub/MDMTSP-HSE-RESEARCH/.ci-artifacts/plots/solutions/research_until_25000/cheapest_insertion_tabu/research/group_01/g01_i03_c10_d2_m6_random/20260508T013314Z__research_until_25000__cheapest_insertion_tabu__g01_i03_c10_d2_m6_random__seed_42__a1799f3dabdc.png,
/Users/mrggrm/Documents/GitHub/MDMTSP-HSE-RESEARCH/results/runs/research_until_25000/cheapest_insertion_tabu/research/group_01/g01_i04_c10_d2_m5_random/20260508T013314Z__research_until_25000__cheapest_insertion_tabu__g01_i04_c10_d2_m5_random__seed_42__942255a0e714.json,rendered,/Users/mrggrm/Documents/GitHub/MDMTSP-HSE-RESEARCH/.ci-artifacts/plots/solutions/research_until_25000/cheapest_insertion_tabu/research/group_01/g01_i04_c10_d2_m5_random/20260508T013314Z__research_until_25000__cheapest_insertion_tabu__g01_i04_c10_d2_m5_random__seed_42__942255a0e714.png,
/Users/mrggrm/Documents/GitHub/MDMTSP-HSE-RESEARCH/results/runs/research_until_25000/cheapest_insertion_tabu/research/group_01/g01_i05_c10_d2_m4_random/20260508T013314Z__research_until_25000__cheapest_insertion_tabu__g01_i05_c10_d2_m4_random__seed_42__91721e219a03.json,rendered,/Users/mrggrm/Documents/GitHub/MDMTSP-HSE-RESEARCH/.ci-artifacts/plots/solutions/research_until_25000/cheapest_insertion_tabu/research/group_01/g01_i05_c10_d2_m4_random/20260508T013314Z__research_until_25000__cheapest_insertion_tabu__g01_i05_c10_d2_m4_random__seed_42__91721e219a03.png,
/Users/mrggrm/Documents/GitHub/MDMTSP-HSE-RESEARCH/results/runs/research_until_25000/cheapest_insertion_tabu/research/group_01/g01_i06_c10_d3_m4_random/20260508T013314Z__research_until_25000__cheapest_insertion_tabu__g01_i06_c10_d3_m4_random__seed_42__8d1ea4d9f4b6.json,rendered,/Users/mrggrm/Documents/GitHub/MDMTSP-HSE-RESEARCH/.ci-artifacts/plots/solutions/research_until_25000/cheapest_insertion_tabu/research/group_01/g01_i06_c10_d3_m4_random/20260508T013314Z__research_until_25000__cheapest_insertion_tabu__g01_i06_c10_d3_m4_random__seed_42__8d1ea4d9f4b6.png,
/Users/mrggrm/Documents/GitHub/MDMTSP-HSE-RESEARCH/results/runs/research_until_25000/cheapest_insertion_tabu/research/group_01/g01_i07_c10_d3_m5_random/20260508T013314Z__research_until_25000__cheapest_insertion_tabu__g01_i07_c10_d3_m5_random__seed_42__fa5ee145008c.json,rendered,/Users/mrggrm/Documents/GitHub/MDMTSP-HSE-RESEARCH/.ci-artifacts/plots/solutions/research_until_25000/cheapest_insertion_tabu/research/group_01/g01_i07_c10_d3_m5_random/20260508T013314Z__research_until_25000__cheapest_insertion_tabu__g01_i07_c10_d3_m5_random__seed_42__fa5ee145008c.png,
/Users/mrggrm/Documents/GitHub/MDMTSP-HSE-RESEARCH/results/runs/research_until_25000/cheapest_insertion_tabu/research/group_01/g01_i08_c10_d2_m2_random/20260508T013314Z__research_until_25000__cheapest_insertion_tabu__g01_i08_c10_d2_m2_random__seed_42__114813bddf3f.json,rendered,/Users/mrggrm/Documents/GitHub/MDMTSP-HSE-RESEARCH/.ci-artifacts/plots/solutions/research_until_25000/cheapest_insertion_tabu/research/group_01/g01_i08_c10_d2_m2_random/20260508T013314Z__research_until_25000__cheapest_insertion_tabu__g01_i08_c10_d2_m2_random__seed_42__114813bddf3f.png,
/Users/mrggrm/Documents/GitHub/MDMTSP-HSE-RESEARCH/results/runs/research_until_25000/cheapest_insertion_tabu/research/group_01/g01_i09_c10_d3_m3_random/20260508T013314Z__research_until_25000__cheapest_insertion_tabu__g01_i09_c10_d3_m3_random__seed_42__932dacfae1eb.json,rendered,/Users/mrggrm/Documents/GitHub/MDMTSP-HSE-RESEARCH/.ci-artifacts/plots/solutions/research_until_25000/cheapest_insertion_tabu/research/group_01/g01_i09_c10_d3_m3_random/20260508T013314Z__research_until_25000__cheapest_insertion_tabu__g01_i09_c10_d3_m3_random__seed_42__932dacfae1eb.png,
/Users/mrggrm/Documents/GitHub/MDMTSP-HSE-RESEARCH/results/runs/research_until_25000/cheapest_insertion_tabu/research/group_01/g01_i10_c10_d1_m1_random/20260508T013314Z__research_until_25000__cheapest_insertion_tabu__g01_i10_c10_d1_m1_random__seed_42__47778cdde702.json,rendered,/Users/mrggrm/Documents/GitHub/MDMTSP-HSE-RESEARCH/.ci-artifacts/plots/solutions/research_until_25000/cheapest_insertion_tabu/research/group_01/g01_i10_c10_d1_m1_random/20260508T013314Z__research_until_25000__cheapest_insertion_tabu__g01_i10_c10_d1_m1_random__seed_42__47778cdde702.png,
/Users/mrggrm/Documents/GitHub/MDMTSP-HSE-RESEARCH/results/runs/research_until_25000/cheapest_insertion_tabu/research/group_02/g02_i01_c50_d5_m23_random/20260508T013314Z__research_until_25000__cheapest_insertion_tabu__g02_i01_c50_d5_m23_random__seed_42__6d4c4ecc2f53.json,skip,,customer_count>10
/Users/mrggrm/Documents/GitHub/MDMTSP-HSE-RESEARCH/results/runs/research_until_25000/cheapest_insertion_tabu/research/group_02/g02_i02_c50_d3_m3_random/20260508T013314Z__research_until_25000__cheapest_insertion_tabu__g02_i02_c50_d3_m3_random__seed_42__3b6af6f7f401.json,skip,,customer_count>10
/Users/mrggrm/Documents/GitHub/MDMTSP-HSE-RESEARCH/results/runs/research_until_25000/cheapest_insertion_tabu/research/group_02/g02_i03_c50_d4_m19_random/20260508T013314Z__research_until_25000__cheapest_insertion_tabu__g02_i03_c50_d4_m19_random__seed_42__768e1c4ef8d0.json,skip,,customer_count>10
/Users/mrggrm/Documents/GitHub/MDMTSP-HSE-RESEARCH/results/runs/research_until_25000/cheapest_insertion_tabu/research/group_02/g02_i04_c50_d4_m10_random/20260508T013314Z__research_until_25000__cheapest_insertion_tabu__g02_i04_c50_d4_m10_random__seed_42__68a7bd8ec952.json,skip,,customer_count>10
/Users/mrggrm/Documents/GitHub/MDMTSP-HSE-RESEARCH/results/runs/research_until_25000/cheapest_insertion_tabu/research/group_02/g02_i05_c50_d3_m7_random/20260508T013314Z__research_until_25000__cheapest_insertion_tabu__g02_i05_c50_d3_m7_random__seed_42__5a9000efed2c.json,skip,,customer_count>10
/Users/mrggrm/Documents/GitHub/MDMTSP-HSE-RESEARCH/results/runs/research_until_25000/cheapest_insertion_tabu/research/group_02/g02_i06_c50_d4_m6_random/20260508T013314Z__research_until_25000__cheapest_insertion_tabu__g02_i06_c50_d4_m6_random__seed_42__95f759598e75.json,skip,,customer_count>10
/Users/mrggrm/Documents/GitHub/MDMTSP-HSE-RESEARCH/results/runs/research_until_25000/cheapest_insertion_tabu/research/group_02/g02_i07_c50_d4_m5_random/20260508T013314Z__research_until_25000__cheapest_insertion_tabu__g02_i07_c50_d4_m5_random__seed_42__b28810dae59e.json,skip,,customer_count>10
/Users/mrggrm/Documents/GitHub/MDMTSP-HSE-RESEARCH/results/runs/research_until_25000/cheapest_insertion_tabu/research/group_02/g02_i08_c50_d4_m11_random/20260508T013314Z__research_until_25000__cheapest_insertion_tabu__g02_i08_c50_d4_m11_random__seed_42__49c7239d2824.json,skip,,customer_count>10
/Users/mrggrm/Documents/GitHub/MDMTSP-HSE-RESEARCH/results/runs/research_until_25000/cheapest_insertion_tabu/research/group_02/g02_i09_c50_d5_m10_random/20260508T013314Z__research_until_25000__cheapest_insertion_tabu__g02_i09_c50_d5_m10_random__seed_42__3b36841a36a8.json,skip,,customer_count>10
/Users/mrggrm/Documents/GitHub/MDMTSP-HSE-RESEARCH/results/runs/research_until_25000/cheapest_insertion_tabu/research/group_02/g02_i10_c50_d4_m20_random/20260508T013314Z__research_until_25000__cheapest_insertion_tabu__g02_i10_c50_d4_m20_random__seed_42__6de0d73451ef.json,skip,,customer_count>10
/Users/mrggrm/Documents/GitHub/MDMTSP-HSE-RESEARCH/results/runs/research_until_25000/cheapest_insertion_tabu/research/group_03/g03_i01_c500_d5_m21_random/20260508T013314Z__research_until_25000__cheapest_insertion_tabu__g03_i01_c500_d5_m21_random__seed_42__fd05b4c80360.json,skip,,customer_count>10
/Users/mrggrm/Documents/GitHub/MDMTSP-HSE-RESEARCH/results/runs/research_until_25000/cheapest_insertion_tabu/research/group_03/g03_i02_c500_d3_m10_random/20260508T013314Z__research_until_25000__cheapest_insertion_tabu__g03_i02_c500_d3_m10_random__seed_42__84613cad2ab9.json,skip,,customer_count>10
/Users/mrggrm/Documents/GitHub/MDMTSP-HSE-RESEARCH/results/runs/research_until_25000/cheapest_insertion_tabu/research/group_03/g03_i03_c500_d3_m12_random/20260508T013314Z__research_until_25000__cheapest_insertion_tabu__g03_i03_c500_d3_m12_random__seed_42__ad92db7b7ed3.json,skip,,customer_count>10
/Users/mrggrm/Documents/GitHub/MDMTSP-HSE-RESEARCH/results/runs/research_until_25000/cheapest_insertion_tabu/research/group_03/g03_i04_c500_d5_m19_random/20260508T013314Z__research_until_25000__cheapest_insertion_tabu__g03_i04_c500_d5_m19_random__seed_42__1b3b686784ba.json,skip,,customer_count>10
/Users/mrggrm/Documents/GitHub/MDMTSP-HSE-RESEARCH/results/runs/research_until_25000/cheapest_insertion_tabu/research/group_03/g03_i05_c500_d3_m6_random/20260508T013314Z__research_until_25000__cheapest_insertion_tabu__g03_i05_c500_d3_m6_random__seed_42__c626595d4836.json,skip,,customer_count>10
/Users/mrggrm/Documents/GitHub/MDMTSP-HSE-RESEARCH/results/runs/research_until_25000/cheapest_insertion_tabu/research/group_03/g03_i06_c500_d3_m3_random/20260508T013314Z__research_until_25000__cheapest_insertion_tabu__g03_i06_c500_d3_m3_random__seed_42__f85d52ded5a1.json,skip,,customer_count>10
/Users/mrggrm/Documents/GitHub/MDMTSP-HSE-RESEARCH/results/runs/research_until_25000/cheapest_insertion_tabu/research/group_03/g03_i07_c500_d5_m20_random/20260508T013314Z__research_until_25000__cheapest_insertion_tabu__g03_i07_c500_d5_m20_random__seed_42__ccfef369f642.json,skip,,customer_count>10
/Users/mrggrm/Documents/GitHub/MDMTSP-HSE-RESEARCH/results/runs/research_until_25000/cheapest_insertion_tabu/research/group_03/g03_i08_c500_d3_m7_random/20260508T013314Z__research_until_25000__cheapest_insertion_tabu__g03_i08_c500_d3_m7_random__seed_42__d900a8484b5e.json,skip,,customer_count>10
/Users/mrggrm/Documents/GitHub/MDMTSP-HSE-RESEARCH/results/runs/research_until_25000/cheapest_insertion_tabu/research/group_03/g03_i09_c500_d4_m8_random/20260508T013314Z__research_until_25000__cheapest_insertion_tabu__g03_i09_c500_d4_m8_random__seed_42__0f181d604f33.json,skip,,customer_count>10
/Users/mrggrm/Documents/GitHub/MDMTSP-HSE-RESEARCH/results/runs/research_until_25000/cheapest_insertion_tabu/research/group_03/g03_i10_c500_d5_m18_random/20260508T013314Z__research_until_25000__cheapest_insertion_tabu__g03_i10_c500_d5_m18_random__seed_42__9a37c23084d7.json,skip,,customer_count>10
/Users/mrggrm/Documents/GitHub/MDMTSP-HSE-RESEARCH/results/runs/research_until_25000/cheapest_insertion_tabu/research/group_04/g04_i01_c1000_d6_m11_random/20260508T013314Z__research_until_25000__cheapest_insertion_tabu__g04_i01_c1000_d6_m11_random__seed_42__ea095f173ece.json,skip,,customer_count>10
/Users/mrggrm/Documents/GitHub/MDMTSP-HSE-RESEARCH/results/runs/research_until_25000/cheapest_insertion_tabu/research/group_04/g04_i02_c1000_d5_m19_random/20260508T013314Z__research_until_25000__cheapest_insertion_tabu__g04_i02_c1000_d5_m19_random__seed_42__4ae4f16a56d2.json,skip,,customer_count>10
/Users/mrggrm/Documents/GitHub/MDMTSP-HSE-RESEARCH/results/runs/research_until_25000/cheapest_insertion_tabu/research/group_04/g04_i03_c1000_d7_m19_random/20260508T013314Z__research_until_25000__cheapest_insertion_tabu__g04_i03_c1000_d7_m19_random__seed_42__e1ba2cdd58ff.json,skip,,customer_count>10
/Users/mrggrm/Documents/GitHub/MDMTSP-HSE-RESEARCH/results/runs/research_until_25000/cheapest_insertion_tabu/research/group_04/g04_i04_c1000_d7_m12_random/20260508T013314Z__research_until_25000__cheapest_insertion_tabu__g04_i04_c1000_d7_m12_random__seed_42__0618a2f91964.json,skip,,customer_count>10
/Users/mrggrm/Documents/GitHub/MDMTSP-HSE-RESEARCH/results/runs/research_until_25000/cheapest_insertion_tabu/research/group_04/g04_i05_c1000_d10_m23_random/20260508T013314Z__research_until_25000__cheapest_insertion_tabu__g04_i05_c1000_d10_m23_random__seed_42__6957db8dc414.json,skip,,customer_count>10
/Users/mrggrm/Documents/GitHub/MDMTSP-HSE-RESEARCH/results/runs/research_until_25000/cheapest_insertion_tabu/research/group_05/g05_i01_c10000_d1_m6_random/20260508T013314Z__research_until_25000__cheapest_insertion_tabu__g05_i01_c10000_d1_m6_random__seed_42__6857e3ad11c1.json,skip,,customer_count>10
/Users/mrggrm/Documents/GitHub/MDMTSP-HSE-RESEARCH/results/runs/research_until_25000/cheapest_insertion_tabu/research/group_05/g05_i02_c10000_d2_m9_random/20260508T013352Z__research_until_25000__cheapest_insertion_tabu__g05_i02_c10000_d2_m9_random__seed_42__f2e9b825149e.json,skip,,customer_count>10
/Users/mrggrm/Documents/GitHub/MDMTSP-HSE-RESEARCH/results/runs/research_until_25000/cheapest_insertion_tabu/research/group_05/g05_i03_c10000_d3_m18_random/20260508T013414Z__research_until_25000__cheapest_insertion_tabu__g05_i03_c10000_d3_m18_random__seed_42__f64a3556a2b0.json,skip,,customer_count>10
/Users/mrggrm/Documents/GitHub/MDMTSP-HSE-RESEARCH/results/runs/research_until_25000/cheapest_insertion_tabu/research/group_05/g05_i04_c10000_d1_m8_random/20260508T013427Z__research_until_25000__cheapest_insertion_tabu__g05_i04_c10000_d1_m8_random__seed_42__00562b7d602c.json,skip,,customer_count>10
/Users/mrggrm/Documents/GitHub/MDMTSP-HSE-RESEARCH/results/runs/research_until_25000/cheapest_insertion_tabu/research/group_05/g05_i05_c10000_d2_m9_random/20260508T013447Z__research_until_25000__cheapest_insertion_tabu__g05_i05_c10000_d2_m9_random__seed_42__cf3cc444f911.json,skip,,customer_count>10
/Users/mrggrm/Documents/GitHub/MDMTSP-HSE-RESEARCH/results/runs/research_until_25000/cheapest_insertion_tabu/research/group_06/g06_i01_c10000_d7_m16_clustered/20260508T013503Z__research_until_25000__cheapest_insertion_tabu__g06_i01_c10000_d7_m16_clustered__seed_42__69960929e18e.json,skip,,customer_count>10
/Users/mrggrm/Documents/GitHub/MDMTSP-HSE-RESEARCH/results/runs/research_until_25000/cheapest_insertion_tabu/research/group_06/g06_i02_c10000_d6_m41_clustered/20260508T013516Z__research_until_25000__cheapest_insertion_tabu__g06_i02_c10000_d6_m41_clustered__seed_42__c43ae31d18dd.json,skip,,customer_count>10
/Users/mrggrm/Documents/GitHub/MDMTSP-HSE-RESEARCH/results/runs/research_until_25000/cheapest_insertion_tabu/research/group_06/g06_i03_c10000_d10_m79_grid/20260508T013521Z__research_until_25000__cheapest_insertion_tabu__g06_i03_c10000_d10_m79_grid__seed_42__fa3b77b494a0.json,skip,,customer_count>10
/Users/mrggrm/Documents/GitHub/MDMTSP-HSE-RESEARCH/results/runs/research_until_25000/cheapest_insertion_tabu/research/group_06/g06_i04_c10000_d7_m15_grid/20260508T013522Z__research_until_25000__cheapest_insertion_tabu__g06_i04_c10000_d7_m15_grid__seed_42__50d80aa9f5ab.json,skip,,customer_count>10
/Users/mrggrm/Documents/GitHub/MDMTSP-HSE-RESEARCH/results/runs/research_until_25000/cheapest_insertion_tabu/research/group_06/g06_i05_c10000_d7_m15_adversarial/20260508T013526Z__research_until_25000__cheapest_insertion_tabu__g06_i05_c10000_d7_m15_adversarial__seed_42__5524d181d6f0.json,skip,,customer_count>10
/Users/mrggrm/Documents/GitHub/MDMTSP-HSE-RESEARCH/results/runs/research_until_25000/cheapest_insertion_tabu/research/group_06/g06_i06_c10000_d7_m33_adversarial/20260508T013620Z__research_until_25000__cheapest_insertion_tabu__g06_i06_c10000_d7_m33_adversarial__seed_42__c6c8f25a8f0e.json,skip,,customer_count>10
/Users/mrggrm/Documents/GitHub/MDMTSP-HSE-RESEARCH/results/runs/research_until_25000/cheapest_insertion_tabu/research/group_06/g06_i07_c10000_d10_m70_line/20260508T013629Z__research_until_25000__cheapest_insertion_tabu__g06_i07_c10000_d10_m70_line__seed_42__fc1083d02469.json,skip,,customer_count>10
/Users/mrggrm/Documents/GitHub/MDMTSP-HSE-RESEARCH/results/runs/research_until_25000/cheapest_insertion_tabu/research/group_06/g06_i08_c10000_d7_m45_line/20260508T013632Z__research_until_25000__cheapest_insertion_tabu__g06_i08_c10000_d7_m45_line__seed_42__730e00e0ffa2.json,skip,,customer_count>10
/Users/mrggrm/Documents/GitHub/MDMTSP-HSE-RESEARCH/results/runs/research_until_25000/cheapest_insertion_tabu/research/group_07/g07_i01_c25000_d9_m20_random/20260508T013634Z__research_until_25000__cheapest_insertion_tabu__g07_i01_c25000_d9_m20_random__seed_42__ff449a4fc4ca.json,skip,,customer_count>10
/Users/mrggrm/Documents/GitHub/MDMTSP-HSE-RESEARCH/results/runs/research_until_25000/cheapest_insertion_tabu/research/group_07/g07_i02_c25000_d5_m26_random/20260508T013948Z__research_until_25000__cheapest_insertion_tabu__g07_i02_c25000_d5_m26_random__seed_42__60872c2e9728.json,skip,,customer_count>10
/Users/mrggrm/Documents/GitHub/MDMTSP-HSE-RESEARCH/results/runs/research_until_25000/cheapest_insertion_vnd/research/group_01/g01_i01_c10_d1_m3_random/20260508T011339Z__research_until_25000__cheapest_insertion_vnd__g01_i01_c10_d1_m3_random__seed_42__0f438db0a79d.json,rendered,/Users/mrggrm/Documents/GitHub/MDMTSP-HSE-RESEARCH/.ci-artifacts/plots/solutions/research_until_25000/cheapest_insertion_vnd/research/group_01/g01_i01_c10_d1_m3_random/20260508T011339Z__research_until_25000__cheapest_insertion_vnd__g01_i01_c10_d1_m3_random__seed_42__0f438db0a79d.png,
/Users/mrggrm/Documents/GitHub/MDMTSP-HSE-RESEARCH/results/runs/research_until_25000/cheapest_insertion_vnd/research/group_01/g01_i02_c10_d1_m3_random/20260508T011339Z__research_until_25000__cheapest_insertion_vnd__g01_i02_c10_d1_m3_random__seed_42__2c92c75dd689.json,rendered,/Users/mrggrm/Documents/GitHub/MDMTSP-HSE-RESEARCH/.ci-artifacts/plots/solutions/research_until_25000/cheapest_insertion_vnd/research/group_01/g01_i02_c10_d1_m3_random/20260508T011339Z__research_until_25000__cheapest_insertion_vnd__g01_i02_c10_d1_m3_random__seed_42__2c92c75dd689.png,
/Users/mrggrm/Documents/GitHub/MDMTSP-HSE-RESEARCH/results/runs/research_until_25000/cheapest_insertion_vnd/research/group_01/g01_i03_c10_d2_m6_random/20260508T011339Z__research_until_25000__cheapest_insertion_vnd__g01_i03_c10_d2_m6_random__seed_42__fefdd4f54622.json,rendered,/Users/mrggrm/Documents/GitHub/MDMTSP-HSE-RESEARCH/.ci-artifacts/plots/solutions/research_until_25000/cheapest_insertion_vnd/research/group_01/g01_i03_c10_d2_m6_random/20260508T011339Z__research_until_25000__cheapest_insertion_vnd__g01_i03_c10_d2_m6_random__seed_42__fefdd4f54622.png,
/Users/mrggrm/Documents/GitHub/MDMTSP-HSE-RESEARCH/results/runs/research_until_25000/cheapest_insertion_vnd/research/group_01/g01_i04_c10_d2_m5_random/20260508T011339Z__research_until_25000__cheapest_insertion_vnd__g01_i04_c10_d2_m5_random__seed_42__41e3321e0428.json,rendered,/Users/mrggrm/Documents/GitHub/MDMTSP-HSE-RESEARCH/.ci-artifacts/plots/solutions/research_until_25000/cheapest_insertion_vnd/research/group_01/g01_i04_c10_d2_m5_random/20260508T011339Z__research_until_25000__cheapest_insertion_vnd__g01_i04_c10_d2_m5_random__seed_42__41e3321e0428.png,
/Users/mrggrm/Documents/GitHub/MDMTSP-HSE-RESEARCH/results/runs/research_until_25000/cheapest_insertion_vnd/research/group_01/g01_i05_c10_d2_m4_random/20260508T011339Z__research_until_25000__cheapest_insertion_vnd__g01_i05_c10_d2_m4_random__seed_42__15f74a615957.json,rendered,/Users/mrggrm/Documents/GitHub/MDMTSP-HSE-RESEARCH/.ci-artifacts/plots/solutions/research_until_25000/cheapest_insertion_vnd/research/group_01/g01_i05_c10_d2_m4_random/20260508T011339Z__research_until_25000__cheapest_insertion_vnd__g01_i05_c10_d2_m4_random__seed_42__15f74a615957.png,
/Users/mrggrm/Documents/GitHub/MDMTSP-HSE-RESEARCH/results/runs/research_until_25000/cheapest_insertion_vnd/research/group_01/g01_i06_c10_d3_m4_random/20260508T011339Z__research_until_25000__cheapest_insertion_vnd__g01_i06_c10_d3_m4_random__seed_42__28b8687cc904.json,rendered,/Users/mrggrm/Documents/GitHub/MDMTSP-HSE-RESEARCH/.ci-artifacts/plots/solutions/research_until_25000/cheapest_insertion_vnd/research/group_01/g01_i06_c10_d3_m4_random/20260508T011339Z__research_until_25000__cheapest_insertion_vnd__g01_i06_c10_d3_m4_random__seed_42__28b8687cc904.png,
/Users/mrggrm/Documents/GitHub/MDMTSP-HSE-RESEARCH/results/runs/research_until_25000/cheapest_insertion_vnd/research/group_01/g01_i07_c10_d3_m5_random/20260508T011339Z__research_until_25000__cheapest_insertion_vnd__g01_i07_c10_d3_m5_random__seed_42__a26102e72228.json,rendered,/Users/mrggrm/Documents/GitHub/MDMTSP-HSE-RESEARCH/.ci-artifacts/plots/solutions/research_until_25000/cheapest_insertion_vnd/research/group_01/g01_i07_c10_d3_m5_random/20260508T011339Z__research_until_25000__cheapest_insertion_vnd__g01_i07_c10_d3_m5_random__seed_42__a26102e72228.png,
/Users/mrggrm/Documents/GitHub/MDMTSP-HSE-RESEARCH/results/runs/research_until_25000/cheapest_insertion_vnd/research/group_01/g01_i08_c10_d2_m2_random/20260508T011339Z__research_until_25000__cheapest_insertion_vnd__g01_i08_c10_d2_m2_random__seed_42__e7275a8b2fc1.json,rendered,/Users/mrggrm/Documents/GitHub/MDMTSP-HSE-RESEARCH/.ci-artifacts/plots/solutions/research_until_25000/cheapest_insertion_vnd/research/group_01/g01_i08_c10_d2_m2_random/20260508T011339Z__research_until_25000__cheapest_insertion_vnd__g01_i08_c10_d2_m2_random__seed_42__e7275a8b2fc1.png,
/Users/mrggrm/Documents/GitHub/MDMTSP-HSE-RESEARCH/results/runs/research_until_25000/cheapest_insertion_vnd/research/group_01/g01_i09_c10_d3_m3_random/20260508T011339Z__research_until_25000__cheapest_insertion_vnd__g01_i09_c10_d3_m3_random__seed_42__2bbb91b52e3d.json,rendered,/Users/mrggrm/Documents/GitHub/MDMTSP-HSE-RESEARCH/.ci-artifacts/plots/solutions/research_until_25000/cheapest_insertion_vnd/research/group_01/g01_i09_c10_d3_m3_random/20260508T011339Z__research_until_25000__cheapest_insertion_vnd__g01_i09_c10_d3_m3_random__seed_42__2bbb91b52e3d.png,
/Users/mrggrm/Documents/GitHub/MDMTSP-HSE-RESEARCH/results/runs/research_until_25000/cheapest_insertion_vnd/research/group_01/g01_i10_c10_d1_m1_random/20260508T011339Z__research_until_25000__cheapest_insertion_vnd__g01_i10_c10_d1_m1_random__seed_42__4b5404eec9da.json,rendered,/Users/mrggrm/Documents/GitHub/MDMTSP-HSE-RESEARCH/.ci-artifacts/plots/solutions/research_until_25000/cheapest_insertion_vnd/research/group_01/g01_i10_c10_d1_m1_random/20260508T011339Z__research_until_25000__cheapest_insertion_vnd__g01_i10_c10_d1_m1_random__seed_42__4b5404eec9da.png,
/Users/mrggrm/Documents/GitHub/MDMTSP-HSE-RESEARCH/results/runs/research_until_25000/cheapest_insertion_vnd/research/group_02/g02_i01_c50_d5_m23_random/20260508T011339Z__research_until_25000__cheapest_insertion_vnd__g02_i01_c50_d5_m23_random__seed_42__836c3eb15645.json,skip,,customer_count>10
/Users/mrggrm/Documents/GitHub/MDMTSP-HSE-RESEARCH/results/runs/research_until_25000/cheapest_insertion_vnd/research/group_02/g02_i02_c50_d3_m3_random/20260508T011339Z__research_until_25000__cheapest_insertion_vnd__g02_i02_c50_d3_m3_random__seed_42__64d324425791.json,skip,,customer_count>10
/Users/mrggrm/Documents/GitHub/MDMTSP-HSE-RESEARCH/results/runs/research_until_25000/cheapest_insertion_vnd/research/group_02/g02_i03_c50_d4_m19_random/20260508T011339Z__research_until_25000__cheapest_insertion_vnd__g02_i03_c50_d4_m19_random__seed_42__45fc56aceb3a.json,skip,,customer_count>10
/Users/mrggrm/Documents/GitHub/MDMTSP-HSE-RESEARCH/results/runs/research_until_25000/cheapest_insertion_vnd/research/group_02/g02_i04_c50_d4_m10_random/20260508T011339Z__research_until_25000__cheapest_insertion_vnd__g02_i04_c50_d4_m10_random__seed_42__b3a57eccf46e.json,skip,,customer_count>10
/Users/mrggrm/Documents/GitHub/MDMTSP-HSE-RESEARCH/results/runs/research_until_25000/cheapest_insertion_vnd/research/group_02/g02_i05_c50_d3_m7_random/20260508T011339Z__research_until_25000__cheapest_insertion_vnd__g02_i05_c50_d3_m7_random__seed_42__e434808e5562.json,skip,,customer_count>10
/Users/mrggrm/Documents/GitHub/MDMTSP-HSE-RESEARCH/results/runs/research_until_25000/cheapest_insertion_vnd/research/group_02/g02_i06_c50_d4_m6_random/20260508T011340Z__research_until_25000__cheapest_insertion_vnd__g02_i06_c50_d4_m6_random__seed_42__67abe03dd540.json,skip,,customer_count>10
/Users/mrggrm/Documents/GitHub/MDMTSP-HSE-RESEARCH/results/runs/research_until_25000/cheapest_insertion_vnd/research/group_02/g02_i07_c50_d4_m5_random/20260508T011340Z__research_until_25000__cheapest_insertion_vnd__g02_i07_c50_d4_m5_random__seed_42__ccd259640ccd.json,skip,,customer_count>10
/Users/mrggrm/Documents/GitHub/MDMTSP-HSE-RESEARCH/results/runs/research_until_25000/cheapest_insertion_vnd/research/group_02/g02_i08_c50_d4_m11_random/20260508T011340Z__research_until_25000__cheapest_insertion_vnd__g02_i08_c50_d4_m11_random__seed_42__dd18e247642b.json,skip,,customer_count>10
/Users/mrggrm/Documents/GitHub/MDMTSP-HSE-RESEARCH/results/runs/research_until_25000/cheapest_insertion_vnd/research/group_02/g02_i09_c50_d5_m10_random/20260508T011340Z__research_until_25000__cheapest_insertion_vnd__g02_i09_c50_d5_m10_random__seed_42__14bc0fdd824a.json,skip,,customer_count>10
/Users/mrggrm/Documents/GitHub/MDMTSP-HSE-RESEARCH/results/runs/research_until_25000/cheapest_insertion_vnd/research/group_02/g02_i10_c50_d4_m20_random/20260508T011340Z__research_until_25000__cheapest_insertion_vnd__g02_i10_c50_d4_m20_random__seed_42__c0d49facddae.json,skip,,customer_count>10
/Users/mrggrm/Documents/GitHub/MDMTSP-HSE-RESEARCH/results/runs/research_until_25000/cheapest_insertion_vnd/research/group_03/g03_i01_c500_d5_m21_random/20260508T011340Z__research_until_25000__cheapest_insertion_vnd__g03_i01_c500_d5_m21_random__seed_42__e64ebbbbc145.json,skip,,customer_count>10
/Users/mrggrm/Documents/GitHub/MDMTSP-HSE-RESEARCH/results/runs/research_until_25000/cheapest_insertion_vnd/research/group_03/g03_i02_c500_d3_m10_random/20260508T011350Z__research_until_25000__cheapest_insertion_vnd__g03_i02_c500_d3_m10_random__seed_42__17687e1f8619.json,skip,,customer_count>10
/Users/mrggrm/Documents/GitHub/MDMTSP-HSE-RESEARCH/results/runs/research_until_25000/cheapest_insertion_vnd/research/group_03/g03_i03_c500_d3_m12_random/20260508T011359Z__research_until_25000__cheapest_insertion_vnd__g03_i03_c500_d3_m12_random__seed_42__0890d427a3e4.json,skip,,customer_count>10
/Users/mrggrm/Documents/GitHub/MDMTSP-HSE-RESEARCH/results/runs/research_until_25000/cheapest_insertion_vnd/research/group_03/g03_i04_c500_d5_m19_random/20260508T011408Z__research_until_25000__cheapest_insertion_vnd__g03_i04_c500_d5_m19_random__seed_42__fafbe1f8a7a9.json,skip,,customer_count>10
/Users/mrggrm/Documents/GitHub/MDMTSP-HSE-RESEARCH/results/runs/research_until_25000/cheapest_insertion_vnd/research/group_03/g03_i05_c500_d3_m6_random/20260508T011418Z__research_until_25000__cheapest_insertion_vnd__g03_i05_c500_d3_m6_random__seed_42__13f7a2e9bcfd.json,skip,,customer_count>10
/Users/mrggrm/Documents/GitHub/MDMTSP-HSE-RESEARCH/results/runs/research_until_25000/cheapest_insertion_vnd/research/group_03/g03_i06_c500_d3_m3_random/20260508T011426Z__research_until_25000__cheapest_insertion_vnd__g03_i06_c500_d3_m3_random__seed_42__1dd26e45b028.json,skip,,customer_count>10
/Users/mrggrm/Documents/GitHub/MDMTSP-HSE-RESEARCH/results/runs/research_until_25000/cheapest_insertion_vnd/research/group_03/g03_i07_c500_d5_m20_random/20260508T011433Z__research_until_25000__cheapest_insertion_vnd__g03_i07_c500_d5_m20_random__seed_42__45e1a149e4c2.json,skip,,customer_count>10
/Users/mrggrm/Documents/GitHub/MDMTSP-HSE-RESEARCH/results/runs/research_until_25000/cheapest_insertion_vnd/research/group_03/g03_i08_c500_d3_m7_random/20260508T011443Z__research_until_25000__cheapest_insertion_vnd__g03_i08_c500_d3_m7_random__seed_42__532603f7e0cf.json,skip,,customer_count>10
/Users/mrggrm/Documents/GitHub/MDMTSP-HSE-RESEARCH/results/runs/research_until_25000/cheapest_insertion_vnd/research/group_03/g03_i09_c500_d4_m8_random/20260508T011451Z__research_until_25000__cheapest_insertion_vnd__g03_i09_c500_d4_m8_random__seed_42__31b0817b99c6.json,skip,,customer_count>10
/Users/mrggrm/Documents/GitHub/MDMTSP-HSE-RESEARCH/results/runs/research_until_25000/cheapest_insertion_vnd/research/group_03/g03_i10_c500_d5_m18_random/20260508T011500Z__research_until_25000__cheapest_insertion_vnd__g03_i10_c500_d5_m18_random__seed_42__df70f44b2170.json,skip,,customer_count>10
/Users/mrggrm/Documents/GitHub/MDMTSP-HSE-RESEARCH/results/runs/research_until_25000/cheapest_insertion_vnd/research/group_04/g04_i01_c1000_d6_m11_random/20260508T011510Z__research_until_25000__cheapest_insertion_vnd__g04_i01_c1000_d6_m11_random__seed_42__b43c7658696f.json,skip,,customer_count>10
/Users/mrggrm/Documents/GitHub/MDMTSP-HSE-RESEARCH/results/runs/research_until_25000/cheapest_insertion_vnd/research/group_04/g04_i02_c1000_d5_m19_random/20260508T011615Z__research_until_25000__cheapest_insertion_vnd__g04_i02_c1000_d5_m19_random__seed_42__34b4d00b764d.json,skip,,customer_count>10
/Users/mrggrm/Documents/GitHub/MDMTSP-HSE-RESEARCH/results/runs/research_until_25000/cheapest_insertion_vnd/research/group_04/g04_i03_c1000_d7_m19_random/20260508T011727Z__research_until_25000__cheapest_insertion_vnd__g04_i03_c1000_d7_m19_random__seed_42__486fcb543ea8.json,skip,,customer_count>10
/Users/mrggrm/Documents/GitHub/MDMTSP-HSE-RESEARCH/results/runs/research_until_25000/cheapest_insertion_vnd/research/group_04/g04_i04_c1000_d7_m12_random/20260508T011839Z__research_until_25000__cheapest_insertion_vnd__g04_i04_c1000_d7_m12_random__seed_42__ec810f87e72d.json,skip,,customer_count>10
/Users/mrggrm/Documents/GitHub/MDMTSP-HSE-RESEARCH/results/runs/research_until_25000/cheapest_insertion_vnd/research/group_04/g04_i05_c1000_d10_m23_random/20260508T011944Z__research_until_25000__cheapest_insertion_vnd__g04_i05_c1000_d10_m23_random__seed_42__7b3fa5b39447.json,skip,,customer_count>10
/Users/mrggrm/Documents/GitHub/MDMTSP-HSE-RESEARCH/results/runs/research_until_25000/nearest_neighbour/research/group_01/g01_i01_c10_d1_m3_random/20260506T005728Z__research_until_25000__nearest_neighbour__g01_i01_c10_d1_m3_random__seed_42__3c6f54ee967a.json,rendered,/Users/mrggrm/Documents/GitHub/MDMTSP-HSE-RESEARCH/.ci-artifacts/plots/solutions/research_until_25000/nearest_neighbour/research/group_01/g01_i01_c10_d1_m3_random/20260506T005728Z__research_until_25000__nearest_neighbour__g01_i01_c10_d1_m3_random__seed_42__3c6f54ee967a.png,
/Users/mrggrm/Documents/GitHub/MDMTSP-HSE-RESEARCH/results/runs/research_until_25000/nearest_neighbour/research/group_01/g01_i02_c10_d1_m3_random/20260506T005729Z__research_until_25000__nearest_neighbour__g01_i02_c10_d1_m3_random__seed_42__98fa1ddb3ac8.json,rendered,/Users/mrggrm/Documents/GitHub/MDMTSP-HSE-RESEARCH/.ci-artifacts/plots/solutions/research_until_25000/nearest_neighbour/research/group_01/g01_i02_c10_d1_m3_random/20260506T005729Z__research_until_25000__nearest_neighbour__g01_i02_c10_d1_m3_random__seed_42__98fa1ddb3ac8.png,
/Users/mrggrm/Documents/GitHub/MDMTSP-HSE-RESEARCH/results/runs/research_until_25000/nearest_neighbour/research/group_01/g01_i03_c10_d2_m6_random/20260506T005729Z__research_until_25000__nearest_neighbour__g01_i03_c10_d2_m6_random__seed_42__6df58036e153.json,rendered,/Users/mrggrm/Documents/GitHub/MDMTSP-HSE-RESEARCH/.ci-artifacts/plots/solutions/research_until_25000/nearest_neighbour/research/group_01/g01_i03_c10_d2_m6_random/20260506T005729Z__research_until_25000__nearest_neighbour__g01_i03_c10_d2_m6_random__seed_42__6df58036e153.png,
/Users/mrggrm/Documents/GitHub/MDMTSP-HSE-RESEARCH/results/runs/research_until_25000/nearest_neighbour/research/group_01/g01_i04_c10_d2_m5_random/20260506T005729Z__research_until_25000__nearest_neighbour__g01_i04_c10_d2_m5_random__seed_42__99441b762cec.json,rendered,/Users/mrggrm/Documents/GitHub/MDMTSP-HSE-RESEARCH/.ci-artifacts/plots/solutions/research_until_25000/nearest_neighbour/research/group_01/g01_i04_c10_d2_m5_random/20260506T005729Z__research_until_25000__nearest_neighbour__g01_i04_c10_d2_m5_random__seed_42__99441b762cec.png,
/Users/mrggrm/Documents/GitHub/MDMTSP-HSE-RESEARCH/results/runs/research_until_25000/nearest_neighbour/research/group_01/g01_i05_c10_d2_m4_random/20260506T005729Z__research_until_25000__nearest_neighbour__g01_i05_c10_d2_m4_random__seed_42__cc709894ca10.json,rendered,/Users/mrggrm/Documents/GitHub/MDMTSP-HSE-RESEARCH/.ci-artifacts/plots/solutions/research_until_25000/nearest_neighbour/research/group_01/g01_i05_c10_d2_m4_random/20260506T005729Z__research_until_25000__nearest_neighbour__g01_i05_c10_d2_m4_random__seed_42__cc709894ca10.png,
/Users/mrggrm/Documents/GitHub/MDMTSP-HSE-RESEARCH/results/runs/research_until_25000/nearest_neighbour/research/group_01/g01_i06_c10_d3_m4_random/20260506T005729Z__research_until_25000__nearest_neighbour__g01_i06_c10_d3_m4_random__seed_42__30779c289c94.json,rendered,/Users/mrggrm/Documents/GitHub/MDMTSP-HSE-RESEARCH/.ci-artifacts/plots/solutions/research_until_25000/nearest_neighbour/research/group_01/g01_i06_c10_d3_m4_random/20260506T005729Z__research_until_25000__nearest_neighbour__g01_i06_c10_d3_m4_random__seed_42__30779c289c94.png,
/Users/mrggrm/Documents/GitHub/MDMTSP-HSE-RESEARCH/results/runs/research_until_25000/nearest_neighbour/research/group_01/g01_i07_c10_d3_m5_random/20260506T005729Z__research_until_25000__nearest_neighbour__g01_i07_c10_d3_m5_random__seed_42__2002bdb72fd1.json,rendered,/Users/mrggrm/Documents/GitHub/MDMTSP-HSE-RESEARCH/.ci-artifacts/plots/solutions/research_until_25000/nearest_neighbour/research/group_01/g01_i07_c10_d3_m5_random/20260506T005729Z__research_until_25000__nearest_neighbour__g01_i07_c10_d3_m5_random__seed_42__2002bdb72fd1.png,
/Users/mrggrm/Documents/GitHub/MDMTSP-HSE-RESEARCH/results/runs/research_until_25000/nearest_neighbour/research/group_01/g01_i08_c10_d2_m2_random/20260506T005729Z__research_until_25000__nearest_neighbour__g01_i08_c10_d2_m2_random__seed_42__6a077f246743.json,rendered,/Users/mrggrm/Documents/GitHub/MDMTSP-HSE-RESEARCH/.ci-artifacts/plots/solutions/research_until_25000/nearest_neighbour/research/group_01/g01_i08_c10_d2_m2_random/20260506T005729Z__research_until_25000__nearest_neighbour__g01_i08_c10_d2_m2_random__seed_42__6a077f246743.png,
/Users/mrggrm/Documents/GitHub/MDMTSP-HSE-RESEARCH/results/runs/research_until_25000/nearest_neighbour/research/group_01/g01_i09_c10_d3_m3_random/20260506T005729Z__research_until_25000__nearest_neighbour__g01_i09_c10_d3_m3_random__seed_42__6a981815843a.json,rendered,/Users/mrggrm/Documents/GitHub/MDMTSP-HSE-RESEARCH/.ci-artifacts/plots/solutions/research_until_25000/nearest_neighbour/research/group_01/g01_i09_c10_d3_m3_random/20260506T005729Z__research_until_25000__nearest_neighbour__g01_i09_c10_d3_m3_random__seed_42__6a981815843a.png,
/Users/mrggrm/Documents/GitHub/MDMTSP-HSE-RESEARCH/results/runs/research_until_25000/nearest_neighbour/research/group_01/g01_i10_c10_d1_m1_random/20260506T005729Z__research_until_25000__nearest_neighbour__g01_i10_c10_d1_m1_random__seed_42__7adcdea62257.json,rendered,/Users/mrggrm/Documents/GitHub/MDMTSP-HSE-RESEARCH/.ci-artifacts/plots/solutions/research_until_25000/nearest_neighbour/research/group_01/g01_i10_c10_d1_m1_random/20260506T005729Z__research_until_25000__nearest_neighbour__g01_i10_c10_d1_m1_random__seed_42__7adcdea62257.png,
/Users/mrggrm/Documents/GitHub/MDMTSP-HSE-RESEARCH/results/runs/research_until_25000/nearest_neighbour/research/group_02/g02_i01_c50_d5_m23_random/20260506T005729Z__research_until_25000__nearest_neighbour__g02_i01_c50_d5_m23_random__seed_42__a8bff66ee14e.json,skip,,customer_count>10
/Users/mrggrm/Documents/GitHub/MDMTSP-HSE-RESEARCH/results/runs/research_until_25000/nearest_neighbour/research/group_02/g02_i02_c50_d3_m3_random/20260506T005729Z__research_until_25000__nearest_neighbour__g02_i02_c50_d3_m3_random__seed_42__4e09bbf38f2a.json,skip,,customer_count>10
/Users/mrggrm/Documents/GitHub/MDMTSP-HSE-RESEARCH/results/runs/research_until_25000/nearest_neighbour/research/group_02/g02_i03_c50_d4_m19_random/20260506T005729Z__research_until_25000__nearest_neighbour__g02_i03_c50_d4_m19_random__seed_42__79e220c97ab2.json,skip,,customer_count>10
/Users/mrggrm/Documents/GitHub/MDMTSP-HSE-RESEARCH/results/runs/research_until_25000/nearest_neighbour/research/group_02/g02_i04_c50_d4_m10_random/20260506T005729Z__research_until_25000__nearest_neighbour__g02_i04_c50_d4_m10_random__seed_42__caa4312edf9b.json,skip,,customer_count>10
/Users/mrggrm/Documents/GitHub/MDMTSP-HSE-RESEARCH/results/runs/research_until_25000/nearest_neighbour/research/group_02/g02_i05_c50_d3_m7_random/20260506T005729Z__research_until_25000__nearest_neighbour__g02_i05_c50_d3_m7_random__seed_42__173d77551ed4.json,skip,,customer_count>10
/Users/mrggrm/Documents/GitHub/MDMTSP-HSE-RESEARCH/results/runs/research_until_25000/nearest_neighbour/research/group_02/g02_i06_c50_d4_m6_random/20260506T005729Z__research_until_25000__nearest_neighbour__g02_i06_c50_d4_m6_random__seed_42__2e36dc932d47.json,skip,,customer_count>10
/Users/mrggrm/Documents/GitHub/MDMTSP-HSE-RESEARCH/results/runs/research_until_25000/nearest_neighbour/research/group_02/g02_i07_c50_d4_m5_random/20260506T005729Z__research_until_25000__nearest_neighbour__g02_i07_c50_d4_m5_random__seed_42__1a0307118195.json,skip,,customer_count>10
/Users/mrggrm/Documents/GitHub/MDMTSP-HSE-RESEARCH/results/runs/research_until_25000/nearest_neighbour/research/group_02/g02_i08_c50_d4_m11_random/20260506T005729Z__research_until_25000__nearest_neighbour__g02_i08_c50_d4_m11_random__seed_42__0fe0db5b56b4.json,skip,,customer_count>10
/Users/mrggrm/Documents/GitHub/MDMTSP-HSE-RESEARCH/results/runs/research_until_25000/nearest_neighbour/research/group_02/g02_i09_c50_d5_m10_random/20260506T005729Z__research_until_25000__nearest_neighbour__g02_i09_c50_d5_m10_random__seed_42__0e3b48fe0832.json,skip,,customer_count>10
/Users/mrggrm/Documents/GitHub/MDMTSP-HSE-RESEARCH/results/runs/research_until_25000/nearest_neighbour/research/group_02/g02_i10_c50_d4_m20_random/20260506T005729Z__research_until_25000__nearest_neighbour__g02_i10_c50_d4_m20_random__seed_42__0b70180f0759.json,skip,,customer_count>10
/Users/mrggrm/Documents/GitHub/MDMTSP-HSE-RESEARCH/results/runs/research_until_25000/nearest_neighbour/research/group_03/g03_i01_c500_d5_m21_random/20260506T005729Z__research_until_25000__nearest_neighbour__g03_i01_c500_d5_m21_random__seed_42__93003c0d4bd7.json,skip,,customer_count>10
/Users/mrggrm/Documents/GitHub/MDMTSP-HSE-RESEARCH/results/runs/research_until_25000/nearest_neighbour/research/group_03/g03_i02_c500_d3_m10_random/20260506T005729Z__research_until_25000__nearest_neighbour__g03_i02_c500_d3_m10_random__seed_42__38679b1479c3.json,skip,,customer_count>10
/Users/mrggrm/Documents/GitHub/MDMTSP-HSE-RESEARCH/results/runs/research_until_25000/nearest_neighbour/research/group_03/g03_i03_c500_d3_m12_random/20260506T005729Z__research_until_25000__nearest_neighbour__g03_i03_c500_d3_m12_random__seed_42__af94df4f3107.json,skip,,customer_count>10
/Users/mrggrm/Documents/GitHub/MDMTSP-HSE-RESEARCH/results/runs/research_until_25000/nearest_neighbour/research/group_03/g03_i04_c500_d5_m19_random/20260506T005729Z__research_until_25000__nearest_neighbour__g03_i04_c500_d5_m19_random__seed_42__3c76dced826a.json,skip,,customer_count>10
/Users/mrggrm/Documents/GitHub/MDMTSP-HSE-RESEARCH/results/runs/research_until_25000/nearest_neighbour/research/group_03/g03_i05_c500_d3_m6_random/20260506T005729Z__research_until_25000__nearest_neighbour__g03_i05_c500_d3_m6_random__seed_42__c5f2404a9293.json,skip,,customer_count>10
/Users/mrggrm/Documents/GitHub/MDMTSP-HSE-RESEARCH/results/runs/research_until_25000/nearest_neighbour/research/group_03/g03_i06_c500_d3_m3_random/20260506T005729Z__research_until_25000__nearest_neighbour__g03_i06_c500_d3_m3_random__seed_42__4cf0f18e16c1.json,skip,,customer_count>10
/Users/mrggrm/Documents/GitHub/MDMTSP-HSE-RESEARCH/results/runs/research_until_25000/nearest_neighbour/research/group_03/g03_i07_c500_d5_m20_random/20260506T005729Z__research_until_25000__nearest_neighbour__g03_i07_c500_d5_m20_random__seed_42__5fe68b5f2835.json,skip,,customer_count>10
/Users/mrggrm/Documents/GitHub/MDMTSP-HSE-RESEARCH/results/runs/research_until_25000/nearest_neighbour/research/group_03/g03_i08_c500_d3_m7_random/20260506T005729Z__research_until_25000__nearest_neighbour__g03_i08_c500_d3_m7_random__seed_42__757135793dd9.json,skip,,customer_count>10
/Users/mrggrm/Documents/GitHub/MDMTSP-HSE-RESEARCH/results/runs/research_until_25000/nearest_neighbour/research/group_03/g03_i09_c500_d4_m8_random/20260506T005729Z__research_until_25000__nearest_neighbour__g03_i09_c500_d4_m8_random__seed_42__2c1f67f087d3.json,skip,,customer_count>10
/Users/mrggrm/Documents/GitHub/MDMTSP-HSE-RESEARCH/results/runs/research_until_25000/nearest_neighbour/research/group_03/g03_i10_c500_d5_m18_random/20260506T005729Z__research_until_25000__nearest_neighbour__g03_i10_c500_d5_m18_random__seed_42__e0bab6c64f75.json,skip,,customer_count>10
/Users/mrggrm/Documents/GitHub/MDMTSP-HSE-RESEARCH/results/runs/research_until_25000/nearest_neighbour/research/group_04/g04_i01_c1000_d6_m11_random/20260506T005729Z__research_until_25000__nearest_neighbour__g04_i01_c1000_d6_m11_random__seed_42__d81ff50494d7.json,skip,,customer_count>10
/Users/mrggrm/Documents/GitHub/MDMTSP-HSE-RESEARCH/results/runs/research_until_25000/nearest_neighbour/research/group_04/g04_i02_c1000_d5_m19_random/20260506T005729Z__research_until_25000__nearest_neighbour__g04_i02_c1000_d5_m19_random__seed_42__404015c0fa92.json,skip,,customer_count>10
/Users/mrggrm/Documents/GitHub/MDMTSP-HSE-RESEARCH/results/runs/research_until_25000/nearest_neighbour/research/group_04/g04_i03_c1000_d7_m19_random/20260506T005729Z__research_until_25000__nearest_neighbour__g04_i03_c1000_d7_m19_random__seed_42__ad24bc5a3a2f.json,skip,,customer_count>10
/Users/mrggrm/Documents/GitHub/MDMTSP-HSE-RESEARCH/results/runs/research_until_25000/nearest_neighbour/research/group_04/g04_i04_c1000_d7_m12_random/20260506T005729Z__research_until_25000__nearest_neighbour__g04_i04_c1000_d7_m12_random__seed_42__39dbf43e5039.json,skip,,customer_count>10
/Users/mrggrm/Documents/GitHub/MDMTSP-HSE-RESEARCH/results/runs/research_until_25000/nearest_neighbour/research/group_04/g04_i05_c1000_d10_m23_random/20260506T005729Z__research_until_25000__nearest_neighbour__g04_i05_c1000_d10_m23_random__seed_42__9f086d719873.json,skip,,customer_count>10
/Users/mrggrm/Documents/GitHub/MDMTSP-HSE-RESEARCH/results/runs/research_until_25000/nearest_neighbour/research/group_05/g05_i01_c10000_d1_m6_random/20260506T005729Z__research_until_25000__nearest_neighbour__g05_i01_c10000_d1_m6_random__seed_42__61a4b77b3162.json,skip,,customer_count>10
/Users/mrggrm/Documents/GitHub/MDMTSP-HSE-RESEARCH/results/runs/research_until_25000/nearest_neighbour/research/group_05/g05_i02_c10000_d2_m9_random/20260506T005730Z__research_until_25000__nearest_neighbour__g05_i02_c10000_d2_m9_random__seed_42__43017b9bd3a5.json,skip,,customer_count>10
/Users/mrggrm/Documents/GitHub/MDMTSP-HSE-RESEARCH/results/runs/research_until_25000/nearest_neighbour/research/group_05/g05_i03_c10000_d3_m18_random/20260506T005730Z__research_until_25000__nearest_neighbour__g05_i03_c10000_d3_m18_random__seed_42__443b7fd3569e.json,skip,,customer_count>10
/Users/mrggrm/Documents/GitHub/MDMTSP-HSE-RESEARCH/results/runs/research_until_25000/nearest_neighbour/research/group_05/g05_i04_c10000_d1_m8_random/20260506T005730Z__research_until_25000__nearest_neighbour__g05_i04_c10000_d1_m8_random__seed_42__e5072bdc796a.json,skip,,customer_count>10
/Users/mrggrm/Documents/GitHub/MDMTSP-HSE-RESEARCH/results/runs/research_until_25000/nearest_neighbour/research/group_05/g05_i05_c10000_d2_m9_random/20260506T005731Z__research_until_25000__nearest_neighbour__g05_i05_c10000_d2_m9_random__seed_42__fa21df6a5d15.json,skip,,customer_count>10
/Users/mrggrm/Documents/GitHub/MDMTSP-HSE-RESEARCH/results/runs/research_until_25000/nearest_neighbour/research/group_06/g06_i01_c10000_d7_m16_clustered/20260506T005731Z__research_until_25000__nearest_neighbour__g06_i01_c10000_d7_m16_clustered__seed_42__94accbe03c36.json,skip,,customer_count>10
/Users/mrggrm/Documents/GitHub/MDMTSP-HSE-RESEARCH/results/runs/research_until_25000/nearest_neighbour/research/group_06/g06_i02_c10000_d6_m41_clustered/20260506T005732Z__research_until_25000__nearest_neighbour__g06_i02_c10000_d6_m41_clustered__seed_42__226b54c7ae26.json,skip,,customer_count>10
/Users/mrggrm/Documents/GitHub/MDMTSP-HSE-RESEARCH/results/runs/research_until_25000/nearest_neighbour/research/group_06/g06_i03_c10000_d10_m79_grid/20260506T005732Z__research_until_25000__nearest_neighbour__g06_i03_c10000_d10_m79_grid__seed_42__c29e5fb8410e.json,skip,,customer_count>10
/Users/mrggrm/Documents/GitHub/MDMTSP-HSE-RESEARCH/results/runs/research_until_25000/nearest_neighbour/research/group_06/g06_i04_c10000_d7_m15_grid/20260506T005733Z__research_until_25000__nearest_neighbour__g06_i04_c10000_d7_m15_grid__seed_42__ab983a58756c.json,skip,,customer_count>10
/Users/mrggrm/Documents/GitHub/MDMTSP-HSE-RESEARCH/results/runs/research_until_25000/nearest_neighbour/research/group_06/g06_i05_c10000_d7_m15_adversarial/20260506T005733Z__research_until_25000__nearest_neighbour__g06_i05_c10000_d7_m15_adversarial__seed_42__562832796539.json,skip,,customer_count>10
/Users/mrggrm/Documents/GitHub/MDMTSP-HSE-RESEARCH/results/runs/research_until_25000/nearest_neighbour/research/group_06/g06_i06_c10000_d7_m33_adversarial/20260506T005733Z__research_until_25000__nearest_neighbour__g06_i06_c10000_d7_m33_adversarial__seed_42__1e612ea41c38.json,skip,,customer_count>10
/Users/mrggrm/Documents/GitHub/MDMTSP-HSE-RESEARCH/results/runs/research_until_25000/nearest_neighbour/research/group_06/g06_i07_c10000_d10_m70_line/20260506T005734Z__research_until_25000__nearest_neighbour__g06_i07_c10000_d10_m70_line__seed_42__619abd7a7dc8.json,skip,,customer_count>10
/Users/mrggrm/Documents/GitHub/MDMTSP-HSE-RESEARCH/results/runs/research_until_25000/nearest_neighbour/research/group_06/g06_i08_c10000_d7_m45_line/20260506T005734Z__research_until_25000__nearest_neighbour__g06_i08_c10000_d7_m45_line__seed_42__05d22bb69fb1.json,skip,,customer_count>10
/Users/mrggrm/Documents/GitHub/MDMTSP-HSE-RESEARCH/results/runs/research_until_25000/nearest_neighbour/research/group_07/g07_i01_c25000_d9_m20_random/20260506T005735Z__research_until_25000__nearest_neighbour__g07_i01_c25000_d9_m20_random__seed_42__593c2d864dfc.json,skip,,customer_count>10
/Users/mrggrm/Documents/GitHub/MDMTSP-HSE-RESEARCH/results/runs/research_until_25000/nearest_neighbour/research/group_07/g07_i02_c25000_d5_m26_random/20260506T005740Z__research_until_25000__nearest_neighbour__g07_i02_c25000_d5_m26_random__seed_42__4fdd45a3320c.json,skip,,customer_count>10
/Users/mrggrm/Documents/GitHub/MDMTSP-HSE-RESEARCH/results/runs/research_until_25000/nearest_neighbour_2opt/research/group_01/g01_i01_c10_d1_m3_random/20260507T213427Z__research_until_25000__nearest_neighbour_2opt__g01_i01_c10_d1_m3_random__seed_42__8286a263234e.json,rendered,/Users/mrggrm/Documents/GitHub/MDMTSP-HSE-RESEARCH/.ci-artifacts/plots/solutions/research_until_25000/nearest_neighbour_2opt/research/group_01/g01_i01_c10_d1_m3_random/20260507T213427Z__research_until_25000__nearest_neighbour_2opt__g01_i01_c10_d1_m3_random__seed_42__8286a263234e.png,
/Users/mrggrm/Documents/GitHub/MDMTSP-HSE-RESEARCH/results/runs/research_until_25000/nearest_neighbour_2opt/research/group_01/g01_i01_c10_d1_m3_random/20260507T214045Z__research_until_25000__nearest_neighbour_2opt__g01_i01_c10_d1_m3_random__seed_42__217fbd80a2f4.json,rendered,/Users/mrggrm/Documents/GitHub/MDMTSP-HSE-RESEARCH/.ci-artifacts/plots/solutions/research_until_25000/nearest_neighbour_2opt/research/group_01/g01_i01_c10_d1_m3_random/20260507T214045Z__research_until_25000__nearest_neighbour_2opt__g01_i01_c10_d1_m3_random__seed_42__217fbd80a2f4.png,
/Users/mrggrm/Documents/GitHub/MDMTSP-HSE-RESEARCH/results/runs/research_until_25000/nearest_neighbour_2opt/research/group_01/g01_i02_c10_d1_m3_random/20260507T213428Z__research_until_25000__nearest_neighbour_2opt__g01_i02_c10_d1_m3_random__seed_42__8bd22fa550bb.json,rendered,/Users/mrggrm/Documents/GitHub/MDMTSP-HSE-RESEARCH/.ci-artifacts/plots/solutions/research_until_25000/nearest_neighbour_2opt/research/group_01/g01_i02_c10_d1_m3_random/20260507T213428Z__research_until_25000__nearest_neighbour_2opt__g01_i02_c10_d1_m3_random__seed_42__8bd22fa550bb.png,
/Users/mrggrm/Documents/GitHub/MDMTSP-HSE-RESEARCH/results/runs/research_until_25000/nearest_neighbour_2opt/research/group_01/g01_i02_c10_d1_m3_random/20260507T214045Z__research_until_25000__nearest_neighbour_2opt__g01_i02_c10_d1_m3_random__seed_42__6b22db8bf475.json,rendered,/Users/mrggrm/Documents/GitHub/MDMTSP-HSE-RESEARCH/.ci-artifacts/plots/solutions/research_until_25000/nearest_neighbour_2opt/research/group_01/g01_i02_c10_d1_m3_random/20260507T214045Z__research_until_25000__nearest_neighbour_2opt__g01_i02_c10_d1_m3_random__seed_42__6b22db8bf475.png,
/Users/mrggrm/Documents/GitHub/MDMTSP-HSE-RESEARCH/results/runs/research_until_25000/nearest_neighbour_2opt/research/group_01/g01_i03_c10_d2_m6_random/20260507T213428Z__research_until_25000__nearest_neighbour_2opt__g01_i03_c10_d2_m6_random__seed_42__5e0ad1497447.json,rendered,/Users/mrggrm/Documents/GitHub/MDMTSP-HSE-RESEARCH/.ci-artifacts/plots/solutions/research_until_25000/nearest_neighbour_2opt/research/group_01/g01_i03_c10_d2_m6_random/20260507T213428Z__research_until_25000__nearest_neighbour_2opt__g01_i03_c10_d2_m6_random__seed_42__5e0ad1497447.png,
/Users/mrggrm/Documents/GitHub/MDMTSP-HSE-RESEARCH/results/runs/research_until_25000/nearest_neighbour_2opt/research/group_01/g01_i03_c10_d2_m6_random/20260507T214045Z__research_until_25000__nearest_neighbour_2opt__g01_i03_c10_d2_m6_random__seed_42__b8bdf25e7207.json,rendered,/Users/mrggrm/Documents/GitHub/MDMTSP-HSE-RESEARCH/.ci-artifacts/plots/solutions/research_until_25000/nearest_neighbour_2opt/research/group_01/g01_i03_c10_d2_m6_random/20260507T214045Z__research_until_25000__nearest_neighbour_2opt__g01_i03_c10_d2_m6_random__seed_42__b8bdf25e7207.png,
/Users/mrggrm/Documents/GitHub/MDMTSP-HSE-RESEARCH/results/runs/research_until_25000/nearest_neighbour_2opt/research/group_01/g01_i04_c10_d2_m5_random/20260507T213428Z__research_until_25000__nearest_neighbour_2opt__g01_i04_c10_d2_m5_random__seed_42__59e94d737b29.json,rendered,/Users/mrggrm/Documents/GitHub/MDMTSP-HSE-RESEARCH/.ci-artifacts/plots/solutions/research_until_25000/nearest_neighbour_2opt/research/group_01/g01_i04_c10_d2_m5_random/20260507T213428Z__research_until_25000__nearest_neighbour_2opt__g01_i04_c10_d2_m5_random__seed_42__59e94d737b29.png,
/Users/mrggrm/Documents/GitHub/MDMTSP-HSE-RESEARCH/results/runs/research_until_25000/nearest_neighbour_2opt/research/group_01/g01_i04_c10_d2_m5_random/20260507T214045Z__research_until_25000__nearest_neighbour_2opt__g01_i04_c10_d2_m5_random__seed_42__7fabc2c746bf.json,rendered,/Users/mrggrm/Documents/GitHub/MDMTSP-HSE-RESEARCH/.ci-artifacts/plots/solutions/research_until_25000/nearest_neighbour_2opt/research/group_01/g01_i04_c10_d2_m5_random/20260507T214045Z__research_until_25000__nearest_neighbour_2opt__g01_i04_c10_d2_m5_random__seed_42__7fabc2c746bf.png,
/Users/mrggrm/Documents/GitHub/MDMTSP-HSE-RESEARCH/results/runs/research_until_25000/nearest_neighbour_2opt/research/group_01/g01_i05_c10_d2_m4_random/20260507T213428Z__research_until_25000__nearest_neighbour_2opt__g01_i05_c10_d2_m4_random__seed_42__a5eaef252aae.json,rendered,/Users/mrggrm/Documents/GitHub/MDMTSP-HSE-RESEARCH/.ci-artifacts/plots/solutions/research_until_25000/nearest_neighbour_2opt/research/group_01/g01_i05_c10_d2_m4_random/20260507T213428Z__research_until_25000__nearest_neighbour_2opt__g01_i05_c10_d2_m4_random__seed_42__a5eaef252aae.png,
/Users/mrggrm/Documents/GitHub/MDMTSP-HSE-RESEARCH/results/runs/research_until_25000/nearest_neighbour_2opt/research/group_01/g01_i05_c10_d2_m4_random/20260507T214045Z__research_until_25000__nearest_neighbour_2opt__g01_i05_c10_d2_m4_random__seed_42__f50968e9b5ad.json,rendered,/Users/mrggrm/Documents/GitHub/MDMTSP-HSE-RESEARCH/.ci-artifacts/plots/solutions/research_until_25000/nearest_neighbour_2opt/research/group_01/g01_i05_c10_d2_m4_random/20260507T214045Z__research_until_25000__nearest_neighbour_2opt__g01_i05_c10_d2_m4_random__seed_42__f50968e9b5ad.png,
/Users/mrggrm/Documents/GitHub/MDMTSP-HSE-RESEARCH/results/runs/research_until_25000/nearest_neighbour_2opt/research/group_01/g01_i06_c10_d3_m4_random/20260507T214045Z__research_until_25000__nearest_neighbour_2opt__g01_i06_c10_d3_m4_random__seed_42__8ac28ab02998.json,rendered,/Users/mrggrm/Documents/GitHub/MDMTSP-HSE-RESEARCH/.ci-artifacts/plots/solutions/research_until_25000/nearest_neighbour_2opt/research/group_01/g01_i06_c10_d3_m4_random/20260507T214045Z__research_until_25000__nearest_neighbour_2opt__g01_i06_c10_d3_m4_random__seed_42__8ac28ab02998.png,
/Users/mrggrm/Documents/GitHub/MDMTSP-HSE-RESEARCH/results/runs/research_until_25000/nearest_neighbour_2opt/research/group_01/g01_i07_c10_d3_m5_random/20260507T214045Z__research_until_25000__nearest_neighbour_2opt__g01_i07_c10_d3_m5_random__seed_42__edf395f76c52.json,rendered,/Users/mrggrm/Documents/GitHub/MDMTSP-HSE-RESEARCH/.ci-artifacts/plots/solutions/research_until_25000/nearest_neighbour_2opt/research/group_01/g01_i07_c10_d3_m5_random/20260507T214045Z__research_until_25000__nearest_neighbour_2opt__g01_i07_c10_d3_m5_random__seed_42__edf395f76c52.png,
/Users/mrggrm/Documents/GitHub/MDMTSP-HSE-RESEARCH/results/runs/research_until_25000/nearest_neighbour_2opt/research/group_01/g01_i08_c10_d2_m2_random/20260507T214045Z__research_until_25000__nearest_neighbour_2opt__g01_i08_c10_d2_m2_random__seed_42__171af18ee627.json,rendered,/Users/mrggrm/Documents/GitHub/MDMTSP-HSE-RESEARCH/.ci-artifacts/plots/solutions/research_until_25000/nearest_neighbour_2opt/research/group_01/g01_i08_c10_d2_m2_random/20260507T214045Z__research_until_25000__nearest_neighbour_2opt__g01_i08_c10_d2_m2_random__seed_42__171af18ee627.png,
/Users/mrggrm/Documents/GitHub/MDMTSP-HSE-RESEARCH/results/runs/research_until_25000/nearest_neighbour_2opt/research/group_01/g01_i09_c10_d3_m3_random/20260507T214045Z__research_until_25000__nearest_neighbour_2opt__g01_i09_c10_d3_m3_random__seed_42__ead9c3b08358.json,rendered,/Users/mrggrm/Documents/GitHub/MDMTSP-HSE-RESEARCH/.ci-artifacts/plots/solutions/research_until_25000/nearest_neighbour_2opt/research/group_01/g01_i09_c10_d3_m3_random/20260507T214045Z__research_until_25000__nearest_neighbour_2opt__g01_i09_c10_d3_m3_random__seed_42__ead9c3b08358.png,
/Users/mrggrm/Documents/GitHub/MDMTSP-HSE-RESEARCH/results/runs/research_until_25000/nearest_neighbour_2opt/research/group_01/g01_i10_c10_d1_m1_random/20260507T214045Z__research_until_25000__nearest_neighbour_2opt__g01_i10_c10_d1_m1_random__seed_42__5a22b2867bd0.json,rendered,/Users/mrggrm/Documents/GitHub/MDMTSP-HSE-RESEARCH/.ci-artifacts/plots/solutions/research_until_25000/nearest_neighbour_2opt/research/group_01/g01_i10_c10_d1_m1_random/20260507T214045Z__research_until_25000__nearest_neighbour_2opt__g01_i10_c10_d1_m1_random__seed_42__5a22b2867bd0.png,
/Users/mrggrm/Documents/GitHub/MDMTSP-HSE-RESEARCH/results/runs/research_until_25000/nearest_neighbour_2opt/research/group_02/g02_i01_c50_d5_m23_random/20260507T214045Z__research_until_25000__nearest_neighbour_2opt__g02_i01_c50_d5_m23_random__seed_42__c044fa3f86d4.json,skip,,customer_count>10
/Users/mrggrm/Documents/GitHub/MDMTSP-HSE-RESEARCH/results/runs/research_until_25000/nearest_neighbour_2opt/research/group_02/g02_i02_c50_d3_m3_random/20260507T214045Z__research_until_25000__nearest_neighbour_2opt__g02_i02_c50_d3_m3_random__seed_42__32ccf434a013.json,skip,,customer_count>10
/Users/mrggrm/Documents/GitHub/MDMTSP-HSE-RESEARCH/results/runs/research_until_25000/nearest_neighbour_2opt/research/group_02/g02_i03_c50_d4_m19_random/20260507T214045Z__research_until_25000__nearest_neighbour_2opt__g02_i03_c50_d4_m19_random__seed_42__861467566e4e.json,skip,,customer_count>10
/Users/mrggrm/Documents/GitHub/MDMTSP-HSE-RESEARCH/results/runs/research_until_25000/nearest_neighbour_2opt/research/group_02/g02_i04_c50_d4_m10_random/20260507T214045Z__research_until_25000__nearest_neighbour_2opt__g02_i04_c50_d4_m10_random__seed_42__691f680f0423.json,skip,,customer_count>10
/Users/mrggrm/Documents/GitHub/MDMTSP-HSE-RESEARCH/results/runs/research_until_25000/nearest_neighbour_2opt/research/group_02/g02_i05_c50_d3_m7_random/20260507T214045Z__research_until_25000__nearest_neighbour_2opt__g02_i05_c50_d3_m7_random__seed_42__ed14a2b8f2fc.json,skip,,customer_count>10
/Users/mrggrm/Documents/GitHub/MDMTSP-HSE-RESEARCH/results/runs/research_until_25000/nearest_neighbour_2opt/research/group_02/g02_i06_c50_d4_m6_random/20260507T214045Z__research_until_25000__nearest_neighbour_2opt__g02_i06_c50_d4_m6_random__seed_42__7cad5a2ed287.json,skip,,customer_count>10
/Users/mrggrm/Documents/GitHub/MDMTSP-HSE-RESEARCH/results/runs/research_until_25000/nearest_neighbour_2opt/research/group_02/g02_i07_c50_d4_m5_random/20260507T214045Z__research_until_25000__nearest_neighbour_2opt__g02_i07_c50_d4_m5_random__seed_42__c8c5e71a8b5a.json,skip,,customer_count>10
/Users/mrggrm/Documents/GitHub/MDMTSP-HSE-RESEARCH/results/runs/research_until_25000/nearest_neighbour_2opt/research/group_02/g02_i08_c50_d4_m11_random/20260507T214045Z__research_until_25000__nearest_neighbour_2opt__g02_i08_c50_d4_m11_random__seed_42__1409169e73f3.json,skip,,customer_count>10
/Users/mrggrm/Documents/GitHub/MDMTSP-HSE-RESEARCH/results/runs/research_until_25000/nearest_neighbour_2opt/research/group_02/g02_i09_c50_d5_m10_random/20260507T214045Z__research_until_25000__nearest_neighbour_2opt__g02_i09_c50_d5_m10_random__seed_42__40e413f14b13.json,skip,,customer_count>10
/Users/mrggrm/Documents/GitHub/MDMTSP-HSE-RESEARCH/results/runs/research_until_25000/nearest_neighbour_2opt/research/group_02/g02_i10_c50_d4_m20_random/20260507T214045Z__research_until_25000__nearest_neighbour_2opt__g02_i10_c50_d4_m20_random__seed_42__a9ba35ec7d85.json,skip,,customer_count>10
/Users/mrggrm/Documents/GitHub/MDMTSP-HSE-RESEARCH/results/runs/research_until_25000/nearest_neighbour_2opt/research/group_03/g03_i01_c500_d5_m21_random/20260507T214045Z__research_until_25000__nearest_neighbour_2opt__g03_i01_c500_d5_m21_random__seed_42__cafb2c22458a.json,skip,,customer_count>10
/Users/mrggrm/Documents/GitHub/MDMTSP-HSE-RESEARCH/results/runs/research_until_25000/nearest_neighbour_2opt/research/group_03/g03_i02_c500_d3_m10_random/20260507T214045Z__research_until_25000__nearest_neighbour_2opt__g03_i02_c500_d3_m10_random__seed_42__764b6d9e5251.json,skip,,customer_count>10
/Users/mrggrm/Documents/GitHub/MDMTSP-HSE-RESEARCH/results/runs/research_until_25000/nearest_neighbour_2opt/research/group_03/g03_i03_c500_d3_m12_random/20260507T214045Z__research_until_25000__nearest_neighbour_2opt__g03_i03_c500_d3_m12_random__seed_42__aa3b580d67fa.json,skip,,customer_count>10
/Users/mrggrm/Documents/GitHub/MDMTSP-HSE-RESEARCH/results/runs/research_until_25000/nearest_neighbour_2opt/research/group_03/g03_i04_c500_d5_m19_random/20260507T214045Z__research_until_25000__nearest_neighbour_2opt__g03_i04_c500_d5_m19_random__seed_42__6ed5d96139c1.json,skip,,customer_count>10
/Users/mrggrm/Documents/GitHub/MDMTSP-HSE-RESEARCH/results/runs/research_until_25000/nearest_neighbour_2opt/research/group_03/g03_i05_c500_d3_m6_random/20260507T214045Z__research_until_25000__nearest_neighbour_2opt__g03_i05_c500_d3_m6_random__seed_42__f8aeba4eef71.json,skip,,customer_count>10
/Users/mrggrm/Documents/GitHub/MDMTSP-HSE-RESEARCH/results/runs/research_until_25000/nearest_neighbour_2opt/research/group_03/g03_i06_c500_d3_m3_random/20260507T214045Z__research_until_25000__nearest_neighbour_2opt__g03_i06_c500_d3_m3_random__seed_42__bc1452ac49ef.json,skip,,customer_count>10
/Users/mrggrm/Documents/GitHub/MDMTSP-HSE-RESEARCH/results/runs/research_until_25000/nearest_neighbour_2opt/research/group_03/g03_i07_c500_d5_m20_random/20260507T214045Z__research_until_25000__nearest_neighbour_2opt__g03_i07_c500_d5_m20_random__seed_42__2da064f4103c.json,skip,,customer_count>10
/Users/mrggrm/Documents/GitHub/MDMTSP-HSE-RESEARCH/results/runs/research_until_25000/nearest_neighbour_2opt/research/group_03/g03_i08_c500_d3_m7_random/20260507T214045Z__research_until_25000__nearest_neighbour_2opt__g03_i08_c500_d3_m7_random__seed_42__988fdd93e0bb.json,skip,,customer_count>10
/Users/mrggrm/Documents/GitHub/MDMTSP-HSE-RESEARCH/results/runs/research_until_25000/nearest_neighbour_2opt/research/group_03/g03_i09_c500_d4_m8_random/20260507T214045Z__research_until_25000__nearest_neighbour_2opt__g03_i09_c500_d4_m8_random__seed_42__ee599a812cc2.json,skip,,customer_count>10
/Users/mrggrm/Documents/GitHub/MDMTSP-HSE-RESEARCH/results/runs/research_until_25000/nearest_neighbour_2opt/research/group_03/g03_i10_c500_d5_m18_random/20260507T214045Z__research_until_25000__nearest_neighbour_2opt__g03_i10_c500_d5_m18_random__seed_42__d9dc2f119d1e.json,skip,,customer_count>10
/Users/mrggrm/Documents/GitHub/MDMTSP-HSE-RESEARCH/results/runs/research_until_25000/nearest_neighbour_2opt/research/group_04/g04_i01_c1000_d6_m11_random/20260507T214045Z__research_until_25000__nearest_neighbour_2opt__g04_i01_c1000_d6_m11_random__seed_42__e77220d910a2.json,skip,,customer_count>10
/Users/mrggrm/Documents/GitHub/MDMTSP-HSE-RESEARCH/results/runs/research_until_25000/nearest_neighbour_2opt/research/group_04/g04_i02_c1000_d5_m19_random/20260507T214045Z__research_until_25000__nearest_neighbour_2opt__g04_i02_c1000_d5_m19_random__seed_42__055211db27e7.json,skip,,customer_count>10
/Users/mrggrm/Documents/GitHub/MDMTSP-HSE-RESEARCH/results/runs/research_until_25000/nearest_neighbour_2opt/research/group_04/g04_i03_c1000_d7_m19_random/20260507T214045Z__research_until_25000__nearest_neighbour_2opt__g04_i03_c1000_d7_m19_random__seed_42__b153f4fd42b5.json,skip,,customer_count>10
/Users/mrggrm/Documents/GitHub/MDMTSP-HSE-RESEARCH/results/runs/research_until_25000/nearest_neighbour_2opt/research/group_04/g04_i04_c1000_d7_m12_random/20260507T214045Z__research_until_25000__nearest_neighbour_2opt__g04_i04_c1000_d7_m12_random__seed_42__abd15adcd1bc.json,skip,,customer_count>10
/Users/mrggrm/Documents/GitHub/MDMTSP-HSE-RESEARCH/results/runs/research_until_25000/nearest_neighbour_2opt/research/group_04/g04_i05_c1000_d10_m23_random/20260507T214045Z__research_until_25000__nearest_neighbour_2opt__g04_i05_c1000_d10_m23_random__seed_42__f4a7bdd77472.json,skip,,customer_count>10
/Users/mrggrm/Documents/GitHub/MDMTSP-HSE-RESEARCH/results/runs/research_until_25000/nearest_neighbour_2opt/research/group_05/g05_i01_c10000_d1_m6_random/20260507T214045Z__research_until_25000__nearest_neighbour_2opt__g05_i01_c10000_d1_m6_random__seed_42__7cd4e26e5b13.json,skip,,customer_count>10
/Users/mrggrm/Documents/GitHub/MDMTSP-HSE-RESEARCH/results/runs/research_until_25000/nearest_neighbour_2opt/research/group_05/g05_i02_c10000_d2_m9_random/20260507T214046Z__research_until_25000__nearest_neighbour_2opt__g05_i02_c10000_d2_m9_random__seed_42__02430627cd1d.json,skip,,customer_count>10
/Users/mrggrm/Documents/GitHub/MDMTSP-HSE-RESEARCH/results/runs/research_until_25000/nearest_neighbour_2opt/research/group_05/g05_i03_c10000_d3_m18_random/20260507T214047Z__research_until_25000__nearest_neighbour_2opt__g05_i03_c10000_d3_m18_random__seed_42__97cd099b8d3d.json,skip,,customer_count>10
/Users/mrggrm/Documents/GitHub/MDMTSP-HSE-RESEARCH/results/runs/research_until_25000/nearest_neighbour_2opt/research/group_05/g05_i04_c10000_d1_m8_random/20260507T214048Z__research_until_25000__nearest_neighbour_2opt__g05_i04_c10000_d1_m8_random__seed_42__d378d1747ca0.json,skip,,customer_count>10
/Users/mrggrm/Documents/GitHub/MDMTSP-HSE-RESEARCH/results/runs/research_until_25000/nearest_neighbour_2opt/research/group_05/g05_i05_c10000_d2_m9_random/20260507T214049Z__research_until_25000__nearest_neighbour_2opt__g05_i05_c10000_d2_m9_random__seed_42__a7d6fadf6a87.json,skip,,customer_count>10
/Users/mrggrm/Documents/GitHub/MDMTSP-HSE-RESEARCH/results/runs/research_until_25000/nearest_neighbour_2opt/research/group_06/g06_i01_c10000_d7_m16_clustered/20260507T214049Z__research_until_25000__nearest_neighbour_2opt__g06_i01_c10000_d7_m16_clustered__seed_42__3039310446ff.json,skip,,customer_count>10
/Users/mrggrm/Documents/GitHub/MDMTSP-HSE-RESEARCH/results/runs/research_until_25000/nearest_neighbour_2opt/research/group_06/g06_i02_c10000_d6_m41_clustered/20260507T214050Z__research_until_25000__nearest_neighbour_2opt__g06_i02_c10000_d6_m41_clustered__seed_42__7e11a9ad03ef.json,skip,,customer_count>10
/Users/mrggrm/Documents/GitHub/MDMTSP-HSE-RESEARCH/results/runs/research_until_25000/nearest_neighbour_2opt/research/group_06/g06_i03_c10000_d10_m79_grid/20260507T214051Z__research_until_25000__nearest_neighbour_2opt__g06_i03_c10000_d10_m79_grid__seed_42__36317d8eef14.json,skip,,customer_count>10
/Users/mrggrm/Documents/GitHub/MDMTSP-HSE-RESEARCH/results/runs/research_until_25000/nearest_neighbour_2opt/research/group_06/g06_i04_c10000_d7_m15_grid/20260507T214052Z__research_until_25000__nearest_neighbour_2opt__g06_i04_c10000_d7_m15_grid__seed_42__af6b9a46c405.json,skip,,customer_count>10
/Users/mrggrm/Documents/GitHub/MDMTSP-HSE-RESEARCH/results/runs/research_until_25000/nearest_neighbour_2opt/research/group_06/g06_i05_c10000_d7_m15_adversarial/20260507T214053Z__research_until_25000__nearest_neighbour_2opt__g06_i05_c10000_d7_m15_adversarial__seed_42__9b465984302c.json,skip,,customer_count>10
/Users/mrggrm/Documents/GitHub/MDMTSP-HSE-RESEARCH/results/runs/research_until_25000/nearest_neighbour_2opt/research/group_06/g06_i06_c10000_d7_m33_adversarial/20260507T214053Z__research_until_25000__nearest_neighbour_2opt__g06_i06_c10000_d7_m33_adversarial__seed_42__595f8e78359a.json,skip,,customer_count>10
/Users/mrggrm/Documents/GitHub/MDMTSP-HSE-RESEARCH/results/runs/research_until_25000/nearest_neighbour_2opt/research/group_06/g06_i07_c10000_d10_m70_line/20260507T214054Z__research_until_25000__nearest_neighbour_2opt__g06_i07_c10000_d10_m70_line__seed_42__4d43907ea833.json,skip,,customer_count>10
/Users/mrggrm/Documents/GitHub/MDMTSP-HSE-RESEARCH/results/runs/research_until_25000/nearest_neighbour_2opt/research/group_06/g06_i08_c10000_d7_m45_line/20260507T214055Z__research_until_25000__nearest_neighbour_2opt__g06_i08_c10000_d7_m45_line__seed_42__fd3da2d0f639.json,skip,,customer_count>10
/Users/mrggrm/Documents/GitHub/MDMTSP-HSE-RESEARCH/results/runs/research_until_25000/nearest_neighbour_2opt/research/group_07/g07_i01_c25000_d9_m20_random/20260507T214056Z__research_until_25000__nearest_neighbour_2opt__g07_i01_c25000_d9_m20_random__seed_42__4db65bd7b7d0.json,skip,,customer_count>10
/Users/mrggrm/Documents/GitHub/MDMTSP-HSE-RESEARCH/results/runs/research_until_25000/nearest_neighbour_2opt/research/group_07/g07_i02_c25000_d5_m26_random/20260507T214104Z__research_until_25000__nearest_neighbour_2opt__g07_i02_c25000_d5_m26_random__seed_42__018cf169b6b1.json,skip,,customer_count>10
/Users/mrggrm/Documents/GitHub/MDMTSP-HSE-RESEARCH/results/runs/research_until_25000/nearest_neighbour_2opt_v2/research/group_01/g01_i01_c10_d1_m3_random/20260507T215601Z__research_until_25000__nearest_neighbour_2opt_v2__g01_i01_c10_d1_m3_random__seed_42__a172cf20c8c9.json,rendered,/Users/mrggrm/Documents/GitHub/MDMTSP-HSE-RESEARCH/.ci-artifacts/plots/solutions/research_until_25000/nearest_neighbour_2opt_v2/research/group_01/g01_i01_c10_d1_m3_random/20260507T215601Z__research_until_25000__nearest_neighbour_2opt_v2__g01_i01_c10_d1_m3_random__seed_42__a172cf20c8c9.png,
/Users/mrggrm/Documents/GitHub/MDMTSP-HSE-RESEARCH/results/runs/research_until_25000/nearest_neighbour_2opt_v2/research/group_01/g01_i02_c10_d1_m3_random/20260507T215601Z__research_until_25000__nearest_neighbour_2opt_v2__g01_i02_c10_d1_m3_random__seed_42__30a07c762d16.json,rendered,/Users/mrggrm/Documents/GitHub/MDMTSP-HSE-RESEARCH/.ci-artifacts/plots/solutions/research_until_25000/nearest_neighbour_2opt_v2/research/group_01/g01_i02_c10_d1_m3_random/20260507T215601Z__research_until_25000__nearest_neighbour_2opt_v2__g01_i02_c10_d1_m3_random__seed_42__30a07c762d16.png,
/Users/mrggrm/Documents/GitHub/MDMTSP-HSE-RESEARCH/results/runs/research_until_25000/nearest_neighbour_2opt_v2/research/group_01/g01_i03_c10_d2_m6_random/20260507T215601Z__research_until_25000__nearest_neighbour_2opt_v2__g01_i03_c10_d2_m6_random__seed_42__9f45dc6232b3.json,rendered,/Users/mrggrm/Documents/GitHub/MDMTSP-HSE-RESEARCH/.ci-artifacts/plots/solutions/research_until_25000/nearest_neighbour_2opt_v2/research/group_01/g01_i03_c10_d2_m6_random/20260507T215601Z__research_until_25000__nearest_neighbour_2opt_v2__g01_i03_c10_d2_m6_random__seed_42__9f45dc6232b3.png,
/Users/mrggrm/Documents/GitHub/MDMTSP-HSE-RESEARCH/results/runs/research_until_25000/nearest_neighbour_2opt_v2/research/group_01/g01_i04_c10_d2_m5_random/20260507T215601Z__research_until_25000__nearest_neighbour_2opt_v2__g01_i04_c10_d2_m5_random__seed_42__2a798bc585d3.json,rendered,/Users/mrggrm/Documents/GitHub/MDMTSP-HSE-RESEARCH/.ci-artifacts/plots/solutions/research_until_25000/nearest_neighbour_2opt_v2/research/group_01/g01_i04_c10_d2_m5_random/20260507T215601Z__research_until_25000__nearest_neighbour_2opt_v2__g01_i04_c10_d2_m5_random__seed_42__2a798bc585d3.png,
/Users/mrggrm/Documents/GitHub/MDMTSP-HSE-RESEARCH/results/runs/research_until_25000/nearest_neighbour_2opt_v2/research/group_01/g01_i05_c10_d2_m4_random/20260507T215601Z__research_until_25000__nearest_neighbour_2opt_v2__g01_i05_c10_d2_m4_random__seed_42__9aa23f83cdf1.json,rendered,/Users/mrggrm/Documents/GitHub/MDMTSP-HSE-RESEARCH/.ci-artifacts/plots/solutions/research_until_25000/nearest_neighbour_2opt_v2/research/group_01/g01_i05_c10_d2_m4_random/20260507T215601Z__research_until_25000__nearest_neighbour_2opt_v2__g01_i05_c10_d2_m4_random__seed_42__9aa23f83cdf1.png,
/Users/mrggrm/Documents/GitHub/MDMTSP-HSE-RESEARCH/results/runs/research_until_25000/nearest_neighbour_2opt_v2/research/group_01/g01_i06_c10_d3_m4_random/20260507T215601Z__research_until_25000__nearest_neighbour_2opt_v2__g01_i06_c10_d3_m4_random__seed_42__e6f6d8175883.json,rendered,/Users/mrggrm/Documents/GitHub/MDMTSP-HSE-RESEARCH/.ci-artifacts/plots/solutions/research_until_25000/nearest_neighbour_2opt_v2/research/group_01/g01_i06_c10_d3_m4_random/20260507T215601Z__research_until_25000__nearest_neighbour_2opt_v2__g01_i06_c10_d3_m4_random__seed_42__e6f6d8175883.png,
/Users/mrggrm/Documents/GitHub/MDMTSP-HSE-RESEARCH/results/runs/research_until_25000/nearest_neighbour_2opt_v2/research/group_01/g01_i07_c10_d3_m5_random/20260507T215601Z__research_until_25000__nearest_neighbour_2opt_v2__g01_i07_c10_d3_m5_random__seed_42__ee632eaf600c.json,rendered,/Users/mrggrm/Documents/GitHub/MDMTSP-HSE-RESEARCH/.ci-artifacts/plots/solutions/research_until_25000/nearest_neighbour_2opt_v2/research/group_01/g01_i07_c10_d3_m5_random/20260507T215601Z__research_until_25000__nearest_neighbour_2opt_v2__g01_i07_c10_d3_m5_random__seed_42__ee632eaf600c.png,
/Users/mrggrm/Documents/GitHub/MDMTSP-HSE-RESEARCH/results/runs/research_until_25000/nearest_neighbour_2opt_v2/research/group_01/g01_i08_c10_d2_m2_random/20260507T215601Z__research_until_25000__nearest_neighbour_2opt_v2__g01_i08_c10_d2_m2_random__seed_42__76c4acc41357.json,rendered,/Users/mrggrm/Documents/GitHub/MDMTSP-HSE-RESEARCH/.ci-artifacts/plots/solutions/research_until_25000/nearest_neighbour_2opt_v2/research/group_01/g01_i08_c10_d2_m2_random/20260507T215601Z__research_until_25000__nearest_neighbour_2opt_v2__g01_i08_c10_d2_m2_random__seed_42__76c4acc41357.png,
/Users/mrggrm/Documents/GitHub/MDMTSP-HSE-RESEARCH/results/runs/research_until_25000/nearest_neighbour_2opt_v2/research/group_01/g01_i09_c10_d3_m3_random/20260507T215601Z__research_until_25000__nearest_neighbour_2opt_v2__g01_i09_c10_d3_m3_random__seed_42__642660e35b81.json,rendered,/Users/mrggrm/Documents/GitHub/MDMTSP-HSE-RESEARCH/.ci-artifacts/plots/solutions/research_until_25000/nearest_neighbour_2opt_v2/research/group_01/g01_i09_c10_d3_m3_random/20260507T215601Z__research_until_25000__nearest_neighbour_2opt_v2__g01_i09_c10_d3_m3_random__seed_42__642660e35b81.png,
/Users/mrggrm/Documents/GitHub/MDMTSP-HSE-RESEARCH/results/runs/research_until_25000/nearest_neighbour_2opt_v2/research/group_01/g01_i10_c10_d1_m1_random/20260507T215601Z__research_until_25000__nearest_neighbour_2opt_v2__g01_i10_c10_d1_m1_random__seed_42__b7f473b15eb4.json,rendered,/Users/mrggrm/Documents/GitHub/MDMTSP-HSE-RESEARCH/.ci-artifacts/plots/solutions/research_until_25000/nearest_neighbour_2opt_v2/research/group_01/g01_i10_c10_d1_m1_random/20260507T215601Z__research_until_25000__nearest_neighbour_2opt_v2__g01_i10_c10_d1_m1_random__seed_42__b7f473b15eb4.png,
/Users/mrggrm/Documents/GitHub/MDMTSP-HSE-RESEARCH/results/runs/research_until_25000/nearest_neighbour_2opt_v2/research/group_02/g02_i01_c50_d5_m23_random/20260507T215601Z__research_until_25000__nearest_neighbour_2opt_v2__g02_i01_c50_d5_m23_random__seed_42__38dbf7c789ac.json,skip,,customer_count>10
/Users/mrggrm/Documents/GitHub/MDMTSP-HSE-RESEARCH/results/runs/research_until_25000/nearest_neighbour_2opt_v2/research/group_02/g02_i02_c50_d3_m3_random/20260507T215601Z__research_until_25000__nearest_neighbour_2opt_v2__g02_i02_c50_d3_m3_random__seed_42__a1b54445616f.json,skip,,customer_count>10
/Users/mrggrm/Documents/GitHub/MDMTSP-HSE-RESEARCH/results/runs/research_until_25000/nearest_neighbour_2opt_v2/research/group_02/g02_i03_c50_d4_m19_random/20260507T215601Z__research_until_25000__nearest_neighbour_2opt_v2__g02_i03_c50_d4_m19_random__seed_42__7ef972fa037f.json,skip,,customer_count>10
/Users/mrggrm/Documents/GitHub/MDMTSP-HSE-RESEARCH/results/runs/research_until_25000/nearest_neighbour_2opt_v2/research/group_02/g02_i04_c50_d4_m10_random/20260507T215601Z__research_until_25000__nearest_neighbour_2opt_v2__g02_i04_c50_d4_m10_random__seed_42__96e01cc7423b.json,skip,,customer_count>10
/Users/mrggrm/Documents/GitHub/MDMTSP-HSE-RESEARCH/results/runs/research_until_25000/nearest_neighbour_2opt_v2/research/group_02/g02_i05_c50_d3_m7_random/20260507T215601Z__research_until_25000__nearest_neighbour_2opt_v2__g02_i05_c50_d3_m7_random__seed_42__679ec3882088.json,skip,,customer_count>10
/Users/mrggrm/Documents/GitHub/MDMTSP-HSE-RESEARCH/results/runs/research_until_25000/nearest_neighbour_2opt_v2/research/group_02/g02_i06_c50_d4_m6_random/20260507T215601Z__research_until_25000__nearest_neighbour_2opt_v2__g02_i06_c50_d4_m6_random__seed_42__d97ab8349713.json,skip,,customer_count>10
/Users/mrggrm/Documents/GitHub/MDMTSP-HSE-RESEARCH/results/runs/research_until_25000/nearest_neighbour_2opt_v2/research/group_02/g02_i07_c50_d4_m5_random/20260507T215601Z__research_until_25000__nearest_neighbour_2opt_v2__g02_i07_c50_d4_m5_random__seed_42__b49bb313f92b.json,skip,,customer_count>10
/Users/mrggrm/Documents/GitHub/MDMTSP-HSE-RESEARCH/results/runs/research_until_25000/nearest_neighbour_2opt_v2/research/group_02/g02_i08_c50_d4_m11_random/20260507T215601Z__research_until_25000__nearest_neighbour_2opt_v2__g02_i08_c50_d4_m11_random__seed_42__c750c6bd5d0e.json,skip,,customer_count>10
/Users/mrggrm/Documents/GitHub/MDMTSP-HSE-RESEARCH/results/runs/research_until_25000/nearest_neighbour_2opt_v2/research/group_02/g02_i09_c50_d5_m10_random/20260507T215601Z__research_until_25000__nearest_neighbour_2opt_v2__g02_i09_c50_d5_m10_random__seed_42__2fd2c9837e33.json,skip,,customer_count>10
/Users/mrggrm/Documents/GitHub/MDMTSP-HSE-RESEARCH/results/runs/research_until_25000/nearest_neighbour_2opt_v2/research/group_02/g02_i10_c50_d4_m20_random/20260507T215601Z__research_until_25000__nearest_neighbour_2opt_v2__g02_i10_c50_d4_m20_random__seed_42__13ec2f938d65.json,skip,,customer_count>10
/Users/mrggrm/Documents/GitHub/MDMTSP-HSE-RESEARCH/results/runs/research_until_25000/nearest_neighbour_2opt_v2/research/group_03/g03_i01_c500_d5_m21_random/20260507T215601Z__research_until_25000__nearest_neighbour_2opt_v2__g03_i01_c500_d5_m21_random__seed_42__f335ec31200a.json,skip,,customer_count>10
/Users/mrggrm/Documents/GitHub/MDMTSP-HSE-RESEARCH/results/runs/research_until_25000/nearest_neighbour_2opt_v2/research/group_03/g03_i02_c500_d3_m10_random/20260507T215601Z__research_until_25000__nearest_neighbour_2opt_v2__g03_i02_c500_d3_m10_random__seed_42__2ec8dea2275c.json,skip,,customer_count>10
/Users/mrggrm/Documents/GitHub/MDMTSP-HSE-RESEARCH/results/runs/research_until_25000/nearest_neighbour_2opt_v2/research/group_03/g03_i03_c500_d3_m12_random/20260507T215601Z__research_until_25000__nearest_neighbour_2opt_v2__g03_i03_c500_d3_m12_random__seed_42__f47e8dd06735.json,skip,,customer_count>10
/Users/mrggrm/Documents/GitHub/MDMTSP-HSE-RESEARCH/results/runs/research_until_25000/nearest_neighbour_2opt_v2/research/group_03/g03_i04_c500_d5_m19_random/20260507T215601Z__research_until_25000__nearest_neighbour_2opt_v2__g03_i04_c500_d5_m19_random__seed_42__32ee974ccd7d.json,skip,,customer_count>10
/Users/mrggrm/Documents/GitHub/MDMTSP-HSE-RESEARCH/results/runs/research_until_25000/nearest_neighbour_2opt_v2/research/group_03/g03_i05_c500_d3_m6_random/20260507T215601Z__research_until_25000__nearest_neighbour_2opt_v2__g03_i05_c500_d3_m6_random__seed_42__a1cf1cab0af1.json,skip,,customer_count>10
/Users/mrggrm/Documents/GitHub/MDMTSP-HSE-RESEARCH/results/runs/research_until_25000/nearest_neighbour_2opt_v2/research/group_03/g03_i06_c500_d3_m3_random/20260507T215601Z__research_until_25000__nearest_neighbour_2opt_v2__g03_i06_c500_d3_m3_random__seed_42__81f75b386b5f.json,skip,,customer_count>10
/Users/mrggrm/Documents/GitHub/MDMTSP-HSE-RESEARCH/results/runs/research_until_25000/nearest_neighbour_2opt_v2/research/group_03/g03_i07_c500_d5_m20_random/20260507T215601Z__research_until_25000__nearest_neighbour_2opt_v2__g03_i07_c500_d5_m20_random__seed_42__a7d12612caf9.json,skip,,customer_count>10
/Users/mrggrm/Documents/GitHub/MDMTSP-HSE-RESEARCH/results/runs/research_until_25000/nearest_neighbour_2opt_v2/research/group_03/g03_i08_c500_d3_m7_random/20260507T215601Z__research_until_25000__nearest_neighbour_2opt_v2__g03_i08_c500_d3_m7_random__seed_42__d0a21c2adcc6.json,skip,,customer_count>10
/Users/mrggrm/Documents/GitHub/MDMTSP-HSE-RESEARCH/results/runs/research_until_25000/nearest_neighbour_2opt_v2/research/group_03/g03_i09_c500_d4_m8_random/20260507T215601Z__research_until_25000__nearest_neighbour_2opt_v2__g03_i09_c500_d4_m8_random__seed_42__c8291f5f31e9.json,skip,,customer_count>10
/Users/mrggrm/Documents/GitHub/MDMTSP-HSE-RESEARCH/results/runs/research_until_25000/nearest_neighbour_2opt_v2/research/group_03/g03_i10_c500_d5_m18_random/20260507T215601Z__research_until_25000__nearest_neighbour_2opt_v2__g03_i10_c500_d5_m18_random__seed_42__26684f05a148.json,skip,,customer_count>10
/Users/mrggrm/Documents/GitHub/MDMTSP-HSE-RESEARCH/results/runs/research_until_25000/nearest_neighbour_2opt_v2/research/group_04/g04_i01_c1000_d6_m11_random/20260507T215601Z__research_until_25000__nearest_neighbour_2opt_v2__g04_i01_c1000_d6_m11_random__seed_42__106c4daf8f82.json,skip,,customer_count>10
/Users/mrggrm/Documents/GitHub/MDMTSP-HSE-RESEARCH/results/runs/research_until_25000/nearest_neighbour_2opt_v2/research/group_04/g04_i02_c1000_d5_m19_random/20260507T215601Z__research_until_25000__nearest_neighbour_2opt_v2__g04_i02_c1000_d5_m19_random__seed_42__02f3441614a7.json,skip,,customer_count>10
/Users/mrggrm/Documents/GitHub/MDMTSP-HSE-RESEARCH/results/runs/research_until_25000/nearest_neighbour_2opt_v2/research/group_04/g04_i03_c1000_d7_m19_random/20260507T215601Z__research_until_25000__nearest_neighbour_2opt_v2__g04_i03_c1000_d7_m19_random__seed_42__8a1e0b3c83de.json,skip,,customer_count>10
/Users/mrggrm/Documents/GitHub/MDMTSP-HSE-RESEARCH/results/runs/research_until_25000/nearest_neighbour_2opt_v2/research/group_04/g04_i04_c1000_d7_m12_random/20260507T215601Z__research_until_25000__nearest_neighbour_2opt_v2__g04_i04_c1000_d7_m12_random__seed_42__65772543958a.json,skip,,customer_count>10
/Users/mrggrm/Documents/GitHub/MDMTSP-HSE-RESEARCH/results/runs/research_until_25000/nearest_neighbour_2opt_v2/research/group_04/g04_i05_c1000_d10_m23_random/20260507T215601Z__research_until_25000__nearest_neighbour_2opt_v2__g04_i05_c1000_d10_m23_random__seed_42__646f95815634.json,skip,,customer_count>10
/Users/mrggrm/Documents/GitHub/MDMTSP-HSE-RESEARCH/results/runs/research_until_25000/nearest_neighbour_2opt_v2/research/group_05/g05_i01_c10000_d1_m6_random/20260507T215601Z__research_until_25000__nearest_neighbour_2opt_v2__g05_i01_c10000_d1_m6_random__seed_42__d0151e1b5f7c.json,skip,,customer_count>10
/Users/mrggrm/Documents/GitHub/MDMTSP-HSE-RESEARCH/results/runs/research_until_25000/nearest_neighbour_2opt_v2/research/group_05/g05_i02_c10000_d2_m9_random/20260507T215602Z__research_until_25000__nearest_neighbour_2opt_v2__g05_i02_c10000_d2_m9_random__seed_42__702554173432.json,skip,,customer_count>10
/Users/mrggrm/Documents/GitHub/MDMTSP-HSE-RESEARCH/results/runs/research_until_25000/nearest_neighbour_2opt_v2/research/group_05/g05_i03_c10000_d3_m18_random/20260507T215603Z__research_until_25000__nearest_neighbour_2opt_v2__g05_i03_c10000_d3_m18_random__seed_42__14aff432dd62.json,skip,,customer_count>10
/Users/mrggrm/Documents/GitHub/MDMTSP-HSE-RESEARCH/results/runs/research_until_25000/nearest_neighbour_2opt_v2/research/group_05/g05_i04_c10000_d1_m8_random/20260507T215604Z__research_until_25000__nearest_neighbour_2opt_v2__g05_i04_c10000_d1_m8_random__seed_42__5daf6ba252f0.json,skip,,customer_count>10
/Users/mrggrm/Documents/GitHub/MDMTSP-HSE-RESEARCH/results/runs/research_until_25000/nearest_neighbour_2opt_v2/research/group_05/g05_i05_c10000_d2_m9_random/20260507T215605Z__research_until_25000__nearest_neighbour_2opt_v2__g05_i05_c10000_d2_m9_random__seed_42__ea7eed189812.json,skip,,customer_count>10
/Users/mrggrm/Documents/GitHub/MDMTSP-HSE-RESEARCH/results/runs/research_until_25000/nearest_neighbour_2opt_v2/research/group_06/g06_i01_c10000_d7_m16_clustered/20260507T215606Z__research_until_25000__nearest_neighbour_2opt_v2__g06_i01_c10000_d7_m16_clustered__seed_42__9c8932827d6e.json,skip,,customer_count>10
/Users/mrggrm/Documents/GitHub/MDMTSP-HSE-RESEARCH/results/runs/research_until_25000/nearest_neighbour_2opt_v2/research/group_06/g06_i02_c10000_d6_m41_clustered/20260507T215606Z__research_until_25000__nearest_neighbour_2opt_v2__g06_i02_c10000_d6_m41_clustered__seed_42__c720e6733210.json,skip,,customer_count>10
/Users/mrggrm/Documents/GitHub/MDMTSP-HSE-RESEARCH/results/runs/research_until_25000/nearest_neighbour_2opt_v2/research/group_06/g06_i03_c10000_d10_m79_grid/20260507T215607Z__research_until_25000__nearest_neighbour_2opt_v2__g06_i03_c10000_d10_m79_grid__seed_42__115d0c590d6d.json,skip,,customer_count>10
/Users/mrggrm/Documents/GitHub/MDMTSP-HSE-RESEARCH/results/runs/research_until_25000/nearest_neighbour_2opt_v2/research/group_06/g06_i04_c10000_d7_m15_grid/20260507T215608Z__research_until_25000__nearest_neighbour_2opt_v2__g06_i04_c10000_d7_m15_grid__seed_42__cd431da94be4.json,skip,,customer_count>10
/Users/mrggrm/Documents/GitHub/MDMTSP-HSE-RESEARCH/results/runs/research_until_25000/nearest_neighbour_2opt_v2/research/group_06/g06_i05_c10000_d7_m15_adversarial/20260507T215609Z__research_until_25000__nearest_neighbour_2opt_v2__g06_i05_c10000_d7_m15_adversarial__seed_42__ada3ec757b69.json,skip,,customer_count>10
/Users/mrggrm/Documents/GitHub/MDMTSP-HSE-RESEARCH/results/runs/research_until_25000/nearest_neighbour_2opt_v2/research/group_06/g06_i06_c10000_d7_m33_adversarial/20260507T215610Z__research_until_25000__nearest_neighbour_2opt_v2__g06_i06_c10000_d7_m33_adversarial__seed_42__40dbe94e6818.json,skip,,customer_count>10
/Users/mrggrm/Documents/GitHub/MDMTSP-HSE-RESEARCH/results/runs/research_until_25000/nearest_neighbour_2opt_v2/research/group_06/g06_i07_c10000_d10_m70_line/20260507T215610Z__research_until_25000__nearest_neighbour_2opt_v2__g06_i07_c10000_d10_m70_line__seed_42__2145306589c9.json,skip,,customer_count>10
/Users/mrggrm/Documents/GitHub/MDMTSP-HSE-RESEARCH/results/runs/research_until_25000/nearest_neighbour_2opt_v2/research/group_06/g06_i08_c10000_d7_m45_line/20260507T215611Z__research_until_25000__nearest_neighbour_2opt_v2__g06_i08_c10000_d7_m45_line__seed_42__9cdf36cea8f9.json,skip,,customer_count>10
/Users/mrggrm/Documents/GitHub/MDMTSP-HSE-RESEARCH/results/runs/research_until_25000/nearest_neighbour_2opt_v2/research/group_07/g07_i01_c25000_d9_m20_random/20260507T215612Z__research_until_25000__nearest_neighbour_2opt_v2__g07_i01_c25000_d9_m20_random__seed_42__288e074c6ca5.json,skip,,customer_count>10
/Users/mrggrm/Documents/GitHub/MDMTSP-HSE-RESEARCH/results/runs/research_until_25000/nearest_neighbour_2opt_v2/research/group_07/g07_i02_c25000_d5_m26_random/20260507T215623Z__research_until_25000__nearest_neighbour_2opt_v2__g07_i02_c25000_d5_m26_random__seed_42__2c7f2e661791.json,skip,,customer_count>10
/Users/mrggrm/Documents/GitHub/MDMTSP-HSE-RESEARCH/results/runs/research_until_25000/random_insertion/research/group_01/g01_i01_c10_d1_m3_random/20260506T005800Z__research_until_25000__random_insertion__g01_i01_c10_d1_m3_random__seed_42__04599a266cac.json,rendered,/Users/mrggrm/Documents/GitHub/MDMTSP-HSE-RESEARCH/.ci-artifacts/plots/solutions/research_until_25000/random_insertion/research/group_01/g01_i01_c10_d1_m3_random/20260506T005800Z__research_until_25000__random_insertion__g01_i01_c10_d1_m3_random__seed_42__04599a266cac.png,
/Users/mrggrm/Documents/GitHub/MDMTSP-HSE-RESEARCH/results/runs/research_until_25000/random_insertion/research/group_01/g01_i02_c10_d1_m3_random/20260506T005800Z__research_until_25000__random_insertion__g01_i02_c10_d1_m3_random__seed_42__293438e7f4e7.json,rendered,/Users/mrggrm/Documents/GitHub/MDMTSP-HSE-RESEARCH/.ci-artifacts/plots/solutions/research_until_25000/random_insertion/research/group_01/g01_i02_c10_d1_m3_random/20260506T005800Z__research_until_25000__random_insertion__g01_i02_c10_d1_m3_random__seed_42__293438e7f4e7.png,
/Users/mrggrm/Documents/GitHub/MDMTSP-HSE-RESEARCH/results/runs/research_until_25000/random_insertion/research/group_01/g01_i03_c10_d2_m6_random/20260506T005800Z__research_until_25000__random_insertion__g01_i03_c10_d2_m6_random__seed_42__6cd835c41429.json,rendered,/Users/mrggrm/Documents/GitHub/MDMTSP-HSE-RESEARCH/.ci-artifacts/plots/solutions/research_until_25000/random_insertion/research/group_01/g01_i03_c10_d2_m6_random/20260506T005800Z__research_until_25000__random_insertion__g01_i03_c10_d2_m6_random__seed_42__6cd835c41429.png,
/Users/mrggrm/Documents/GitHub/MDMTSP-HSE-RESEARCH/results/runs/research_until_25000/random_insertion/research/group_01/g01_i04_c10_d2_m5_random/20260506T005800Z__research_until_25000__random_insertion__g01_i04_c10_d2_m5_random__seed_42__868a660c4b16.json,rendered,/Users/mrggrm/Documents/GitHub/MDMTSP-HSE-RESEARCH/.ci-artifacts/plots/solutions/research_until_25000/random_insertion/research/group_01/g01_i04_c10_d2_m5_random/20260506T005800Z__research_until_25000__random_insertion__g01_i04_c10_d2_m5_random__seed_42__868a660c4b16.png,
/Users/mrggrm/Documents/GitHub/MDMTSP-HSE-RESEARCH/results/runs/research_until_25000/random_insertion/research/group_01/g01_i05_c10_d2_m4_random/20260506T005800Z__research_until_25000__random_insertion__g01_i05_c10_d2_m4_random__seed_42__2f1db7b0b60d.json,rendered,/Users/mrggrm/Documents/GitHub/MDMTSP-HSE-RESEARCH/.ci-artifacts/plots/solutions/research_until_25000/random_insertion/research/group_01/g01_i05_c10_d2_m4_random/20260506T005800Z__research_until_25000__random_insertion__g01_i05_c10_d2_m4_random__seed_42__2f1db7b0b60d.png,
/Users/mrggrm/Documents/GitHub/MDMTSP-HSE-RESEARCH/results/runs/research_until_25000/random_insertion/research/group_01/g01_i06_c10_d3_m4_random/20260506T005800Z__research_until_25000__random_insertion__g01_i06_c10_d3_m4_random__seed_42__3d80e84b94f9.json,rendered,/Users/mrggrm/Documents/GitHub/MDMTSP-HSE-RESEARCH/.ci-artifacts/plots/solutions/research_until_25000/random_insertion/research/group_01/g01_i06_c10_d3_m4_random/20260506T005800Z__research_until_25000__random_insertion__g01_i06_c10_d3_m4_random__seed_42__3d80e84b94f9.png,
/Users/mrggrm/Documents/GitHub/MDMTSP-HSE-RESEARCH/results/runs/research_until_25000/random_insertion/research/group_01/g01_i07_c10_d3_m5_random/20260506T005800Z__research_until_25000__random_insertion__g01_i07_c10_d3_m5_random__seed_42__ffdf64d1222a.json,rendered,/Users/mrggrm/Documents/GitHub/MDMTSP-HSE-RESEARCH/.ci-artifacts/plots/solutions/research_until_25000/random_insertion/research/group_01/g01_i07_c10_d3_m5_random/20260506T005800Z__research_until_25000__random_insertion__g01_i07_c10_d3_m5_random__seed_42__ffdf64d1222a.png,
/Users/mrggrm/Documents/GitHub/MDMTSP-HSE-RESEARCH/results/runs/research_until_25000/random_insertion/research/group_01/g01_i08_c10_d2_m2_random/20260506T005800Z__research_until_25000__random_insertion__g01_i08_c10_d2_m2_random__seed_42__430965894d8b.json,rendered,/Users/mrggrm/Documents/GitHub/MDMTSP-HSE-RESEARCH/.ci-artifacts/plots/solutions/research_until_25000/random_insertion/research/group_01/g01_i08_c10_d2_m2_random/20260506T005800Z__research_until_25000__random_insertion__g01_i08_c10_d2_m2_random__seed_42__430965894d8b.png,
/Users/mrggrm/Documents/GitHub/MDMTSP-HSE-RESEARCH/results/runs/research_until_25000/random_insertion/research/group_01/g01_i09_c10_d3_m3_random/20260506T005800Z__research_until_25000__random_insertion__g01_i09_c10_d3_m3_random__seed_42__ff90948323e4.json,rendered,/Users/mrggrm/Documents/GitHub/MDMTSP-HSE-RESEARCH/.ci-artifacts/plots/solutions/research_until_25000/random_insertion/research/group_01/g01_i09_c10_d3_m3_random/20260506T005800Z__research_until_25000__random_insertion__g01_i09_c10_d3_m3_random__seed_42__ff90948323e4.png,
/Users/mrggrm/Documents/GitHub/MDMTSP-HSE-RESEARCH/results/runs/research_until_25000/random_insertion/research/group_01/g01_i10_c10_d1_m1_random/20260506T005800Z__research_until_25000__random_insertion__g01_i10_c10_d1_m1_random__seed_42__c67f4f8c91e8.json,rendered,/Users/mrggrm/Documents/GitHub/MDMTSP-HSE-RESEARCH/.ci-artifacts/plots/solutions/research_until_25000/random_insertion/research/group_01/g01_i10_c10_d1_m1_random/20260506T005800Z__research_until_25000__random_insertion__g01_i10_c10_d1_m1_random__seed_42__c67f4f8c91e8.png,
/Users/mrggrm/Documents/GitHub/MDMTSP-HSE-RESEARCH/results/runs/research_until_25000/random_insertion/research/group_02/g02_i01_c50_d5_m23_random/20260506T005800Z__research_until_25000__random_insertion__g02_i01_c50_d5_m23_random__seed_42__9acd670cb6f8.json,skip,,customer_count>10
/Users/mrggrm/Documents/GitHub/MDMTSP-HSE-RESEARCH/results/runs/research_until_25000/random_insertion/research/group_02/g02_i02_c50_d3_m3_random/20260506T005800Z__research_until_25000__random_insertion__g02_i02_c50_d3_m3_random__seed_42__6b0badf9c70a.json,skip,,customer_count>10
/Users/mrggrm/Documents/GitHub/MDMTSP-HSE-RESEARCH/results/runs/research_until_25000/random_insertion/research/group_02/g02_i03_c50_d4_m19_random/20260506T005800Z__research_until_25000__random_insertion__g02_i03_c50_d4_m19_random__seed_42__87c409134d82.json,skip,,customer_count>10
/Users/mrggrm/Documents/GitHub/MDMTSP-HSE-RESEARCH/results/runs/research_until_25000/random_insertion/research/group_02/g02_i04_c50_d4_m10_random/20260506T005800Z__research_until_25000__random_insertion__g02_i04_c50_d4_m10_random__seed_42__fbaafcffdc79.json,skip,,customer_count>10
/Users/mrggrm/Documents/GitHub/MDMTSP-HSE-RESEARCH/results/runs/research_until_25000/random_insertion/research/group_02/g02_i05_c50_d3_m7_random/20260506T005800Z__research_until_25000__random_insertion__g02_i05_c50_d3_m7_random__seed_42__071a14d16d91.json,skip,,customer_count>10
/Users/mrggrm/Documents/GitHub/MDMTSP-HSE-RESEARCH/results/runs/research_until_25000/random_insertion/research/group_02/g02_i06_c50_d4_m6_random/20260506T005800Z__research_until_25000__random_insertion__g02_i06_c50_d4_m6_random__seed_42__488a6f1277c4.json,skip,,customer_count>10
/Users/mrggrm/Documents/GitHub/MDMTSP-HSE-RESEARCH/results/runs/research_until_25000/random_insertion/research/group_02/g02_i07_c50_d4_m5_random/20260506T005800Z__research_until_25000__random_insertion__g02_i07_c50_d4_m5_random__seed_42__d8337c4708dd.json,skip,,customer_count>10
/Users/mrggrm/Documents/GitHub/MDMTSP-HSE-RESEARCH/results/runs/research_until_25000/random_insertion/research/group_02/g02_i08_c50_d4_m11_random/20260506T005800Z__research_until_25000__random_insertion__g02_i08_c50_d4_m11_random__seed_42__7dd780df88d0.json,skip,,customer_count>10
/Users/mrggrm/Documents/GitHub/MDMTSP-HSE-RESEARCH/results/runs/research_until_25000/random_insertion/research/group_02/g02_i09_c50_d5_m10_random/20260506T005800Z__research_until_25000__random_insertion__g02_i09_c50_d5_m10_random__seed_42__940df0529de5.json,skip,,customer_count>10
/Users/mrggrm/Documents/GitHub/MDMTSP-HSE-RESEARCH/results/runs/research_until_25000/random_insertion/research/group_02/g02_i10_c50_d4_m20_random/20260506T005800Z__research_until_25000__random_insertion__g02_i10_c50_d4_m20_random__seed_42__59ace1fb2317.json,skip,,customer_count>10
/Users/mrggrm/Documents/GitHub/MDMTSP-HSE-RESEARCH/results/runs/research_until_25000/random_insertion/research/group_03/g03_i01_c500_d5_m21_random/20260506T005800Z__research_until_25000__random_insertion__g03_i01_c500_d5_m21_random__seed_42__4ebdebc3b304.json,skip,,customer_count>10
/Users/mrggrm/Documents/GitHub/MDMTSP-HSE-RESEARCH/results/runs/research_until_25000/random_insertion/research/group_03/g03_i02_c500_d3_m10_random/20260506T005800Z__research_until_25000__random_insertion__g03_i02_c500_d3_m10_random__seed_42__4d211a2914c2.json,skip,,customer_count>10
/Users/mrggrm/Documents/GitHub/MDMTSP-HSE-RESEARCH/results/runs/research_until_25000/random_insertion/research/group_03/g03_i03_c500_d3_m12_random/20260506T005800Z__research_until_25000__random_insertion__g03_i03_c500_d3_m12_random__seed_42__49fb9d6819a6.json,skip,,customer_count>10
/Users/mrggrm/Documents/GitHub/MDMTSP-HSE-RESEARCH/results/runs/research_until_25000/random_insertion/research/group_03/g03_i04_c500_d5_m19_random/20260506T005800Z__research_until_25000__random_insertion__g03_i04_c500_d5_m19_random__seed_42__4681c8392dcc.json,skip,,customer_count>10
/Users/mrggrm/Documents/GitHub/MDMTSP-HSE-RESEARCH/results/runs/research_until_25000/random_insertion/research/group_03/g03_i05_c500_d3_m6_random/20260506T005800Z__research_until_25000__random_insertion__g03_i05_c500_d3_m6_random__seed_42__46fe8b4eebc7.json,skip,,customer_count>10
/Users/mrggrm/Documents/GitHub/MDMTSP-HSE-RESEARCH/results/runs/research_until_25000/random_insertion/research/group_03/g03_i06_c500_d3_m3_random/20260506T005800Z__research_until_25000__random_insertion__g03_i06_c500_d3_m3_random__seed_42__817294401262.json,skip,,customer_count>10
/Users/mrggrm/Documents/GitHub/MDMTSP-HSE-RESEARCH/results/runs/research_until_25000/random_insertion/research/group_03/g03_i07_c500_d5_m20_random/20260506T005800Z__research_until_25000__random_insertion__g03_i07_c500_d5_m20_random__seed_42__556822c96203.json,skip,,customer_count>10
/Users/mrggrm/Documents/GitHub/MDMTSP-HSE-RESEARCH/results/runs/research_until_25000/random_insertion/research/group_03/g03_i08_c500_d3_m7_random/20260506T005800Z__research_until_25000__random_insertion__g03_i08_c500_d3_m7_random__seed_42__4ecdbb97b486.json,skip,,customer_count>10
/Users/mrggrm/Documents/GitHub/MDMTSP-HSE-RESEARCH/results/runs/research_until_25000/random_insertion/research/group_03/g03_i09_c500_d4_m8_random/20260506T005800Z__research_until_25000__random_insertion__g03_i09_c500_d4_m8_random__seed_42__17ad1f164279.json,skip,,customer_count>10
/Users/mrggrm/Documents/GitHub/MDMTSP-HSE-RESEARCH/results/runs/research_until_25000/random_insertion/research/group_03/g03_i10_c500_d5_m18_random/20260506T005800Z__research_until_25000__random_insertion__g03_i10_c500_d5_m18_random__seed_42__40e887f23f16.json,skip,,customer_count>10
/Users/mrggrm/Documents/GitHub/MDMTSP-HSE-RESEARCH/results/runs/research_until_25000/random_insertion/research/group_04/g04_i01_c1000_d6_m11_random/20260506T005800Z__research_until_25000__random_insertion__g04_i01_c1000_d6_m11_random__seed_42__c1dec0dbc56e.json,skip,,customer_count>10
/Users/mrggrm/Documents/GitHub/MDMTSP-HSE-RESEARCH/results/runs/research_until_25000/random_insertion/research/group_04/g04_i02_c1000_d5_m19_random/20260506T005800Z__research_until_25000__random_insertion__g04_i02_c1000_d5_m19_random__seed_42__73e33df97e25.json,skip,,customer_count>10
/Users/mrggrm/Documents/GitHub/MDMTSP-HSE-RESEARCH/results/runs/research_until_25000/random_insertion/research/group_04/g04_i03_c1000_d7_m19_random/20260506T005800Z__research_until_25000__random_insertion__g04_i03_c1000_d7_m19_random__seed_42__b08a4cbb9557.json,skip,,customer_count>10
/Users/mrggrm/Documents/GitHub/MDMTSP-HSE-RESEARCH/results/runs/research_until_25000/random_insertion/research/group_04/g04_i04_c1000_d7_m12_random/20260506T005800Z__research_until_25000__random_insertion__g04_i04_c1000_d7_m12_random__seed_42__e3bb1f72e4df.json,skip,,customer_count>10
/Users/mrggrm/Documents/GitHub/MDMTSP-HSE-RESEARCH/results/runs/research_until_25000/random_insertion/research/group_04/g04_i05_c1000_d10_m23_random/20260506T005800Z__research_until_25000__random_insertion__g04_i05_c1000_d10_m23_random__seed_42__93473e1817d2.json,skip,,customer_count>10
/Users/mrggrm/Documents/GitHub/MDMTSP-HSE-RESEARCH/results/runs/research_until_25000/random_insertion/research/group_05/g05_i01_c10000_d1_m6_random/20260506T005800Z__research_until_25000__random_insertion__g05_i01_c10000_d1_m6_random__seed_42__a34ac903c1f1.json,skip,,customer_count>10
/Users/mrggrm/Documents/GitHub/MDMTSP-HSE-RESEARCH/results/runs/research_until_25000/random_insertion/research/group_05/g05_i02_c10000_d2_m9_random/20260506T005801Z__research_until_25000__random_insertion__g05_i02_c10000_d2_m9_random__seed_42__1949cd9bbcaf.json,skip,,customer_count>10
/Users/mrggrm/Documents/GitHub/MDMTSP-HSE-RESEARCH/results/runs/research_until_25000/random_insertion/research/group_05/g05_i03_c10000_d3_m18_random/20260506T005802Z__research_until_25000__random_insertion__g05_i03_c10000_d3_m18_random__seed_42__2cba3c6ee99b.json,skip,,customer_count>10
/Users/mrggrm/Documents/GitHub/MDMTSP-HSE-RESEARCH/results/runs/research_until_25000/random_insertion/research/group_05/g05_i04_c10000_d1_m8_random/20260506T005803Z__research_until_25000__random_insertion__g05_i04_c10000_d1_m8_random__seed_42__a5ae223ed40c.json,skip,,customer_count>10
/Users/mrggrm/Documents/GitHub/MDMTSP-HSE-RESEARCH/results/runs/research_until_25000/random_insertion/research/group_05/g05_i05_c10000_d2_m9_random/20260506T005805Z__research_until_25000__random_insertion__g05_i05_c10000_d2_m9_random__seed_42__4b5d20d7a0e7.json,skip,,customer_count>10
/Users/mrggrm/Documents/GitHub/MDMTSP-HSE-RESEARCH/results/runs/research_until_25000/random_insertion/research/group_06/g06_i01_c10000_d7_m16_clustered/20260506T005806Z__research_until_25000__random_insertion__g06_i01_c10000_d7_m16_clustered__seed_42__53dada9eb057.json,skip,,customer_count>10
/Users/mrggrm/Documents/GitHub/MDMTSP-HSE-RESEARCH/results/runs/research_until_25000/random_insertion/research/group_06/g06_i02_c10000_d6_m41_clustered/20260506T005807Z__research_until_25000__random_insertion__g06_i02_c10000_d6_m41_clustered__seed_42__432266f30e94.json,skip,,customer_count>10
/Users/mrggrm/Documents/GitHub/MDMTSP-HSE-RESEARCH/results/runs/research_until_25000/random_insertion/research/group_06/g06_i03_c10000_d10_m79_grid/20260506T005808Z__research_until_25000__random_insertion__g06_i03_c10000_d10_m79_grid__seed_42__51512a4d101f.json,skip,,customer_count>10
/Users/mrggrm/Documents/GitHub/MDMTSP-HSE-RESEARCH/results/runs/research_until_25000/random_insertion/research/group_06/g06_i04_c10000_d7_m15_grid/20260506T005808Z__research_until_25000__random_insertion__g06_i04_c10000_d7_m15_grid__seed_42__0f6cf6f6dc7d.json,skip,,customer_count>10
/Users/mrggrm/Documents/GitHub/MDMTSP-HSE-RESEARCH/results/runs/research_until_25000/random_insertion/research/group_06/g06_i05_c10000_d7_m15_adversarial/20260506T005809Z__research_until_25000__random_insertion__g06_i05_c10000_d7_m15_adversarial__seed_42__db33b7faebb1.json,skip,,customer_count>10
/Users/mrggrm/Documents/GitHub/MDMTSP-HSE-RESEARCH/results/runs/research_until_25000/random_insertion/research/group_06/g06_i06_c10000_d7_m33_adversarial/20260506T005810Z__research_until_25000__random_insertion__g06_i06_c10000_d7_m33_adversarial__seed_42__e2cc808e8d8b.json,skip,,customer_count>10
/Users/mrggrm/Documents/GitHub/MDMTSP-HSE-RESEARCH/results/runs/research_until_25000/random_insertion/research/group_06/g06_i07_c10000_d10_m70_line/20260506T005811Z__research_until_25000__random_insertion__g06_i07_c10000_d10_m70_line__seed_42__2cc1e513ba05.json,skip,,customer_count>10
/Users/mrggrm/Documents/GitHub/MDMTSP-HSE-RESEARCH/results/runs/research_until_25000/random_insertion/research/group_06/g06_i08_c10000_d7_m45_line/20260506T005812Z__research_until_25000__random_insertion__g06_i08_c10000_d7_m45_line__seed_42__90fd70cf1a0c.json,skip,,customer_count>10
/Users/mrggrm/Documents/GitHub/MDMTSP-HSE-RESEARCH/results/runs/research_until_25000/random_insertion/research/group_07/g07_i01_c25000_d9_m20_random/20260506T005813Z__research_until_25000__random_insertion__g07_i01_c25000_d9_m20_random__seed_42__8a36287290bf.json,skip,,customer_count>10
/Users/mrggrm/Documents/GitHub/MDMTSP-HSE-RESEARCH/results/runs/research_until_25000/random_insertion/research/group_07/g07_i02_c25000_d5_m26_random/20260506T005901Z__research_until_25000__random_insertion__g07_i02_c25000_d5_m26_random__seed_42__72ac6c8b5fdd.json,skip,,customer_count>10
