run_id,timestamp_utc,algorithm_id,suite_name,instance_name,instance_path,seed,improve_iterations,depot_count,customer_count,salesman_count,return_to_depot,objective,feasible,status,route_count,wall_time_ms,is_success,is_comparable,best_observed_objective,gap_to_best_observed,is_best_observed,result_file
20260505T145727Z__research_until_25000__nearest_neighbour__g01_i01_c10_d1_m3_random__seed_42__606d0ea7838c,2026-05-05T14:57:28Z,nearest_neighbour,research_until_25000,group_01_instance_01_customers_10_depots_1_salesmen_3_random,/Users/mrggrm/Documents/GitHub/MDMTSP-HSE-RESEARCH/instances/research/group_01/g01_i01_c10_d1_m3_random.json,42,0,1,10,3,True,6231.034288642259,True,ok,3,0.0,True,True,2880.886421408019,1.162887867546292,False,/Users/mrggrm/Documents/GitHub/MDMTSP-HSE-RESEARCH/results/runs/research_until_25000/nearest_neighbour/research/group_01/g01_i01_c10_d1_m3_random/20260505T145727Z__research_until_25000__nearest_neighbour__g01_i01_c10_d1_m3_random__seed_42__606d0ea7838c.json
20260505T145728Z__research_until_25000__nearest_neighbour__g01_i02_c10_d1_m3_random__seed_42__2a94d7358778,2026-05-05T14:57:28Z,nearest_neighbour,research_until_25000,group_01_instance_02_customers_10_depots_1_salesmen_3_random,/Users/mrggrm/Documents/GitHub/MDMTSP-HSE-RESEARCH/instances/research/group_01/g01_i02_c10_d1_m3_random.json,42,0,1,10,3,True,6559.388241656347,True,ok,3,0.0,True,True,2779.7740863751396,1.3596839303620791,False,/Users/mrggrm/Documents/GitHub/MDMTSP-HSE-RESEARCH/results/runs/research_until_25000/nearest_neighbour/research/group_01/g01_i02_c10_d1_m3_random/20260505T145728Z__research_until_25000__nearest_neighbour__g01_i02_c10_d1_m3_random__seed_42__2a94d7358778.json
20260505T145728Z__research_until_25000__nearest_neighbour__g01_i03_c10_d2_m6_random__seed_42__f74b4ae87062,2026-05-05T14:57:28Z,nearest_neighbour,research_until_25000,group_01_instance_03_customers_10_depots_2_salesmen_6_random,/Users/mrggrm/Documents/GitHub/MDMTSP-HSE-RESEARCH/instances/research/group_01/g01_i03_c10_d2_m6_random.json,42,0,2,10,6,True,8037.508288975218,True,ok,6,0.0,True,True,3460.330104517602,1.322757669414812,False,/Users/mrggrm/Documents/GitHub/MDMTSP-HSE-RESEARCH/results/runs/research_until_25000/nearest_neighbour/research/group_01/g01_i03_c10_d2_m6_random/20260505T145728Z__research_until_25000__nearest_neighbour__g01_i03_c10_d2_m6_random__seed_42__f74b4ae87062.json
20260505T145728Z__research_until_25000__nearest_neighbour__g01_i04_c10_d2_m5_random__seed_42__6bea65b1d408,2026-05-05T14:57:28Z,nearest_neighbour,research_until_25000,group_01_instance_04_customers_10_depots_2_salesmen_5_random,/Users/mrggrm/Documents/GitHub/MDMTSP-HSE-RESEARCH/instances/research/group_01/g01_i04_c10_d2_m5_random.json,42,0,2,10,5,True,4972.128869360609,True,ok,5,0.0,True,True,3422.896637494478,0.45260853479938906,False,/Users/mrggrm/Documents/GitHub/MDMTSP-HSE-RESEARCH/results/runs/research_until_25000/nearest_neighbour/research/group_01/g01_i04_c10_d2_m5_random/20260505T145728Z__research_until_25000__nearest_neighbour__g01_i04_c10_d2_m5_random__seed_42__6bea65b1d408.json
20260505T145728Z__research_until_25000__nearest_neighbour__g01_i05_c10_d2_m4_random__seed_42__2095cf6ef469,2026-05-05T14:57:28Z,nearest_neighbour,research_until_25000,group_01_instance_05_customers_10_depots_2_salesmen_4_random,/Users/mrggrm/Documents/GitHub/MDMTSP-HSE-RESEARCH/instances/research/group_01/g01_i05_c10_d2_m4_random.json,42,0,2,10,4,True,4464.409554278016,True,ok,4,0.0,True,True,3369.418273921482,0.32497932620343195,False,/Users/mrggrm/Documents/GitHub/MDMTSP-HSE-RESEARCH/results/runs/research_until_25000/nearest_neighbour/research/group_01/g01_i05_c10_d2_m4_random/20260505T145728Z__research_until_25000__nearest_neighbour__g01_i05_c10_d2_m4_random__seed_42__2095cf6ef469.json
20260505T145728Z__research_until_25000__nearest_neighbour__g01_i06_c10_d3_m4_random__seed_42__5ce6468153dd,2026-05-05T14:57:28Z,nearest_neighbour,research_until_25000,group_01_instance_06_customers_10_depots_3_salesmen_4_random,/Users/mrggrm/Documents/GitHub/MDMTSP-HSE-RESEARCH/instances/research/group_01/g01_i06_c10_d3_m4_random.json,42,0,3,10,4,True,3622.6717098427434,True,ok,4,0.0,True,True,3276.23465054839,0.10574244406955563,False,/Users/mrggrm/Documents/GitHub/MDMTSP-HSE-RESEARCH/results/runs/research_until_25000/nearest_neighbour/research/group_01/g01_i06_c10_d3_m4_random/20260505T145728Z__research_until_25000__nearest_neighbour__g01_i06_c10_d3_m4_random__seed_42__5ce6468153dd.json
20260505T145728Z__research_until_25000__nearest_neighbour__g01_i07_c10_d3_m5_random__seed_42__77d51dc31a03,2026-05-05T14:57:28Z,nearest_neighbour,research_until_25000,group_01_instance_07_customers_10_depots_3_salesmen_5_random,/Users/mrggrm/Documents/GitHub/MDMTSP-HSE-RESEARCH/instances/research/group_01/g01_i07_c10_d3_m5_random.json,42,0,3,10,5,True,3227.262195063634,True,ok,5,0.0,True,True,3128.669721317914,0.031512586027837096,False,/Users/mrggrm/Documents/GitHub/MDMTSP-HSE-RESEARCH/results/runs/research_until_25000/nearest_neighbour/research/group_01/g01_i07_c10_d3_m5_random/20260505T145728Z__research_until_25000__nearest_neighbour__g01_i07_c10_d3_m5_random__seed_42__77d51dc31a03.json
20260505T145728Z__research_until_25000__nearest_neighbour__g01_i08_c10_d2_m2_random__seed_42__48f4366a7662,2026-05-05T14:57:28Z,nearest_neighbour,research_until_25000,group_01_instance_08_customers_10_depots_2_salesmen_2_random,/Users/mrggrm/Documents/GitHub/MDMTSP-HSE-RESEARCH/instances/research/group_01/g01_i08_c10_d2_m2_random.json,42,0,2,10,2,True,3372.6782187537583,True,ok,2,0.0,True,True,2966.375867240853,0.13696927486496296,False,/Users/mrggrm/Documents/GitHub/MDMTSP-HSE-RESEARCH/results/runs/research_until_25000/nearest_neighbour/research/group_01/g01_i08_c10_d2_m2_random/20260505T145728Z__research_until_25000__nearest_neighbour__g01_i08_c10_d2_m2_random__seed_42__48f4366a7662.json
20260505T145728Z__research_until_25000__nearest_neighbour__g01_i09_c10_d3_m3_random__seed_42__810eede93177,2026-05-05T14:57:28Z,nearest_neighbour,research_until_25000,group_01_instance_09_customers_10_depots_3_salesmen_3_random,/Users/mrggrm/Documents/GitHub/MDMTSP-HSE-RESEARCH/instances/research/group_01/g01_i09_c10_d3_m3_random.json,42,0,3,10,3,True,2867.4090764150046,True,ok,3,0.0,True,True,2819.7494408220155,0.01690208176053238,False,/Users/mrggrm/Documents/GitHub/MDMTSP-HSE-RESEARCH/results/runs/research_until_25000/nearest_neighbour/research/group_01/g01_i09_c10_d3_m3_random/20260505T145728Z__research_until_25000__nearest_neighbour__g01_i09_c10_d3_m3_random__seed_42__810eede93177.json
20260505T145728Z__research_until_25000__nearest_neighbour__g01_i10_c10_d1_m1_random__seed_42__d6525200e342,2026-05-05T14:57:28Z,nearest_neighbour,research_until_25000,group_01_instance_10_customers_10_depots_1_salesmen_1_random,/Users/mrggrm/Documents/GitHub/MDMTSP-HSE-RESEARCH/instances/research/group_01/g01_i10_c10_d1_m1_random.json,42,0,1,10,1,True,2796.323341731423,True,ok,1,0.0,True,True,2346.775519352508,0.19155978860003978,False,/Users/mrggrm/Documents/GitHub/MDMTSP-HSE-RESEARCH/results/runs/research_until_25000/nearest_neighbour/research/group_01/g01_i10_c10_d1_m1_random/20260505T145728Z__research_until_25000__nearest_neighbour__g01_i10_c10_d1_m1_random__seed_42__d6525200e342.json
20260505T145728Z__research_until_25000__nearest_neighbour__g02_i01_c50_d5_m23_random__seed_42__8513926940a7,2026-05-05T14:57:28Z,nearest_neighbour,research_until_25000,group_02_instance_01_customers_50_depots_5_salesmen_23_random,/Users/mrggrm/Documents/GitHub/MDMTSP-HSE-RESEARCH/instances/research/group_02/g02_i01_c50_d5_m23_random.json,42,0,5,50,23,True,16564.28595105196,True,ok,23,0.0,True,True,7561.532977527012,1.1905989169499442,False,/Users/mrggrm/Documents/GitHub/MDMTSP-HSE-RESEARCH/results/runs/research_until_25000/nearest_neighbour/research/group_02/g02_i01_c50_d5_m23_random/20260505T145728Z__research_until_25000__nearest_neighbour__g02_i01_c50_d5_m23_random__seed_42__8513926940a7.json
20260505T145728Z__research_until_25000__nearest_neighbour__g02_i02_c50_d3_m3_random__seed_42__5906f71cb55a,2026-05-05T14:57:28Z,nearest_neighbour,research_until_25000,group_02_instance_02_customers_50_depots_3_salesmen_3_random,/Users/mrggrm/Documents/GitHub/MDMTSP-HSE-RESEARCH/instances/research/group_02/g02_i02_c50_d3_m3_random.json,42,0,3,50,3,True,8043.183478340304,True,ok,3,0.0,True,True,7044.948390067413,0.14169515985103456,False,/Users/mrggrm/Documents/GitHub/MDMTSP-HSE-RESEARCH/results/runs/research_until_25000/nearest_neighbour/research/group_02/g02_i02_c50_d3_m3_random/20260505T145728Z__research_until_25000__nearest_neighbour__g02_i02_c50_d3_m3_random__seed_42__5906f71cb55a.json
20260505T145728Z__research_until_25000__nearest_neighbour__g02_i03_c50_d4_m19_random__seed_42__6f72fccd7387,2026-05-05T14:57:28Z,nearest_neighbour,research_until_25000,group_02_instance_03_customers_50_depots_4_salesmen_19_random,/Users/mrggrm/Documents/GitHub/MDMTSP-HSE-RESEARCH/instances/research/group_02/g02_i03_c50_d4_m19_random.json,42,0,4,50,19,True,18690.052758890215,True,ok,19,0.0,True,True,7494.600912043663,1.493802268891423,False,/Users/mrggrm/Documents/GitHub/MDMTSP-HSE-RESEARCH/results/runs/research_until_25000/nearest_neighbour/research/group_02/g02_i03_c50_d4_m19_random/20260505T145728Z__research_until_25000__nearest_neighbour__g02_i03_c50_d4_m19_random__seed_42__6f72fccd7387.json
20260505T145728Z__research_until_25000__nearest_neighbour__g02_i04_c50_d4_m10_random__seed_42__0af842f6c0eb,2026-05-05T14:57:28Z,nearest_neighbour,research_until_25000,group_02_instance_04_customers_50_depots_4_salesmen_10_random,/Users/mrggrm/Documents/GitHub/MDMTSP-HSE-RESEARCH/instances/research/group_02/g02_i04_c50_d4_m10_random.json,42,0,4,50,10,True,11936.146873474981,True,ok,10,0.0,True,True,6687.983429255037,0.7847153779214027,False,/Users/mrggrm/Documents/GitHub/MDMTSP-HSE-RESEARCH/results/runs/research_until_25000/nearest_neighbour/research/group_02/g02_i04_c50_d4_m10_random/20260505T145728Z__research_until_25000__nearest_neighbour__g02_i04_c50_d4_m10_random__seed_42__0af842f6c0eb.json
20260505T145728Z__research_until_25000__nearest_neighbour__g02_i05_c50_d3_m7_random__seed_42__26b7058023e8,2026-05-05T14:57:28Z,nearest_neighbour,research_until_25000,group_02_instance_05_customers_50_depots_3_salesmen_7_random,/Users/mrggrm/Documents/GitHub/MDMTSP-HSE-RESEARCH/instances/research/group_02/g02_i05_c50_d3_m7_random.json,42,0,3,50,7,True,11603.596973873584,True,ok,7,0.0,True,True,6315.132716619457,0.8374272552240337,False,/Users/mrggrm/Documents/GitHub/MDMTSP-HSE-RESEARCH/results/runs/research_until_25000/nearest_neighbour/research/group_02/g02_i05_c50_d3_m7_random/20260505T145728Z__research_until_25000__nearest_neighbour__g02_i05_c50_d3_m7_random__seed_42__26b7058023e8.json
20260505T145728Z__research_until_25000__nearest_neighbour__g02_i06_c50_d4_m6_random__seed_42__aa3123d21066,2026-05-05T14:57:28Z,nearest_neighbour,research_until_25000,group_02_instance_06_customers_50_depots_4_salesmen_6_random,/Users/mrggrm/Documents/GitHub/MDMTSP-HSE-RESEARCH/instances/research/group_02/g02_i06_c50_d4_m6_random.json,42,0,4,50,6,True,9467.968958516209,True,ok,6,0.0,True,True,7031.1277173933395,0.3465790039760909,False,/Users/mrggrm/Documents/GitHub/MDMTSP-HSE-RESEARCH/results/runs/research_until_25000/nearest_neighbour/research/group_02/g02_i06_c50_d4_m6_random/20260505T145728Z__research_until_25000__nearest_neighbour__g02_i06_c50_d4_m6_random__seed_42__aa3123d21066.json
20260505T145728Z__research_until_25000__nearest_neighbour__g02_i07_c50_d4_m5_random__seed_42__91183ef6d20b,2026-05-05T14:57:28Z,nearest_neighbour,research_until_25000,group_02_instance_07_customers_50_depots_4_salesmen_5_random,/Users/mrggrm/Documents/GitHub/MDMTSP-HSE-RESEARCH/instances/research/group_02/g02_i07_c50_d4_m5_random.json,42,0,4,50,5,True,6535.887599483663,True,ok,5,0.0,True,True,5481.836082008387,0.19228074347839696,False,/Users/mrggrm/Documents/GitHub/MDMTSP-HSE-RESEARCH/results/runs/research_until_25000/nearest_neighbour/research/group_02/g02_i07_c50_d4_m5_random/20260505T145728Z__research_until_25000__nearest_neighbour__g02_i07_c50_d4_m5_random__seed_42__91183ef6d20b.json
20260505T145728Z__research_until_25000__nearest_neighbour__g02_i08_c50_d4_m11_random__seed_42__c3e34aedb076,2026-05-05T14:57:28Z,nearest_neighbour,research_until_25000,group_02_instance_08_customers_50_depots_4_salesmen_11_random,/Users/mrggrm/Documents/GitHub/MDMTSP-HSE-RESEARCH/instances/research/group_02/g02_i08_c50_d4_m11_random.json,42,0,4,50,11,True,15624.635028079412,True,ok,11,0.0,True,True,6834.568702231016,1.2861186577843668,False,/Users/mrggrm/Documents/GitHub/MDMTSP-HSE-RESEARCH/results/runs/research_until_25000/nearest_neighbour/research/group_02/g02_i08_c50_d4_m11_random/20260505T145728Z__research_until_25000__nearest_neighbour__g02_i08_c50_d4_m11_random__seed_42__c3e34aedb076.json
20260505T145728Z__research_until_25000__nearest_neighbour__g02_i09_c50_d5_m10_random__seed_42__fb12d46c95d8,2026-05-05T14:57:28Z,nearest_neighbour,research_until_25000,group_02_instance_09_customers_50_depots_5_salesmen_10_random,/Users/mrggrm/Documents/GitHub/MDMTSP-HSE-RESEARCH/instances/research/group_02/g02_i09_c50_d5_m10_random.json,42,0,5,50,10,True,11056.02031841064,True,ok,10,0.0,True,True,6897.701850416863,0.6028556406424654,False,/Users/mrggrm/Documents/GitHub/MDMTSP-HSE-RESEARCH/results/runs/research_until_25000/nearest_neighbour/research/group_02/g02_i09_c50_d5_m10_random/20260505T145728Z__research_until_25000__nearest_neighbour__g02_i09_c50_d5_m10_random__seed_42__fb12d46c95d8.json
20260505T145728Z__research_until_25000__nearest_neighbour__g02_i10_c50_d4_m20_random__seed_42__e1b1cfbea2c8,2026-05-05T14:57:28Z,nearest_neighbour,research_until_25000,group_02_instance_10_customers_50_depots_4_salesmen_20_random,/Users/mrggrm/Documents/GitHub/MDMTSP-HSE-RESEARCH/instances/research/group_02/g02_i10_c50_d4_m20_random.json,42,0,4,50,20,True,15418.920506055209,True,ok,20,0.0,True,True,6276.105502771356,1.4567656645106803,False,/Users/mrggrm/Documents/GitHub/MDMTSP-HSE-RESEARCH/results/runs/research_until_25000/nearest_neighbour/research/group_02/g02_i10_c50_d4_m20_random/20260505T145728Z__research_until_25000__nearest_neighbour__g02_i10_c50_d4_m20_random__seed_42__e1b1cfbea2c8.json
20260505T145728Z__research_until_25000__nearest_neighbour__g03_i01_c500_d5_m21_random__seed_42__ee47deb11ebf,2026-05-05T14:57:28Z,nearest_neighbour,research_until_25000,group_03_instance_01_customers_500_depots_5_salesmen_21_random,/Users/mrggrm/Documents/GitHub/MDMTSP-HSE-RESEARCH/instances/research/group_03/g03_i01_c500_d5_m21_random.json,42,0,5,500,21,True,49405.04714011442,True,ok,21,0.0,True,True,18873.901945556514,1.6176382224845591,False,/Users/mrggrm/Documents/GitHub/MDMTSP-HSE-RESEARCH/results/runs/research_until_25000/nearest_neighbour/research/group_03/g03_i01_c500_d5_m21_random/20260505T145728Z__research_until_25000__nearest_neighbour__g03_i01_c500_d5_m21_random__seed_42__ee47deb11ebf.json
20260505T145728Z__research_until_25000__nearest_neighbour__g03_i02_c500_d3_m10_random__seed_42__9a3d861911da,2026-05-05T14:57:28Z,nearest_neighbour,research_until_25000,group_03_instance_02_customers_500_depots_3_salesmen_10_random,/Users/mrggrm/Documents/GitHub/MDMTSP-HSE-RESEARCH/instances/research/group_03/g03_i02_c500_d3_m10_random.json,42,0,3,500,10,True,42353.10298904804,True,ok,10,0.0,True,True,19329.588927020293,1.1911021051173944,False,/Users/mrggrm/Documents/GitHub/MDMTSP-HSE-RESEARCH/results/runs/research_until_25000/nearest_neighbour/research/group_03/g03_i02_c500_d3_m10_random/20260505T145728Z__research_until_25000__nearest_neighbour__g03_i02_c500_d3_m10_random__seed_42__9a3d861911da.json
20260505T145728Z__research_until_25000__nearest_neighbour__g03_i03_c500_d3_m12_random__seed_42__fad3c4b1a5a9,2026-05-05T14:57:28Z,nearest_neighbour,research_until_25000,group_03_instance_03_customers_500_depots_3_salesmen_12_random,/Users/mrggrm/Documents/GitHub/MDMTSP-HSE-RESEARCH/instances/research/group_03/g03_i03_c500_d3_m12_random.json,42,0,3,500,12,True,46331.0736355126,True,ok,12,0.0,True,True,19402.336144611018,1.3879121199732958,False,/Users/mrggrm/Documents/GitHub/MDMTSP-HSE-RESEARCH/results/runs/research_until_25000/nearest_neighbour/research/group_03/g03_i03_c500_d3_m12_random/20260505T145728Z__research_until_25000__nearest_neighbour__g03_i03_c500_d3_m12_random__seed_42__fad3c4b1a5a9.json
20260505T145728Z__research_until_25000__nearest_neighbour__g03_i04_c500_d5_m19_random__seed_42__751b995b9844,2026-05-05T14:57:28Z,nearest_neighbour,research_until_25000,group_03_instance_04_customers_500_depots_5_salesmen_19_random,/Users/mrggrm/Documents/GitHub/MDMTSP-HSE-RESEARCH/instances/research/group_03/g03_i04_c500_d5_m19_random.json,42,0,5,500,19,True,45775.00018736814,True,ok,19,0.0,True,True,19249.36493891456,1.3780005383361658,False,/Users/mrggrm/Documents/GitHub/MDMTSP-HSE-RESEARCH/results/runs/research_until_25000/nearest_neighbour/research/group_03/g03_i04_c500_d5_m19_random/20260505T145728Z__research_until_25000__nearest_neighbour__g03_i04_c500_d5_m19_random__seed_42__751b995b9844.json
20260505T145728Z__research_until_25000__nearest_neighbour__g03_i05_c500_d3_m6_random__seed_42__ce9b286bc77b,2026-05-05T14:57:28Z,nearest_neighbour,research_until_25000,group_03_instance_05_customers_500_depots_3_salesmen_6_random,/Users/mrggrm/Documents/GitHub/MDMTSP-HSE-RESEARCH/instances/research/group_03/g03_i05_c500_d3_m6_random.json,42,0,3,500,6,True,33088.39858137498,True,ok,6,0.0,True,True,19044.81379110455,0.7373968023163299,False,/Users/mrggrm/Documents/GitHub/MDMTSP-HSE-RESEARCH/results/runs/research_until_25000/nearest_neighbour/research/group_03/g03_i05_c500_d3_m6_random/20260505T145728Z__research_until_25000__nearest_neighbour__g03_i05_c500_d3_m6_random__seed_42__ce9b286bc77b.json
20260505T145728Z__research_until_25000__nearest_neighbour__g03_i06_c500_d3_m3_random__seed_42__c386f5c8130b,2026-05-05T14:57:28Z,nearest_neighbour,research_until_25000,group_03_instance_06_customers_500_depots_3_salesmen_3_random,/Users/mrggrm/Documents/GitHub/MDMTSP-HSE-RESEARCH/instances/research/group_03/g03_i06_c500_d3_m3_random.json,42,0,3,500,3,True,21582.4648166367,True,ok,3,0.0,True,True,18932.883609971665,0.13994599350251863,False,/Users/mrggrm/Documents/GitHub/MDMTSP-HSE-RESEARCH/results/runs/research_until_25000/nearest_neighbour/research/group_03/g03_i06_c500_d3_m3_random/20260505T145728Z__research_until_25000__nearest_neighbour__g03_i06_c500_d3_m3_random__seed_42__c386f5c8130b.json
20260505T145728Z__research_until_25000__nearest_neighbour__g03_i07_c500_d5_m20_random__seed_42__78f2edeff271,2026-05-05T14:57:28Z,nearest_neighbour,research_until_25000,group_03_instance_07_customers_500_depots_5_salesmen_20_random,/Users/mrggrm/Documents/GitHub/MDMTSP-HSE-RESEARCH/instances/research/group_03/g03_i07_c500_d5_m20_random.json,42,0,5,500,20,True,46777.78547929562,True,ok,20,0.0,True,True,19460.719288562417,1.4037028018172057,False,/Users/mrggrm/Documents/GitHub/MDMTSP-HSE-RESEARCH/results/runs/research_until_25000/nearest_neighbour/research/group_03/g03_i07_c500_d5_m20_random/20260505T145728Z__research_until_25000__nearest_neighbour__g03_i07_c500_d5_m20_random__seed_42__78f2edeff271.json
20260505T145728Z__research_until_25000__nearest_neighbour__g03_i08_c500_d3_m7_random__seed_42__ad306bafff26,2026-05-05T14:57:28Z,nearest_neighbour,research_until_25000,group_03_instance_08_customers_500_depots_3_salesmen_7_random,/Users/mrggrm/Documents/GitHub/MDMTSP-HSE-RESEARCH/instances/research/group_03/g03_i08_c500_d3_m7_random.json,42,0,3,500,7,True,33392.318963475576,True,ok,7,0.0,True,True,18852.669853257914,0.771224936488509,False,/Users/mrggrm/Documents/GitHub/MDMTSP-HSE-RESEARCH/results/runs/research_until_25000/nearest_neighbour/research/group_03/g03_i08_c500_d3_m7_random/20260505T145728Z__research_until_25000__nearest_neighbour__g03_i08_c500_d3_m7_random__seed_42__ad306bafff26.json
20260505T145728Z__research_until_25000__nearest_neighbour__g03_i09_c500_d4_m8_random__seed_42__6e8b9674d77e,2026-05-05T14:57:28Z,nearest_neighbour,research_until_25000,group_03_instance_09_customers_500_depots_4_salesmen_8_random,/Users/mrggrm/Documents/GitHub/MDMTSP-HSE-RESEARCH/instances/research/group_03/g03_i09_c500_d4_m8_random.json,42,0,4,500,8,True,31419.456102289412,True,ok,8,0.0,True,True,19084.93781766307,0.6462959639936983,False,/Users/mrggrm/Documents/GitHub/MDMTSP-HSE-RESEARCH/results/runs/research_until_25000/nearest_neighbour/research/group_03/g03_i09_c500_d4_m8_random/20260505T145728Z__research_until_25000__nearest_neighbour__g03_i09_c500_d4_m8_random__seed_42__6e8b9674d77e.json
20260505T145728Z__research_until_25000__nearest_neighbour__g03_i10_c500_d5_m18_random__seed_42__1e5eec7b29e6,2026-05-05T14:57:28Z,nearest_neighbour,research_until_25000,group_03_instance_10_customers_500_depots_5_salesmen_18_random,/Users/mrggrm/Documents/GitHub/MDMTSP-HSE-RESEARCH/instances/research/group_03/g03_i10_c500_d5_m18_random.json,42,0,5,500,18,True,45199.84765830224,True,ok,18,0.0,True,True,19142.57636521301,1.3612207048807703,False,/Users/mrggrm/Documents/GitHub/MDMTSP-HSE-RESEARCH/results/runs/research_until_25000/nearest_neighbour/research/group_03/g03_i10_c500_d5_m18_random/20260505T145728Z__research_until_25000__nearest_neighbour__g03_i10_c500_d5_m18_random__seed_42__1e5eec7b29e6.json
20260505T145728Z__research_until_25000__nearest_neighbour__g04_i01_c1000_d6_m11_random__seed_42__609d7642748f,2026-05-05T14:57:28Z,nearest_neighbour,research_until_25000,group_04_instance_01_customers_1000_depots_6_salesmen_11_random,/Users/mrggrm/Documents/GitHub/MDMTSP-HSE-RESEARCH/instances/research/group_04/g04_i01_c1000_d6_m11_random.json,42,0,6,1000,11,True,39671.849764646366,True,ok,11,3.0,True,True,26960.94493495043,0.4714562067599619,False,/Users/mrggrm/Documents/GitHub/MDMTSP-HSE-RESEARCH/results/runs/research_until_25000/nearest_neighbour/research/group_04/g04_i01_c1000_d6_m11_random/20260505T145728Z__research_until_25000__nearest_neighbour__g04_i01_c1000_d6_m11_random__seed_42__609d7642748f.json
20260505T145728Z__research_until_25000__nearest_neighbour__g04_i02_c1000_d5_m19_random__seed_42__f4007ba7586f,2026-05-05T14:57:28Z,nearest_neighbour,research_until_25000,group_04_instance_02_customers_1000_depots_5_salesmen_19_random,/Users/mrggrm/Documents/GitHub/MDMTSP-HSE-RESEARCH/instances/research/group_04/g04_i02_c1000_d5_m19_random.json,42,0,5,1000,19,True,61948.658049961276,True,ok,19,3.0,True,True,26316.808442663107,1.3539578587171732,False,/Users/mrggrm/Documents/GitHub/MDMTSP-HSE-RESEARCH/results/runs/research_until_25000/nearest_neighbour/research/group_04/g04_i02_c1000_d5_m19_random/20260505T145728Z__research_until_25000__nearest_neighbour__g04_i02_c1000_d5_m19_random__seed_42__f4007ba7586f.json
20260505T145728Z__research_until_25000__nearest_neighbour__g04_i03_c1000_d7_m19_random__seed_42__d49afda2f605,2026-05-05T14:57:28Z,nearest_neighbour,research_until_25000,group_04_instance_03_customers_1000_depots_7_salesmen_19_random,/Users/mrggrm/Documents/GitHub/MDMTSP-HSE-RESEARCH/instances/research/group_04/g04_i03_c1000_d7_m19_random.json,42,0,7,1000,19,True,54803.35134301234,True,ok,19,3.0,True,True,27285.31882889609,1.0085288974147413,False,/Users/mrggrm/Documents/GitHub/MDMTSP-HSE-RESEARCH/results/runs/research_until_25000/nearest_neighbour/research/group_04/g04_i03_c1000_d7_m19_random/20260505T145728Z__research_until_25000__nearest_neighbour__g04_i03_c1000_d7_m19_random__seed_42__d49afda2f605.json
20260505T145728Z__research_until_25000__nearest_neighbour__g04_i04_c1000_d7_m12_random__seed_42__b7425be9f0fd,2026-05-05T14:57:28Z,nearest_neighbour,research_until_25000,group_04_instance_04_customers_1000_depots_7_salesmen_12_random,/Users/mrggrm/Documents/GitHub/MDMTSP-HSE-RESEARCH/instances/research/group_04/g04_i04_c1000_d7_m12_random.json,42,0,7,1000,12,True,42044.81842698486,True,ok,12,3.0,True,True,27076.73323038606,0.5528024769177585,False,/Users/mrggrm/Documents/GitHub/MDMTSP-HSE-RESEARCH/results/runs/research_until_25000/nearest_neighbour/research/group_04/g04_i04_c1000_d7_m12_random/20260505T145728Z__research_until_25000__nearest_neighbour__g04_i04_c1000_d7_m12_random__seed_42__b7425be9f0fd.json
20260505T145728Z__research_until_25000__nearest_neighbour__g04_i05_c1000_d10_m23_random__seed_42__fe3d4b5a4a02,2026-05-05T14:57:28Z,nearest_neighbour,research_until_25000,group_04_instance_05_customers_1000_depots_10_salesmen_23_random,/Users/mrggrm/Documents/GitHub/MDMTSP-HSE-RESEARCH/instances/research/group_04/g04_i05_c1000_d10_m23_random.json,42,0,10,1000,23,True,47248.7458259863,True,ok,23,3.0,True,True,26609.47357898224,0.7756362479604328,False,/Users/mrggrm/Documents/GitHub/MDMTSP-HSE-RESEARCH/results/runs/research_until_25000/nearest_neighbour/research/group_04/g04_i05_c1000_d10_m23_random/20260505T145728Z__research_until_25000__nearest_neighbour__g04_i05_c1000_d10_m23_random__seed_42__fe3d4b5a4a02.json
20260505T145728Z__research_until_25000__nearest_neighbour__g05_i01_c10000_d1_m6_random__seed_42__d68441948f3a,2026-05-05T14:57:28Z,nearest_neighbour,research_until_25000,group_05_instance_01_customers_10000_depots_1_salesmen_6_random,/Users/mrggrm/Documents/GitHub/MDMTSP-HSE-RESEARCH/instances/research/group_05/g05_i01_c10000_d1_m6_random.json,42,0,1,10000,6,True,224706.12827117956,True,ok,6,618.0,True,True,82391.98329974042,1.7272814571498187,False,/Users/mrggrm/Documents/GitHub/MDMTSP-HSE-RESEARCH/results/runs/research_until_25000/nearest_neighbour/research/group_05/g05_i01_c10000_d1_m6_random/20260505T145728Z__research_until_25000__nearest_neighbour__g05_i01_c10000_d1_m6_random__seed_42__d68441948f3a.json
20260505T145729Z__research_until_25000__nearest_neighbour__g05_i02_c10000_d2_m9_random__seed_42__625325b737df,2026-05-05T14:57:29Z,nearest_neighbour,research_until_25000,group_05_instance_02_customers_10000_depots_2_salesmen_9_random,/Users/mrggrm/Documents/GitHub/MDMTSP-HSE-RESEARCH/instances/research/group_05/g05_i02_c10000_d2_m9_random.json,42,0,2,10000,9,True,191513.8358000996,True,ok,9,411.0,True,True,82019.39168476936,1.3349823970428552,False,/Users/mrggrm/Documents/GitHub/MDMTSP-HSE-RESEARCH/results/runs/research_until_25000/nearest_neighbour/research/group_05/g05_i02_c10000_d2_m9_random/20260505T145729Z__research_until_25000__nearest_neighbour__g05_i02_c10000_d2_m9_random__seed_42__625325b737df.json
20260505T145729Z__research_until_25000__nearest_neighbour__g05_i03_c10000_d3_m18_random__seed_42__9d5b579da9a7,2026-05-05T14:57:29Z,nearest_neighbour,research_until_25000,group_05_instance_03_customers_10000_depots_3_salesmen_18_random,/Users/mrggrm/Documents/GitHub/MDMTSP-HSE-RESEARCH/instances/research/group_05/g05_i03_c10000_d3_m18_random.json,42,0,3,10000,18,True,225515.39552808867,True,ok,18,412.0,True,True,82248.30190483111,1.7418851247413087,False,/Users/mrggrm/Documents/GitHub/MDMTSP-HSE-RESEARCH/results/runs/research_until_25000/nearest_neighbour/research/group_05/g05_i03_c10000_d3_m18_random/20260505T145729Z__research_until_25000__nearest_neighbour__g05_i03_c10000_d3_m18_random__seed_42__9d5b579da9a7.json
20260505T145729Z__research_until_25000__nearest_neighbour__g05_i04_c10000_d1_m8_random__seed_42__d3b7fddcac31,2026-05-05T14:57:30Z,nearest_neighbour,research_until_25000,group_05_instance_04_customers_10000_depots_1_salesmen_8_random,/Users/mrggrm/Documents/GitHub/MDMTSP-HSE-RESEARCH/instances/research/group_05/g05_i04_c10000_d1_m8_random.json,42,0,1,10000,8,True,254940.61791424634,True,ok,8,417.0,True,True,81775.22276999187,2.1175777855269753,False,/Users/mrggrm/Documents/GitHub/MDMTSP-HSE-RESEARCH/results/runs/research_until_25000/nearest_neighbour/research/group_05/g05_i04_c10000_d1_m8_random/20260505T145729Z__research_until_25000__nearest_neighbour__g05_i04_c10000_d1_m8_random__seed_42__d3b7fddcac31.json
20260505T145730Z__research_until_25000__nearest_neighbour__g05_i05_c10000_d2_m9_random__seed_42__9b0e5caf963d,2026-05-05T14:57:30Z,nearest_neighbour,research_until_25000,group_05_instance_05_customers_10000_depots_2_salesmen_9_random,/Users/mrggrm/Documents/GitHub/MDMTSP-HSE-RESEARCH/instances/research/group_05/g05_i05_c10000_d2_m9_random.json,42,0,2,10000,9,True,197138.83291817084,True,ok,9,415.0,True,True,82264.24086905099,1.3964097989061655,False,/Users/mrggrm/Documents/GitHub/MDMTSP-HSE-RESEARCH/results/runs/research_until_25000/nearest_neighbour/research/group_05/g05_i05_c10000_d2_m9_random/20260505T145730Z__research_until_25000__nearest_neighbour__g05_i05_c10000_d2_m9_random__seed_42__9b0e5caf963d.json
20260505T145730Z__research_until_25000__nearest_neighbour__g06_i01_c10000_d7_m16_clustered__seed_42__afbb2bf74f30,2026-05-05T14:57:30Z,nearest_neighbour,research_until_25000,group_06_instance_01_customers_10000_depots_7_salesmen_16_clustered,/Users/mrggrm/Documents/GitHub/MDMTSP-HSE-RESEARCH/instances/research/group_06/g06_i01_c10000_d7_m16_clustered.json,42,0,7,10000,16,True,72495.62201813894,True,ok,16,410.0,True,True,40537.840809730274,0.7883444349788322,False,/Users/mrggrm/Documents/GitHub/MDMTSP-HSE-RESEARCH/results/runs/research_until_25000/nearest_neighbour/research/group_06/g06_i01_c10000_d7_m16_clustered/20260505T145730Z__research_until_25000__nearest_neighbour__g06_i01_c10000_d7_m16_clustered__seed_42__afbb2bf74f30.json
20260505T145731Z__research_until_25000__nearest_neighbour__g06_i02_c10000_d6_m41_clustered__seed_42__665f2c19966f,2026-05-05T14:57:31Z,nearest_neighbour,research_until_25000,group_06_instance_02_customers_10000_depots_6_salesmen_41_clustered,/Users/mrggrm/Documents/GitHub/MDMTSP-HSE-RESEARCH/instances/research/group_06/g06_i02_c10000_d6_m41_clustered.json,42,0,6,10000,41,True,138619.61374423353,True,ok,41,406.0,True,True,44811.880624951606,2.093367468872731,False,/Users/mrggrm/Documents/GitHub/MDMTSP-HSE-RESEARCH/results/runs/research_until_25000/nearest_neighbour/research/group_06/g06_i02_c10000_d6_m41_clustered/20260505T145731Z__research_until_25000__nearest_neighbour__g06_i02_c10000_d6_m41_clustered__seed_42__665f2c19966f.json
20260505T145731Z__research_until_25000__nearest_neighbour__g06_i03_c10000_d10_m79_grid__seed_42__1b303e22e756,2026-05-05T14:57:31Z,nearest_neighbour,research_until_25000,group_06_instance_03_customers_10000_depots_10_salesmen_79_grid,/Users/mrggrm/Documents/GitHub/MDMTSP-HSE-RESEARCH/instances/research/group_06/g06_i03_c10000_d10_m79_grid.json,42,0,10,10000,79,True,289570.13172856835,True,ok,79,398.0,True,True,104947.41782390277,1.7591925340598138,False,/Users/mrggrm/Documents/GitHub/MDMTSP-HSE-RESEARCH/results/runs/research_until_25000/nearest_neighbour/research/group_06/g06_i03_c10000_d10_m79_grid/20260505T145731Z__research_until_25000__nearest_neighbour__g06_i03_c10000_d10_m79_grid__seed_42__1b303e22e756.json
20260505T145732Z__research_until_25000__nearest_neighbour__g06_i04_c10000_d7_m15_grid__seed_42__4642bb43c13e,2026-05-05T14:57:32Z,nearest_neighbour,research_until_25000,group_06_instance_04_customers_10000_depots_7_salesmen_15_grid,/Users/mrggrm/Documents/GitHub/MDMTSP-HSE-RESEARCH/instances/research/group_06/g06_i04_c10000_d7_m15_grid.json,42,0,7,10000,15,True,153937.53361383444,True,ok,15,402.0,True,True,104973.3468745502,0.46644398980437907,False,/Users/mrggrm/Documents/GitHub/MDMTSP-HSE-RESEARCH/results/runs/research_until_25000/nearest_neighbour/research/group_06/g06_i04_c10000_d7_m15_grid/20260505T145732Z__research_until_25000__nearest_neighbour__g06_i04_c10000_d7_m15_grid__seed_42__4642bb43c13e.json
20260505T145732Z__research_until_25000__nearest_neighbour__g06_i05_c10000_d7_m15_adversarial__seed_42__fbde3c8043b2,2026-05-05T14:57:32Z,nearest_neighbour,research_until_25000,group_06_instance_05_customers_10000_depots_7_salesmen_15_adversarial,/Users/mrggrm/Documents/GitHub/MDMTSP-HSE-RESEARCH/instances/research/group_06/g06_i05_c10000_d7_m15_adversarial.json,42,0,7,10000,15,True,48113.078152954826,True,ok,15,420.0,True,True,30086.883901873167,0.5991379602445095,False,/Users/mrggrm/Documents/GitHub/MDMTSP-HSE-RESEARCH/results/runs/research_until_25000/nearest_neighbour/research/group_06/g06_i05_c10000_d7_m15_adversarial/20260505T145732Z__research_until_25000__nearest_neighbour__g06_i05_c10000_d7_m15_adversarial__seed_42__fbde3c8043b2.json
20260505T145732Z__research_until_25000__nearest_neighbour__g06_i06_c10000_d7_m33_adversarial__seed_42__5c3e164642f2,2026-05-05T14:57:32Z,nearest_neighbour,research_until_25000,group_06_instance_06_customers_10000_depots_7_salesmen_33_adversarial,/Users/mrggrm/Documents/GitHub/MDMTSP-HSE-RESEARCH/instances/research/group_06/g06_i06_c10000_d7_m33_adversarial.json,42,0,7,10000,33,True,109853.53604130115,True,ok,33,413.0,True,True,41113.844505948626,1.6719353872491007,False,/Users/mrggrm/Documents/GitHub/MDMTSP-HSE-RESEARCH/results/runs/research_until_25000/nearest_neighbour/research/group_06/g06_i06_c10000_d7_m33_adversarial/20260505T145732Z__research_until_25000__nearest_neighbour__g06_i06_c10000_d7_m33_adversarial__seed_42__5c3e164642f2.json
20260505T145733Z__research_until_25000__nearest_neighbour__g06_i07_c10000_d10_m70_line__seed_42__7f53e4344efb,2026-05-05T14:57:33Z,nearest_neighbour,research_until_25000,group_06_instance_07_customers_10000_depots_10_salesmen_70_line,/Users/mrggrm/Documents/GitHub/MDMTSP-HSE-RESEARCH/instances/research/group_06/g06_i07_c10000_d10_m70_line.json,42,0,10,10000,70,True,67306.89634994071,True,ok,70,404.0,True,True,18660.694477462006,2.606880570882963,False,/Users/mrggrm/Documents/GitHub/MDMTSP-HSE-RESEARCH/results/runs/research_until_25000/nearest_neighbour/research/group_06/g06_i07_c10000_d10_m70_line/20260505T145733Z__research_until_25000__nearest_neighbour__g06_i07_c10000_d10_m70_line__seed_42__7f53e4344efb.json
20260505T145733Z__research_until_25000__nearest_neighbour__g06_i08_c10000_d7_m45_line__seed_42__85d260119300,2026-05-05T14:57:33Z,nearest_neighbour,research_until_25000,group_06_instance_08_customers_10000_depots_7_salesmen_45_line,/Users/mrggrm/Documents/GitHub/MDMTSP-HSE-RESEARCH/instances/research/group_06/g06_i08_c10000_d7_m45_line.json,42,0,7,10000,45,True,69742.09614005615,True,ok,45,405.0,True,True,23438.849072552704,1.9754914980755323,False,/Users/mrggrm/Documents/GitHub/MDMTSP-HSE-RESEARCH/results/runs/research_until_25000/nearest_neighbour/research/group_06/g06_i08_c10000_d7_m45_line/20260505T145733Z__research_until_25000__nearest_neighbour__g06_i08_c10000_d7_m45_line__seed_42__85d260119300.json
20260505T145734Z__research_until_25000__nearest_neighbour__g07_i01_c25000_d9_m20_random__seed_42__bc0975ba90fd,2026-05-05T14:57:34Z,nearest_neighbour,research_until_25000,group_07_instance_01_customers_25000_depots_9_salesmen_20_random,/Users/mrggrm/Documents/GitHub/MDMTSP-HSE-RESEARCH/instances/research/group_07/g07_i01_c25000_d9_m20_random.json,42,0,9,25000,20,True,213455.36705796342,True,ok,20,4922.0,True,True,130432.21562008503,0.6365233546266142,False,/Users/mrggrm/Documents/GitHub/MDMTSP-HSE-RESEARCH/results/runs/research_until_25000/nearest_neighbour/research/group_07/g07_i01_c25000_d9_m20_random/20260505T145734Z__research_until_25000__nearest_neighbour__g07_i01_c25000_d9_m20_random__seed_42__bc0975ba90fd.json
20260505T145739Z__research_until_25000__nearest_neighbour__g07_i02_c25000_d5_m26_random__seed_42__e8bf5beb52ca,2026-05-05T14:57:39Z,nearest_neighbour,research_until_25000,group_07_instance_02_customers_25000_depots_5_salesmen_26_random,/Users/mrggrm/Documents/GitHub/MDMTSP-HSE-RESEARCH/instances/research/group_07/g07_i02_c25000_d5_m26_random.json,42,0,5,25000,26,True,332789.59204058495,True,ok,26,14503.0,True,True,129770.39643101182,1.5644492210324843,False,/Users/mrggrm/Documents/GitHub/MDMTSP-HSE-RESEARCH/results/runs/research_until_25000/nearest_neighbour/research/group_07/g07_i02_c25000_d5_m26_random/20260505T145739Z__research_until_25000__nearest_neighbour__g07_i02_c25000_d5_m26_random__seed_42__e8bf5beb52ca.json
20260505T145753Z__research_until_25000__random_insertion__g01_i01_c10_d1_m3_random__seed_42__59cdef5ec536,2026-05-05T14:57:53Z,random_insertion,research_until_25000,group_01_instance_01_customers_10_depots_1_salesmen_3_random,/Users/mrggrm/Documents/GitHub/MDMTSP-HSE-RESEARCH/instances/research/group_01/g01_i01_c10_d1_m3_random.json,42,0,1,10,3,True,2880.886421408019,True,ok,3,0.0,True,True,2880.886421408019,0.0,True,/Users/mrggrm/Documents/GitHub/MDMTSP-HSE-RESEARCH/results/runs/research_until_25000/random_insertion/research/group_01/g01_i01_c10_d1_m3_random/20260505T145753Z__research_until_25000__random_insertion__g01_i01_c10_d1_m3_random__seed_42__59cdef5ec536.json
20260505T145753Z__research_until_25000__random_insertion__g01_i02_c10_d1_m3_random__seed_42__28735f5130c0,2026-05-05T14:57:53Z,random_insertion,research_until_25000,group_01_instance_02_customers_10_depots_1_salesmen_3_random,/Users/mrggrm/Documents/GitHub/MDMTSP-HSE-RESEARCH/instances/research/group_01/g01_i02_c10_d1_m3_random.json,42,0,1,10,3,True,2779.7740863751396,True,ok,3,0.0,True,True,2779.7740863751396,0.0,True,/Users/mrggrm/Documents/GitHub/MDMTSP-HSE-RESEARCH/results/runs/research_until_25000/random_insertion/research/group_01/g01_i02_c10_d1_m3_random/20260505T145753Z__research_until_25000__random_insertion__g01_i02_c10_d1_m3_random__seed_42__28735f5130c0.json
20260505T145753Z__research_until_25000__random_insertion__g01_i03_c10_d2_m6_random__seed_42__f496e005999d,2026-05-05T14:57:53Z,random_insertion,research_until_25000,group_01_instance_03_customers_10_depots_2_salesmen_6_random,/Users/mrggrm/Documents/GitHub/MDMTSP-HSE-RESEARCH/instances/research/group_01/g01_i03_c10_d2_m6_random.json,42,0,2,10,6,True,3460.330104517602,True,ok,6,0.0,True,True,3460.330104517602,0.0,True,/Users/mrggrm/Documents/GitHub/MDMTSP-HSE-RESEARCH/results/runs/research_until_25000/random_insertion/research/group_01/g01_i03_c10_d2_m6_random/20260505T145753Z__research_until_25000__random_insertion__g01_i03_c10_d2_m6_random__seed_42__f496e005999d.json
20260505T145753Z__research_until_25000__random_insertion__g01_i04_c10_d2_m5_random__seed_42__fcc957041608,2026-05-05T14:57:53Z,random_insertion,research_until_25000,group_01_instance_04_customers_10_depots_2_salesmen_5_random,/Users/mrggrm/Documents/GitHub/MDMTSP-HSE-RESEARCH/instances/research/group_01/g01_i04_c10_d2_m5_random.json,42,0,2,10,5,True,3422.896637494478,True,ok,5,0.0,True,True,3422.896637494478,0.0,True,/Users/mrggrm/Documents/GitHub/MDMTSP-HSE-RESEARCH/results/runs/research_until_25000/random_insertion/research/group_01/g01_i04_c10_d2_m5_random/20260505T145753Z__research_until_25000__random_insertion__g01_i04_c10_d2_m5_random__seed_42__fcc957041608.json
20260505T145753Z__research_until_25000__random_insertion__g01_i05_c10_d2_m4_random__seed_42__c1493ea43c08,2026-05-05T14:57:53Z,random_insertion,research_until_25000,group_01_instance_05_customers_10_depots_2_salesmen_4_random,/Users/mrggrm/Documents/GitHub/MDMTSP-HSE-RESEARCH/instances/research/group_01/g01_i05_c10_d2_m4_random.json,42,0,2,10,4,True,3369.418273921482,True,ok,4,0.0,True,True,3369.418273921482,0.0,True,/Users/mrggrm/Documents/GitHub/MDMTSP-HSE-RESEARCH/results/runs/research_until_25000/random_insertion/research/group_01/g01_i05_c10_d2_m4_random/20260505T145753Z__research_until_25000__random_insertion__g01_i05_c10_d2_m4_random__seed_42__c1493ea43c08.json
20260505T145753Z__research_until_25000__random_insertion__g01_i06_c10_d3_m4_random__seed_42__fb511d9ca0a4,2026-05-05T14:57:53Z,random_insertion,research_until_25000,group_01_instance_06_customers_10_depots_3_salesmen_4_random,/Users/mrggrm/Documents/GitHub/MDMTSP-HSE-RESEARCH/instances/research/group_01/g01_i06_c10_d3_m4_random.json,42,0,3,10,4,True,3276.23465054839,True,ok,4,0.0,True,True,3276.23465054839,0.0,True,/Users/mrggrm/Documents/GitHub/MDMTSP-HSE-RESEARCH/results/runs/research_until_25000/random_insertion/research/group_01/g01_i06_c10_d3_m4_random/20260505T145753Z__research_until_25000__random_insertion__g01_i06_c10_d3_m4_random__seed_42__fb511d9ca0a4.json
20260505T145753Z__research_until_25000__random_insertion__g01_i07_c10_d3_m5_random__seed_42__667e91dc689f,2026-05-05T14:57:53Z,random_insertion,research_until_25000,group_01_instance_07_customers_10_depots_3_salesmen_5_random,/Users/mrggrm/Documents/GitHub/MDMTSP-HSE-RESEARCH/instances/research/group_01/g01_i07_c10_d3_m5_random.json,42,0,3,10,5,True,3128.669721317914,True,ok,5,0.0,True,True,3128.669721317914,0.0,True,/Users/mrggrm/Documents/GitHub/MDMTSP-HSE-RESEARCH/results/runs/research_until_25000/random_insertion/research/group_01/g01_i07_c10_d3_m5_random/20260505T145753Z__research_until_25000__random_insertion__g01_i07_c10_d3_m5_random__seed_42__667e91dc689f.json
20260505T145753Z__research_until_25000__random_insertion__g01_i08_c10_d2_m2_random__seed_42__0abf9faf1186,2026-05-05T14:57:53Z,random_insertion,research_until_25000,group_01_instance_08_customers_10_depots_2_salesmen_2_random,/Users/mrggrm/Documents/GitHub/MDMTSP-HSE-RESEARCH/instances/research/group_01/g01_i08_c10_d2_m2_random.json,42,0,2,10,2,True,2966.375867240853,True,ok,2,0.0,True,True,2966.375867240853,0.0,True,/Users/mrggrm/Documents/GitHub/MDMTSP-HSE-RESEARCH/results/runs/research_until_25000/random_insertion/research/group_01/g01_i08_c10_d2_m2_random/20260505T145753Z__research_until_25000__random_insertion__g01_i08_c10_d2_m2_random__seed_42__0abf9faf1186.json
20260505T145753Z__research_until_25000__random_insertion__g01_i09_c10_d3_m3_random__seed_42__c7d4cdd622b1,2026-05-05T14:57:53Z,random_insertion,research_until_25000,group_01_instance_09_customers_10_depots_3_salesmen_3_random,/Users/mrggrm/Documents/GitHub/MDMTSP-HSE-RESEARCH/instances/research/group_01/g01_i09_c10_d3_m3_random.json,42,0,3,10,3,True,2819.7494408220155,True,ok,3,0.0,True,True,2819.7494408220155,0.0,True,/Users/mrggrm/Documents/GitHub/MDMTSP-HSE-RESEARCH/results/runs/research_until_25000/random_insertion/research/group_01/g01_i09_c10_d3_m3_random/20260505T145753Z__research_until_25000__random_insertion__g01_i09_c10_d3_m3_random__seed_42__c7d4cdd622b1.json
20260505T145753Z__research_until_25000__random_insertion__g01_i10_c10_d1_m1_random__seed_42__ace005955b33,2026-05-05T14:57:53Z,random_insertion,research_until_25000,group_01_instance_10_customers_10_depots_1_salesmen_1_random,/Users/mrggrm/Documents/GitHub/MDMTSP-HSE-RESEARCH/instances/research/group_01/g01_i10_c10_d1_m1_random.json,42,0,1,10,1,True,2346.775519352508,True,ok,1,0.0,True,True,2346.775519352508,0.0,True,/Users/mrggrm/Documents/GitHub/MDMTSP-HSE-RESEARCH/results/runs/research_until_25000/random_insertion/research/group_01/g01_i10_c10_d1_m1_random/20260505T145753Z__research_until_25000__random_insertion__g01_i10_c10_d1_m1_random__seed_42__ace005955b33.json
20260505T145753Z__research_until_25000__random_insertion__g02_i01_c50_d5_m23_random__seed_42__a12013d73c3d,2026-05-05T14:57:53Z,random_insertion,research_until_25000,group_02_instance_01_customers_50_depots_5_salesmen_23_random,/Users/mrggrm/Documents/GitHub/MDMTSP-HSE-RESEARCH/instances/research/group_02/g02_i01_c50_d5_m23_random.json,42,0,5,50,23,True,7561.532977527012,True,ok,23,0.0,True,True,7561.532977527012,0.0,True,/Users/mrggrm/Documents/GitHub/MDMTSP-HSE-RESEARCH/results/runs/research_until_25000/random_insertion/research/group_02/g02_i01_c50_d5_m23_random/20260505T145753Z__research_until_25000__random_insertion__g02_i01_c50_d5_m23_random__seed_42__a12013d73c3d.json
20260505T145753Z__research_until_25000__random_insertion__g02_i02_c50_d3_m3_random__seed_42__ca989172e6be,2026-05-05T14:57:53Z,random_insertion,research_until_25000,group_02_instance_02_customers_50_depots_3_salesmen_3_random,/Users/mrggrm/Documents/GitHub/MDMTSP-HSE-RESEARCH/instances/research/group_02/g02_i02_c50_d3_m3_random.json,42,0,3,50,3,True,7044.948390067413,True,ok,3,0.0,True,True,7044.948390067413,0.0,True,/Users/mrggrm/Documents/GitHub/MDMTSP-HSE-RESEARCH/results/runs/research_until_25000/random_insertion/research/group_02/g02_i02_c50_d3_m3_random/20260505T145753Z__research_until_25000__random_insertion__g02_i02_c50_d3_m3_random__seed_42__ca989172e6be.json
20260505T145753Z__research_until_25000__random_insertion__g02_i03_c50_d4_m19_random__seed_42__d6dd5fab2ec3,2026-05-05T14:57:53Z,random_insertion,research_until_25000,group_02_instance_03_customers_50_depots_4_salesmen_19_random,/Users/mrggrm/Documents/GitHub/MDMTSP-HSE-RESEARCH/instances/research/group_02/g02_i03_c50_d4_m19_random.json,42,0,4,50,19,True,7494.600912043663,True,ok,19,0.0,True,True,7494.600912043663,0.0,True,/Users/mrggrm/Documents/GitHub/MDMTSP-HSE-RESEARCH/results/runs/research_until_25000/random_insertion/research/group_02/g02_i03_c50_d4_m19_random/20260505T145753Z__research_until_25000__random_insertion__g02_i03_c50_d4_m19_random__seed_42__d6dd5fab2ec3.json
20260505T145753Z__research_until_25000__random_insertion__g02_i04_c50_d4_m10_random__seed_42__d533639ab666,2026-05-05T14:57:53Z,random_insertion,research_until_25000,group_02_instance_04_customers_50_depots_4_salesmen_10_random,/Users/mrggrm/Documents/GitHub/MDMTSP-HSE-RESEARCH/instances/research/group_02/g02_i04_c50_d4_m10_random.json,42,0,4,50,10,True,6687.983429255037,True,ok,10,0.0,True,True,6687.983429255037,0.0,True,/Users/mrggrm/Documents/GitHub/MDMTSP-HSE-RESEARCH/results/runs/research_until_25000/random_insertion/research/group_02/g02_i04_c50_d4_m10_random/20260505T145753Z__research_until_25000__random_insertion__g02_i04_c50_d4_m10_random__seed_42__d533639ab666.json
20260505T145753Z__research_until_25000__random_insertion__g02_i05_c50_d3_m7_random__seed_42__3cf6302e2317,2026-05-05T14:57:53Z,random_insertion,research_until_25000,group_02_instance_05_customers_50_depots_3_salesmen_7_random,/Users/mrggrm/Documents/GitHub/MDMTSP-HSE-RESEARCH/instances/research/group_02/g02_i05_c50_d3_m7_random.json,42,0,3,50,7,True,6315.132716619457,True,ok,7,0.0,True,True,6315.132716619457,0.0,True,/Users/mrggrm/Documents/GitHub/MDMTSP-HSE-RESEARCH/results/runs/research_until_25000/random_insertion/research/group_02/g02_i05_c50_d3_m7_random/20260505T145753Z__research_until_25000__random_insertion__g02_i05_c50_d3_m7_random__seed_42__3cf6302e2317.json
20260505T145753Z__research_until_25000__random_insertion__g02_i06_c50_d4_m6_random__seed_42__4cc17a9e1d45,2026-05-05T14:57:53Z,random_insertion,research_until_25000,group_02_instance_06_customers_50_depots_4_salesmen_6_random,/Users/mrggrm/Documents/GitHub/MDMTSP-HSE-RESEARCH/instances/research/group_02/g02_i06_c50_d4_m6_random.json,42,0,4,50,6,True,7031.1277173933395,True,ok,6,0.0,True,True,7031.1277173933395,0.0,True,/Users/mrggrm/Documents/GitHub/MDMTSP-HSE-RESEARCH/results/runs/research_until_25000/random_insertion/research/group_02/g02_i06_c50_d4_m6_random/20260505T145753Z__research_until_25000__random_insertion__g02_i06_c50_d4_m6_random__seed_42__4cc17a9e1d45.json
20260505T145753Z__research_until_25000__random_insertion__g02_i07_c50_d4_m5_random__seed_42__fd7cbeb80f6e,2026-05-05T14:57:53Z,random_insertion,research_until_25000,group_02_instance_07_customers_50_depots_4_salesmen_5_random,/Users/mrggrm/Documents/GitHub/MDMTSP-HSE-RESEARCH/instances/research/group_02/g02_i07_c50_d4_m5_random.json,42,0,4,50,5,True,5481.836082008387,True,ok,5,0.0,True,True,5481.836082008387,0.0,True,/Users/mrggrm/Documents/GitHub/MDMTSP-HSE-RESEARCH/results/runs/research_until_25000/random_insertion/research/group_02/g02_i07_c50_d4_m5_random/20260505T145753Z__research_until_25000__random_insertion__g02_i07_c50_d4_m5_random__seed_42__fd7cbeb80f6e.json
20260505T145753Z__research_until_25000__random_insertion__g02_i08_c50_d4_m11_random__seed_42__9d8eca43c7fc,2026-05-05T14:57:53Z,random_insertion,research_until_25000,group_02_instance_08_customers_50_depots_4_salesmen_11_random,/Users/mrggrm/Documents/GitHub/MDMTSP-HSE-RESEARCH/instances/research/group_02/g02_i08_c50_d4_m11_random.json,42,0,4,50,11,True,6834.568702231016,True,ok,11,0.0,True,True,6834.568702231016,0.0,True,/Users/mrggrm/Documents/GitHub/MDMTSP-HSE-RESEARCH/results/runs/research_until_25000/random_insertion/research/group_02/g02_i08_c50_d4_m11_random/20260505T145753Z__research_until_25000__random_insertion__g02_i08_c50_d4_m11_random__seed_42__9d8eca43c7fc.json
20260505T145753Z__research_until_25000__random_insertion__g02_i09_c50_d5_m10_random__seed_42__8ea14d787407,2026-05-05T14:57:53Z,random_insertion,research_until_25000,group_02_instance_09_customers_50_depots_5_salesmen_10_random,/Users/mrggrm/Documents/GitHub/MDMTSP-HSE-RESEARCH/instances/research/group_02/g02_i09_c50_d5_m10_random.json,42,0,5,50,10,True,6897.701850416863,True,ok,10,0.0,True,True,6897.701850416863,0.0,True,/Users/mrggrm/Documents/GitHub/MDMTSP-HSE-RESEARCH/results/runs/research_until_25000/random_insertion/research/group_02/g02_i09_c50_d5_m10_random/20260505T145753Z__research_until_25000__random_insertion__g02_i09_c50_d5_m10_random__seed_42__8ea14d787407.json
20260505T145753Z__research_until_25000__random_insertion__g02_i10_c50_d4_m20_random__seed_42__6f342e329183,2026-05-05T14:57:53Z,random_insertion,research_until_25000,group_02_instance_10_customers_50_depots_4_salesmen_20_random,/Users/mrggrm/Documents/GitHub/MDMTSP-HSE-RESEARCH/instances/research/group_02/g02_i10_c50_d4_m20_random.json,42,0,4,50,20,True,6276.105502771356,True,ok,20,0.0,True,True,6276.105502771356,0.0,True,/Users/mrggrm/Documents/GitHub/MDMTSP-HSE-RESEARCH/results/runs/research_until_25000/random_insertion/research/group_02/g02_i10_c50_d4_m20_random/20260505T145753Z__research_until_25000__random_insertion__g02_i10_c50_d4_m20_random__seed_42__6f342e329183.json
20260505T145753Z__research_until_25000__random_insertion__g03_i01_c500_d5_m21_random__seed_42__49990f454f58,2026-05-05T14:57:53Z,random_insertion,research_until_25000,group_03_instance_01_customers_500_depots_5_salesmen_21_random,/Users/mrggrm/Documents/GitHub/MDMTSP-HSE-RESEARCH/instances/research/group_03/g03_i01_c500_d5_m21_random.json,42,0,5,500,21,True,18873.901945556514,True,ok,21,0.0,True,True,18873.901945556514,0.0,True,/Users/mrggrm/Documents/GitHub/MDMTSP-HSE-RESEARCH/results/runs/research_until_25000/random_insertion/research/group_03/g03_i01_c500_d5_m21_random/20260505T145753Z__research_until_25000__random_insertion__g03_i01_c500_d5_m21_random__seed_42__49990f454f58.json
20260505T145753Z__research_until_25000__random_insertion__g03_i02_c500_d3_m10_random__seed_42__40bb16216e3d,2026-05-05T14:57:53Z,random_insertion,research_until_25000,group_03_instance_02_customers_500_depots_3_salesmen_10_random,/Users/mrggrm/Documents/GitHub/MDMTSP-HSE-RESEARCH/instances/research/group_03/g03_i02_c500_d3_m10_random.json,42,0,3,500,10,True,19329.588927020293,True,ok,10,0.0,True,True,19329.588927020293,0.0,True,/Users/mrggrm/Documents/GitHub/MDMTSP-HSE-RESEARCH/results/runs/research_until_25000/random_insertion/research/group_03/g03_i02_c500_d3_m10_random/20260505T145753Z__research_until_25000__random_insertion__g03_i02_c500_d3_m10_random__seed_42__40bb16216e3d.json
20260505T145753Z__research_until_25000__random_insertion__g03_i03_c500_d3_m12_random__seed_42__e6deb5376731,2026-05-05T14:57:53Z,random_insertion,research_until_25000,group_03_instance_03_customers_500_depots_3_salesmen_12_random,/Users/mrggrm/Documents/GitHub/MDMTSP-HSE-RESEARCH/instances/research/group_03/g03_i03_c500_d3_m12_random.json,42,0,3,500,12,True,19402.336144611018,True,ok,12,0.0,True,True,19402.336144611018,0.0,True,/Users/mrggrm/Documents/GitHub/MDMTSP-HSE-RESEARCH/results/runs/research_until_25000/random_insertion/research/group_03/g03_i03_c500_d3_m12_random/20260505T145753Z__research_until_25000__random_insertion__g03_i03_c500_d3_m12_random__seed_42__e6deb5376731.json
20260505T145753Z__research_until_25000__random_insertion__g03_i04_c500_d5_m19_random__seed_42__9363aac1a6ac,2026-05-05T14:57:53Z,random_insertion,research_until_25000,group_03_instance_04_customers_500_depots_5_salesmen_19_random,/Users/mrggrm/Documents/GitHub/MDMTSP-HSE-RESEARCH/instances/research/group_03/g03_i04_c500_d5_m19_random.json,42,0,5,500,19,True,19249.36493891456,True,ok,19,0.0,True,True,19249.36493891456,0.0,True,/Users/mrggrm/Documents/GitHub/MDMTSP-HSE-RESEARCH/results/runs/research_until_25000/random_insertion/research/group_03/g03_i04_c500_d5_m19_random/20260505T145753Z__research_until_25000__random_insertion__g03_i04_c500_d5_m19_random__seed_42__9363aac1a6ac.json
20260505T145753Z__research_until_25000__random_insertion__g03_i05_c500_d3_m6_random__seed_42__b1eaeefde8cc,2026-05-05T14:57:53Z,random_insertion,research_until_25000,group_03_instance_05_customers_500_depots_3_salesmen_6_random,/Users/mrggrm/Documents/GitHub/MDMTSP-HSE-RESEARCH/instances/research/group_03/g03_i05_c500_d3_m6_random.json,42,0,3,500,6,True,19044.81379110455,True,ok,6,0.0,True,True,19044.81379110455,0.0,True,/Users/mrggrm/Documents/GitHub/MDMTSP-HSE-RESEARCH/results/runs/research_until_25000/random_insertion/research/group_03/g03_i05_c500_d3_m6_random/20260505T145753Z__research_until_25000__random_insertion__g03_i05_c500_d3_m6_random__seed_42__b1eaeefde8cc.json
20260505T145753Z__research_until_25000__random_insertion__g03_i06_c500_d3_m3_random__seed_42__0f5588868f7e,2026-05-05T14:57:53Z,random_insertion,research_until_25000,group_03_instance_06_customers_500_depots_3_salesmen_3_random,/Users/mrggrm/Documents/GitHub/MDMTSP-HSE-RESEARCH/instances/research/group_03/g03_i06_c500_d3_m3_random.json,42,0,3,500,3,True,18932.883609971665,True,ok,3,1.0,True,True,18932.883609971665,0.0,True,/Users/mrggrm/Documents/GitHub/MDMTSP-HSE-RESEARCH/results/runs/research_until_25000/random_insertion/research/group_03/g03_i06_c500_d3_m3_random/20260505T145753Z__research_until_25000__random_insertion__g03_i06_c500_d3_m3_random__seed_42__0f5588868f7e.json
20260505T145753Z__research_until_25000__random_insertion__g03_i07_c500_d5_m20_random__seed_42__2f7e647b459f,2026-05-05T14:57:53Z,random_insertion,research_until_25000,group_03_instance_07_customers_500_depots_5_salesmen_20_random,/Users/mrggrm/Documents/GitHub/MDMTSP-HSE-RESEARCH/instances/research/group_03/g03_i07_c500_d5_m20_random.json,42,0,5,500,20,True,19460.719288562417,True,ok,20,0.0,True,True,19460.719288562417,0.0,True,/Users/mrggrm/Documents/GitHub/MDMTSP-HSE-RESEARCH/results/runs/research_until_25000/random_insertion/research/group_03/g03_i07_c500_d5_m20_random/20260505T145753Z__research_until_25000__random_insertion__g03_i07_c500_d5_m20_random__seed_42__2f7e647b459f.json
20260505T145753Z__research_until_25000__random_insertion__g03_i08_c500_d3_m7_random__seed_42__22071a68564a,2026-05-05T14:57:53Z,random_insertion,research_until_25000,group_03_instance_08_customers_500_depots_3_salesmen_7_random,/Users/mrggrm/Documents/GitHub/MDMTSP-HSE-RESEARCH/instances/research/group_03/g03_i08_c500_d3_m7_random.json,42,0,3,500,7,True,18852.669853257914,True,ok,7,0.0,True,True,18852.669853257914,0.0,True,/Users/mrggrm/Documents/GitHub/MDMTSP-HSE-RESEARCH/results/runs/research_until_25000/random_insertion/research/group_03/g03_i08_c500_d3_m7_random/20260505T145753Z__research_until_25000__random_insertion__g03_i08_c500_d3_m7_random__seed_42__22071a68564a.json
20260505T145753Z__research_until_25000__random_insertion__g03_i09_c500_d4_m8_random__seed_42__08e90e04a613,2026-05-05T14:57:53Z,random_insertion,research_until_25000,group_03_instance_09_customers_500_depots_4_salesmen_8_random,/Users/mrggrm/Documents/GitHub/MDMTSP-HSE-RESEARCH/instances/research/group_03/g03_i09_c500_d4_m8_random.json,42,0,4,500,8,True,19084.93781766307,True,ok,8,1.0,True,True,19084.93781766307,0.0,True,/Users/mrggrm/Documents/GitHub/MDMTSP-HSE-RESEARCH/results/runs/research_until_25000/random_insertion/research/group_03/g03_i09_c500_d4_m8_random/20260505T145753Z__research_until_25000__random_insertion__g03_i09_c500_d4_m8_random__seed_42__08e90e04a613.json
20260505T145753Z__research_until_25000__random_insertion__g03_i10_c500_d5_m18_random__seed_42__19f85344b3c8,2026-05-05T14:57:53Z,random_insertion,research_until_25000,group_03_instance_10_customers_500_depots_5_salesmen_18_random,/Users/mrggrm/Documents/GitHub/MDMTSP-HSE-RESEARCH/instances/research/group_03/g03_i10_c500_d5_m18_random.json,42,0,5,500,18,True,19142.57636521301,True,ok,18,1.0,True,True,19142.57636521301,0.0,True,/Users/mrggrm/Documents/GitHub/MDMTSP-HSE-RESEARCH/results/runs/research_until_25000/random_insertion/research/group_03/g03_i10_c500_d5_m18_random/20260505T145753Z__research_until_25000__random_insertion__g03_i10_c500_d5_m18_random__seed_42__19f85344b3c8.json
20260505T145753Z__research_until_25000__random_insertion__g04_i01_c1000_d6_m11_random__seed_42__442b01d198d7,2026-05-05T14:57:53Z,random_insertion,research_until_25000,group_04_instance_01_customers_1000_depots_6_salesmen_11_random,/Users/mrggrm/Documents/GitHub/MDMTSP-HSE-RESEARCH/instances/research/group_04/g04_i01_c1000_d6_m11_random.json,42,0,6,1000,11,True,26960.94493495043,True,ok,11,7.0,True,True,26960.94493495043,0.0,True,/Users/mrggrm/Documents/GitHub/MDMTSP-HSE-RESEARCH/results/runs/research_until_25000/random_insertion/research/group_04/g04_i01_c1000_d6_m11_random/20260505T145753Z__research_until_25000__random_insertion__g04_i01_c1000_d6_m11_random__seed_42__442b01d198d7.json
20260505T145753Z__research_until_25000__random_insertion__g04_i02_c1000_d5_m19_random__seed_42__00407d7cbef6,2026-05-05T14:57:53Z,random_insertion,research_until_25000,group_04_instance_02_customers_1000_depots_5_salesmen_19_random,/Users/mrggrm/Documents/GitHub/MDMTSP-HSE-RESEARCH/instances/research/group_04/g04_i02_c1000_d5_m19_random.json,42,0,5,1000,19,True,26316.808442663107,True,ok,19,7.0,True,True,26316.808442663107,0.0,True,/Users/mrggrm/Documents/GitHub/MDMTSP-HSE-RESEARCH/results/runs/research_until_25000/random_insertion/research/group_04/g04_i02_c1000_d5_m19_random/20260505T145753Z__research_until_25000__random_insertion__g04_i02_c1000_d5_m19_random__seed_42__00407d7cbef6.json
20260505T145753Z__research_until_25000__random_insertion__g04_i03_c1000_d7_m19_random__seed_42__e82f9caa1603,2026-05-05T14:57:53Z,random_insertion,research_until_25000,group_04_instance_03_customers_1000_depots_7_salesmen_19_random,/Users/mrggrm/Documents/GitHub/MDMTSP-HSE-RESEARCH/instances/research/group_04/g04_i03_c1000_d7_m19_random.json,42,0,7,1000,19,True,27285.31882889609,True,ok,19,7.0,True,True,27285.31882889609,0.0,True,/Users/mrggrm/Documents/GitHub/MDMTSP-HSE-RESEARCH/results/runs/research_until_25000/random_insertion/research/group_04/g04_i03_c1000_d7_m19_random/20260505T145753Z__research_until_25000__random_insertion__g04_i03_c1000_d7_m19_random__seed_42__e82f9caa1603.json
20260505T145753Z__research_until_25000__random_insertion__g04_i04_c1000_d7_m12_random__seed_42__e91077e6e650,2026-05-05T14:57:53Z,random_insertion,research_until_25000,group_04_instance_04_customers_1000_depots_7_salesmen_12_random,/Users/mrggrm/Documents/GitHub/MDMTSP-HSE-RESEARCH/instances/research/group_04/g04_i04_c1000_d7_m12_random.json,42,0,7,1000,12,True,27076.73323038606,True,ok,12,7.0,True,True,27076.73323038606,0.0,True,/Users/mrggrm/Documents/GitHub/MDMTSP-HSE-RESEARCH/results/runs/research_until_25000/random_insertion/research/group_04/g04_i04_c1000_d7_m12_random/20260505T145753Z__research_until_25000__random_insertion__g04_i04_c1000_d7_m12_random__seed_42__e91077e6e650.json
20260505T145753Z__research_until_25000__random_insertion__g04_i05_c1000_d10_m23_random__seed_42__79455b65c378,2026-05-05T14:57:53Z,random_insertion,research_until_25000,group_04_instance_05_customers_1000_depots_10_salesmen_23_random,/Users/mrggrm/Documents/GitHub/MDMTSP-HSE-RESEARCH/instances/research/group_04/g04_i05_c1000_d10_m23_random.json,42,0,10,1000,23,True,26609.47357898224,True,ok,23,7.0,True,True,26609.47357898224,0.0,True,/Users/mrggrm/Documents/GitHub/MDMTSP-HSE-RESEARCH/results/runs/research_until_25000/random_insertion/research/group_04/g04_i05_c1000_d10_m23_random/20260505T145753Z__research_until_25000__random_insertion__g04_i05_c1000_d10_m23_random__seed_42__79455b65c378.json
20260505T145753Z__research_until_25000__random_insertion__g05_i01_c10000_d1_m6_random__seed_42__621eb807fc5b,2026-05-05T14:57:53Z,random_insertion,research_until_25000,group_05_instance_01_customers_10000_depots_1_salesmen_6_random,/Users/mrggrm/Documents/GitHub/MDMTSP-HSE-RESEARCH/instances/research/group_05/g05_i01_c10000_d1_m6_random.json,42,0,1,10000,6,True,82391.98329974042,True,ok,6,1222.0,True,True,82391.98329974042,0.0,True,/Users/mrggrm/Documents/GitHub/MDMTSP-HSE-RESEARCH/results/runs/research_until_25000/random_insertion/research/group_05/g05_i01_c10000_d1_m6_random/20260505T145753Z__research_until_25000__random_insertion__g05_i01_c10000_d1_m6_random__seed_42__621eb807fc5b.json
20260505T145755Z__research_until_25000__random_insertion__g05_i02_c10000_d2_m9_random__seed_42__9c8b71ebeb65,2026-05-05T14:57:55Z,random_insertion,research_until_25000,group_05_instance_02_customers_10000_depots_2_salesmen_9_random,/Users/mrggrm/Documents/GitHub/MDMTSP-HSE-RESEARCH/instances/research/group_05/g05_i02_c10000_d2_m9_random.json,42,0,2,10000,9,True,82019.39168476936,True,ok,9,1000.0,True,True,82019.39168476936,0.0,True,/Users/mrggrm/Documents/GitHub/MDMTSP-HSE-RESEARCH/results/runs/research_until_25000/random_insertion/research/group_05/g05_i02_c10000_d2_m9_random/20260505T145755Z__research_until_25000__random_insertion__g05_i02_c10000_d2_m9_random__seed_42__9c8b71ebeb65.json
20260505T145756Z__research_until_25000__random_insertion__g05_i03_c10000_d3_m18_random__seed_42__f79252165613,2026-05-05T14:57:56Z,random_insertion,research_until_25000,group_05_instance_03_customers_10000_depots_3_salesmen_18_random,/Users/mrggrm/Documents/GitHub/MDMTSP-HSE-RESEARCH/instances/research/group_05/g05_i03_c10000_d3_m18_random.json,42,0,3,10000,18,True,82248.30190483111,True,ok,18,1002.0,True,True,82248.30190483111,0.0,True,/Users/mrggrm/Documents/GitHub/MDMTSP-HSE-RESEARCH/results/runs/research_until_25000/random_insertion/research/group_05/g05_i03_c10000_d3_m18_random/20260505T145756Z__research_until_25000__random_insertion__g05_i03_c10000_d3_m18_random__seed_42__f79252165613.json
20260505T145757Z__research_until_25000__random_insertion__g05_i04_c10000_d1_m8_random__seed_42__e9b0ad0dea5b,2026-05-05T14:57:57Z,random_insertion,research_until_25000,group_05_instance_04_customers_10000_depots_1_salesmen_8_random,/Users/mrggrm/Documents/GitHub/MDMTSP-HSE-RESEARCH/instances/research/group_05/g05_i04_c10000_d1_m8_random.json,42,0,1,10000,8,True,81775.22276999187,True,ok,8,1190.0,True,True,81775.22276999187,0.0,True,/Users/mrggrm/Documents/GitHub/MDMTSP-HSE-RESEARCH/results/runs/research_until_25000/random_insertion/research/group_05/g05_i04_c10000_d1_m8_random/20260505T145757Z__research_until_25000__random_insertion__g05_i04_c10000_d1_m8_random__seed_42__e9b0ad0dea5b.json
20260505T145758Z__research_until_25000__random_insertion__g05_i05_c10000_d2_m9_random__seed_42__40cfb583e780,2026-05-05T14:57:58Z,random_insertion,research_until_25000,group_05_instance_05_customers_10000_depots_2_salesmen_9_random,/Users/mrggrm/Documents/GitHub/MDMTSP-HSE-RESEARCH/instances/research/group_05/g05_i05_c10000_d2_m9_random.json,42,0,2,10000,9,True,82264.24086905099,True,ok,9,994.0,True,True,82264.24086905099,0.0,True,/Users/mrggrm/Documents/GitHub/MDMTSP-HSE-RESEARCH/results/runs/research_until_25000/random_insertion/research/group_05/g05_i05_c10000_d2_m9_random/20260505T145758Z__research_until_25000__random_insertion__g05_i05_c10000_d2_m9_random__seed_42__40cfb583e780.json
20260505T145759Z__research_until_25000__random_insertion__g06_i01_c10000_d7_m16_clustered__seed_42__8c0e4bb8fab7,2026-05-05T14:57:59Z,random_insertion,research_until_25000,group_06_instance_01_customers_10000_depots_7_salesmen_16_clustered,/Users/mrggrm/Documents/GitHub/MDMTSP-HSE-RESEARCH/instances/research/group_06/g06_i01_c10000_d7_m16_clustered.json,42,0,7,10000,16,True,40537.840809730274,True,ok,16,878.0,True,True,40537.840809730274,0.0,True,/Users/mrggrm/Documents/GitHub/MDMTSP-HSE-RESEARCH/results/runs/research_until_25000/random_insertion/research/group_06/g06_i01_c10000_d7_m16_clustered/20260505T145759Z__research_until_25000__random_insertion__g06_i01_c10000_d7_m16_clustered__seed_42__8c0e4bb8fab7.json
20260505T145800Z__research_until_25000__random_insertion__g06_i02_c10000_d6_m41_clustered__seed_42__6cd002560e61,2026-05-05T14:58:00Z,random_insertion,research_until_25000,group_06_instance_02_customers_10000_depots_6_salesmen_41_clustered,/Users/mrggrm/Documents/GitHub/MDMTSP-HSE-RESEARCH/instances/research/group_06/g06_i02_c10000_d6_m41_clustered.json,42,0,6,10000,41,True,44811.880624951606,True,ok,41,939.0,True,True,44811.880624951606,0.0,True,/Users/mrggrm/Documents/GitHub/MDMTSP-HSE-RESEARCH/results/runs/research_until_25000/random_insertion/research/group_06/g06_i02_c10000_d6_m41_clustered/20260505T145800Z__research_until_25000__random_insertion__g06_i02_c10000_d6_m41_clustered__seed_42__6cd002560e61.json
20260505T145801Z__research_until_25000__random_insertion__g06_i03_c10000_d10_m79_grid__seed_42__02ec4852ee3f,2026-05-05T14:58:01Z,random_insertion,research_until_25000,group_06_instance_03_customers_10000_depots_10_salesmen_79_grid,/Users/mrggrm/Documents/GitHub/MDMTSP-HSE-RESEARCH/instances/research/group_06/g06_i03_c10000_d10_m79_grid.json,42,0,10,10000,79,True,104947.41782390277,True,ok,79,816.0,True,True,104947.41782390277,0.0,True,/Users/mrggrm/Documents/GitHub/MDMTSP-HSE-RESEARCH/results/runs/research_until_25000/random_insertion/research/group_06/g06_i03_c10000_d10_m79_grid/20260505T145801Z__research_until_25000__random_insertion__g06_i03_c10000_d10_m79_grid__seed_42__02ec4852ee3f.json
20260505T145802Z__research_until_25000__random_insertion__g06_i04_c10000_d7_m15_grid__seed_42__3c17a22d7d7d,2026-05-05T14:58:02Z,random_insertion,research_until_25000,group_06_instance_04_customers_10000_depots_7_salesmen_15_grid,/Users/mrggrm/Documents/GitHub/MDMTSP-HSE-RESEARCH/instances/research/group_06/g06_i04_c10000_d7_m15_grid.json,42,0,7,10000,15,True,104973.3468745502,True,ok,15,836.0,True,True,104973.3468745502,0.0,True,/Users/mrggrm/Documents/GitHub/MDMTSP-HSE-RESEARCH/results/runs/research_until_25000/random_insertion/research/group_06/g06_i04_c10000_d7_m15_grid/20260505T145802Z__research_until_25000__random_insertion__g06_i04_c10000_d7_m15_grid__seed_42__3c17a22d7d7d.json
20260505T145802Z__research_until_25000__random_insertion__g06_i05_c10000_d7_m15_adversarial__seed_42__57a4daad0ecd,2026-05-05T14:58:02Z,random_insertion,research_until_25000,group_06_instance_05_customers_10000_depots_7_salesmen_15_adversarial,/Users/mrggrm/Documents/GitHub/MDMTSP-HSE-RESEARCH/instances/research/group_06/g06_i05_c10000_d7_m15_adversarial.json,42,0,7,10000,15,True,30086.883901873167,True,ok,15,937.0,True,True,30086.883901873167,0.0,True,/Users/mrggrm/Documents/GitHub/MDMTSP-HSE-RESEARCH/results/runs/research_until_25000/random_insertion/research/group_06/g06_i05_c10000_d7_m15_adversarial/20260505T145802Z__research_until_25000__random_insertion__g06_i05_c10000_d7_m15_adversarial__seed_42__57a4daad0ecd.json
20260505T145803Z__research_until_25000__random_insertion__g06_i06_c10000_d7_m33_adversarial__seed_42__04f334e74086,2026-05-05T14:58:03Z,random_insertion,research_until_25000,group_06_instance_06_customers_10000_depots_7_salesmen_33_adversarial,/Users/mrggrm/Documents/GitHub/MDMTSP-HSE-RESEARCH/instances/research/group_06/g06_i06_c10000_d7_m33_adversarial.json,42,0,7,10000,33,True,41113.844505948626,True,ok,33,912.0,True,True,41113.844505948626,0.0,True,/Users/mrggrm/Documents/GitHub/MDMTSP-HSE-RESEARCH/results/runs/research_until_25000/random_insertion/research/group_06/g06_i06_c10000_d7_m33_adversarial/20260505T145803Z__research_until_25000__random_insertion__g06_i06_c10000_d7_m33_adversarial__seed_42__04f334e74086.json
20260505T145804Z__research_until_25000__random_insertion__g06_i07_c10000_d10_m70_line__seed_42__225984ee3ece,2026-05-05T14:58:04Z,random_insertion,research_until_25000,group_06_instance_07_customers_10000_depots_10_salesmen_70_line,/Users/mrggrm/Documents/GitHub/MDMTSP-HSE-RESEARCH/instances/research/group_06/g06_i07_c10000_d10_m70_line.json,42,0,10,10000,70,True,18660.694477462006,True,ok,70,944.0,True,True,18660.694477462006,0.0,True,/Users/mrggrm/Documents/GitHub/MDMTSP-HSE-RESEARCH/results/runs/research_until_25000/random_insertion/research/group_06/g06_i07_c10000_d10_m70_line/20260505T145804Z__research_until_25000__random_insertion__g06_i07_c10000_d10_m70_line__seed_42__225984ee3ece.json
20260505T145805Z__research_until_25000__random_insertion__g06_i08_c10000_d7_m45_line__seed_42__bd867dd428c1,2026-05-05T14:58:05Z,random_insertion,research_until_25000,group_06_instance_08_customers_10000_depots_7_salesmen_45_line,/Users/mrggrm/Documents/GitHub/MDMTSP-HSE-RESEARCH/instances/research/group_06/g06_i08_c10000_d7_m45_line.json,42,0,7,10000,45,True,23438.849072552704,True,ok,45,935.0,True,True,23438.849072552704,0.0,True,/Users/mrggrm/Documents/GitHub/MDMTSP-HSE-RESEARCH/results/runs/research_until_25000/random_insertion/research/group_06/g06_i08_c10000_d7_m45_line/20260505T145805Z__research_until_25000__random_insertion__g06_i08_c10000_d7_m45_line__seed_42__bd867dd428c1.json
20260505T145806Z__research_until_25000__random_insertion__g07_i01_c25000_d9_m20_random__seed_42__ce6b49ab7b91,2026-05-05T14:58:06Z,random_insertion,research_until_25000,group_07_instance_01_customers_25000_depots_9_salesmen_20_random,/Users/mrggrm/Documents/GitHub/MDMTSP-HSE-RESEARCH/instances/research/group_07/g07_i01_c25000_d9_m20_random.json,42,0,9,25000,20,True,130432.21562008503,True,ok,20,27278.0,True,True,130432.21562008503,0.0,True,/Users/mrggrm/Documents/GitHub/MDMTSP-HSE-RESEARCH/results/runs/research_until_25000/random_insertion/research/group_07/g07_i01_c25000_d9_m20_random/20260505T145806Z__research_until_25000__random_insertion__g07_i01_c25000_d9_m20_random__seed_42__ce6b49ab7b91.json
20260505T145834Z__research_until_25000__random_insertion__g07_i02_c25000_d5_m26_random__seed_42__5d350dc2e500,2026-05-05T14:58:34Z,random_insertion,research_until_25000,group_07_instance_02_customers_25000_depots_5_salesmen_26_random,/Users/mrggrm/Documents/GitHub/MDMTSP-HSE-RESEARCH/instances/research/group_07/g07_i02_c25000_d5_m26_random.json,42,0,5,25000,26,True,129770.39643101182,True,ok,26,29500.0,True,True,129770.39643101182,0.0,True,/Users/mrggrm/Documents/GitHub/MDMTSP-HSE-RESEARCH/results/runs/research_until_25000/random_insertion/research/group_07/g07_i02_c25000_d5_m26_random/20260505T145834Z__research_until_25000__random_insertion__g07_i02_c25000_d5_m26_random__seed_42__5d350dc2e500.json
20260505T145904Z__research_until_25000__cheapest_insertion__g01_i01_c10_d1_m3_random__seed_42__a17489bd4d3b,2026-05-05T14:59:04Z,cheapest_insertion,research_until_25000,group_01_instance_01_customers_10_depots_1_salesmen_3_random,/Users/mrggrm/Documents/GitHub/MDMTSP-HSE-RESEARCH/instances/research/group_01/g01_i01_c10_d1_m3_random.json,42,0,1,10,3,True,6158.6835904198815,True,ok,3,0.0,True,True,2880.886421408019,1.1377738270604418,False,/Users/mrggrm/Documents/GitHub/MDMTSP-HSE-RESEARCH/results/runs/research_until_25000/cheapest_insertion/research/group_01/g01_i01_c10_d1_m3_random/20260505T145904Z__research_until_25000__cheapest_insertion__g01_i01_c10_d1_m3_random__seed_42__a17489bd4d3b.json
20260505T145904Z__research_until_25000__cheapest_insertion__g01_i02_c10_d1_m3_random__seed_42__1139eb36f8f0,2026-05-05T14:59:04Z,cheapest_insertion,research_until_25000,group_01_instance_02_customers_10_depots_1_salesmen_3_random,/Users/mrggrm/Documents/GitHub/MDMTSP-HSE-RESEARCH/instances/research/group_01/g01_i02_c10_d1_m3_random.json,42,0,1,10,3,True,6554.8170652563795,True,ok,3,0.0,True,True,2779.7740863751396,1.3580394886708018,False,/Users/mrggrm/Documents/GitHub/MDMTSP-HSE-RESEARCH/results/runs/research_until_25000/cheapest_insertion/research/group_01/g01_i02_c10_d1_m3_random/20260505T145904Z__research_until_25000__cheapest_insertion__g01_i02_c10_d1_m3_random__seed_42__1139eb36f8f0.json
20260505T145904Z__research_until_25000__cheapest_insertion__g01_i03_c10_d2_m6_random__seed_42__8c0d576f4c13,2026-05-05T14:59:04Z,cheapest_insertion,research_until_25000,group_01_instance_03_customers_10_depots_2_salesmen_6_random,/Users/mrggrm/Documents/GitHub/MDMTSP-HSE-RESEARCH/instances/research/group_01/g01_i03_c10_d2_m6_random.json,42,0,2,10,6,True,8037.5082889752175,True,ok,6,0.0,True,True,3460.330104517602,1.3227576694148118,False,/Users/mrggrm/Documents/GitHub/MDMTSP-HSE-RESEARCH/results/runs/research_until_25000/cheapest_insertion/research/group_01/g01_i03_c10_d2_m6_random/20260505T145904Z__research_until_25000__cheapest_insertion__g01_i03_c10_d2_m6_random__seed_42__8c0d576f4c13.json
20260505T145904Z__research_until_25000__cheapest_insertion__g01_i04_c10_d2_m5_random__seed_42__b12e50e9f324,2026-05-05T14:59:04Z,cheapest_insertion,research_until_25000,group_01_instance_04_customers_10_depots_2_salesmen_5_random,/Users/mrggrm/Documents/GitHub/MDMTSP-HSE-RESEARCH/instances/research/group_01/g01_i04_c10_d2_m5_random.json,42,0,2,10,5,True,4866.897266913368,True,ok,5,0.0,True,True,3422.896637494478,0.42186509916813686,False,/Users/mrggrm/Documents/GitHub/MDMTSP-HSE-RESEARCH/results/runs/research_until_25000/cheapest_insertion/research/group_01/g01_i04_c10_d2_m5_random/20260505T145904Z__research_until_25000__cheapest_insertion__g01_i04_c10_d2_m5_random__seed_42__b12e50e9f324.json
20260505T145904Z__research_until_25000__cheapest_insertion__g01_i05_c10_d2_m4_random__seed_42__1187696fbd33,2026-05-05T14:59:04Z,cheapest_insertion,research_until_25000,group_01_instance_05_customers_10_depots_2_salesmen_4_random,/Users/mrggrm/Documents/GitHub/MDMTSP-HSE-RESEARCH/instances/research/group_01/g01_i05_c10_d2_m4_random.json,42,0,2,10,4,True,4460.897047115548,True,ok,4,0.0,True,True,3369.418273921482,0.32393685926198573,False,/Users/mrggrm/Documents/GitHub/MDMTSP-HSE-RESEARCH/results/runs/research_until_25000/cheapest_insertion/research/group_01/g01_i05_c10_d2_m4_random/20260505T145904Z__research_until_25000__cheapest_insertion__g01_i05_c10_d2_m4_random__seed_42__1187696fbd33.json
20260505T145904Z__research_until_25000__cheapest_insertion__g01_i06_c10_d3_m4_random__seed_42__68d9e5b05e3b,2026-05-05T14:59:04Z,cheapest_insertion,research_until_25000,group_01_instance_06_customers_10_depots_3_salesmen_4_random,/Users/mrggrm/Documents/GitHub/MDMTSP-HSE-RESEARCH/instances/research/group_01/g01_i06_c10_d3_m4_random.json,42,0,3,10,4,True,3595.3787084136657,True,ok,4,0.0,True,True,3276.23465054839,0.09741184374930403,False,/Users/mrggrm/Documents/GitHub/MDMTSP-HSE-RESEARCH/results/runs/research_until_25000/cheapest_insertion/research/group_01/g01_i06_c10_d3_m4_random/20260505T145904Z__research_until_25000__cheapest_insertion__g01_i06_c10_d3_m4_random__seed_42__68d9e5b05e3b.json
20260505T145904Z__research_until_25000__cheapest_insertion__g01_i07_c10_d3_m5_random__seed_42__cbabc58b0545,2026-05-05T14:59:04Z,cheapest_insertion,research_until_25000,group_01_instance_07_customers_10_depots_3_salesmen_5_random,/Users/mrggrm/Documents/GitHub/MDMTSP-HSE-RESEARCH/instances/research/group_01/g01_i07_c10_d3_m5_random.json,42,0,3,10,5,True,3179.7574136360017,True,ok,5,0.0,True,True,3128.669721317914,0.0163288863538359,False,/Users/mrggrm/Documents/GitHub/MDMTSP-HSE-RESEARCH/results/runs/research_until_25000/cheapest_insertion/research/group_01/g01_i07_c10_d3_m5_random/20260505T145904Z__research_until_25000__cheapest_insertion__g01_i07_c10_d3_m5_random__seed_42__cbabc58b0545.json
20260505T145904Z__research_until_25000__cheapest_insertion__g01_i08_c10_d2_m2_random__seed_42__2e4aa28dfe3a,2026-05-05T14:59:04Z,cheapest_insertion,research_until_25000,group_01_instance_08_customers_10_depots_2_salesmen_2_random,/Users/mrggrm/Documents/GitHub/MDMTSP-HSE-RESEARCH/instances/research/group_01/g01_i08_c10_d2_m2_random.json,42,0,2,10,2,True,2966.3758672408535,True,ok,2,0.0,True,True,2966.375867240853,1.5330065077337727e-16,True,/Users/mrggrm/Documents/GitHub/MDMTSP-HSE-RESEARCH/results/runs/research_until_25000/cheapest_insertion/research/group_01/g01_i08_c10_d2_m2_random/20260505T145904Z__research_until_25000__cheapest_insertion__g01_i08_c10_d2_m2_random__seed_42__2e4aa28dfe3a.json
20260505T145904Z__research_until_25000__cheapest_insertion__g01_i09_c10_d3_m3_random__seed_42__d5bb07e4b2c4,2026-05-05T14:59:04Z,cheapest_insertion,research_until_25000,group_01_instance_09_customers_10_depots_3_salesmen_3_random,/Users/mrggrm/Documents/GitHub/MDMTSP-HSE-RESEARCH/instances/research/group_01/g01_i09_c10_d3_m3_random.json,42,0,3,10,3,True,2851.793663484808,True,ok,3,0.0,True,True,2819.7494408220155,0.011364209244581277,False,/Users/mrggrm/Documents/GitHub/MDMTSP-HSE-RESEARCH/results/runs/research_until_25000/cheapest_insertion/research/group_01/g01_i09_c10_d3_m3_random/20260505T145904Z__research_until_25000__cheapest_insertion__g01_i09_c10_d3_m3_random__seed_42__d5bb07e4b2c4.json
20260505T145904Z__research_until_25000__cheapest_insertion__g01_i10_c10_d1_m1_random__seed_42__a4d42a0ed930,2026-05-05T14:59:04Z,cheapest_insertion,research_until_25000,group_01_instance_10_customers_10_depots_1_salesmen_1_random,/Users/mrggrm/Documents/GitHub/MDMTSP-HSE-RESEARCH/instances/research/group_01/g01_i10_c10_d1_m1_random.json,42,0,1,10,1,True,2683.0106484619823,True,ok,1,0.0,True,True,2346.775519352508,0.1432753692616684,False,/Users/mrggrm/Documents/GitHub/MDMTSP-HSE-RESEARCH/results/runs/research_until_25000/cheapest_insertion/research/group_01/g01_i10_c10_d1_m1_random/20260505T145904Z__research_until_25000__cheapest_insertion__g01_i10_c10_d1_m1_random__seed_42__a4d42a0ed930.json
20260505T145904Z__research_until_25000__cheapest_insertion__g02_i01_c50_d5_m23_random__seed_42__763183ecd96c,2026-05-05T14:59:04Z,cheapest_insertion,research_until_25000,group_02_instance_01_customers_50_depots_5_salesmen_23_random,/Users/mrggrm/Documents/GitHub/MDMTSP-HSE-RESEARCH/instances/research/group_02/g02_i01_c50_d5_m23_random.json,42,0,5,50,23,True,16035.539952941586,True,ok,23,0.0,True,True,7561.532977527012,1.1206731492938597,False,/Users/mrggrm/Documents/GitHub/MDMTSP-HSE-RESEARCH/results/runs/research_until_25000/cheapest_insertion/research/group_02/g02_i01_c50_d5_m23_random/20260505T145904Z__research_until_25000__cheapest_insertion__g02_i01_c50_d5_m23_random__seed_42__763183ecd96c.json
20260505T145904Z__research_until_25000__cheapest_insertion__g02_i02_c50_d3_m3_random__seed_42__ac8cfc9372bd,2026-05-05T14:59:04Z,cheapest_insertion,research_until_25000,group_02_instance_02_customers_50_depots_3_salesmen_3_random,/Users/mrggrm/Documents/GitHub/MDMTSP-HSE-RESEARCH/instances/research/group_02/g02_i02_c50_d3_m3_random.json,42,0,3,50,3,True,7477.666856440981,True,ok,3,0.0,True,True,7044.948390067413,0.06142251758489139,False,/Users/mrggrm/Documents/GitHub/MDMTSP-HSE-RESEARCH/results/runs/research_until_25000/cheapest_insertion/research/group_02/g02_i02_c50_d3_m3_random/20260505T145904Z__research_until_25000__cheapest_insertion__g02_i02_c50_d3_m3_random__seed_42__ac8cfc9372bd.json
20260505T145904Z__research_until_25000__cheapest_insertion__g02_i03_c50_d4_m19_random__seed_42__c522e96b7f8d,2026-05-05T14:59:04Z,cheapest_insertion,research_until_25000,group_02_instance_03_customers_50_depots_4_salesmen_19_random,/Users/mrggrm/Documents/GitHub/MDMTSP-HSE-RESEARCH/instances/research/group_02/g02_i03_c50_d4_m19_random.json,42,0,4,50,19,True,18079.751594655678,True,ok,19,0.0,True,True,7494.600912043663,1.4123701591103943,False,/Users/mrggrm/Documents/GitHub/MDMTSP-HSE-RESEARCH/results/runs/research_until_25000/cheapest_insertion/research/group_02/g02_i03_c50_d4_m19_random/20260505T145904Z__research_until_25000__cheapest_insertion__g02_i03_c50_d4_m19_random__seed_42__c522e96b7f8d.json
20260505T145904Z__research_until_25000__cheapest_insertion__g02_i04_c50_d4_m10_random__seed_42__10a9b7bccec3,2026-05-05T14:59:04Z,cheapest_insertion,research_until_25000,group_02_instance_04_customers_50_depots_4_salesmen_10_random,/Users/mrggrm/Documents/GitHub/MDMTSP-HSE-RESEARCH/instances/research/group_02/g02_i04_c50_d4_m10_random.json,42,0,4,50,10,True,11409.999199163667,True,ok,10,0.0,True,True,6687.983429255037,0.7060447771525965,False,/Users/mrggrm/Documents/GitHub/MDMTSP-HSE-RESEARCH/results/runs/research_until_25000/cheapest_insertion/research/group_02/g02_i04_c50_d4_m10_random/20260505T145904Z__research_until_25000__cheapest_insertion__g02_i04_c50_d4_m10_random__seed_42__10a9b7bccec3.json
20260505T145904Z__research_until_25000__cheapest_insertion__g02_i05_c50_d3_m7_random__seed_42__9ddc3f5493fc,2026-05-05T14:59:04Z,cheapest_insertion,research_until_25000,group_02_instance_05_customers_50_depots_3_salesmen_7_random,/Users/mrggrm/Documents/GitHub/MDMTSP-HSE-RESEARCH/instances/research/group_02/g02_i05_c50_d3_m7_random.json,42,0,3,50,7,True,10585.996605414826,True,ok,7,0.0,True,True,6315.132716619457,0.6762904408256994,False,/Users/mrggrm/Documents/GitHub/MDMTSP-HSE-RESEARCH/results/runs/research_until_25000/cheapest_insertion/research/group_02/g02_i05_c50_d3_m7_random/20260505T145904Z__research_until_25000__cheapest_insertion__g02_i05_c50_d3_m7_random__seed_42__9ddc3f5493fc.json
20260505T145904Z__research_until_25000__cheapest_insertion__g02_i06_c50_d4_m6_random__seed_42__06db5d8dbf3e,2026-05-05T14:59:04Z,cheapest_insertion,research_until_25000,group_02_instance_06_customers_50_depots_4_salesmen_6_random,/Users/mrggrm/Documents/GitHub/MDMTSP-HSE-RESEARCH/instances/research/group_02/g02_i06_c50_d4_m6_random.json,42,0,4,50,6,True,8644.274315698394,True,ok,6,0.0,True,True,7031.1277173933395,0.22942928405560226,False,/Users/mrggrm/Documents/GitHub/MDMTSP-HSE-RESEARCH/results/runs/research_until_25000/cheapest_insertion/research/group_02/g02_i06_c50_d4_m6_random/20260505T145904Z__research_until_25000__cheapest_insertion__g02_i06_c50_d4_m6_random__seed_42__06db5d8dbf3e.json
20260505T145904Z__research_until_25000__cheapest_insertion__g02_i07_c50_d4_m5_random__seed_42__fc1484730da2,2026-05-05T14:59:04Z,cheapest_insertion,research_until_25000,group_02_instance_07_customers_50_depots_4_salesmen_5_random,/Users/mrggrm/Documents/GitHub/MDMTSP-HSE-RESEARCH/instances/research/group_02/g02_i07_c50_d4_m5_random.json,42,0,4,50,5,True,6317.241026383329,True,ok,5,0.0,True,True,5481.836082008387,0.1523950975325175,False,/Users/mrggrm/Documents/GitHub/MDMTSP-HSE-RESEARCH/results/runs/research_until_25000/cheapest_insertion/research/group_02/g02_i07_c50_d4_m5_random/20260505T145904Z__research_until_25000__cheapest_insertion__g02_i07_c50_d4_m5_random__seed_42__fc1484730da2.json
20260505T145904Z__research_until_25000__cheapest_insertion__g02_i08_c50_d4_m11_random__seed_42__95a0bcfd8fc2,2026-05-05T14:59:04Z,cheapest_insertion,research_until_25000,group_02_instance_08_customers_50_depots_4_salesmen_11_random,/Users/mrggrm/Documents/GitHub/MDMTSP-HSE-RESEARCH/instances/research/group_02/g02_i08_c50_d4_m11_random.json,42,0,4,50,11,True,14511.327554293981,True,ok,11,0.0,True,True,6834.568702231016,1.123225061671709,False,/Users/mrggrm/Documents/GitHub/MDMTSP-HSE-RESEARCH/results/runs/research_until_25000/cheapest_insertion/research/group_02/g02_i08_c50_d4_m11_random/20260505T145904Z__research_until_25000__cheapest_insertion__g02_i08_c50_d4_m11_random__seed_42__95a0bcfd8fc2.json
20260505T145904Z__research_until_25000__cheapest_insertion__g02_i09_c50_d5_m10_random__seed_42__2156bf645f60,2026-05-05T14:59:04Z,cheapest_insertion,research_until_25000,group_02_instance_09_customers_50_depots_5_salesmen_10_random,/Users/mrggrm/Documents/GitHub/MDMTSP-HSE-RESEARCH/instances/research/group_02/g02_i09_c50_d5_m10_random.json,42,0,5,50,10,True,9989.543919850126,True,ok,10,0.0,True,True,6897.701850416863,0.4482423474488692,False,/Users/mrggrm/Documents/GitHub/MDMTSP-HSE-RESEARCH/results/runs/research_until_25000/cheapest_insertion/research/group_02/g02_i09_c50_d5_m10_random/20260505T145904Z__research_until_25000__cheapest_insertion__g02_i09_c50_d5_m10_random__seed_42__2156bf645f60.json
20260505T145904Z__research_until_25000__cheapest_insertion__g02_i10_c50_d4_m20_random__seed_42__7ac05cf58aff,2026-05-05T14:59:04Z,cheapest_insertion,research_until_25000,group_02_instance_10_customers_50_depots_4_salesmen_20_random,/Users/mrggrm/Documents/GitHub/MDMTSP-HSE-RESEARCH/instances/research/group_02/g02_i10_c50_d4_m20_random.json,42,0,4,50,20,True,15183.58205902334,True,ok,20,0.0,True,True,6276.105502771356,1.4192681356804286,False,/Users/mrggrm/Documents/GitHub/MDMTSP-HSE-RESEARCH/results/runs/research_until_25000/cheapest_insertion/research/group_02/g02_i10_c50_d4_m20_random/20260505T145904Z__research_until_25000__cheapest_insertion__g02_i10_c50_d4_m20_random__seed_42__7ac05cf58aff.json
20260505T145904Z__research_until_25000__cheapest_insertion__g03_i01_c500_d5_m21_random__seed_42__5a6d57413cd2,2026-05-05T14:59:04Z,cheapest_insertion,research_until_25000,group_03_instance_01_customers_500_depots_5_salesmen_21_random,/Users/mrggrm/Documents/GitHub/MDMTSP-HSE-RESEARCH/instances/research/group_03/g03_i01_c500_d5_m21_random.json,42,0,5,500,21,True,45421.77618774656,True,ok,21,1.0,True,True,18873.901945556514,1.406591722197657,False,/Users/mrggrm/Documents/GitHub/MDMTSP-HSE-RESEARCH/results/runs/research_until_25000/cheapest_insertion/research/group_03/g03_i01_c500_d5_m21_random/20260505T145904Z__research_until_25000__cheapest_insertion__g03_i01_c500_d5_m21_random__seed_42__5a6d57413cd2.json
20260505T145904Z__research_until_25000__cheapest_insertion__g03_i02_c500_d3_m10_random__seed_42__ade234853492,2026-05-05T14:59:04Z,cheapest_insertion,research_until_25000,group_03_instance_02_customers_500_depots_3_salesmen_10_random,/Users/mrggrm/Documents/GitHub/MDMTSP-HSE-RESEARCH/instances/research/group_03/g03_i02_c500_d3_m10_random.json,42,0,3,500,10,True,39112.231625311884,True,ok,10,1.0,True,True,19329.588927020293,1.0234383552067157,False,/Users/mrggrm/Documents/GitHub/MDMTSP-HSE-RESEARCH/results/runs/research_until_25000/cheapest_insertion/research/group_03/g03_i02_c500_d3_m10_random/20260505T145904Z__research_until_25000__cheapest_insertion__g03_i02_c500_d3_m10_random__seed_42__ade234853492.json
20260505T145904Z__research_until_25000__cheapest_insertion__g03_i03_c500_d3_m12_random__seed_42__080217c3dce2,2026-05-05T14:59:04Z,cheapest_insertion,research_until_25000,group_03_instance_03_customers_500_depots_3_salesmen_12_random,/Users/mrggrm/Documents/GitHub/MDMTSP-HSE-RESEARCH/instances/research/group_03/g03_i03_c500_d3_m12_random.json,42,0,3,500,12,True,42828.61257756931,True,ok,12,1.0,True,True,19402.336144611018,1.2073946280672454,False,/Users/mrggrm/Documents/GitHub/MDMTSP-HSE-RESEARCH/results/runs/research_until_25000/cheapest_insertion/research/group_03/g03_i03_c500_d3_m12_random/20260505T145904Z__research_until_25000__cheapest_insertion__g03_i03_c500_d3_m12_random__seed_42__080217c3dce2.json
20260505T145904Z__research_until_25000__cheapest_insertion__g03_i04_c500_d5_m19_random__seed_42__8d644d4044b1,2026-05-05T14:59:04Z,cheapest_insertion,research_until_25000,group_03_instance_04_customers_500_depots_5_salesmen_19_random,/Users/mrggrm/Documents/GitHub/MDMTSP-HSE-RESEARCH/instances/research/group_03/g03_i04_c500_d5_m19_random.json,42,0,5,500,19,True,42571.18806679997,True,ok,19,1.0,True,True,19249.36493891456,1.2115632490679191,False,/Users/mrggrm/Documents/GitHub/MDMTSP-HSE-RESEARCH/results/runs/research_until_25000/cheapest_insertion/research/group_03/g03_i04_c500_d5_m19_random/20260505T145904Z__research_until_25000__cheapest_insertion__g03_i04_c500_d5_m19_random__seed_42__8d644d4044b1.json
20260505T145904Z__research_until_25000__cheapest_insertion__g03_i05_c500_d3_m6_random__seed_42__f7d5b337485e,2026-05-05T14:59:04Z,cheapest_insertion,research_until_25000,group_03_instance_05_customers_500_depots_3_salesmen_6_random,/Users/mrggrm/Documents/GitHub/MDMTSP-HSE-RESEARCH/instances/research/group_03/g03_i05_c500_d3_m6_random.json,42,0,3,500,6,True,29215.807919280614,True,ok,6,2.0,True,True,19044.81379110455,0.5340558453203009,False,/Users/mrggrm/Documents/GitHub/MDMTSP-HSE-RESEARCH/results/runs/research_until_25000/cheapest_insertion/research/group_03/g03_i05_c500_d3_m6_random/20260505T145904Z__research_until_25000__cheapest_insertion__g03_i05_c500_d3_m6_random__seed_42__f7d5b337485e.json
20260505T145904Z__research_until_25000__cheapest_insertion__g03_i06_c500_d3_m3_random__seed_42__6a2612574d0c,2026-05-05T14:59:04Z,cheapest_insertion,research_until_25000,group_03_instance_06_customers_500_depots_3_salesmen_3_random,/Users/mrggrm/Documents/GitHub/MDMTSP-HSE-RESEARCH/instances/research/group_03/g03_i06_c500_d3_m3_random.json,42,0,3,500,3,True,20833.235936503715,True,ok,3,11.0,True,True,18932.883609971665,0.10037310563358473,False,/Users/mrggrm/Documents/GitHub/MDMTSP-HSE-RESEARCH/results/runs/research_until_25000/cheapest_insertion/research/group_03/g03_i06_c500_d3_m3_random/20260505T145904Z__research_until_25000__cheapest_insertion__g03_i06_c500_d3_m3_random__seed_42__6a2612574d0c.json
20260505T145904Z__research_until_25000__cheapest_insertion__g03_i07_c500_d5_m20_random__seed_42__7d769ba5ac02,2026-05-05T14:59:04Z,cheapest_insertion,research_until_25000,group_03_instance_07_customers_500_depots_5_salesmen_20_random,/Users/mrggrm/Documents/GitHub/MDMTSP-HSE-RESEARCH/instances/research/group_03/g03_i07_c500_d5_m20_random.json,42,0,5,500,20,True,42581.137313167994,True,ok,20,1.0,True,True,19460.719288562417,1.1880556767598032,False,/Users/mrggrm/Documents/GitHub/MDMTSP-HSE-RESEARCH/results/runs/research_until_25000/cheapest_insertion/research/group_03/g03_i07_c500_d5_m20_random/20260505T145904Z__research_until_25000__cheapest_insertion__g03_i07_c500_d5_m20_random__seed_42__7d769ba5ac02.json
20260505T145904Z__research_until_25000__cheapest_insertion__g03_i08_c500_d3_m7_random__seed_42__8c5fab42b109,2026-05-05T14:59:04Z,cheapest_insertion,research_until_25000,group_03_instance_08_customers_500_depots_3_salesmen_7_random,/Users/mrggrm/Documents/GitHub/MDMTSP-HSE-RESEARCH/instances/research/group_03/g03_i08_c500_d3_m7_random.json,42,0,3,500,7,True,31354.54180040611,True,ok,7,2.0,True,True,18852.669853257914,0.6631353566607839,False,/Users/mrggrm/Documents/GitHub/MDMTSP-HSE-RESEARCH/results/runs/research_until_25000/cheapest_insertion/research/group_03/g03_i08_c500_d3_m7_random/20260505T145904Z__research_until_25000__cheapest_insertion__g03_i08_c500_d3_m7_random__seed_42__8c5fab42b109.json
20260505T145904Z__research_until_25000__cheapest_insertion__g03_i09_c500_d4_m8_random__seed_42__2c30c537411b,2026-05-05T14:59:04Z,cheapest_insertion,research_until_25000,group_03_instance_09_customers_500_depots_4_salesmen_8_random,/Users/mrggrm/Documents/GitHub/MDMTSP-HSE-RESEARCH/instances/research/group_03/g03_i09_c500_d4_m8_random.json,42,0,4,500,8,True,29742.8163676428,True,ok,8,1.0,True,True,19084.93781766307,0.5584444996260813,False,/Users/mrggrm/Documents/GitHub/MDMTSP-HSE-RESEARCH/results/runs/research_until_25000/cheapest_insertion/research/group_03/g03_i09_c500_d4_m8_random/20260505T145904Z__research_until_25000__cheapest_insertion__g03_i09_c500_d4_m8_random__seed_42__2c30c537411b.json
20260505T145904Z__research_until_25000__cheapest_insertion__g03_i10_c500_d5_m18_random__seed_42__9425363c60e0,2026-05-05T14:59:04Z,cheapest_insertion,research_until_25000,group_03_instance_10_customers_500_depots_5_salesmen_18_random,/Users/mrggrm/Documents/GitHub/MDMTSP-HSE-RESEARCH/instances/research/group_03/g03_i10_c500_d5_m18_random.json,42,0,5,500,18,True,41973.731449152154,True,ok,18,1.0,True,True,19142.57636521301,1.192689774268276,False,/Users/mrggrm/Documents/GitHub/MDMTSP-HSE-RESEARCH/results/runs/research_until_25000/cheapest_insertion/research/group_03/g03_i10_c500_d5_m18_random/20260505T145904Z__research_until_25000__cheapest_insertion__g03_i10_c500_d5_m18_random__seed_42__9425363c60e0.json
20260505T145904Z__research_until_25000__cheapest_insertion__g04_i01_c1000_d6_m11_random__seed_42__53dccdd100e1,2026-05-05T14:59:04Z,cheapest_insertion,research_until_25000,group_04_instance_01_customers_1000_depots_6_salesmen_11_random,/Users/mrggrm/Documents/GitHub/MDMTSP-HSE-RESEARCH/instances/research/group_04/g04_i01_c1000_d6_m11_random.json,42,0,6,1000,11,True,37332.949723937556,True,ok,11,16.0,True,True,26960.94493495043,0.38470479480641384,False,/Users/mrggrm/Documents/GitHub/MDMTSP-HSE-RESEARCH/results/runs/research_until_25000/cheapest_insertion/research/group_04/g04_i01_c1000_d6_m11_random/20260505T145904Z__research_until_25000__cheapest_insertion__g04_i01_c1000_d6_m11_random__seed_42__53dccdd100e1.json
20260505T145904Z__research_until_25000__cheapest_insertion__g04_i02_c1000_d5_m19_random__seed_42__fbcdb8ac3244,2026-05-05T14:59:04Z,cheapest_insertion,research_until_25000,group_04_instance_02_customers_1000_depots_5_salesmen_19_random,/Users/mrggrm/Documents/GitHub/MDMTSP-HSE-RESEARCH/instances/research/group_04/g04_i02_c1000_d5_m19_random.json,42,0,5,1000,19,True,57694.41490264464,True,ok,19,8.0,True,True,26316.808442663107,1.1923028785327245,False,/Users/mrggrm/Documents/GitHub/MDMTSP-HSE-RESEARCH/results/runs/research_until_25000/cheapest_insertion/research/group_04/g04_i02_c1000_d5_m19_random/20260505T145904Z__research_until_25000__cheapest_insertion__g04_i02_c1000_d5_m19_random__seed_42__fbcdb8ac3244.json
20260505T145904Z__research_until_25000__cheapest_insertion__g04_i03_c1000_d7_m19_random__seed_42__1ed93c72e37e,2026-05-05T14:59:04Z,cheapest_insertion,research_until_25000,group_04_instance_03_customers_1000_depots_7_salesmen_19_random,/Users/mrggrm/Documents/GitHub/MDMTSP-HSE-RESEARCH/instances/research/group_04/g04_i03_c1000_d7_m19_random.json,42,0,7,1000,19,True,52390.03637530137,True,ok,19,8.0,True,True,27285.31882889609,0.9200815172377069,False,/Users/mrggrm/Documents/GitHub/MDMTSP-HSE-RESEARCH/results/runs/research_until_25000/cheapest_insertion/research/group_04/g04_i03_c1000_d7_m19_random/20260505T145904Z__research_until_25000__cheapest_insertion__g04_i03_c1000_d7_m19_random__seed_42__1ed93c72e37e.json
20260505T145904Z__research_until_25000__cheapest_insertion__g04_i04_c1000_d7_m12_random__seed_42__ad27268c109c,2026-05-05T14:59:04Z,cheapest_insertion,research_until_25000,group_04_instance_04_customers_1000_depots_7_salesmen_12_random,/Users/mrggrm/Documents/GitHub/MDMTSP-HSE-RESEARCH/instances/research/group_04/g04_i04_c1000_d7_m12_random.json,42,0,7,1000,12,True,38657.34383861153,True,ok,12,11.0,True,True,27076.73323038606,0.42769600415568126,False,/Users/mrggrm/Documents/GitHub/MDMTSP-HSE-RESEARCH/results/runs/research_until_25000/cheapest_insertion/research/group_04/g04_i04_c1000_d7_m12_random/20260505T145904Z__research_until_25000__cheapest_insertion__g04_i04_c1000_d7_m12_random__seed_42__ad27268c109c.json
20260505T145904Z__research_until_25000__cheapest_insertion__g04_i05_c1000_d10_m23_random__seed_42__fc08821099d0,2026-05-05T14:59:04Z,cheapest_insertion,research_until_25000,group_04_instance_05_customers_1000_depots_10_salesmen_23_random,/Users/mrggrm/Documents/GitHub/MDMTSP-HSE-RESEARCH/instances/research/group_04/g04_i05_c1000_d10_m23_random.json,42,0,10,1000,23,True,43332.162809463756,True,ok,23,7.0,True,True,26609.47357898224,0.628448705715475,False,/Users/mrggrm/Documents/GitHub/MDMTSP-HSE-RESEARCH/results/runs/research_until_25000/cheapest_insertion/research/group_04/g04_i05_c1000_d10_m23_random/20260505T145904Z__research_until_25000__cheapest_insertion__g04_i05_c1000_d10_m23_random__seed_42__fc08821099d0.json
20260505T145904Z__research_until_25000__cheapest_insertion__g05_i01_c10000_d1_m6_random__seed_42__d4942165cb1a,2026-05-05T14:59:04Z,cheapest_insertion,research_until_25000,group_05_instance_01_customers_10000_depots_1_salesmen_6_random,/Users/mrggrm/Documents/GitHub/MDMTSP-HSE-RESEARCH/instances/research/group_05/g05_i01_c10000_d1_m6_random.json,42,0,1,10000,6,True,214289.63192195984,True,ok,6,36969.0,True,True,82391.98329974042,1.6008553665030536,False,/Users/mrggrm/Documents/GitHub/MDMTSP-HSE-RESEARCH/results/runs/research_until_25000/cheapest_insertion/research/group_05/g05_i01_c10000_d1_m6_random/20260505T145904Z__research_until_25000__cheapest_insertion__g05_i01_c10000_d1_m6_random__seed_42__d4942165cb1a.json
20260505T145941Z__research_until_25000__cheapest_insertion__g05_i02_c10000_d2_m9_random__seed_42__db4054f2a160,2026-05-05T14:59:41Z,cheapest_insertion,research_until_25000,group_05_instance_02_customers_10000_depots_2_salesmen_9_random,/Users/mrggrm/Documents/GitHub/MDMTSP-HSE-RESEARCH/instances/research/group_05/g05_i02_c10000_d2_m9_random.json,42,0,2,10000,9,True,183038.17592392222,True,ok,9,21965.0,True,True,82019.39168476936,1.2316451288422758,False,/Users/mrggrm/Documents/GitHub/MDMTSP-HSE-RESEARCH/results/runs/research_until_25000/cheapest_insertion/research/group_05/g05_i02_c10000_d2_m9_random/20260505T145941Z__research_until_25000__cheapest_insertion__g05_i02_c10000_d2_m9_random__seed_42__db4054f2a160.json
20260505T150003Z__research_until_25000__cheapest_insertion__g05_i03_c10000_d3_m18_random__seed_42__5983603e48b3,2026-05-05T15:00:03Z,cheapest_insertion,research_until_25000,group_05_instance_03_customers_10000_depots_3_salesmen_18_random,/Users/mrggrm/Documents/GitHub/MDMTSP-HSE-RESEARCH/instances/research/group_05/g05_i03_c10000_d3_m18_random.json,42,0,3,10000,18,True,217046.53169280247,True,ok,18,12321.0,True,True,82248.30190483111,1.6389180890803725,False,/Users/mrggrm/Documents/GitHub/MDMTSP-HSE-RESEARCH/results/runs/research_until_25000/cheapest_insertion/research/group_05/g05_i03_c10000_d3_m18_random/20260505T150003Z__research_until_25000__cheapest_insertion__g05_i03_c10000_d3_m18_random__seed_42__5983603e48b3.json
20260505T150016Z__research_until_25000__cheapest_insertion__g05_i04_c10000_d1_m8_random__seed_42__c03610708966,2026-05-05T15:00:16Z,cheapest_insertion,research_until_25000,group_05_instance_04_customers_10000_depots_1_salesmen_8_random,/Users/mrggrm/Documents/GitHub/MDMTSP-HSE-RESEARCH/instances/research/group_05/g05_i04_c10000_d1_m8_random.json,42,0,1,10000,8,True,247120.85459347317,True,ok,8,19862.0,True,True,81775.22276999187,2.021952692058655,False,/Users/mrggrm/Documents/GitHub/MDMTSP-HSE-RESEARCH/results/runs/research_until_25000/cheapest_insertion/research/group_05/g05_i04_c10000_d1_m8_random/20260505T150016Z__research_until_25000__cheapest_insertion__g05_i04_c10000_d1_m8_random__seed_42__c03610708966.json
20260505T150036Z__research_until_25000__cheapest_insertion__g05_i05_c10000_d2_m9_random__seed_42__7a3ad5d8f61e,2026-05-05T15:00:36Z,cheapest_insertion,research_until_25000,group_05_instance_05_customers_10000_depots_2_salesmen_9_random,/Users/mrggrm/Documents/GitHub/MDMTSP-HSE-RESEARCH/instances/research/group_05/g05_i05_c10000_d2_m9_random.json,42,0,2,10000,9,True,188267.16722380102,True,ok,9,15327.0,True,True,82264.24086905099,1.2885662741784307,False,/Users/mrggrm/Documents/GitHub/MDMTSP-HSE-RESEARCH/results/runs/research_until_25000/cheapest_insertion/research/group_05/g05_i05_c10000_d2_m9_random/20260505T150036Z__research_until_25000__cheapest_insertion__g05_i05_c10000_d2_m9_random__seed_42__7a3ad5d8f61e.json
20260505T150051Z__research_until_25000__cheapest_insertion__g06_i01_c10000_d7_m16_clustered__seed_42__2b47ba6ad0f2,2026-05-05T15:00:51Z,cheapest_insertion,research_until_25000,group_06_instance_01_customers_10000_depots_7_salesmen_16_clustered,/Users/mrggrm/Documents/GitHub/MDMTSP-HSE-RESEARCH/instances/research/group_06/g06_i01_c10000_d7_m16_clustered.json,42,0,7,10000,16,True,67497.41162358684,True,ok,16,11952.0,True,True,40537.840809730274,0.665047034458369,False,/Users/mrggrm/Documents/GitHub/MDMTSP-HSE-RESEARCH/results/runs/research_until_25000/cheapest_insertion/research/group_06/g06_i01_c10000_d7_m16_clustered/20260505T150051Z__research_until_25000__cheapest_insertion__g06_i01_c10000_d7_m16_clustered__seed_42__2b47ba6ad0f2.json
20260505T150103Z__research_until_25000__cheapest_insertion__g06_i02_c10000_d6_m41_clustered__seed_42__b94e61ccf1da,2026-05-05T15:01:03Z,cheapest_insertion,research_until_25000,group_06_instance_02_customers_10000_depots_6_salesmen_41_clustered,/Users/mrggrm/Documents/GitHub/MDMTSP-HSE-RESEARCH/instances/research/group_06/g06_i02_c10000_d6_m41_clustered.json,42,0,6,10000,41,True,130929.77767035493,True,ok,41,4232.0,True,True,44811.880624951606,1.9217648499548177,False,/Users/mrggrm/Documents/GitHub/MDMTSP-HSE-RESEARCH/results/runs/research_until_25000/cheapest_insertion/research/group_06/g06_i02_c10000_d6_m41_clustered/20260505T150103Z__research_until_25000__cheapest_insertion__g06_i02_c10000_d6_m41_clustered__seed_42__b94e61ccf1da.json
20260505T150107Z__research_until_25000__cheapest_insertion__g06_i03_c10000_d10_m79_grid__seed_42__b8f6a6f4771e,2026-05-05T15:01:07Z,cheapest_insertion,research_until_25000,group_06_instance_03_customers_10000_depots_10_salesmen_79_grid,/Users/mrggrm/Documents/GitHub/MDMTSP-HSE-RESEARCH/instances/research/group_06/g06_i03_c10000_d10_m79_grid.json,42,0,10,10000,79,True,268538.1922119298,True,ok,79,875.0,True,True,104947.41782390277,1.5587879890720637,False,/Users/mrggrm/Documents/GitHub/MDMTSP-HSE-RESEARCH/results/runs/research_until_25000/cheapest_insertion/research/group_06/g06_i03_c10000_d10_m79_grid/20260505T150107Z__research_until_25000__cheapest_insertion__g06_i03_c10000_d10_m79_grid__seed_42__b8f6a6f4771e.json
20260505T150108Z__research_until_25000__cheapest_insertion__g06_i04_c10000_d7_m15_grid__seed_42__bddc5eb472c5,2026-05-05T15:01:08Z,cheapest_insertion,research_until_25000,group_06_instance_04_customers_10000_depots_7_salesmen_15_grid,/Users/mrggrm/Documents/GitHub/MDMTSP-HSE-RESEARCH/instances/research/group_06/g06_i04_c10000_d7_m15_grid.json,42,0,7,10000,15,True,141466.78253851426,True,ok,15,3715.0,True,True,104973.3468745502,0.3476447760361116,False,/Users/mrggrm/Documents/GitHub/MDMTSP-HSE-RESEARCH/results/runs/research_until_25000/cheapest_insertion/research/group_06/g06_i04_c10000_d7_m15_grid/20260505T150108Z__research_until_25000__cheapest_insertion__g06_i04_c10000_d7_m15_grid__seed_42__bddc5eb472c5.json
20260505T150112Z__research_until_25000__cheapest_insertion__g06_i05_c10000_d7_m15_adversarial__seed_42__74b410f12c10,2026-05-05T15:01:12Z,cheapest_insertion,research_until_25000,group_06_instance_05_customers_10000_depots_7_salesmen_15_adversarial,/Users/mrggrm/Documents/GitHub/MDMTSP-HSE-RESEARCH/instances/research/group_06/g06_i05_c10000_d7_m15_adversarial.json,42,0,7,10000,15,True,47045.69568850385,True,ok,15,53443.0,True,True,30086.883901873167,0.5636612898145579,False,/Users/mrggrm/Documents/GitHub/MDMTSP-HSE-RESEARCH/results/runs/research_until_25000/cheapest_insertion/research/group_06/g06_i05_c10000_d7_m15_adversarial/20260505T150112Z__research_until_25000__cheapest_insertion__g06_i05_c10000_d7_m15_adversarial__seed_42__74b410f12c10.json
20260505T150205Z__research_until_25000__cheapest_insertion__g06_i06_c10000_d7_m33_adversarial__seed_42__2ff43188cf96,2026-05-05T15:02:05Z,cheapest_insertion,research_until_25000,group_06_instance_06_customers_10000_depots_7_salesmen_33_adversarial,/Users/mrggrm/Documents/GitHub/MDMTSP-HSE-RESEARCH/instances/research/group_06/g06_i06_c10000_d7_m33_adversarial.json,42,0,7,10000,33,True,105262.5724802469,True,ok,33,8214.0,True,True,41113.844505948626,1.5602707249869765,False,/Users/mrggrm/Documents/GitHub/MDMTSP-HSE-RESEARCH/results/runs/research_until_25000/cheapest_insertion/research/group_06/g06_i06_c10000_d7_m33_adversarial/20260505T150205Z__research_until_25000__cheapest_insertion__g06_i06_c10000_d7_m33_adversarial__seed_42__2ff43188cf96.json
20260505T150213Z__research_until_25000__cheapest_insertion__g06_i07_c10000_d10_m70_line__seed_42__be435995bce1,2026-05-05T15:02:13Z,cheapest_insertion,research_until_25000,group_06_instance_07_customers_10000_depots_10_salesmen_70_line,/Users/mrggrm/Documents/GitHub/MDMTSP-HSE-RESEARCH/instances/research/group_06/g06_i07_c10000_d10_m70_line.json,42,0,10,10000,70,True,61740.735573132035,True,ok,70,3034.0,True,True,18660.694477462006,2.308597954256268,False,/Users/mrggrm/Documents/GitHub/MDMTSP-HSE-RESEARCH/results/runs/research_until_25000/cheapest_insertion/research/group_06/g06_i07_c10000_d10_m70_line/20260505T150213Z__research_until_25000__cheapest_insertion__g06_i07_c10000_d10_m70_line__seed_42__be435995bce1.json
20260505T150216Z__research_until_25000__cheapest_insertion__g06_i08_c10000_d7_m45_line__seed_42__05292d034756,2026-05-05T15:02:16Z,cheapest_insertion,research_until_25000,group_06_instance_08_customers_10000_depots_7_salesmen_45_line,/Users/mrggrm/Documents/GitHub/MDMTSP-HSE-RESEARCH/instances/research/group_06/g06_i08_c10000_d7_m45_line.json,42,0,7,10000,45,True,62763.37686285839,True,ok,45,1895.0,True,True,23438.849072552704,1.6777499470464778,False,/Users/mrggrm/Documents/GitHub/MDMTSP-HSE-RESEARCH/results/runs/research_until_25000/cheapest_insertion/research/group_06/g06_i08_c10000_d7_m45_line/20260505T150216Z__research_until_25000__cheapest_insertion__g06_i08_c10000_d7_m45_line__seed_42__05292d034756.json
20260505T150218Z__research_until_25000__cheapest_insertion__g07_i01_c25000_d9_m20_random__seed_42__928ae7ba04b3,2026-05-05T15:02:18Z,cheapest_insertion,research_until_25000,group_07_instance_01_customers_25000_depots_9_salesmen_20_random,/Users/mrggrm/Documents/GitHub/MDMTSP-HSE-RESEARCH/instances/research/group_07/g07_i01_c25000_d9_m20_random.json,42,0,9,25000,20,True,204624.12135466954,True,ok,20,184086.0,True,True,130432.21562008503,0.5688158050667954,False,/Users/mrggrm/Documents/GitHub/MDMTSP-HSE-RESEARCH/results/runs/research_until_25000/cheapest_insertion/research/group_07/g07_i01_c25000_d9_m20_random/20260505T150218Z__research_until_25000__cheapest_insertion__g07_i01_c25000_d9_m20_random__seed_42__928ae7ba04b3.json
20260505T150523Z__research_until_25000__cheapest_insertion__g07_i02_c25000_d5_m26_random__seed_42__a2d6176c0f1c,2026-05-05T15:05:23Z,cheapest_insertion,research_until_25000,group_07_instance_02_customers_25000_depots_5_salesmen_26_random,/Users/mrggrm/Documents/GitHub/MDMTSP-HSE-RESEARCH/instances/research/group_07/g07_i02_c25000_d5_m26_random.json,42,0,5,25000,26,True,317509.395502783,True,ok,26,72503.0,True,True,129770.39643101182,1.4467012834593327,False,/Users/mrggrm/Documents/GitHub/MDMTSP-HSE-RESEARCH/results/runs/research_until_25000/cheapest_insertion/research/group_07/g07_i02_c25000_d5_m26_random/20260505T150523Z__research_until_25000__cheapest_insertion__g07_i02_c25000_d5_m26_random__seed_42__a2d6176c0f1c.json
