run_json,status,output_png,reason
results/runs/research_group_03/cheapest_insertion/research/group_03/g03_i01_c500_d5_m21_random/20260508T021423Z__research_group_03__cheapest_insertion__g03_i01_c500_d5_m21_random__seed_42__e528f58eec3f.json,skip,,customer_count>10
results/runs/research_group_03/cheapest_insertion/research/group_03/g03_i02_c500_d3_m10_random/20260508T021423Z__research_group_03__cheapest_insertion__g03_i02_c500_d3_m10_random__seed_42__5b964192ffbe.json,skip,,customer_count>10
results/runs/research_group_03/cheapest_insertion/research/group_03/g03_i03_c500_d3_m12_random/20260508T021423Z__research_group_03__cheapest_insertion__g03_i03_c500_d3_m12_random__seed_42__a7f16951683c.json,skip,,customer_count>10
results/runs/research_group_03/cheapest_insertion/research/group_03/g03_i04_c500_d5_m19_random/20260508T021423Z__research_group_03__cheapest_insertion__g03_i04_c500_d5_m19_random__seed_42__a760d5041b78.json,skip,,customer_count>10
results/runs/research_group_03/cheapest_insertion/research/group_03/g03_i05_c500_d3_m6_random/20260508T021423Z__research_group_03__cheapest_insertion__g03_i05_c500_d3_m6_random__seed_42__4ed32a693df7.json,skip,,customer_count>10
results/runs/research_group_03/cheapest_insertion/research/group_03/g03_i06_c500_d3_m3_random/20260508T021423Z__research_group_03__cheapest_insertion__g03_i06_c500_d3_m3_random__seed_42__375b529c4fd7.json,skip,,customer_count>10
results/runs/research_group_03/cheapest_insertion/research/group_03/g03_i07_c500_d5_m20_random/20260508T021423Z__research_group_03__cheapest_insertion__g03_i07_c500_d5_m20_random__seed_42__1464b6eb011d.json,skip,,customer_count>10
results/runs/research_group_03/cheapest_insertion/research/group_03/g03_i08_c500_d3_m7_random/20260508T021423Z__research_group_03__cheapest_insertion__g03_i08_c500_d3_m7_random__seed_42__d6af61268fbf.json,skip,,customer_count>10
results/runs/research_group_03/cheapest_insertion/research/group_03/g03_i09_c500_d4_m8_random/20260508T021423Z__research_group_03__cheapest_insertion__g03_i09_c500_d4_m8_random__seed_42__2c77ac5fe546.json,skip,,customer_count>10
results/runs/research_group_03/cheapest_insertion/research/group_03/g03_i10_c500_d5_m18_random/20260508T021423Z__research_group_03__cheapest_insertion__g03_i10_c500_d5_m18_random__seed_42__9fde9dbe679d.json,skip,,customer_count>10
results/runs/research_group_03/cheapest_insertion/research/group_03/g03_i11_c500_d4_m12_adversarial/20260508T021423Z__research_group_03__cheapest_insertion__g03_i11_c500_d4_m12_adversarial__seed_42__0f924bec7cd0.json,skip,,customer_count>10
results/runs/research_group_03/cheapest_insertion/research/group_03/g03_i12_c500_d4_m13_adversarial/20260508T021423Z__research_group_03__cheapest_insertion__g03_i12_c500_d4_m13_adversarial__seed_42__b3f7224c877f.json,skip,,customer_count>10
results/runs/research_group_03/cheapest_insertion/research/group_03/g03_i13_c500_d4_m12_adversarial/20260508T021423Z__research_group_03__cheapest_insertion__g03_i13_c500_d4_m12_adversarial__seed_42__25ff106953ec.json,skip,,customer_count>10
results/runs/research_group_03/cheapest_insertion/research/group_03/g03_i14_c500_d4_m13_adversarial/20260508T021423Z__research_group_03__cheapest_insertion__g03_i14_c500_d4_m13_adversarial__seed_42__dabb3a6f398a.json,skip,,customer_count>10
results/runs/research_group_03/cheapest_insertion/research/group_03/g03_i15_c500_d5_m15_adversarial/20260508T021423Z__research_group_03__cheapest_insertion__g03_i15_c500_d5_m15_adversarial__seed_42__92d1bdac4054.json,skip,,customer_count>10
results/runs/research_group_03/cheapest_insertion/research/group_03/g03_i16_c500_d4_m12_adversarial/20260508T021423Z__research_group_03__cheapest_insertion__g03_i16_c500_d4_m12_adversarial__seed_42__7e3364745426.json,skip,,customer_count>10
results/runs/research_group_03/cheapest_insertion/research/group_03/g03_i17_c500_d4_m13_adversarial/20260508T021423Z__research_group_03__cheapest_insertion__g03_i17_c500_d4_m13_adversarial__seed_42__32f925c87543.json,skip,,customer_count>10
results/runs/research_group_03/cheapest_insertion/research/group_03/g03_i18_c500_d5_m15_adversarial/20260508T021423Z__research_group_03__cheapest_insertion__g03_i18_c500_d5_m15_adversarial__seed_42__7e261d7b34d9.json,skip,,customer_count>10
results/runs/research_group_03/cheapest_insertion/research/group_03/g03_i19_c500_d4_m12_adversarial/20260508T021423Z__research_group_03__cheapest_insertion__g03_i19_c500_d4_m12_adversarial__seed_42__43d496dd7510.json,skip,,customer_count>10
results/runs/research_group_03/cheapest_insertion/research/group_03/g03_i20_c500_d4_m13_adversarial/20260508T021423Z__research_group_03__cheapest_insertion__g03_i20_c500_d4_m13_adversarial__seed_42__3d51afd6b738.json,skip,,customer_count>10
results/runs/research_group_03/cheapest_insertion/research/group_03/g03_i21_c500_d5_m15_adversarial/20260508T021423Z__research_group_03__cheapest_insertion__g03_i21_c500_d5_m15_adversarial__seed_42__0a2cee124b0f.json,skip,,customer_count>10
results/runs/research_group_03/cheapest_insertion/research/group_03/g03_i22_c500_d4_m12_adversarial/20260508T021423Z__research_group_03__cheapest_insertion__g03_i22_c500_d4_m12_adversarial__seed_42__de4804aca4d1.json,skip,,customer_count>10
results/runs/research_group_03/cheapest_insertion/research/group_03/g03_i23_c500_d4_m13_adversarial/20260508T021423Z__research_group_03__cheapest_insertion__g03_i23_c500_d4_m13_adversarial__seed_42__8bfafd910438.json,skip,,customer_count>10
results/runs/research_group_03/cheapest_insertion/research/group_03/g03_i24_c500_d5_m15_adversarial/20260508T021423Z__research_group_03__cheapest_insertion__g03_i24_c500_d5_m15_adversarial__seed_42__fac0d8fb9155.json,skip,,customer_count>10
results/runs/research_group_03/cheapest_insertion/research/group_03/g03_i25_c500_d4_m12_adversarial/20260508T021423Z__research_group_03__cheapest_insertion__g03_i25_c500_d4_m12_adversarial__seed_42__65cef87f470d.json,skip,,customer_count>10
results/runs/research_group_03/cheapest_insertion/research/group_03/g03_i26_c500_d5_m14_adversarial/20260508T021423Z__research_group_03__cheapest_insertion__g03_i26_c500_d5_m14_adversarial__seed_42__44526d9a79ca.json,skip,,customer_count>10
results/runs/research_group_03/cheapest_insertion/research/group_03/g03_i27_c500_d4_m12_adversarial/20260508T021423Z__research_group_03__cheapest_insertion__g03_i27_c500_d4_m12_adversarial__seed_42__19235203c424.json,skip,,customer_count>10
results/runs/research_group_03/cheapest_insertion/research/group_03/g03_i28_c500_d5_m14_adversarial/20260508T021423Z__research_group_03__cheapest_insertion__g03_i28_c500_d5_m14_adversarial__seed_42__a3124c90c2b4.json,skip,,customer_count>10
results/runs/research_group_03/cheapest_insertion/research/group_03/g03_i29_c500_d4_m12_adversarial/20260508T021423Z__research_group_03__cheapest_insertion__g03_i29_c500_d4_m12_adversarial__seed_42__e5b3537daa31.json,skip,,customer_count>10
results/runs/research_group_03/cheapest_insertion/research/group_03/g03_i30_c500_d5_m14_adversarial/20260508T021423Z__research_group_03__cheapest_insertion__g03_i30_c500_d5_m14_adversarial__seed_42__d97518c2d041.json,skip,,customer_count>10
results/runs/research_group_03/cheapest_insertion/research/group_03/g03_i31_c500_d4_m12_adversarial/20260508T021423Z__research_group_03__cheapest_insertion__g03_i31_c500_d4_m12_adversarial__seed_42__e2bbf7c50d87.json,skip,,customer_count>10
results/runs/research_group_03/cheapest_insertion/research/group_03/g03_i32_c500_d5_m14_adversarial/20260508T021423Z__research_group_03__cheapest_insertion__g03_i32_c500_d5_m14_adversarial__seed_42__c72b2f57b26e.json,skip,,customer_count>10
results/runs/research_group_03/cheapest_insertion/research/group_03/g03_i33_c500_d4_m13_adversarial/20260508T021423Z__research_group_03__cheapest_insertion__g03_i33_c500_d4_m13_adversarial__seed_42__a5e00fe05b00.json,skip,,customer_count>10
results/runs/research_group_03/cheapest_insertion/research/group_03/g03_i34_c500_d5_m16_adversarial/20260508T021423Z__research_group_03__cheapest_insertion__g03_i34_c500_d5_m16_adversarial__seed_42__904414309ddf.json,skip,,customer_count>10
results/runs/research_group_03/cheapest_insertion/research/group_03/g03_i35_c500_d4_m13_adversarial/20260508T021423Z__research_group_03__cheapest_insertion__g03_i35_c500_d4_m13_adversarial__seed_42__4657a7bab640.json,skip,,customer_count>10
results/runs/research_group_03/cheapest_insertion/research/group_03/g03_i36_c500_d5_m16_adversarial/20260508T021423Z__research_group_03__cheapest_insertion__g03_i36_c500_d5_m16_adversarial__seed_42__ce476349f7b6.json,skip,,customer_count>10
results/runs/research_group_03/cheapest_insertion/research/group_03/g03_i37_c500_d4_m13_adversarial/20260508T021423Z__research_group_03__cheapest_insertion__g03_i37_c500_d4_m13_adversarial__seed_42__a5811ad7b0c2.json,skip,,customer_count>10
results/runs/research_group_03/cheapest_insertion/research/group_03/g03_i38_c500_d5_m16_adversarial/20260508T021423Z__research_group_03__cheapest_insertion__g03_i38_c500_d5_m16_adversarial__seed_42__f069aee994a2.json,skip,,customer_count>10
results/runs/research_group_03/cheapest_insertion/research/group_03/g03_i39_c500_d4_m13_adversarial/20260508T021423Z__research_group_03__cheapest_insertion__g03_i39_c500_d4_m13_adversarial__seed_42__ae95e6b3bdff.json,skip,,customer_count>10
results/runs/research_group_03/cheapest_insertion/research/group_03/g03_i40_c500_d5_m16_adversarial/20260508T021423Z__research_group_03__cheapest_insertion__g03_i40_c500_d5_m16_adversarial__seed_42__f1c409e97b59.json,skip,,customer_count>10
results/runs/research_group_03/cheapest_insertion/research/group_03/g03_i41_c500_d4_m12_adversarial/20260508T021423Z__research_group_03__cheapest_insertion__g03_i41_c500_d4_m12_adversarial__seed_42__f643e15e6d6b.json,skip,,customer_count>10
results/runs/research_group_03/cheapest_insertion/research/group_03/g03_i42_c500_d5_m14_adversarial/20260508T021423Z__research_group_03__cheapest_insertion__g03_i42_c500_d5_m14_adversarial__seed_42__683e7b65f56e.json,skip,,customer_count>10
results/runs/research_group_03/cheapest_insertion/research/group_03/g03_i43_c500_d4_m12_adversarial/20260508T021423Z__research_group_03__cheapest_insertion__g03_i43_c500_d4_m12_adversarial__seed_42__28a754f463fe.json,skip,,customer_count>10
results/runs/research_group_03/cheapest_insertion/research/group_03/g03_i44_c500_d5_m14_adversarial/20260508T021423Z__research_group_03__cheapest_insertion__g03_i44_c500_d5_m14_adversarial__seed_42__caaeece96fff.json,skip,,customer_count>10
results/runs/research_group_03/cheapest_insertion/research/group_03/g03_i45_c500_d4_m12_adversarial/20260508T021423Z__research_group_03__cheapest_insertion__g03_i45_c500_d4_m12_adversarial__seed_42__809f88f91a2e.json,skip,,customer_count>10
results/runs/research_group_03/cheapest_insertion/research/group_03/g03_i46_c500_d5_m14_adversarial/20260508T021423Z__research_group_03__cheapest_insertion__g03_i46_c500_d5_m14_adversarial__seed_42__a3f0aaf0b641.json,skip,,customer_count>10
results/runs/research_group_03/cheapest_insertion/research/group_03/g03_i47_c500_d4_m12_adversarial/20260508T021423Z__research_group_03__cheapest_insertion__g03_i47_c500_d4_m12_adversarial__seed_42__1754d5c20bff.json,skip,,customer_count>10
results/runs/research_group_03/cheapest_insertion/research/group_03/g03_i48_c500_d4_m13_adversarial/20260508T021423Z__research_group_03__cheapest_insertion__g03_i48_c500_d4_m13_adversarial__seed_42__b65a8cab832a.json,skip,,customer_count>10
results/runs/research_group_03/cheapest_insertion/research/group_03/g03_i49_c500_d5_m15_adversarial/20260508T021423Z__research_group_03__cheapest_insertion__g03_i49_c500_d5_m15_adversarial__seed_42__6c20d3856be6.json,skip,,customer_count>10
results/runs/research_group_03/cheapest_insertion/research/group_03/g03_i50_c500_d4_m12_adversarial/20260508T021423Z__research_group_03__cheapest_insertion__g03_i50_c500_d4_m12_adversarial__seed_42__521d0a434041.json,skip,,customer_count>10
results/runs/research_group_03/cheapest_insertion/research/group_03/g03_i51_c500_d4_m13_adversarial/20260508T021423Z__research_group_03__cheapest_insertion__g03_i51_c500_d4_m13_adversarial__seed_42__73459f937121.json,skip,,customer_count>10
results/runs/research_group_03/cheapest_insertion/research/group_03/g03_i52_c500_d5_m15_adversarial/20260508T021423Z__research_group_03__cheapest_insertion__g03_i52_c500_d5_m15_adversarial__seed_42__bee5ff62d342.json,skip,,customer_count>10
results/runs/research_group_03/cheapest_insertion_2opt/research/group_03/g03_i01_c500_d5_m21_random/20260508T021424Z__research_group_03__cheapest_insertion_2opt__g03_i01_c500_d5_m21_random__seed_42__f7b03c9e389c.json,skip,,customer_count>10
results/runs/research_group_03/cheapest_insertion_2opt/research/group_03/g03_i02_c500_d3_m10_random/20260508T021424Z__research_group_03__cheapest_insertion_2opt__g03_i02_c500_d3_m10_random__seed_42__c277854a6bcb.json,skip,,customer_count>10
results/runs/research_group_03/cheapest_insertion_2opt/research/group_03/g03_i03_c500_d3_m12_random/20260508T021424Z__research_group_03__cheapest_insertion_2opt__g03_i03_c500_d3_m12_random__seed_42__eb214ad77e18.json,skip,,customer_count>10
results/runs/research_group_03/cheapest_insertion_2opt/research/group_03/g03_i04_c500_d5_m19_random/20260508T021424Z__research_group_03__cheapest_insertion_2opt__g03_i04_c500_d5_m19_random__seed_42__7bf95d15f328.json,skip,,customer_count>10
results/runs/research_group_03/cheapest_insertion_2opt/research/group_03/g03_i05_c500_d3_m6_random/20260508T021424Z__research_group_03__cheapest_insertion_2opt__g03_i05_c500_d3_m6_random__seed_42__207003083141.json,skip,,customer_count>10
results/runs/research_group_03/cheapest_insertion_2opt/research/group_03/g03_i06_c500_d3_m3_random/20260508T021424Z__research_group_03__cheapest_insertion_2opt__g03_i06_c500_d3_m3_random__seed_42__2d4e4d6f2771.json,skip,,customer_count>10
results/runs/research_group_03/cheapest_insertion_2opt/research/group_03/g03_i07_c500_d5_m20_random/20260508T021424Z__research_group_03__cheapest_insertion_2opt__g03_i07_c500_d5_m20_random__seed_42__a2a52d2ef90f.json,skip,,customer_count>10
results/runs/research_group_03/cheapest_insertion_2opt/research/group_03/g03_i08_c500_d3_m7_random/20260508T021424Z__research_group_03__cheapest_insertion_2opt__g03_i08_c500_d3_m7_random__seed_42__5b3c75542650.json,skip,,customer_count>10
results/runs/research_group_03/cheapest_insertion_2opt/research/group_03/g03_i09_c500_d4_m8_random/20260508T021424Z__research_group_03__cheapest_insertion_2opt__g03_i09_c500_d4_m8_random__seed_42__4400806c116a.json,skip,,customer_count>10
results/runs/research_group_03/cheapest_insertion_2opt/research/group_03/g03_i10_c500_d5_m18_random/20260508T021424Z__research_group_03__cheapest_insertion_2opt__g03_i10_c500_d5_m18_random__seed_42__ef2822fb32f7.json,skip,,customer_count>10
results/runs/research_group_03/cheapest_insertion_2opt/research/group_03/g03_i11_c500_d4_m12_adversarial/20260508T021424Z__research_group_03__cheapest_insertion_2opt__g03_i11_c500_d4_m12_adversarial__seed_42__08fc958da6c8.json,skip,,customer_count>10
results/runs/research_group_03/cheapest_insertion_2opt/research/group_03/g03_i12_c500_d4_m13_adversarial/20260508T021424Z__research_group_03__cheapest_insertion_2opt__g03_i12_c500_d4_m13_adversarial__seed_42__754d56c69855.json,skip,,customer_count>10
results/runs/research_group_03/cheapest_insertion_2opt/research/group_03/g03_i13_c500_d4_m12_adversarial/20260508T021424Z__research_group_03__cheapest_insertion_2opt__g03_i13_c500_d4_m12_adversarial__seed_42__c08de30f70a2.json,skip,,customer_count>10
results/runs/research_group_03/cheapest_insertion_2opt/research/group_03/g03_i14_c500_d4_m13_adversarial/20260508T021424Z__research_group_03__cheapest_insertion_2opt__g03_i14_c500_d4_m13_adversarial__seed_42__a720fa5da830.json,skip,,customer_count>10
results/runs/research_group_03/cheapest_insertion_2opt/research/group_03/g03_i15_c500_d5_m15_adversarial/20260508T021424Z__research_group_03__cheapest_insertion_2opt__g03_i15_c500_d5_m15_adversarial__seed_42__6ffb85a5c158.json,skip,,customer_count>10
results/runs/research_group_03/cheapest_insertion_2opt/research/group_03/g03_i16_c500_d4_m12_adversarial/20260508T021424Z__research_group_03__cheapest_insertion_2opt__g03_i16_c500_d4_m12_adversarial__seed_42__f31e01957b4b.json,skip,,customer_count>10
results/runs/research_group_03/cheapest_insertion_2opt/research/group_03/g03_i17_c500_d4_m13_adversarial/20260508T021424Z__research_group_03__cheapest_insertion_2opt__g03_i17_c500_d4_m13_adversarial__seed_42__65a9884a0204.json,skip,,customer_count>10
results/runs/research_group_03/cheapest_insertion_2opt/research/group_03/g03_i18_c500_d5_m15_adversarial/20260508T021424Z__research_group_03__cheapest_insertion_2opt__g03_i18_c500_d5_m15_adversarial__seed_42__5553186e3a4c.json,skip,,customer_count>10
results/runs/research_group_03/cheapest_insertion_2opt/research/group_03/g03_i19_c500_d4_m12_adversarial/20260508T021424Z__research_group_03__cheapest_insertion_2opt__g03_i19_c500_d4_m12_adversarial__seed_42__892a68a3288c.json,skip,,customer_count>10
results/runs/research_group_03/cheapest_insertion_2opt/research/group_03/g03_i20_c500_d4_m13_adversarial/20260508T021424Z__research_group_03__cheapest_insertion_2opt__g03_i20_c500_d4_m13_adversarial__seed_42__bdbabc347105.json,skip,,customer_count>10
results/runs/research_group_03/cheapest_insertion_2opt/research/group_03/g03_i21_c500_d5_m15_adversarial/20260508T021424Z__research_group_03__cheapest_insertion_2opt__g03_i21_c500_d5_m15_adversarial__seed_42__bb81a2842741.json,skip,,customer_count>10
results/runs/research_group_03/cheapest_insertion_2opt/research/group_03/g03_i22_c500_d4_m12_adversarial/20260508T021424Z__research_group_03__cheapest_insertion_2opt__g03_i22_c500_d4_m12_adversarial__seed_42__5203d74b90d0.json,skip,,customer_count>10
results/runs/research_group_03/cheapest_insertion_2opt/research/group_03/g03_i23_c500_d4_m13_adversarial/20260508T021424Z__research_group_03__cheapest_insertion_2opt__g03_i23_c500_d4_m13_adversarial__seed_42__7996caa00ac6.json,skip,,customer_count>10
results/runs/research_group_03/cheapest_insertion_2opt/research/group_03/g03_i24_c500_d5_m15_adversarial/20260508T021424Z__research_group_03__cheapest_insertion_2opt__g03_i24_c500_d5_m15_adversarial__seed_42__8473ef5b3c1c.json,skip,,customer_count>10
results/runs/research_group_03/cheapest_insertion_2opt/research/group_03/g03_i25_c500_d4_m12_adversarial/20260508T021424Z__research_group_03__cheapest_insertion_2opt__g03_i25_c500_d4_m12_adversarial__seed_42__a00d5c480f15.json,skip,,customer_count>10
results/runs/research_group_03/cheapest_insertion_2opt/research/group_03/g03_i26_c500_d5_m14_adversarial/20260508T021424Z__research_group_03__cheapest_insertion_2opt__g03_i26_c500_d5_m14_adversarial__seed_42__1c550bbd03a7.json,skip,,customer_count>10
results/runs/research_group_03/cheapest_insertion_2opt/research/group_03/g03_i27_c500_d4_m12_adversarial/20260508T021424Z__research_group_03__cheapest_insertion_2opt__g03_i27_c500_d4_m12_adversarial__seed_42__16afa0e9ecd3.json,skip,,customer_count>10
results/runs/research_group_03/cheapest_insertion_2opt/research/group_03/g03_i28_c500_d5_m14_adversarial/20260508T021424Z__research_group_03__cheapest_insertion_2opt__g03_i28_c500_d5_m14_adversarial__seed_42__2dd4c0703690.json,skip,,customer_count>10
results/runs/research_group_03/cheapest_insertion_2opt/research/group_03/g03_i29_c500_d4_m12_adversarial/20260508T021424Z__research_group_03__cheapest_insertion_2opt__g03_i29_c500_d4_m12_adversarial__seed_42__eff7c2ab3cd7.json,skip,,customer_count>10
results/runs/research_group_03/cheapest_insertion_2opt/research/group_03/g03_i30_c500_d5_m14_adversarial/20260508T021424Z__research_group_03__cheapest_insertion_2opt__g03_i30_c500_d5_m14_adversarial__seed_42__f911aca09f8f.json,skip,,customer_count>10
results/runs/research_group_03/cheapest_insertion_2opt/research/group_03/g03_i31_c500_d4_m12_adversarial/20260508T021424Z__research_group_03__cheapest_insertion_2opt__g03_i31_c500_d4_m12_adversarial__seed_42__d87c3ebf29bd.json,skip,,customer_count>10
results/runs/research_group_03/cheapest_insertion_2opt/research/group_03/g03_i32_c500_d5_m14_adversarial/20260508T021424Z__research_group_03__cheapest_insertion_2opt__g03_i32_c500_d5_m14_adversarial__seed_42__554af39d40f5.json,skip,,customer_count>10
results/runs/research_group_03/cheapest_insertion_2opt/research/group_03/g03_i33_c500_d4_m13_adversarial/20260508T021424Z__research_group_03__cheapest_insertion_2opt__g03_i33_c500_d4_m13_adversarial__seed_42__939fdb3db540.json,skip,,customer_count>10
results/runs/research_group_03/cheapest_insertion_2opt/research/group_03/g03_i34_c500_d5_m16_adversarial/20260508T021424Z__research_group_03__cheapest_insertion_2opt__g03_i34_c500_d5_m16_adversarial__seed_42__9acd9ad81a27.json,skip,,customer_count>10
results/runs/research_group_03/cheapest_insertion_2opt/research/group_03/g03_i35_c500_d4_m13_adversarial/20260508T021424Z__research_group_03__cheapest_insertion_2opt__g03_i35_c500_d4_m13_adversarial__seed_42__05c18002aeb9.json,skip,,customer_count>10
results/runs/research_group_03/cheapest_insertion_2opt/research/group_03/g03_i36_c500_d5_m16_adversarial/20260508T021424Z__research_group_03__cheapest_insertion_2opt__g03_i36_c500_d5_m16_adversarial__seed_42__6ff06f7f1ace.json,skip,,customer_count>10
results/runs/research_group_03/cheapest_insertion_2opt/research/group_03/g03_i37_c500_d4_m13_adversarial/20260508T021424Z__research_group_03__cheapest_insertion_2opt__g03_i37_c500_d4_m13_adversarial__seed_42__ae4b75dd610f.json,skip,,customer_count>10
results/runs/research_group_03/cheapest_insertion_2opt/research/group_03/g03_i38_c500_d5_m16_adversarial/20260508T021424Z__research_group_03__cheapest_insertion_2opt__g03_i38_c500_d5_m16_adversarial__seed_42__0e874a66835d.json,skip,,customer_count>10
results/runs/research_group_03/cheapest_insertion_2opt/research/group_03/g03_i39_c500_d4_m13_adversarial/20260508T021424Z__research_group_03__cheapest_insertion_2opt__g03_i39_c500_d4_m13_adversarial__seed_42__f90b69e3a76f.json,skip,,customer_count>10
results/runs/research_group_03/cheapest_insertion_2opt/research/group_03/g03_i40_c500_d5_m16_adversarial/20260508T021424Z__research_group_03__cheapest_insertion_2opt__g03_i40_c500_d5_m16_adversarial__seed_42__091e1d3eca77.json,skip,,customer_count>10
results/runs/research_group_03/cheapest_insertion_2opt/research/group_03/g03_i41_c500_d4_m12_adversarial/20260508T021424Z__research_group_03__cheapest_insertion_2opt__g03_i41_c500_d4_m12_adversarial__seed_42__07b264ca712c.json,skip,,customer_count>10
results/runs/research_group_03/cheapest_insertion_2opt/research/group_03/g03_i42_c500_d5_m14_adversarial/20260508T021424Z__research_group_03__cheapest_insertion_2opt__g03_i42_c500_d5_m14_adversarial__seed_42__cd5da63020d9.json,skip,,customer_count>10
results/runs/research_group_03/cheapest_insertion_2opt/research/group_03/g03_i43_c500_d4_m12_adversarial/20260508T021424Z__research_group_03__cheapest_insertion_2opt__g03_i43_c500_d4_m12_adversarial__seed_42__2aaf148e58aa.json,skip,,customer_count>10
results/runs/research_group_03/cheapest_insertion_2opt/research/group_03/g03_i44_c500_d5_m14_adversarial/20260508T021424Z__research_group_03__cheapest_insertion_2opt__g03_i44_c500_d5_m14_adversarial__seed_42__39a2d3b691bf.json,skip,,customer_count>10
results/runs/research_group_03/cheapest_insertion_2opt/research/group_03/g03_i45_c500_d4_m12_adversarial/20260508T021424Z__research_group_03__cheapest_insertion_2opt__g03_i45_c500_d4_m12_adversarial__seed_42__a08649fc7f2e.json,skip,,customer_count>10
results/runs/research_group_03/cheapest_insertion_2opt/research/group_03/g03_i46_c500_d5_m14_adversarial/20260508T021424Z__research_group_03__cheapest_insertion_2opt__g03_i46_c500_d5_m14_adversarial__seed_42__6b223e382629.json,skip,,customer_count>10
results/runs/research_group_03/cheapest_insertion_2opt/research/group_03/g03_i47_c500_d4_m12_adversarial/20260508T021424Z__research_group_03__cheapest_insertion_2opt__g03_i47_c500_d4_m12_adversarial__seed_42__7683b9dac1c8.json,skip,,customer_count>10
results/runs/research_group_03/cheapest_insertion_2opt/research/group_03/g03_i48_c500_d4_m13_adversarial/20260508T021424Z__research_group_03__cheapest_insertion_2opt__g03_i48_c500_d4_m13_adversarial__seed_42__a7650973729c.json,skip,,customer_count>10
results/runs/research_group_03/cheapest_insertion_2opt/research/group_03/g03_i49_c500_d5_m15_adversarial/20260508T021424Z__research_group_03__cheapest_insertion_2opt__g03_i49_c500_d5_m15_adversarial__seed_42__5e790d5f377f.json,skip,,customer_count>10
results/runs/research_group_03/cheapest_insertion_2opt/research/group_03/g03_i50_c500_d4_m12_adversarial/20260508T021424Z__research_group_03__cheapest_insertion_2opt__g03_i50_c500_d4_m12_adversarial__seed_42__cc88fe356e23.json,skip,,customer_count>10
results/runs/research_group_03/cheapest_insertion_2opt/research/group_03/g03_i51_c500_d4_m13_adversarial/20260508T021424Z__research_group_03__cheapest_insertion_2opt__g03_i51_c500_d4_m13_adversarial__seed_42__1d5a4b887d7f.json,skip,,customer_count>10
results/runs/research_group_03/cheapest_insertion_2opt/research/group_03/g03_i52_c500_d5_m15_adversarial/20260508T021424Z__research_group_03__cheapest_insertion_2opt__g03_i52_c500_d5_m15_adversarial__seed_42__f45e2d654859.json,skip,,customer_count>10
results/runs/research_group_03/cheapest_insertion_tabu/research/group_03/g03_i01_c500_d5_m21_random/20260508T022220Z__research_group_03__cheapest_insertion_tabu__g03_i01_c500_d5_m21_random__seed_42__9ae881b8f828.json,skip,,customer_count>10
results/runs/research_group_03/cheapest_insertion_tabu/research/group_03/g03_i02_c500_d3_m10_random/20260508T022220Z__research_group_03__cheapest_insertion_tabu__g03_i02_c500_d3_m10_random__seed_42__170b18adf43a.json,skip,,customer_count>10
results/runs/research_group_03/cheapest_insertion_tabu/research/group_03/g03_i03_c500_d3_m12_random/20260508T022220Z__research_group_03__cheapest_insertion_tabu__g03_i03_c500_d3_m12_random__seed_42__767de9dcf260.json,skip,,customer_count>10
results/runs/research_group_03/cheapest_insertion_tabu/research/group_03/g03_i04_c500_d5_m19_random/20260508T022220Z__research_group_03__cheapest_insertion_tabu__g03_i04_c500_d5_m19_random__seed_42__be2a5e927446.json,skip,,customer_count>10
results/runs/research_group_03/cheapest_insertion_tabu/research/group_03/g03_i05_c500_d3_m6_random/20260508T022220Z__research_group_03__cheapest_insertion_tabu__g03_i05_c500_d3_m6_random__seed_42__f1aebe34df07.json,skip,,customer_count>10
results/runs/research_group_03/cheapest_insertion_tabu/research/group_03/g03_i06_c500_d3_m3_random/20260508T022220Z__research_group_03__cheapest_insertion_tabu__g03_i06_c500_d3_m3_random__seed_42__e0fc7d331602.json,skip,,customer_count>10
results/runs/research_group_03/cheapest_insertion_tabu/research/group_03/g03_i07_c500_d5_m20_random/20260508T022220Z__research_group_03__cheapest_insertion_tabu__g03_i07_c500_d5_m20_random__seed_42__7542b129718b.json,skip,,customer_count>10
results/runs/research_group_03/cheapest_insertion_tabu/research/group_03/g03_i08_c500_d3_m7_random/20260508T022220Z__research_group_03__cheapest_insertion_tabu__g03_i08_c500_d3_m7_random__seed_42__4811159ddd26.json,skip,,customer_count>10
results/runs/research_group_03/cheapest_insertion_tabu/research/group_03/g03_i09_c500_d4_m8_random/20260508T022220Z__research_group_03__cheapest_insertion_tabu__g03_i09_c500_d4_m8_random__seed_42__8c2b031093c8.json,skip,,customer_count>10
results/runs/research_group_03/cheapest_insertion_tabu/research/group_03/g03_i10_c500_d5_m18_random/20260508T022220Z__research_group_03__cheapest_insertion_tabu__g03_i10_c500_d5_m18_random__seed_42__0d4871eb0bfc.json,skip,,customer_count>10
results/runs/research_group_03/cheapest_insertion_tabu/research/group_03/g03_i11_c500_d4_m12_adversarial/20260508T022220Z__research_group_03__cheapest_insertion_tabu__g03_i11_c500_d4_m12_adversarial__seed_42__fd6497aa92c3.json,skip,,customer_count>10
results/runs/research_group_03/cheapest_insertion_tabu/research/group_03/g03_i12_c500_d4_m13_adversarial/20260508T022220Z__research_group_03__cheapest_insertion_tabu__g03_i12_c500_d4_m13_adversarial__seed_42__96a8e394488d.json,skip,,customer_count>10
results/runs/research_group_03/cheapest_insertion_tabu/research/group_03/g03_i13_c500_d4_m12_adversarial/20260508T022220Z__research_group_03__cheapest_insertion_tabu__g03_i13_c500_d4_m12_adversarial__seed_42__a1d28e22b9a0.json,skip,,customer_count>10
results/runs/research_group_03/cheapest_insertion_tabu/research/group_03/g03_i14_c500_d4_m13_adversarial/20260508T022220Z__research_group_03__cheapest_insertion_tabu__g03_i14_c500_d4_m13_adversarial__seed_42__24881a0ad0ae.json,skip,,customer_count>10
results/runs/research_group_03/cheapest_insertion_tabu/research/group_03/g03_i15_c500_d5_m15_adversarial/20260508T022220Z__research_group_03__cheapest_insertion_tabu__g03_i15_c500_d5_m15_adversarial__seed_42__432d69f96aac.json,skip,,customer_count>10
results/runs/research_group_03/cheapest_insertion_tabu/research/group_03/g03_i16_c500_d4_m12_adversarial/20260508T022220Z__research_group_03__cheapest_insertion_tabu__g03_i16_c500_d4_m12_adversarial__seed_42__c66bbd4f3e1b.json,skip,,customer_count>10
results/runs/research_group_03/cheapest_insertion_tabu/research/group_03/g03_i17_c500_d4_m13_adversarial/20260508T022220Z__research_group_03__cheapest_insertion_tabu__g03_i17_c500_d4_m13_adversarial__seed_42__3566ca0c6f6e.json,skip,,customer_count>10
results/runs/research_group_03/cheapest_insertion_tabu/research/group_03/g03_i18_c500_d5_m15_adversarial/20260508T022220Z__research_group_03__cheapest_insertion_tabu__g03_i18_c500_d5_m15_adversarial__seed_42__7492a7b030ac.json,skip,,customer_count>10
results/runs/research_group_03/cheapest_insertion_tabu/research/group_03/g03_i19_c500_d4_m12_adversarial/20260508T022220Z__research_group_03__cheapest_insertion_tabu__g03_i19_c500_d4_m12_adversarial__seed_42__13fa69a4b6f8.json,skip,,customer_count>10
results/runs/research_group_03/cheapest_insertion_tabu/research/group_03/g03_i20_c500_d4_m13_adversarial/20260508T022220Z__research_group_03__cheapest_insertion_tabu__g03_i20_c500_d4_m13_adversarial__seed_42__3a15e7cafb37.json,skip,,customer_count>10
results/runs/research_group_03/cheapest_insertion_tabu/research/group_03/g03_i21_c500_d5_m15_adversarial/20260508T022220Z__research_group_03__cheapest_insertion_tabu__g03_i21_c500_d5_m15_adversarial__seed_42__812b71b4fa09.json,skip,,customer_count>10
results/runs/research_group_03/cheapest_insertion_tabu/research/group_03/g03_i22_c500_d4_m12_adversarial/20260508T022220Z__research_group_03__cheapest_insertion_tabu__g03_i22_c500_d4_m12_adversarial__seed_42__0b99d2e27971.json,skip,,customer_count>10
results/runs/research_group_03/cheapest_insertion_tabu/research/group_03/g03_i23_c500_d4_m13_adversarial/20260508T022220Z__research_group_03__cheapest_insertion_tabu__g03_i23_c500_d4_m13_adversarial__seed_42__6331eb819af5.json,skip,,customer_count>10
results/runs/research_group_03/cheapest_insertion_tabu/research/group_03/g03_i24_c500_d5_m15_adversarial/20260508T022220Z__research_group_03__cheapest_insertion_tabu__g03_i24_c500_d5_m15_adversarial__seed_42__21a9c298beb8.json,skip,,customer_count>10
results/runs/research_group_03/cheapest_insertion_tabu/research/group_03/g03_i25_c500_d4_m12_adversarial/20260508T022220Z__research_group_03__cheapest_insertion_tabu__g03_i25_c500_d4_m12_adversarial__seed_42__0bdb45adaf4d.json,skip,,customer_count>10
results/runs/research_group_03/cheapest_insertion_tabu/research/group_03/g03_i26_c500_d5_m14_adversarial/20260508T022220Z__research_group_03__cheapest_insertion_tabu__g03_i26_c500_d5_m14_adversarial__seed_42__7340632f13a3.json,skip,,customer_count>10
results/runs/research_group_03/cheapest_insertion_tabu/research/group_03/g03_i27_c500_d4_m12_adversarial/20260508T022220Z__research_group_03__cheapest_insertion_tabu__g03_i27_c500_d4_m12_adversarial__seed_42__71429b0a8db2.json,skip,,customer_count>10
results/runs/research_group_03/cheapest_insertion_tabu/research/group_03/g03_i28_c500_d5_m14_adversarial/20260508T022220Z__research_group_03__cheapest_insertion_tabu__g03_i28_c500_d5_m14_adversarial__seed_42__6b307341f65a.json,skip,,customer_count>10
results/runs/research_group_03/cheapest_insertion_tabu/research/group_03/g03_i29_c500_d4_m12_adversarial/20260508T022220Z__research_group_03__cheapest_insertion_tabu__g03_i29_c500_d4_m12_adversarial__seed_42__92aa6b469396.json,skip,,customer_count>10
results/runs/research_group_03/cheapest_insertion_tabu/research/group_03/g03_i30_c500_d5_m14_adversarial/20260508T022220Z__research_group_03__cheapest_insertion_tabu__g03_i30_c500_d5_m14_adversarial__seed_42__c2438de12d37.json,skip,,customer_count>10
results/runs/research_group_03/cheapest_insertion_tabu/research/group_03/g03_i31_c500_d4_m12_adversarial/20260508T022220Z__research_group_03__cheapest_insertion_tabu__g03_i31_c500_d4_m12_adversarial__seed_42__8ec7748b3c4b.json,skip,,customer_count>10
results/runs/research_group_03/cheapest_insertion_tabu/research/group_03/g03_i32_c500_d5_m14_adversarial/20260508T022220Z__research_group_03__cheapest_insertion_tabu__g03_i32_c500_d5_m14_adversarial__seed_42__a3be37bec243.json,skip,,customer_count>10
results/runs/research_group_03/cheapest_insertion_tabu/research/group_03/g03_i33_c500_d4_m13_adversarial/20260508T022220Z__research_group_03__cheapest_insertion_tabu__g03_i33_c500_d4_m13_adversarial__seed_42__469a68e69db5.json,skip,,customer_count>10
results/runs/research_group_03/cheapest_insertion_tabu/research/group_03/g03_i34_c500_d5_m16_adversarial/20260508T022220Z__research_group_03__cheapest_insertion_tabu__g03_i34_c500_d5_m16_adversarial__seed_42__ece84640214a.json,skip,,customer_count>10
results/runs/research_group_03/cheapest_insertion_tabu/research/group_03/g03_i35_c500_d4_m13_adversarial/20260508T022220Z__research_group_03__cheapest_insertion_tabu__g03_i35_c500_d4_m13_adversarial__seed_42__743b35388ef4.json,skip,,customer_count>10
results/runs/research_group_03/cheapest_insertion_tabu/research/group_03/g03_i36_c500_d5_m16_adversarial/20260508T022220Z__research_group_03__cheapest_insertion_tabu__g03_i36_c500_d5_m16_adversarial__seed_42__5040081f258d.json,skip,,customer_count>10
results/runs/research_group_03/cheapest_insertion_tabu/research/group_03/g03_i37_c500_d4_m13_adversarial/20260508T022220Z__research_group_03__cheapest_insertion_tabu__g03_i37_c500_d4_m13_adversarial__seed_42__01f32574698d.json,skip,,customer_count>10
results/runs/research_group_03/cheapest_insertion_tabu/research/group_03/g03_i38_c500_d5_m16_adversarial/20260508T022220Z__research_group_03__cheapest_insertion_tabu__g03_i38_c500_d5_m16_adversarial__seed_42__ff6aae013c66.json,skip,,customer_count>10
results/runs/research_group_03/cheapest_insertion_tabu/research/group_03/g03_i39_c500_d4_m13_adversarial/20260508T022220Z__research_group_03__cheapest_insertion_tabu__g03_i39_c500_d4_m13_adversarial__seed_42__5644dbcb85b2.json,skip,,customer_count>10
results/runs/research_group_03/cheapest_insertion_tabu/research/group_03/g03_i40_c500_d5_m16_adversarial/20260508T022220Z__research_group_03__cheapest_insertion_tabu__g03_i40_c500_d5_m16_adversarial__seed_42__af8f0a8f3364.json,skip,,customer_count>10
results/runs/research_group_03/cheapest_insertion_tabu/research/group_03/g03_i41_c500_d4_m12_adversarial/20260508T022220Z__research_group_03__cheapest_insertion_tabu__g03_i41_c500_d4_m12_adversarial__seed_42__64b0f8d4d8c4.json,skip,,customer_count>10
results/runs/research_group_03/cheapest_insertion_tabu/research/group_03/g03_i42_c500_d5_m14_adversarial/20260508T022220Z__research_group_03__cheapest_insertion_tabu__g03_i42_c500_d5_m14_adversarial__seed_42__6d924184220f.json,skip,,customer_count>10
results/runs/research_group_03/cheapest_insertion_tabu/research/group_03/g03_i43_c500_d4_m12_adversarial/20260508T022220Z__research_group_03__cheapest_insertion_tabu__g03_i43_c500_d4_m12_adversarial__seed_42__868a6e2365ba.json,skip,,customer_count>10
results/runs/research_group_03/cheapest_insertion_tabu/research/group_03/g03_i44_c500_d5_m14_adversarial/20260508T022220Z__research_group_03__cheapest_insertion_tabu__g03_i44_c500_d5_m14_adversarial__seed_42__ad4c56b8746e.json,skip,,customer_count>10
results/runs/research_group_03/cheapest_insertion_tabu/research/group_03/g03_i45_c500_d4_m12_adversarial/20260508T022220Z__research_group_03__cheapest_insertion_tabu__g03_i45_c500_d4_m12_adversarial__seed_42__b35e303739a2.json,skip,,customer_count>10
results/runs/research_group_03/cheapest_insertion_tabu/research/group_03/g03_i46_c500_d5_m14_adversarial/20260508T022220Z__research_group_03__cheapest_insertion_tabu__g03_i46_c500_d5_m14_adversarial__seed_42__f9d58f6d8645.json,skip,,customer_count>10
results/runs/research_group_03/cheapest_insertion_tabu/research/group_03/g03_i47_c500_d4_m12_adversarial/20260508T022220Z__research_group_03__cheapest_insertion_tabu__g03_i47_c500_d4_m12_adversarial__seed_42__4414cd443f8c.json,skip,,customer_count>10
results/runs/research_group_03/cheapest_insertion_tabu/research/group_03/g03_i48_c500_d4_m13_adversarial/20260508T022220Z__research_group_03__cheapest_insertion_tabu__g03_i48_c500_d4_m13_adversarial__seed_42__4899c5a6df25.json,skip,,customer_count>10
results/runs/research_group_03/cheapest_insertion_tabu/research/group_03/g03_i49_c500_d5_m15_adversarial/20260508T022220Z__research_group_03__cheapest_insertion_tabu__g03_i49_c500_d5_m15_adversarial__seed_42__600a427d323f.json,skip,,customer_count>10
results/runs/research_group_03/cheapest_insertion_tabu/research/group_03/g03_i50_c500_d4_m12_adversarial/20260508T022220Z__research_group_03__cheapest_insertion_tabu__g03_i50_c500_d4_m12_adversarial__seed_42__aedf6379bdaa.json,skip,,customer_count>10
results/runs/research_group_03/cheapest_insertion_tabu/research/group_03/g03_i51_c500_d4_m13_adversarial/20260508T022220Z__research_group_03__cheapest_insertion_tabu__g03_i51_c500_d4_m13_adversarial__seed_42__f19dbbfc45f1.json,skip,,customer_count>10
results/runs/research_group_03/cheapest_insertion_tabu/research/group_03/g03_i52_c500_d5_m15_adversarial/20260508T022220Z__research_group_03__cheapest_insertion_tabu__g03_i52_c500_d5_m15_adversarial__seed_42__11c8cf770d61.json,skip,,customer_count>10
results/runs/research_group_03/cheapest_insertion_vnd/research/group_03/g03_i01_c500_d5_m21_random/20260508T021424Z__research_group_03__cheapest_insertion_vnd__g03_i01_c500_d5_m21_random__seed_42__37a25bc7163b.json,skip,,customer_count>10
results/runs/research_group_03/cheapest_insertion_vnd/research/group_03/g03_i02_c500_d3_m10_random/20260508T021434Z__research_group_03__cheapest_insertion_vnd__g03_i02_c500_d3_m10_random__seed_42__ce33bf4399c9.json,skip,,customer_count>10
results/runs/research_group_03/cheapest_insertion_vnd/research/group_03/g03_i03_c500_d3_m12_random/20260508T021443Z__research_group_03__cheapest_insertion_vnd__g03_i03_c500_d3_m12_random__seed_42__0ad4f7aacf0c.json,skip,,customer_count>10
results/runs/research_group_03/cheapest_insertion_vnd/research/group_03/g03_i04_c500_d5_m19_random/20260508T021453Z__research_group_03__cheapest_insertion_vnd__g03_i04_c500_d5_m19_random__seed_42__b47ea845be75.json,skip,,customer_count>10
results/runs/research_group_03/cheapest_insertion_vnd/research/group_03/g03_i05_c500_d3_m6_random/20260508T021502Z__research_group_03__cheapest_insertion_vnd__g03_i05_c500_d3_m6_random__seed_42__13edfce8165f.json,skip,,customer_count>10
results/runs/research_group_03/cheapest_insertion_vnd/research/group_03/g03_i06_c500_d3_m3_random/20260508T021510Z__research_group_03__cheapest_insertion_vnd__g03_i06_c500_d3_m3_random__seed_42__219025e1ca89.json,skip,,customer_count>10
results/runs/research_group_03/cheapest_insertion_vnd/research/group_03/g03_i07_c500_d5_m20_random/20260508T021518Z__research_group_03__cheapest_insertion_vnd__g03_i07_c500_d5_m20_random__seed_42__a6b6caaa7b37.json,skip,,customer_count>10
results/runs/research_group_03/cheapest_insertion_vnd/research/group_03/g03_i08_c500_d3_m7_random/20260508T021528Z__research_group_03__cheapest_insertion_vnd__g03_i08_c500_d3_m7_random__seed_42__92ad95a2ee4f.json,skip,,customer_count>10
results/runs/research_group_03/cheapest_insertion_vnd/research/group_03/g03_i09_c500_d4_m8_random/20260508T021536Z__research_group_03__cheapest_insertion_vnd__g03_i09_c500_d4_m8_random__seed_42__3b19bcc9e22c.json,skip,,customer_count>10
results/runs/research_group_03/cheapest_insertion_vnd/research/group_03/g03_i10_c500_d5_m18_random/20260508T021545Z__research_group_03__cheapest_insertion_vnd__g03_i10_c500_d5_m18_random__seed_42__943dcf51273a.json,skip,,customer_count>10
results/runs/research_group_03/cheapest_insertion_vnd/research/group_03/g03_i11_c500_d4_m12_adversarial/20260508T021555Z__research_group_03__cheapest_insertion_vnd__g03_i11_c500_d4_m12_adversarial__seed_42__f3a78182a905.json,skip,,customer_count>10
results/runs/research_group_03/cheapest_insertion_vnd/research/group_03/g03_i12_c500_d4_m13_adversarial/20260508T021604Z__research_group_03__cheapest_insertion_vnd__g03_i12_c500_d4_m13_adversarial__seed_42__1a29889eb9dd.json,skip,,customer_count>10
results/runs/research_group_03/cheapest_insertion_vnd/research/group_03/g03_i13_c500_d4_m12_adversarial/20260508T021613Z__research_group_03__cheapest_insertion_vnd__g03_i13_c500_d4_m12_adversarial__seed_42__d853545afff5.json,skip,,customer_count>10
results/runs/research_group_03/cheapest_insertion_vnd/research/group_03/g03_i14_c500_d4_m13_adversarial/20260508T021622Z__research_group_03__cheapest_insertion_vnd__g03_i14_c500_d4_m13_adversarial__seed_42__67414d01d5a7.json,skip,,customer_count>10
results/runs/research_group_03/cheapest_insertion_vnd/research/group_03/g03_i15_c500_d5_m15_adversarial/20260508T021631Z__research_group_03__cheapest_insertion_vnd__g03_i15_c500_d5_m15_adversarial__seed_42__9ca30fc4c696.json,skip,,customer_count>10
results/runs/research_group_03/cheapest_insertion_vnd/research/group_03/g03_i16_c500_d4_m12_adversarial/20260508T021640Z__research_group_03__cheapest_insertion_vnd__g03_i16_c500_d4_m12_adversarial__seed_42__7cbf2f0568e8.json,skip,,customer_count>10
results/runs/research_group_03/cheapest_insertion_vnd/research/group_03/g03_i17_c500_d4_m13_adversarial/20260508T021649Z__research_group_03__cheapest_insertion_vnd__g03_i17_c500_d4_m13_adversarial__seed_42__3916a1f258bd.json,skip,,customer_count>10
results/runs/research_group_03/cheapest_insertion_vnd/research/group_03/g03_i18_c500_d5_m15_adversarial/20260508T021658Z__research_group_03__cheapest_insertion_vnd__g03_i18_c500_d5_m15_adversarial__seed_42__1a7d6cd9b5d4.json,skip,,customer_count>10
results/runs/research_group_03/cheapest_insertion_vnd/research/group_03/g03_i19_c500_d4_m12_adversarial/20260508T021708Z__research_group_03__cheapest_insertion_vnd__g03_i19_c500_d4_m12_adversarial__seed_42__eaebf2c21fbc.json,skip,,customer_count>10
results/runs/research_group_03/cheapest_insertion_vnd/research/group_03/g03_i20_c500_d4_m13_adversarial/20260508T021718Z__research_group_03__cheapest_insertion_vnd__g03_i20_c500_d4_m13_adversarial__seed_42__9ed0663a9795.json,skip,,customer_count>10
results/runs/research_group_03/cheapest_insertion_vnd/research/group_03/g03_i21_c500_d5_m15_adversarial/20260508T021727Z__research_group_03__cheapest_insertion_vnd__g03_i21_c500_d5_m15_adversarial__seed_42__cece0e90f92c.json,skip,,customer_count>10
results/runs/research_group_03/cheapest_insertion_vnd/research/group_03/g03_i22_c500_d4_m12_adversarial/20260508T021736Z__research_group_03__cheapest_insertion_vnd__g03_i22_c500_d4_m12_adversarial__seed_42__1931bd46ccf9.json,skip,,customer_count>10
results/runs/research_group_03/cheapest_insertion_vnd/research/group_03/g03_i23_c500_d4_m13_adversarial/20260508T021745Z__research_group_03__cheapest_insertion_vnd__g03_i23_c500_d4_m13_adversarial__seed_42__a715e95c0a55.json,skip,,customer_count>10
results/runs/research_group_03/cheapest_insertion_vnd/research/group_03/g03_i24_c500_d5_m15_adversarial/20260508T021754Z__research_group_03__cheapest_insertion_vnd__g03_i24_c500_d5_m15_adversarial__seed_42__02836eaa1144.json,skip,,customer_count>10
results/runs/research_group_03/cheapest_insertion_vnd/research/group_03/g03_i25_c500_d4_m12_adversarial/20260508T021804Z__research_group_03__cheapest_insertion_vnd__g03_i25_c500_d4_m12_adversarial__seed_42__e810431a5763.json,skip,,customer_count>10
results/runs/research_group_03/cheapest_insertion_vnd/research/group_03/g03_i26_c500_d5_m14_adversarial/20260508T021813Z__research_group_03__cheapest_insertion_vnd__g03_i26_c500_d5_m14_adversarial__seed_42__f42e1ea0a369.json,skip,,customer_count>10
results/runs/research_group_03/cheapest_insertion_vnd/research/group_03/g03_i27_c500_d4_m12_adversarial/20260508T021822Z__research_group_03__cheapest_insertion_vnd__g03_i27_c500_d4_m12_adversarial__seed_42__cc22079409c9.json,skip,,customer_count>10
results/runs/research_group_03/cheapest_insertion_vnd/research/group_03/g03_i28_c500_d5_m14_adversarial/20260508T021832Z__research_group_03__cheapest_insertion_vnd__g03_i28_c500_d5_m14_adversarial__seed_42__9ca7ef0479b1.json,skip,,customer_count>10
results/runs/research_group_03/cheapest_insertion_vnd/research/group_03/g03_i29_c500_d4_m12_adversarial/20260508T021841Z__research_group_03__cheapest_insertion_vnd__g03_i29_c500_d4_m12_adversarial__seed_42__80abb001aadd.json,skip,,customer_count>10
results/runs/research_group_03/cheapest_insertion_vnd/research/group_03/g03_i30_c500_d5_m14_adversarial/20260508T021850Z__research_group_03__cheapest_insertion_vnd__g03_i30_c500_d5_m14_adversarial__seed_42__2348e8fde05a.json,skip,,customer_count>10
results/runs/research_group_03/cheapest_insertion_vnd/research/group_03/g03_i31_c500_d4_m12_adversarial/20260508T021900Z__research_group_03__cheapest_insertion_vnd__g03_i31_c500_d4_m12_adversarial__seed_42__9dea984d8d9c.json,skip,,customer_count>10
results/runs/research_group_03/cheapest_insertion_vnd/research/group_03/g03_i32_c500_d5_m14_adversarial/20260508T021909Z__research_group_03__cheapest_insertion_vnd__g03_i32_c500_d5_m14_adversarial__seed_42__86eb11522483.json,skip,,customer_count>10
results/runs/research_group_03/cheapest_insertion_vnd/research/group_03/g03_i33_c500_d4_m13_adversarial/20260508T021918Z__research_group_03__cheapest_insertion_vnd__g03_i33_c500_d4_m13_adversarial__seed_42__294d3da71cce.json,skip,,customer_count>10
results/runs/research_group_03/cheapest_insertion_vnd/research/group_03/g03_i34_c500_d5_m16_adversarial/20260508T021927Z__research_group_03__cheapest_insertion_vnd__g03_i34_c500_d5_m16_adversarial__seed_42__2301c8f27482.json,skip,,customer_count>10
results/runs/research_group_03/cheapest_insertion_vnd/research/group_03/g03_i35_c500_d4_m13_adversarial/20260508T021937Z__research_group_03__cheapest_insertion_vnd__g03_i35_c500_d4_m13_adversarial__seed_42__847fbe0f77f0.json,skip,,customer_count>10
results/runs/research_group_03/cheapest_insertion_vnd/research/group_03/g03_i36_c500_d5_m16_adversarial/20260508T021945Z__research_group_03__cheapest_insertion_vnd__g03_i36_c500_d5_m16_adversarial__seed_42__3924c2673da4.json,skip,,customer_count>10
results/runs/research_group_03/cheapest_insertion_vnd/research/group_03/g03_i37_c500_d4_m13_adversarial/20260508T021955Z__research_group_03__cheapest_insertion_vnd__g03_i37_c500_d4_m13_adversarial__seed_42__b326fcf852ed.json,skip,,customer_count>10
results/runs/research_group_03/cheapest_insertion_vnd/research/group_03/g03_i38_c500_d5_m16_adversarial/20260508T022004Z__research_group_03__cheapest_insertion_vnd__g03_i38_c500_d5_m16_adversarial__seed_42__06cba85f0f9a.json,skip,,customer_count>10
results/runs/research_group_03/cheapest_insertion_vnd/research/group_03/g03_i39_c500_d4_m13_adversarial/20260508T022013Z__research_group_03__cheapest_insertion_vnd__g03_i39_c500_d4_m13_adversarial__seed_42__ae53e63a05a2.json,skip,,customer_count>10
results/runs/research_group_03/cheapest_insertion_vnd/research/group_03/g03_i40_c500_d5_m16_adversarial/20260508T022022Z__research_group_03__cheapest_insertion_vnd__g03_i40_c500_d5_m16_adversarial__seed_42__2b58e123057a.json,skip,,customer_count>10
results/runs/research_group_03/cheapest_insertion_vnd/research/group_03/g03_i41_c500_d4_m12_adversarial/20260508T022031Z__research_group_03__cheapest_insertion_vnd__g03_i41_c500_d4_m12_adversarial__seed_42__1552c45e62b0.json,skip,,customer_count>10
results/runs/research_group_03/cheapest_insertion_vnd/research/group_03/g03_i42_c500_d5_m14_adversarial/20260508T022040Z__research_group_03__cheapest_insertion_vnd__g03_i42_c500_d5_m14_adversarial__seed_42__148f5956c7e6.json,skip,,customer_count>10
results/runs/research_group_03/cheapest_insertion_vnd/research/group_03/g03_i43_c500_d4_m12_adversarial/20260508T022049Z__research_group_03__cheapest_insertion_vnd__g03_i43_c500_d4_m12_adversarial__seed_42__027fa91fc1d9.json,skip,,customer_count>10
results/runs/research_group_03/cheapest_insertion_vnd/research/group_03/g03_i44_c500_d5_m14_adversarial/20260508T022058Z__research_group_03__cheapest_insertion_vnd__g03_i44_c500_d5_m14_adversarial__seed_42__97081066287b.json,skip,,customer_count>10
results/runs/research_group_03/cheapest_insertion_vnd/research/group_03/g03_i45_c500_d4_m12_adversarial/20260508T022107Z__research_group_03__cheapest_insertion_vnd__g03_i45_c500_d4_m12_adversarial__seed_42__9d1c9fa0f1b1.json,skip,,customer_count>10
results/runs/research_group_03/cheapest_insertion_vnd/research/group_03/g03_i46_c500_d5_m14_adversarial/20260508T022117Z__research_group_03__cheapest_insertion_vnd__g03_i46_c500_d5_m14_adversarial__seed_42__6ab53ac9208e.json,skip,,customer_count>10
results/runs/research_group_03/cheapest_insertion_vnd/research/group_03/g03_i47_c500_d4_m12_adversarial/20260508T022126Z__research_group_03__cheapest_insertion_vnd__g03_i47_c500_d4_m12_adversarial__seed_42__8bc8c3385f66.json,skip,,customer_count>10
results/runs/research_group_03/cheapest_insertion_vnd/research/group_03/g03_i48_c500_d4_m13_adversarial/20260508T022135Z__research_group_03__cheapest_insertion_vnd__g03_i48_c500_d4_m13_adversarial__seed_42__930778f74eae.json,skip,,customer_count>10
results/runs/research_group_03/cheapest_insertion_vnd/research/group_03/g03_i49_c500_d5_m15_adversarial/20260508T022143Z__research_group_03__cheapest_insertion_vnd__g03_i49_c500_d5_m15_adversarial__seed_42__b27cf2a5928f.json,skip,,customer_count>10
results/runs/research_group_03/cheapest_insertion_vnd/research/group_03/g03_i50_c500_d4_m12_adversarial/20260508T022153Z__research_group_03__cheapest_insertion_vnd__g03_i50_c500_d4_m12_adversarial__seed_42__3379bfd61aae.json,skip,,customer_count>10
results/runs/research_group_03/cheapest_insertion_vnd/research/group_03/g03_i51_c500_d4_m13_adversarial/20260508T022202Z__research_group_03__cheapest_insertion_vnd__g03_i51_c500_d4_m13_adversarial__seed_42__3419c2ed1f83.json,skip,,customer_count>10
results/runs/research_group_03/cheapest_insertion_vnd/research/group_03/g03_i52_c500_d5_m15_adversarial/20260508T022210Z__research_group_03__cheapest_insertion_vnd__g03_i52_c500_d5_m15_adversarial__seed_42__5d7b5de26c09.json,skip,,customer_count>10
results/runs/research_group_03/lkh_mdmtsp_v3/research/group_03/g03_i01_c500_d5_m21_random/20260508T070743Z__research_group_03__lkh_mdmtsp_v3__g03_i01_c500_d5_m21_random__seed_42__23de2b159d19.json,skip,,customer_count>10
results/runs/research_group_03/nearest_neighbour/research/group_03/g03_i01_c500_d5_m21_random/20260508T021423Z__research_group_03__nearest_neighbour__g03_i01_c500_d5_m21_random__seed_42__2ddeac8e471c.json,skip,,customer_count>10
results/runs/research_group_03/nearest_neighbour/research/group_03/g03_i02_c500_d3_m10_random/20260508T021423Z__research_group_03__nearest_neighbour__g03_i02_c500_d3_m10_random__seed_42__99539787480e.json,skip,,customer_count>10
results/runs/research_group_03/nearest_neighbour/research/group_03/g03_i03_c500_d3_m12_random/20260508T021423Z__research_group_03__nearest_neighbour__g03_i03_c500_d3_m12_random__seed_42__ea76ce60b069.json,skip,,customer_count>10
results/runs/research_group_03/nearest_neighbour/research/group_03/g03_i04_c500_d5_m19_random/20260508T021423Z__research_group_03__nearest_neighbour__g03_i04_c500_d5_m19_random__seed_42__359daceec1fe.json,skip,,customer_count>10
results/runs/research_group_03/nearest_neighbour/research/group_03/g03_i05_c500_d3_m6_random/20260508T021423Z__research_group_03__nearest_neighbour__g03_i05_c500_d3_m6_random__seed_42__93238d3893a0.json,skip,,customer_count>10
results/runs/research_group_03/nearest_neighbour/research/group_03/g03_i06_c500_d3_m3_random/20260508T021423Z__research_group_03__nearest_neighbour__g03_i06_c500_d3_m3_random__seed_42__d79d8a1b8b9d.json,skip,,customer_count>10
results/runs/research_group_03/nearest_neighbour/research/group_03/g03_i07_c500_d5_m20_random/20260508T021423Z__research_group_03__nearest_neighbour__g03_i07_c500_d5_m20_random__seed_42__cdca0545ecd7.json,skip,,customer_count>10
results/runs/research_group_03/nearest_neighbour/research/group_03/g03_i08_c500_d3_m7_random/20260508T021423Z__research_group_03__nearest_neighbour__g03_i08_c500_d3_m7_random__seed_42__4f3ccdcdcf85.json,skip,,customer_count>10
results/runs/research_group_03/nearest_neighbour/research/group_03/g03_i09_c500_d4_m8_random/20260508T021423Z__research_group_03__nearest_neighbour__g03_i09_c500_d4_m8_random__seed_42__0eae828934d4.json,skip,,customer_count>10
results/runs/research_group_03/nearest_neighbour/research/group_03/g03_i10_c500_d5_m18_random/20260508T021423Z__research_group_03__nearest_neighbour__g03_i10_c500_d5_m18_random__seed_42__56489c6a31cf.json,skip,,customer_count>10
results/runs/research_group_03/nearest_neighbour/research/group_03/g03_i11_c500_d4_m12_adversarial/20260508T021423Z__research_group_03__nearest_neighbour__g03_i11_c500_d4_m12_adversarial__seed_42__5d9baeb65d63.json,skip,,customer_count>10
results/runs/research_group_03/nearest_neighbour/research/group_03/g03_i12_c500_d4_m13_adversarial/20260508T021423Z__research_group_03__nearest_neighbour__g03_i12_c500_d4_m13_adversarial__seed_42__b889f5dfe1d4.json,skip,,customer_count>10
results/runs/research_group_03/nearest_neighbour/research/group_03/g03_i13_c500_d4_m12_adversarial/20260508T021423Z__research_group_03__nearest_neighbour__g03_i13_c500_d4_m12_adversarial__seed_42__dc53ca2f6ae8.json,skip,,customer_count>10
results/runs/research_group_03/nearest_neighbour/research/group_03/g03_i14_c500_d4_m13_adversarial/20260508T021423Z__research_group_03__nearest_neighbour__g03_i14_c500_d4_m13_adversarial__seed_42__ec6e0836ef12.json,skip,,customer_count>10
results/runs/research_group_03/nearest_neighbour/research/group_03/g03_i15_c500_d5_m15_adversarial/20260508T021423Z__research_group_03__nearest_neighbour__g03_i15_c500_d5_m15_adversarial__seed_42__4b544ff023c9.json,skip,,customer_count>10
results/runs/research_group_03/nearest_neighbour/research/group_03/g03_i16_c500_d4_m12_adversarial/20260508T021423Z__research_group_03__nearest_neighbour__g03_i16_c500_d4_m12_adversarial__seed_42__6f200bb436de.json,skip,,customer_count>10
results/runs/research_group_03/nearest_neighbour/research/group_03/g03_i17_c500_d4_m13_adversarial/20260508T021423Z__research_group_03__nearest_neighbour__g03_i17_c500_d4_m13_adversarial__seed_42__527d6a0fbd1a.json,skip,,customer_count>10
results/runs/research_group_03/nearest_neighbour/research/group_03/g03_i18_c500_d5_m15_adversarial/20260508T021423Z__research_group_03__nearest_neighbour__g03_i18_c500_d5_m15_adversarial__seed_42__1d67a9e867ed.json,skip,,customer_count>10
results/runs/research_group_03/nearest_neighbour/research/group_03/g03_i19_c500_d4_m12_adversarial/20260508T021423Z__research_group_03__nearest_neighbour__g03_i19_c500_d4_m12_adversarial__seed_42__0ef88cdac447.json,skip,,customer_count>10
results/runs/research_group_03/nearest_neighbour/research/group_03/g03_i20_c500_d4_m13_adversarial/20260508T021423Z__research_group_03__nearest_neighbour__g03_i20_c500_d4_m13_adversarial__seed_42__9870e038403c.json,skip,,customer_count>10
results/runs/research_group_03/nearest_neighbour/research/group_03/g03_i21_c500_d5_m15_adversarial/20260508T021423Z__research_group_03__nearest_neighbour__g03_i21_c500_d5_m15_adversarial__seed_42__b92d82d3c1dc.json,skip,,customer_count>10
results/runs/research_group_03/nearest_neighbour/research/group_03/g03_i22_c500_d4_m12_adversarial/20260508T021423Z__research_group_03__nearest_neighbour__g03_i22_c500_d4_m12_adversarial__seed_42__441ed5633870.json,skip,,customer_count>10
results/runs/research_group_03/nearest_neighbour/research/group_03/g03_i23_c500_d4_m13_adversarial/20260508T021423Z__research_group_03__nearest_neighbour__g03_i23_c500_d4_m13_adversarial__seed_42__16a745c3d766.json,skip,,customer_count>10
results/runs/research_group_03/nearest_neighbour/research/group_03/g03_i24_c500_d5_m15_adversarial/20260508T021423Z__research_group_03__nearest_neighbour__g03_i24_c500_d5_m15_adversarial__seed_42__258ec0218b4e.json,skip,,customer_count>10
results/runs/research_group_03/nearest_neighbour/research/group_03/g03_i25_c500_d4_m12_adversarial/20260508T021423Z__research_group_03__nearest_neighbour__g03_i25_c500_d4_m12_adversarial__seed_42__e728239217c0.json,skip,,customer_count>10
results/runs/research_group_03/nearest_neighbour/research/group_03/g03_i26_c500_d5_m14_adversarial/20260508T021423Z__research_group_03__nearest_neighbour__g03_i26_c500_d5_m14_adversarial__seed_42__c8bb490124c3.json,skip,,customer_count>10
results/runs/research_group_03/nearest_neighbour/research/group_03/g03_i27_c500_d4_m12_adversarial/20260508T021423Z__research_group_03__nearest_neighbour__g03_i27_c500_d4_m12_adversarial__seed_42__44503f6cf1f7.json,skip,,customer_count>10
results/runs/research_group_03/nearest_neighbour/research/group_03/g03_i28_c500_d5_m14_adversarial/20260508T021423Z__research_group_03__nearest_neighbour__g03_i28_c500_d5_m14_adversarial__seed_42__d9b353a2467a.json,skip,,customer_count>10
results/runs/research_group_03/nearest_neighbour/research/group_03/g03_i29_c500_d4_m12_adversarial/20260508T021423Z__research_group_03__nearest_neighbour__g03_i29_c500_d4_m12_adversarial__seed_42__61a9333c3526.json,skip,,customer_count>10
results/runs/research_group_03/nearest_neighbour/research/group_03/g03_i30_c500_d5_m14_adversarial/20260508T021423Z__research_group_03__nearest_neighbour__g03_i30_c500_d5_m14_adversarial__seed_42__d3d4d1bc49b2.json,skip,,customer_count>10
results/runs/research_group_03/nearest_neighbour/research/group_03/g03_i31_c500_d4_m12_adversarial/20260508T021423Z__research_group_03__nearest_neighbour__g03_i31_c500_d4_m12_adversarial__seed_42__7c194c6d36ad.json,skip,,customer_count>10
results/runs/research_group_03/nearest_neighbour/research/group_03/g03_i32_c500_d5_m14_adversarial/20260508T021423Z__research_group_03__nearest_neighbour__g03_i32_c500_d5_m14_adversarial__seed_42__0d9edc19d4c0.json,skip,,customer_count>10
results/runs/research_group_03/nearest_neighbour/research/group_03/g03_i33_c500_d4_m13_adversarial/20260508T021423Z__research_group_03__nearest_neighbour__g03_i33_c500_d4_m13_adversarial__seed_42__65ba37cfe9c2.json,skip,,customer_count>10
results/runs/research_group_03/nearest_neighbour/research/group_03/g03_i34_c500_d5_m16_adversarial/20260508T021423Z__research_group_03__nearest_neighbour__g03_i34_c500_d5_m16_adversarial__seed_42__562bc9d2a1ec.json,skip,,customer_count>10
results/runs/research_group_03/nearest_neighbour/research/group_03/g03_i35_c500_d4_m13_adversarial/20260508T021423Z__research_group_03__nearest_neighbour__g03_i35_c500_d4_m13_adversarial__seed_42__14de9202e92a.json,skip,,customer_count>10
results/runs/research_group_03/nearest_neighbour/research/group_03/g03_i36_c500_d5_m16_adversarial/20260508T021423Z__research_group_03__nearest_neighbour__g03_i36_c500_d5_m16_adversarial__seed_42__32de73e849aa.json,skip,,customer_count>10
results/runs/research_group_03/nearest_neighbour/research/group_03/g03_i37_c500_d4_m13_adversarial/20260508T021423Z__research_group_03__nearest_neighbour__g03_i37_c500_d4_m13_adversarial__seed_42__72fea818fb65.json,skip,,customer_count>10
results/runs/research_group_03/nearest_neighbour/research/group_03/g03_i38_c500_d5_m16_adversarial/20260508T021423Z__research_group_03__nearest_neighbour__g03_i38_c500_d5_m16_adversarial__seed_42__22c7f180094d.json,skip,,customer_count>10
results/runs/research_group_03/nearest_neighbour/research/group_03/g03_i39_c500_d4_m13_adversarial/20260508T021423Z__research_group_03__nearest_neighbour__g03_i39_c500_d4_m13_adversarial__seed_42__e60f9df30d98.json,skip,,customer_count>10
results/runs/research_group_03/nearest_neighbour/research/group_03/g03_i40_c500_d5_m16_adversarial/20260508T021423Z__research_group_03__nearest_neighbour__g03_i40_c500_d5_m16_adversarial__seed_42__86275930bbe7.json,skip,,customer_count>10
results/runs/research_group_03/nearest_neighbour/research/group_03/g03_i41_c500_d4_m12_adversarial/20260508T021423Z__research_group_03__nearest_neighbour__g03_i41_c500_d4_m12_adversarial__seed_42__999d9d609493.json,skip,,customer_count>10
results/runs/research_group_03/nearest_neighbour/research/group_03/g03_i42_c500_d5_m14_adversarial/20260508T021423Z__research_group_03__nearest_neighbour__g03_i42_c500_d5_m14_adversarial__seed_42__6a216b4257d9.json,skip,,customer_count>10
results/runs/research_group_03/nearest_neighbour/research/group_03/g03_i43_c500_d4_m12_adversarial/20260508T021423Z__research_group_03__nearest_neighbour__g03_i43_c500_d4_m12_adversarial__seed_42__fadb8c0c29d2.json,skip,,customer_count>10
results/runs/research_group_03/nearest_neighbour/research/group_03/g03_i44_c500_d5_m14_adversarial/20260508T021423Z__research_group_03__nearest_neighbour__g03_i44_c500_d5_m14_adversarial__seed_42__f6c285991e11.json,skip,,customer_count>10
results/runs/research_group_03/nearest_neighbour/research/group_03/g03_i45_c500_d4_m12_adversarial/20260508T021423Z__research_group_03__nearest_neighbour__g03_i45_c500_d4_m12_adversarial__seed_42__d75f95ab1114.json,skip,,customer_count>10
results/runs/research_group_03/nearest_neighbour/research/group_03/g03_i46_c500_d5_m14_adversarial/20260508T021423Z__research_group_03__nearest_neighbour__g03_i46_c500_d5_m14_adversarial__seed_42__1c5f73a11cf5.json,skip,,customer_count>10
results/runs/research_group_03/nearest_neighbour/research/group_03/g03_i47_c500_d4_m12_adversarial/20260508T021423Z__research_group_03__nearest_neighbour__g03_i47_c500_d4_m12_adversarial__seed_42__d57374d0a11d.json,skip,,customer_count>10
results/runs/research_group_03/nearest_neighbour/research/group_03/g03_i48_c500_d4_m13_adversarial/20260508T021423Z__research_group_03__nearest_neighbour__g03_i48_c500_d4_m13_adversarial__seed_42__22714976e0fa.json,skip,,customer_count>10
results/runs/research_group_03/nearest_neighbour/research/group_03/g03_i49_c500_d5_m15_adversarial/20260508T021423Z__research_group_03__nearest_neighbour__g03_i49_c500_d5_m15_adversarial__seed_42__4e5457af223b.json,skip,,customer_count>10
results/runs/research_group_03/nearest_neighbour/research/group_03/g03_i50_c500_d4_m12_adversarial/20260508T021423Z__research_group_03__nearest_neighbour__g03_i50_c500_d4_m12_adversarial__seed_42__96458614c4bb.json,skip,,customer_count>10
results/runs/research_group_03/nearest_neighbour/research/group_03/g03_i51_c500_d4_m13_adversarial/20260508T021423Z__research_group_03__nearest_neighbour__g03_i51_c500_d4_m13_adversarial__seed_42__4aff92c01cea.json,skip,,customer_count>10
results/runs/research_group_03/nearest_neighbour/research/group_03/g03_i52_c500_d5_m15_adversarial/20260508T021423Z__research_group_03__nearest_neighbour__g03_i52_c500_d5_m15_adversarial__seed_42__1e65b226105d.json,skip,,customer_count>10
results/runs/research_group_03/nearest_neighbour_2opt/research/group_03/g03_i01_c500_d5_m21_random/20260508T021423Z__research_group_03__nearest_neighbour_2opt__g03_i01_c500_d5_m21_random__seed_42__6d9b43152459.json,skip,,customer_count>10
results/runs/research_group_03/nearest_neighbour_2opt/research/group_03/g03_i02_c500_d3_m10_random/20260508T021423Z__research_group_03__nearest_neighbour_2opt__g03_i02_c500_d3_m10_random__seed_42__c2872a9e4ac6.json,skip,,customer_count>10
results/runs/research_group_03/nearest_neighbour_2opt/research/group_03/g03_i03_c500_d3_m12_random/20260508T021423Z__research_group_03__nearest_neighbour_2opt__g03_i03_c500_d3_m12_random__seed_42__e4b0c74f58cb.json,skip,,customer_count>10
results/runs/research_group_03/nearest_neighbour_2opt/research/group_03/g03_i04_c500_d5_m19_random/20260508T021423Z__research_group_03__nearest_neighbour_2opt__g03_i04_c500_d5_m19_random__seed_42__dd5d66c5d696.json,skip,,customer_count>10
results/runs/research_group_03/nearest_neighbour_2opt/research/group_03/g03_i05_c500_d3_m6_random/20260508T021423Z__research_group_03__nearest_neighbour_2opt__g03_i05_c500_d3_m6_random__seed_42__72d54a096c00.json,skip,,customer_count>10
results/runs/research_group_03/nearest_neighbour_2opt/research/group_03/g03_i06_c500_d3_m3_random/20260508T021423Z__research_group_03__nearest_neighbour_2opt__g03_i06_c500_d3_m3_random__seed_42__b87f3427f943.json,skip,,customer_count>10
results/runs/research_group_03/nearest_neighbour_2opt/research/group_03/g03_i07_c500_d5_m20_random/20260508T021423Z__research_group_03__nearest_neighbour_2opt__g03_i07_c500_d5_m20_random__seed_42__a8d2c9616104.json,skip,,customer_count>10
results/runs/research_group_03/nearest_neighbour_2opt/research/group_03/g03_i08_c500_d3_m7_random/20260508T021423Z__research_group_03__nearest_neighbour_2opt__g03_i08_c500_d3_m7_random__seed_42__41f42a8cca69.json,skip,,customer_count>10
results/runs/research_group_03/nearest_neighbour_2opt/research/group_03/g03_i09_c500_d4_m8_random/20260508T021423Z__research_group_03__nearest_neighbour_2opt__g03_i09_c500_d4_m8_random__seed_42__7cd58090afd3.json,skip,,customer_count>10
results/runs/research_group_03/nearest_neighbour_2opt/research/group_03/g03_i10_c500_d5_m18_random/20260508T021423Z__research_group_03__nearest_neighbour_2opt__g03_i10_c500_d5_m18_random__seed_42__d880a8e19cea.json,skip,,customer_count>10
results/runs/research_group_03/nearest_neighbour_2opt/research/group_03/g03_i11_c500_d4_m12_adversarial/20260508T021423Z__research_group_03__nearest_neighbour_2opt__g03_i11_c500_d4_m12_adversarial__seed_42__21b417551068.json,skip,,customer_count>10
results/runs/research_group_03/nearest_neighbour_2opt/research/group_03/g03_i12_c500_d4_m13_adversarial/20260508T021423Z__research_group_03__nearest_neighbour_2opt__g03_i12_c500_d4_m13_adversarial__seed_42__fa91b806c8b8.json,skip,,customer_count>10
results/runs/research_group_03/nearest_neighbour_2opt/research/group_03/g03_i13_c500_d4_m12_adversarial/20260508T021423Z__research_group_03__nearest_neighbour_2opt__g03_i13_c500_d4_m12_adversarial__seed_42__040bad8a4d8e.json,skip,,customer_count>10
results/runs/research_group_03/nearest_neighbour_2opt/research/group_03/g03_i14_c500_d4_m13_adversarial/20260508T021423Z__research_group_03__nearest_neighbour_2opt__g03_i14_c500_d4_m13_adversarial__seed_42__18f849cf5605.json,skip,,customer_count>10
results/runs/research_group_03/nearest_neighbour_2opt/research/group_03/g03_i15_c500_d5_m15_adversarial/20260508T021423Z__research_group_03__nearest_neighbour_2opt__g03_i15_c500_d5_m15_adversarial__seed_42__3cff8c9b6ecd.json,skip,,customer_count>10
results/runs/research_group_03/nearest_neighbour_2opt/research/group_03/g03_i16_c500_d4_m12_adversarial/20260508T021423Z__research_group_03__nearest_neighbour_2opt__g03_i16_c500_d4_m12_adversarial__seed_42__558da0745ad3.json,skip,,customer_count>10
results/runs/research_group_03/nearest_neighbour_2opt/research/group_03/g03_i17_c500_d4_m13_adversarial/20260508T021423Z__research_group_03__nearest_neighbour_2opt__g03_i17_c500_d4_m13_adversarial__seed_42__2dfa2d0d8e62.json,skip,,customer_count>10
results/runs/research_group_03/nearest_neighbour_2opt/research/group_03/g03_i18_c500_d5_m15_adversarial/20260508T021423Z__research_group_03__nearest_neighbour_2opt__g03_i18_c500_d5_m15_adversarial__seed_42__2ed6e7969145.json,skip,,customer_count>10
results/runs/research_group_03/nearest_neighbour_2opt/research/group_03/g03_i19_c500_d4_m12_adversarial/20260508T021423Z__research_group_03__nearest_neighbour_2opt__g03_i19_c500_d4_m12_adversarial__seed_42__5787bd05f5b9.json,skip,,customer_count>10
results/runs/research_group_03/nearest_neighbour_2opt/research/group_03/g03_i20_c500_d4_m13_adversarial/20260508T021423Z__research_group_03__nearest_neighbour_2opt__g03_i20_c500_d4_m13_adversarial__seed_42__8dd095185e0a.json,skip,,customer_count>10
results/runs/research_group_03/nearest_neighbour_2opt/research/group_03/g03_i21_c500_d5_m15_adversarial/20260508T021423Z__research_group_03__nearest_neighbour_2opt__g03_i21_c500_d5_m15_adversarial__seed_42__fd9744e5ada3.json,skip,,customer_count>10
results/runs/research_group_03/nearest_neighbour_2opt/research/group_03/g03_i22_c500_d4_m12_adversarial/20260508T021423Z__research_group_03__nearest_neighbour_2opt__g03_i22_c500_d4_m12_adversarial__seed_42__9148050ea436.json,skip,,customer_count>10
results/runs/research_group_03/nearest_neighbour_2opt/research/group_03/g03_i23_c500_d4_m13_adversarial/20260508T021423Z__research_group_03__nearest_neighbour_2opt__g03_i23_c500_d4_m13_adversarial__seed_42__8f3b66301881.json,skip,,customer_count>10
results/runs/research_group_03/nearest_neighbour_2opt/research/group_03/g03_i24_c500_d5_m15_adversarial/20260508T021423Z__research_group_03__nearest_neighbour_2opt__g03_i24_c500_d5_m15_adversarial__seed_42__3779b893583d.json,skip,,customer_count>10
results/runs/research_group_03/nearest_neighbour_2opt/research/group_03/g03_i25_c500_d4_m12_adversarial/20260508T021423Z__research_group_03__nearest_neighbour_2opt__g03_i25_c500_d4_m12_adversarial__seed_42__177c66b60d14.json,skip,,customer_count>10
results/runs/research_group_03/nearest_neighbour_2opt/research/group_03/g03_i26_c500_d5_m14_adversarial/20260508T021423Z__research_group_03__nearest_neighbour_2opt__g03_i26_c500_d5_m14_adversarial__seed_42__c09ffeae68ca.json,skip,,customer_count>10
results/runs/research_group_03/nearest_neighbour_2opt/research/group_03/g03_i27_c500_d4_m12_adversarial/20260508T021423Z__research_group_03__nearest_neighbour_2opt__g03_i27_c500_d4_m12_adversarial__seed_42__fb39d2c23ba9.json,skip,,customer_count>10
results/runs/research_group_03/nearest_neighbour_2opt/research/group_03/g03_i28_c500_d5_m14_adversarial/20260508T021423Z__research_group_03__nearest_neighbour_2opt__g03_i28_c500_d5_m14_adversarial__seed_42__2cb44ff38ec9.json,skip,,customer_count>10
results/runs/research_group_03/nearest_neighbour_2opt/research/group_03/g03_i29_c500_d4_m12_adversarial/20260508T021423Z__research_group_03__nearest_neighbour_2opt__g03_i29_c500_d4_m12_adversarial__seed_42__95084779cee5.json,skip,,customer_count>10
results/runs/research_group_03/nearest_neighbour_2opt/research/group_03/g03_i30_c500_d5_m14_adversarial/20260508T021423Z__research_group_03__nearest_neighbour_2opt__g03_i30_c500_d5_m14_adversarial__seed_42__91876f51b420.json,skip,,customer_count>10
results/runs/research_group_03/nearest_neighbour_2opt/research/group_03/g03_i31_c500_d4_m12_adversarial/20260508T021423Z__research_group_03__nearest_neighbour_2opt__g03_i31_c500_d4_m12_adversarial__seed_42__b05cbf6ba921.json,skip,,customer_count>10
results/runs/research_group_03/nearest_neighbour_2opt/research/group_03/g03_i32_c500_d5_m14_adversarial/20260508T021423Z__research_group_03__nearest_neighbour_2opt__g03_i32_c500_d5_m14_adversarial__seed_42__10dd6e9e02f5.json,skip,,customer_count>10
results/runs/research_group_03/nearest_neighbour_2opt/research/group_03/g03_i33_c500_d4_m13_adversarial/20260508T021424Z__research_group_03__nearest_neighbour_2opt__g03_i33_c500_d4_m13_adversarial__seed_42__58174f91910b.json,skip,,customer_count>10
results/runs/research_group_03/nearest_neighbour_2opt/research/group_03/g03_i34_c500_d5_m16_adversarial/20260508T021424Z__research_group_03__nearest_neighbour_2opt__g03_i34_c500_d5_m16_adversarial__seed_42__ec5150c2d94e.json,skip,,customer_count>10
results/runs/research_group_03/nearest_neighbour_2opt/research/group_03/g03_i35_c500_d4_m13_adversarial/20260508T021424Z__research_group_03__nearest_neighbour_2opt__g03_i35_c500_d4_m13_adversarial__seed_42__8797effd7ccd.json,skip,,customer_count>10
results/runs/research_group_03/nearest_neighbour_2opt/research/group_03/g03_i36_c500_d5_m16_adversarial/20260508T021424Z__research_group_03__nearest_neighbour_2opt__g03_i36_c500_d5_m16_adversarial__seed_42__66473a58c2c3.json,skip,,customer_count>10
results/runs/research_group_03/nearest_neighbour_2opt/research/group_03/g03_i37_c500_d4_m13_adversarial/20260508T021424Z__research_group_03__nearest_neighbour_2opt__g03_i37_c500_d4_m13_adversarial__seed_42__2b8aa424226d.json,skip,,customer_count>10
results/runs/research_group_03/nearest_neighbour_2opt/research/group_03/g03_i38_c500_d5_m16_adversarial/20260508T021424Z__research_group_03__nearest_neighbour_2opt__g03_i38_c500_d5_m16_adversarial__seed_42__6260120ea4f9.json,skip,,customer_count>10
results/runs/research_group_03/nearest_neighbour_2opt/research/group_03/g03_i39_c500_d4_m13_adversarial/20260508T021424Z__research_group_03__nearest_neighbour_2opt__g03_i39_c500_d4_m13_adversarial__seed_42__19522b7edd62.json,skip,,customer_count>10
results/runs/research_group_03/nearest_neighbour_2opt/research/group_03/g03_i40_c500_d5_m16_adversarial/20260508T021424Z__research_group_03__nearest_neighbour_2opt__g03_i40_c500_d5_m16_adversarial__seed_42__1f1b4f493d08.json,skip,,customer_count>10
results/runs/research_group_03/nearest_neighbour_2opt/research/group_03/g03_i41_c500_d4_m12_adversarial/20260508T021424Z__research_group_03__nearest_neighbour_2opt__g03_i41_c500_d4_m12_adversarial__seed_42__d34102691870.json,skip,,customer_count>10
results/runs/research_group_03/nearest_neighbour_2opt/research/group_03/g03_i42_c500_d5_m14_adversarial/20260508T021424Z__research_group_03__nearest_neighbour_2opt__g03_i42_c500_d5_m14_adversarial__seed_42__d5e650b81b67.json,skip,,customer_count>10
results/runs/research_group_03/nearest_neighbour_2opt/research/group_03/g03_i43_c500_d4_m12_adversarial/20260508T021424Z__research_group_03__nearest_neighbour_2opt__g03_i43_c500_d4_m12_adversarial__seed_42__7f315e8aeaec.json,skip,,customer_count>10
results/runs/research_group_03/nearest_neighbour_2opt/research/group_03/g03_i44_c500_d5_m14_adversarial/20260508T021424Z__research_group_03__nearest_neighbour_2opt__g03_i44_c500_d5_m14_adversarial__seed_42__f84d7e8cd9da.json,skip,,customer_count>10
results/runs/research_group_03/nearest_neighbour_2opt/research/group_03/g03_i45_c500_d4_m12_adversarial/20260508T021424Z__research_group_03__nearest_neighbour_2opt__g03_i45_c500_d4_m12_adversarial__seed_42__2af57b1e9011.json,skip,,customer_count>10
results/runs/research_group_03/nearest_neighbour_2opt/research/group_03/g03_i46_c500_d5_m14_adversarial/20260508T021424Z__research_group_03__nearest_neighbour_2opt__g03_i46_c500_d5_m14_adversarial__seed_42__3480b2ff5630.json,skip,,customer_count>10
results/runs/research_group_03/nearest_neighbour_2opt/research/group_03/g03_i47_c500_d4_m12_adversarial/20260508T021424Z__research_group_03__nearest_neighbour_2opt__g03_i47_c500_d4_m12_adversarial__seed_42__0a11b3222632.json,skip,,customer_count>10
results/runs/research_group_03/nearest_neighbour_2opt/research/group_03/g03_i48_c500_d4_m13_adversarial/20260508T021424Z__research_group_03__nearest_neighbour_2opt__g03_i48_c500_d4_m13_adversarial__seed_42__3c74dae35ba1.json,skip,,customer_count>10
results/runs/research_group_03/nearest_neighbour_2opt/research/group_03/g03_i49_c500_d5_m15_adversarial/20260508T021424Z__research_group_03__nearest_neighbour_2opt__g03_i49_c500_d5_m15_adversarial__seed_42__f2ccfba00562.json,skip,,customer_count>10
results/runs/research_group_03/nearest_neighbour_2opt/research/group_03/g03_i50_c500_d4_m12_adversarial/20260508T021424Z__research_group_03__nearest_neighbour_2opt__g03_i50_c500_d4_m12_adversarial__seed_42__1cea72772d57.json,skip,,customer_count>10
results/runs/research_group_03/nearest_neighbour_2opt/research/group_03/g03_i51_c500_d4_m13_adversarial/20260508T021424Z__research_group_03__nearest_neighbour_2opt__g03_i51_c500_d4_m13_adversarial__seed_42__3226e7ebb07c.json,skip,,customer_count>10
results/runs/research_group_03/nearest_neighbour_2opt/research/group_03/g03_i52_c500_d5_m15_adversarial/20260508T021424Z__research_group_03__nearest_neighbour_2opt__g03_i52_c500_d5_m15_adversarial__seed_42__adf7531e210c.json,skip,,customer_count>10
results/runs/research_group_03/nearest_neighbour_2opt_v2/research/group_03/g03_i01_c500_d5_m21_random/20260508T021424Z__research_group_03__nearest_neighbour_2opt_v2__g03_i01_c500_d5_m21_random__seed_42__0d92f9167f10.json,skip,,customer_count>10
results/runs/research_group_03/nearest_neighbour_2opt_v2/research/group_03/g03_i02_c500_d3_m10_random/20260508T021424Z__research_group_03__nearest_neighbour_2opt_v2__g03_i02_c500_d3_m10_random__seed_42__73c82ed3d3ca.json,skip,,customer_count>10
results/runs/research_group_03/nearest_neighbour_2opt_v2/research/group_03/g03_i03_c500_d3_m12_random/20260508T021424Z__research_group_03__nearest_neighbour_2opt_v2__g03_i03_c500_d3_m12_random__seed_42__2f724d3f3daa.json,skip,,customer_count>10
results/runs/research_group_03/nearest_neighbour_2opt_v2/research/group_03/g03_i04_c500_d5_m19_random/20260508T021424Z__research_group_03__nearest_neighbour_2opt_v2__g03_i04_c500_d5_m19_random__seed_42__5b72b45a4695.json,skip,,customer_count>10
results/runs/research_group_03/nearest_neighbour_2opt_v2/research/group_03/g03_i05_c500_d3_m6_random/20260508T021424Z__research_group_03__nearest_neighbour_2opt_v2__g03_i05_c500_d3_m6_random__seed_42__78da60d8126f.json,skip,,customer_count>10
results/runs/research_group_03/nearest_neighbour_2opt_v2/research/group_03/g03_i06_c500_d3_m3_random/20260508T021424Z__research_group_03__nearest_neighbour_2opt_v2__g03_i06_c500_d3_m3_random__seed_42__2b3d5514b6c5.json,skip,,customer_count>10
results/runs/research_group_03/nearest_neighbour_2opt_v2/research/group_03/g03_i07_c500_d5_m20_random/20260508T021424Z__research_group_03__nearest_neighbour_2opt_v2__g03_i07_c500_d5_m20_random__seed_42__0f050b0f69e5.json,skip,,customer_count>10
results/runs/research_group_03/nearest_neighbour_2opt_v2/research/group_03/g03_i08_c500_d3_m7_random/20260508T021424Z__research_group_03__nearest_neighbour_2opt_v2__g03_i08_c500_d3_m7_random__seed_42__d2570637447d.json,skip,,customer_count>10
results/runs/research_group_03/nearest_neighbour_2opt_v2/research/group_03/g03_i09_c500_d4_m8_random/20260508T021424Z__research_group_03__nearest_neighbour_2opt_v2__g03_i09_c500_d4_m8_random__seed_42__1db5d8294a2c.json,skip,,customer_count>10
results/runs/research_group_03/nearest_neighbour_2opt_v2/research/group_03/g03_i10_c500_d5_m18_random/20260508T021424Z__research_group_03__nearest_neighbour_2opt_v2__g03_i10_c500_d5_m18_random__seed_42__767c870f202f.json,skip,,customer_count>10
results/runs/research_group_03/nearest_neighbour_2opt_v2/research/group_03/g03_i11_c500_d4_m12_adversarial/20260508T021424Z__research_group_03__nearest_neighbour_2opt_v2__g03_i11_c500_d4_m12_adversarial__seed_42__f7c4a0a29104.json,skip,,customer_count>10
results/runs/research_group_03/nearest_neighbour_2opt_v2/research/group_03/g03_i12_c500_d4_m13_adversarial/20260508T021424Z__research_group_03__nearest_neighbour_2opt_v2__g03_i12_c500_d4_m13_adversarial__seed_42__efadc71d43ff.json,skip,,customer_count>10
results/runs/research_group_03/nearest_neighbour_2opt_v2/research/group_03/g03_i13_c500_d4_m12_adversarial/20260508T021424Z__research_group_03__nearest_neighbour_2opt_v2__g03_i13_c500_d4_m12_adversarial__seed_42__cc1cc88dd078.json,skip,,customer_count>10
results/runs/research_group_03/nearest_neighbour_2opt_v2/research/group_03/g03_i14_c500_d4_m13_adversarial/20260508T021424Z__research_group_03__nearest_neighbour_2opt_v2__g03_i14_c500_d4_m13_adversarial__seed_42__4814ef73a78b.json,skip,,customer_count>10
results/runs/research_group_03/nearest_neighbour_2opt_v2/research/group_03/g03_i15_c500_d5_m15_adversarial/20260508T021424Z__research_group_03__nearest_neighbour_2opt_v2__g03_i15_c500_d5_m15_adversarial__seed_42__97514b9b100d.json,skip,,customer_count>10
results/runs/research_group_03/nearest_neighbour_2opt_v2/research/group_03/g03_i16_c500_d4_m12_adversarial/20260508T021424Z__research_group_03__nearest_neighbour_2opt_v2__g03_i16_c500_d4_m12_adversarial__seed_42__028439d0d088.json,skip,,customer_count>10
results/runs/research_group_03/nearest_neighbour_2opt_v2/research/group_03/g03_i17_c500_d4_m13_adversarial/20260508T021424Z__research_group_03__nearest_neighbour_2opt_v2__g03_i17_c500_d4_m13_adversarial__seed_42__843e3b0f7cae.json,skip,,customer_count>10
results/runs/research_group_03/nearest_neighbour_2opt_v2/research/group_03/g03_i18_c500_d5_m15_adversarial/20260508T021424Z__research_group_03__nearest_neighbour_2opt_v2__g03_i18_c500_d5_m15_adversarial__seed_42__34811bb2a352.json,skip,,customer_count>10
results/runs/research_group_03/nearest_neighbour_2opt_v2/research/group_03/g03_i19_c500_d4_m12_adversarial/20260508T021424Z__research_group_03__nearest_neighbour_2opt_v2__g03_i19_c500_d4_m12_adversarial__seed_42__278a909eb450.json,skip,,customer_count>10
results/runs/research_group_03/nearest_neighbour_2opt_v2/research/group_03/g03_i20_c500_d4_m13_adversarial/20260508T021424Z__research_group_03__nearest_neighbour_2opt_v2__g03_i20_c500_d4_m13_adversarial__seed_42__d74e4b0737ef.json,skip,,customer_count>10
results/runs/research_group_03/nearest_neighbour_2opt_v2/research/group_03/g03_i21_c500_d5_m15_adversarial/20260508T021424Z__research_group_03__nearest_neighbour_2opt_v2__g03_i21_c500_d5_m15_adversarial__seed_42__f1bc8e9c2fdd.json,skip,,customer_count>10
results/runs/research_group_03/nearest_neighbour_2opt_v2/research/group_03/g03_i22_c500_d4_m12_adversarial/20260508T021424Z__research_group_03__nearest_neighbour_2opt_v2__g03_i22_c500_d4_m12_adversarial__seed_42__7ba7842bb449.json,skip,,customer_count>10
results/runs/research_group_03/nearest_neighbour_2opt_v2/research/group_03/g03_i23_c500_d4_m13_adversarial/20260508T021424Z__research_group_03__nearest_neighbour_2opt_v2__g03_i23_c500_d4_m13_adversarial__seed_42__c342b60e6f82.json,skip,,customer_count>10
results/runs/research_group_03/nearest_neighbour_2opt_v2/research/group_03/g03_i24_c500_d5_m15_adversarial/20260508T021424Z__research_group_03__nearest_neighbour_2opt_v2__g03_i24_c500_d5_m15_adversarial__seed_42__5338b0787252.json,skip,,customer_count>10
results/runs/research_group_03/nearest_neighbour_2opt_v2/research/group_03/g03_i25_c500_d4_m12_adversarial/20260508T021424Z__research_group_03__nearest_neighbour_2opt_v2__g03_i25_c500_d4_m12_adversarial__seed_42__b7e7ad90e7ef.json,skip,,customer_count>10
results/runs/research_group_03/nearest_neighbour_2opt_v2/research/group_03/g03_i26_c500_d5_m14_adversarial/20260508T021424Z__research_group_03__nearest_neighbour_2opt_v2__g03_i26_c500_d5_m14_adversarial__seed_42__cb517d4ad3b3.json,skip,,customer_count>10
results/runs/research_group_03/nearest_neighbour_2opt_v2/research/group_03/g03_i27_c500_d4_m12_adversarial/20260508T021424Z__research_group_03__nearest_neighbour_2opt_v2__g03_i27_c500_d4_m12_adversarial__seed_42__f4b9ad0d3414.json,skip,,customer_count>10
results/runs/research_group_03/nearest_neighbour_2opt_v2/research/group_03/g03_i28_c500_d5_m14_adversarial/20260508T021424Z__research_group_03__nearest_neighbour_2opt_v2__g03_i28_c500_d5_m14_adversarial__seed_42__04be38cc4e40.json,skip,,customer_count>10
results/runs/research_group_03/nearest_neighbour_2opt_v2/research/group_03/g03_i29_c500_d4_m12_adversarial/20260508T021424Z__research_group_03__nearest_neighbour_2opt_v2__g03_i29_c500_d4_m12_adversarial__seed_42__6d1adc7baa05.json,skip,,customer_count>10
results/runs/research_group_03/nearest_neighbour_2opt_v2/research/group_03/g03_i30_c500_d5_m14_adversarial/20260508T021424Z__research_group_03__nearest_neighbour_2opt_v2__g03_i30_c500_d5_m14_adversarial__seed_42__6209d3d77991.json,skip,,customer_count>10
results/runs/research_group_03/nearest_neighbour_2opt_v2/research/group_03/g03_i31_c500_d4_m12_adversarial/20260508T021424Z__research_group_03__nearest_neighbour_2opt_v2__g03_i31_c500_d4_m12_adversarial__seed_42__60a64cd53175.json,skip,,customer_count>10
results/runs/research_group_03/nearest_neighbour_2opt_v2/research/group_03/g03_i32_c500_d5_m14_adversarial/20260508T021424Z__research_group_03__nearest_neighbour_2opt_v2__g03_i32_c500_d5_m14_adversarial__seed_42__8792b02fc6e7.json,skip,,customer_count>10
results/runs/research_group_03/nearest_neighbour_2opt_v2/research/group_03/g03_i33_c500_d4_m13_adversarial/20260508T021424Z__research_group_03__nearest_neighbour_2opt_v2__g03_i33_c500_d4_m13_adversarial__seed_42__831e6c33d839.json,skip,,customer_count>10
results/runs/research_group_03/nearest_neighbour_2opt_v2/research/group_03/g03_i34_c500_d5_m16_adversarial/20260508T021424Z__research_group_03__nearest_neighbour_2opt_v2__g03_i34_c500_d5_m16_adversarial__seed_42__94862703edfe.json,skip,,customer_count>10
results/runs/research_group_03/nearest_neighbour_2opt_v2/research/group_03/g03_i35_c500_d4_m13_adversarial/20260508T021424Z__research_group_03__nearest_neighbour_2opt_v2__g03_i35_c500_d4_m13_adversarial__seed_42__1c0889038447.json,skip,,customer_count>10
results/runs/research_group_03/nearest_neighbour_2opt_v2/research/group_03/g03_i36_c500_d5_m16_adversarial/20260508T021424Z__research_group_03__nearest_neighbour_2opt_v2__g03_i36_c500_d5_m16_adversarial__seed_42__8424a53b7c7c.json,skip,,customer_count>10
results/runs/research_group_03/nearest_neighbour_2opt_v2/research/group_03/g03_i37_c500_d4_m13_adversarial/20260508T021424Z__research_group_03__nearest_neighbour_2opt_v2__g03_i37_c500_d4_m13_adversarial__seed_42__da206620d8ad.json,skip,,customer_count>10
results/runs/research_group_03/nearest_neighbour_2opt_v2/research/group_03/g03_i38_c500_d5_m16_adversarial/20260508T021424Z__research_group_03__nearest_neighbour_2opt_v2__g03_i38_c500_d5_m16_adversarial__seed_42__16832133b23b.json,skip,,customer_count>10
results/runs/research_group_03/nearest_neighbour_2opt_v2/research/group_03/g03_i39_c500_d4_m13_adversarial/20260508T021424Z__research_group_03__nearest_neighbour_2opt_v2__g03_i39_c500_d4_m13_adversarial__seed_42__fd2f5448b006.json,skip,,customer_count>10
results/runs/research_group_03/nearest_neighbour_2opt_v2/research/group_03/g03_i40_c500_d5_m16_adversarial/20260508T021424Z__research_group_03__nearest_neighbour_2opt_v2__g03_i40_c500_d5_m16_adversarial__seed_42__f53e6997e228.json,skip,,customer_count>10
results/runs/research_group_03/nearest_neighbour_2opt_v2/research/group_03/g03_i41_c500_d4_m12_adversarial/20260508T021424Z__research_group_03__nearest_neighbour_2opt_v2__g03_i41_c500_d4_m12_adversarial__seed_42__7f24089aec37.json,skip,,customer_count>10
results/runs/research_group_03/nearest_neighbour_2opt_v2/research/group_03/g03_i42_c500_d5_m14_adversarial/20260508T021424Z__research_group_03__nearest_neighbour_2opt_v2__g03_i42_c500_d5_m14_adversarial__seed_42__9cdc3577a8f8.json,skip,,customer_count>10
results/runs/research_group_03/nearest_neighbour_2opt_v2/research/group_03/g03_i43_c500_d4_m12_adversarial/20260508T021424Z__research_group_03__nearest_neighbour_2opt_v2__g03_i43_c500_d4_m12_adversarial__seed_42__4244364cda3f.json,skip,,customer_count>10
results/runs/research_group_03/nearest_neighbour_2opt_v2/research/group_03/g03_i44_c500_d5_m14_adversarial/20260508T021424Z__research_group_03__nearest_neighbour_2opt_v2__g03_i44_c500_d5_m14_adversarial__seed_42__a2c19ac15e9d.json,skip,,customer_count>10
results/runs/research_group_03/nearest_neighbour_2opt_v2/research/group_03/g03_i45_c500_d4_m12_adversarial/20260508T021424Z__research_group_03__nearest_neighbour_2opt_v2__g03_i45_c500_d4_m12_adversarial__seed_42__abd618270127.json,skip,,customer_count>10
results/runs/research_group_03/nearest_neighbour_2opt_v2/research/group_03/g03_i46_c500_d5_m14_adversarial/20260508T021424Z__research_group_03__nearest_neighbour_2opt_v2__g03_i46_c500_d5_m14_adversarial__seed_42__8b53e42dfe02.json,skip,,customer_count>10
results/runs/research_group_03/nearest_neighbour_2opt_v2/research/group_03/g03_i47_c500_d4_m12_adversarial/20260508T021424Z__research_group_03__nearest_neighbour_2opt_v2__g03_i47_c500_d4_m12_adversarial__seed_42__82c1fb6a4dc1.json,skip,,customer_count>10
results/runs/research_group_03/nearest_neighbour_2opt_v2/research/group_03/g03_i48_c500_d4_m13_adversarial/20260508T021424Z__research_group_03__nearest_neighbour_2opt_v2__g03_i48_c500_d4_m13_adversarial__seed_42__66c1f6af91e5.json,skip,,customer_count>10
results/runs/research_group_03/nearest_neighbour_2opt_v2/research/group_03/g03_i49_c500_d5_m15_adversarial/20260508T021424Z__research_group_03__nearest_neighbour_2opt_v2__g03_i49_c500_d5_m15_adversarial__seed_42__c5b43d0287d6.json,skip,,customer_count>10
results/runs/research_group_03/nearest_neighbour_2opt_v2/research/group_03/g03_i50_c500_d4_m12_adversarial/20260508T021424Z__research_group_03__nearest_neighbour_2opt_v2__g03_i50_c500_d4_m12_adversarial__seed_42__9360397d9534.json,skip,,customer_count>10
results/runs/research_group_03/nearest_neighbour_2opt_v2/research/group_03/g03_i51_c500_d4_m13_adversarial/20260508T021424Z__research_group_03__nearest_neighbour_2opt_v2__g03_i51_c500_d4_m13_adversarial__seed_42__c9816b59f603.json,skip,,customer_count>10
results/runs/research_group_03/nearest_neighbour_2opt_v2/research/group_03/g03_i52_c500_d5_m15_adversarial/20260508T021424Z__research_group_03__nearest_neighbour_2opt_v2__g03_i52_c500_d5_m15_adversarial__seed_42__56da378b6d06.json,skip,,customer_count>10
results/runs/research_group_03_hard/cheapest_insertion/research/group_03_hard/g03h_i01_c500_d3_m5_hard_adversarial/20260508T024403Z__research_group_03_hard__cheapest_insertion__g03h_i01_c500_d3_m5_hard_adversarial__seed_42__1ae3989a12a1.json,skip,,customer_count>10
results/runs/research_group_03_hard/cheapest_insertion/research/group_03_hard/g03h_i02_c500_d3_m6_hard_adversarial/20260508T024403Z__research_group_03_hard__cheapest_insertion__g03h_i02_c500_d3_m6_hard_adversarial__seed_42__cd94e9236ff2.json,skip,,customer_count>10
results/runs/research_group_03_hard/cheapest_insertion/research/group_03_hard/g03h_i03_c500_d2_m4_hard_adversarial/20260508T024403Z__research_group_03_hard__cheapest_insertion__g03h_i03_c500_d2_m4_hard_adversarial__seed_42__0da21b32beaf.json,skip,,customer_count>10
results/runs/research_group_03_hard/cheapest_insertion/research/group_03_hard/g03h_i04_c500_d3_m5_hard_adversarial/20260508T024403Z__research_group_03_hard__cheapest_insertion__g03h_i04_c500_d3_m5_hard_adversarial__seed_42__2ccfd43eacad.json,skip,,customer_count>10
results/runs/research_group_03_hard/cheapest_insertion/research/group_03_hard/g03h_i05_c500_d3_m6_hard_adversarial/20260508T024403Z__research_group_03_hard__cheapest_insertion__g03h_i05_c500_d3_m6_hard_adversarial__seed_42__b08c54e02a76.json,skip,,customer_count>10
results/runs/research_group_03_hard/cheapest_insertion/research/group_03_hard/g03h_i06_c500_d2_m4_hard_adversarial/20260508T024403Z__research_group_03_hard__cheapest_insertion__g03h_i06_c500_d2_m4_hard_adversarial__seed_42__cdfdab96f026.json,skip,,customer_count>10
results/runs/research_group_03_hard/cheapest_insertion/research/group_03_hard/g03h_i07_c500_d3_m5_hard_adversarial/20260508T024403Z__research_group_03_hard__cheapest_insertion__g03h_i07_c500_d3_m5_hard_adversarial__seed_42__c9d0a0850410.json,skip,,customer_count>10
results/runs/research_group_03_hard/cheapest_insertion/research/group_03_hard/g03h_i08_c500_d2_m4_hard_adversarial/20260508T024403Z__research_group_03_hard__cheapest_insertion__g03h_i08_c500_d2_m4_hard_adversarial__seed_42__65b843948666.json,skip,,customer_count>10
results/runs/research_group_03_hard/cheapest_insertion/research/group_03_hard/g03h_i09_c500_d3_m5_hard_adversarial/20260508T024403Z__research_group_03_hard__cheapest_insertion__g03h_i09_c500_d3_m5_hard_adversarial__seed_42__48a85b2549ce.json,skip,,customer_count>10
results/runs/research_group_03_hard/cheapest_insertion/research/group_03_hard/g03h_i10_c500_d2_m4_hard_adversarial/20260508T024403Z__research_group_03_hard__cheapest_insertion__g03h_i10_c500_d2_m4_hard_adversarial__seed_42__acea73e855f2.json,skip,,customer_count>10
results/runs/research_group_03_hard/cheapest_insertion/research/group_03_hard/g03h_i11_c500_d3_m5_hard_adversarial/20260508T024403Z__research_group_03_hard__cheapest_insertion__g03h_i11_c500_d3_m5_hard_adversarial__seed_42__b7a10a655d59.json,skip,,customer_count>10
results/runs/research_group_03_hard/cheapest_insertion/research/group_03_hard/g03h_i12_c500_d2_m4_hard_adversarial/20260508T024403Z__research_group_03_hard__cheapest_insertion__g03h_i12_c500_d2_m4_hard_adversarial__seed_42__d0b49e02977c.json,skip,,customer_count>10
results/runs/research_group_03_hard/cheapest_insertion/research/group_03_hard/g03h_i13_c500_d3_m5_hard_adversarial/20260508T024403Z__research_group_03_hard__cheapest_insertion__g03h_i13_c500_d3_m5_hard_adversarial__seed_42__6007213d86bb.json,skip,,customer_count>10
results/runs/research_group_03_hard/cheapest_insertion/research/group_03_hard/g03h_i14_c500_d2_m4_hard_adversarial/20260508T024403Z__research_group_03_hard__cheapest_insertion__g03h_i14_c500_d2_m4_hard_adversarial__seed_42__8c22c9875e62.json,skip,,customer_count>10
results/runs/research_group_03_hard/cheapest_insertion/research/group_03_hard/g03h_i15_c500_d3_m5_hard_adversarial/20260508T024403Z__research_group_03_hard__cheapest_insertion__g03h_i15_c500_d3_m5_hard_adversarial__seed_42__396682b36da2.json,skip,,customer_count>10
results/runs/research_group_03_hard/cheapest_insertion/research/group_03_hard/g03h_i16_c500_d2_m4_hard_adversarial/20260508T024403Z__research_group_03_hard__cheapest_insertion__g03h_i16_c500_d2_m4_hard_adversarial__seed_42__5236d7b7b505.json,skip,,customer_count>10
results/runs/research_group_03_hard/cheapest_insertion/research/group_03_hard/g03h_i17_c500_d3_m5_hard_adversarial/20260508T024403Z__research_group_03_hard__cheapest_insertion__g03h_i17_c500_d3_m5_hard_adversarial__seed_42__263245f7ece9.json,skip,,customer_count>10
results/runs/research_group_03_hard/cheapest_insertion/research/group_03_hard/g03h_i18_c500_d3_m6_hard_adversarial/20260508T024403Z__research_group_03_hard__cheapest_insertion__g03h_i18_c500_d3_m6_hard_adversarial__seed_42__34b3f9cbac37.json,skip,,customer_count>10
results/runs/research_group_03_hard/cheapest_insertion/research/group_03_hard/g03h_i19_c500_d2_m5_hard_adversarial/20260508T024403Z__research_group_03_hard__cheapest_insertion__g03h_i19_c500_d2_m5_hard_adversarial__seed_42__61e5d3483187.json,skip,,customer_count>10
results/runs/research_group_03_hard/cheapest_insertion/research/group_03_hard/g03h_i20_c500_d3_m6_hard_adversarial/20260508T024403Z__research_group_03_hard__cheapest_insertion__g03h_i20_c500_d3_m6_hard_adversarial__seed_42__9db3d6862dc3.json,skip,,customer_count>10
results/runs/research_group_03_hard/cheapest_insertion/research/group_03_hard/g03h_i21_c500_d2_m5_hard_adversarial/20260508T024403Z__research_group_03_hard__cheapest_insertion__g03h_i21_c500_d2_m5_hard_adversarial__seed_42__3554bc828f99.json,skip,,customer_count>10
results/runs/research_group_03_hard/cheapest_insertion/research/group_03_hard/g03h_i22_c500_d2_m4_hard_adversarial/20260508T024403Z__research_group_03_hard__cheapest_insertion__g03h_i22_c500_d2_m4_hard_adversarial__seed_42__7bac865afe42.json,skip,,customer_count>10
results/runs/research_group_03_hard/cheapest_insertion/research/group_03_hard/g03h_i23_c500_d3_m5_hard_adversarial/20260508T024403Z__research_group_03_hard__cheapest_insertion__g03h_i23_c500_d3_m5_hard_adversarial__seed_42__93ebc0532e23.json,skip,,customer_count>10
results/runs/research_group_03_hard/cheapest_insertion/research/group_03_hard/g03h_i24_c500_d2_m4_hard_adversarial/20260508T024403Z__research_group_03_hard__cheapest_insertion__g03h_i24_c500_d2_m4_hard_adversarial__seed_42__d8b8e78c45d7.json,skip,,customer_count>10
results/runs/research_group_03_hard/cheapest_insertion/research/group_03_hard/g03h_i25_c500_d3_m5_hard_adversarial/20260508T024403Z__research_group_03_hard__cheapest_insertion__g03h_i25_c500_d3_m5_hard_adversarial__seed_42__7b66c1fbea04.json,skip,,customer_count>10
results/runs/research_group_03_hard/cheapest_insertion_2opt/research/group_03_hard/g03h_i01_c500_d3_m5_hard_adversarial/20260508T024403Z__research_group_03_hard__cheapest_insertion_2opt__g03h_i01_c500_d3_m5_hard_adversarial__seed_42__5ffade4306f7.json,skip,,customer_count>10
results/runs/research_group_03_hard/cheapest_insertion_2opt/research/group_03_hard/g03h_i02_c500_d3_m6_hard_adversarial/20260508T024403Z__research_group_03_hard__cheapest_insertion_2opt__g03h_i02_c500_d3_m6_hard_adversarial__seed_42__81216dbd1b55.json,skip,,customer_count>10
results/runs/research_group_03_hard/cheapest_insertion_2opt/research/group_03_hard/g03h_i03_c500_d2_m4_hard_adversarial/20260508T024403Z__research_group_03_hard__cheapest_insertion_2opt__g03h_i03_c500_d2_m4_hard_adversarial__seed_42__357a5f22b81a.json,skip,,customer_count>10
results/runs/research_group_03_hard/cheapest_insertion_2opt/research/group_03_hard/g03h_i04_c500_d3_m5_hard_adversarial/20260508T024403Z__research_group_03_hard__cheapest_insertion_2opt__g03h_i04_c500_d3_m5_hard_adversarial__seed_42__ddf44749bacb.json,skip,,customer_count>10
results/runs/research_group_03_hard/cheapest_insertion_2opt/research/group_03_hard/g03h_i05_c500_d3_m6_hard_adversarial/20260508T024403Z__research_group_03_hard__cheapest_insertion_2opt__g03h_i05_c500_d3_m6_hard_adversarial__seed_42__56b5da6ba943.json,skip,,customer_count>10
results/runs/research_group_03_hard/cheapest_insertion_2opt/research/group_03_hard/g03h_i06_c500_d2_m4_hard_adversarial/20260508T024403Z__research_group_03_hard__cheapest_insertion_2opt__g03h_i06_c500_d2_m4_hard_adversarial__seed_42__4fa01962a4aa.json,skip,,customer_count>10
results/runs/research_group_03_hard/cheapest_insertion_2opt/research/group_03_hard/g03h_i07_c500_d3_m5_hard_adversarial/20260508T024403Z__research_group_03_hard__cheapest_insertion_2opt__g03h_i07_c500_d3_m5_hard_adversarial__seed_42__3528fb4b0341.json,skip,,customer_count>10
results/runs/research_group_03_hard/cheapest_insertion_2opt/research/group_03_hard/g03h_i08_c500_d2_m4_hard_adversarial/20260508T024403Z__research_group_03_hard__cheapest_insertion_2opt__g03h_i08_c500_d2_m4_hard_adversarial__seed_42__c2978345f952.json,skip,,customer_count>10
results/runs/research_group_03_hard/cheapest_insertion_2opt/research/group_03_hard/g03h_i09_c500_d3_m5_hard_adversarial/20260508T024403Z__research_group_03_hard__cheapest_insertion_2opt__g03h_i09_c500_d3_m5_hard_adversarial__seed_42__55203d04fc8a.json,skip,,customer_count>10
results/runs/research_group_03_hard/cheapest_insertion_2opt/research/group_03_hard/g03h_i10_c500_d2_m4_hard_adversarial/20260508T024403Z__research_group_03_hard__cheapest_insertion_2opt__g03h_i10_c500_d2_m4_hard_adversarial__seed_42__a8c87439bded.json,skip,,customer_count>10
results/runs/research_group_03_hard/cheapest_insertion_2opt/research/group_03_hard/g03h_i11_c500_d3_m5_hard_adversarial/20260508T024403Z__research_group_03_hard__cheapest_insertion_2opt__g03h_i11_c500_d3_m5_hard_adversarial__seed_42__7b789702a4d1.json,skip,,customer_count>10
results/runs/research_group_03_hard/cheapest_insertion_2opt/research/group_03_hard/g03h_i12_c500_d2_m4_hard_adversarial/20260508T024403Z__research_group_03_hard__cheapest_insertion_2opt__g03h_i12_c500_d2_m4_hard_adversarial__seed_42__3c623cff22ee.json,skip,,customer_count>10
results/runs/research_group_03_hard/cheapest_insertion_2opt/research/group_03_hard/g03h_i13_c500_d3_m5_hard_adversarial/20260508T024404Z__research_group_03_hard__cheapest_insertion_2opt__g03h_i13_c500_d3_m5_hard_adversarial__seed_42__21e30190f00a.json,skip,,customer_count>10
results/runs/research_group_03_hard/cheapest_insertion_2opt/research/group_03_hard/g03h_i14_c500_d2_m4_hard_adversarial/20260508T024404Z__research_group_03_hard__cheapest_insertion_2opt__g03h_i14_c500_d2_m4_hard_adversarial__seed_42__fd849b2e1e33.json,skip,,customer_count>10
results/runs/research_group_03_hard/cheapest_insertion_2opt/research/group_03_hard/g03h_i15_c500_d3_m5_hard_adversarial/20260508T024404Z__research_group_03_hard__cheapest_insertion_2opt__g03h_i15_c500_d3_m5_hard_adversarial__seed_42__4cb6f043946c.json,skip,,customer_count>10
results/runs/research_group_03_hard/cheapest_insertion_2opt/research/group_03_hard/g03h_i16_c500_d2_m4_hard_adversarial/20260508T024404Z__research_group_03_hard__cheapest_insertion_2opt__g03h_i16_c500_d2_m4_hard_adversarial__seed_42__719694a306f9.json,skip,,customer_count>10
results/runs/research_group_03_hard/cheapest_insertion_2opt/research/group_03_hard/g03h_i17_c500_d3_m5_hard_adversarial/20260508T024404Z__research_group_03_hard__cheapest_insertion_2opt__g03h_i17_c500_d3_m5_hard_adversarial__seed_42__35408361da0d.json,skip,,customer_count>10
results/runs/research_group_03_hard/cheapest_insertion_2opt/research/group_03_hard/g03h_i18_c500_d3_m6_hard_adversarial/20260508T024404Z__research_group_03_hard__cheapest_insertion_2opt__g03h_i18_c500_d3_m6_hard_adversarial__seed_42__beaa6917b899.json,skip,,customer_count>10
results/runs/research_group_03_hard/cheapest_insertion_2opt/research/group_03_hard/g03h_i19_c500_d2_m5_hard_adversarial/20260508T024404Z__research_group_03_hard__cheapest_insertion_2opt__g03h_i19_c500_d2_m5_hard_adversarial__seed_42__ab6035aa1969.json,skip,,customer_count>10
results/runs/research_group_03_hard/cheapest_insertion_2opt/research/group_03_hard/g03h_i20_c500_d3_m6_hard_adversarial/20260508T024404Z__research_group_03_hard__cheapest_insertion_2opt__g03h_i20_c500_d3_m6_hard_adversarial__seed_42__4094ebaec97b.json,skip,,customer_count>10
results/runs/research_group_03_hard/cheapest_insertion_2opt/research/group_03_hard/g03h_i21_c500_d2_m5_hard_adversarial/20260508T024404Z__research_group_03_hard__cheapest_insertion_2opt__g03h_i21_c500_d2_m5_hard_adversarial__seed_42__975cd679c7a1.json,skip,,customer_count>10
results/runs/research_group_03_hard/cheapest_insertion_2opt/research/group_03_hard/g03h_i22_c500_d2_m4_hard_adversarial/20260508T024404Z__research_group_03_hard__cheapest_insertion_2opt__g03h_i22_c500_d2_m4_hard_adversarial__seed_42__7443d2a1766d.json,skip,,customer_count>10
results/runs/research_group_03_hard/cheapest_insertion_2opt/research/group_03_hard/g03h_i23_c500_d3_m5_hard_adversarial/20260508T024404Z__research_group_03_hard__cheapest_insertion_2opt__g03h_i23_c500_d3_m5_hard_adversarial__seed_42__108be579a00b.json,skip,,customer_count>10
results/runs/research_group_03_hard/cheapest_insertion_2opt/research/group_03_hard/g03h_i24_c500_d2_m4_hard_adversarial/20260508T024404Z__research_group_03_hard__cheapest_insertion_2opt__g03h_i24_c500_d2_m4_hard_adversarial__seed_42__6e56c755e371.json,skip,,customer_count>10
results/runs/research_group_03_hard/cheapest_insertion_2opt/research/group_03_hard/g03h_i25_c500_d3_m5_hard_adversarial/20260508T024404Z__research_group_03_hard__cheapest_insertion_2opt__g03h_i25_c500_d3_m5_hard_adversarial__seed_42__194ebdc0a9bb.json,skip,,customer_count>10
results/runs/research_group_03_hard/cheapest_insertion_tabu/research/group_03_hard/g03h_i01_c500_d3_m5_hard_adversarial/20260508T024715Z__research_group_03_hard__cheapest_insertion_tabu__g03h_i01_c500_d3_m5_hard_adversarial__seed_42__81d9afb2a512.json,skip,,customer_count>10
results/runs/research_group_03_hard/cheapest_insertion_tabu/research/group_03_hard/g03h_i02_c500_d3_m6_hard_adversarial/20260508T024715Z__research_group_03_hard__cheapest_insertion_tabu__g03h_i02_c500_d3_m6_hard_adversarial__seed_42__59d8213bd1d0.json,skip,,customer_count>10
results/runs/research_group_03_hard/cheapest_insertion_tabu/research/group_03_hard/g03h_i03_c500_d2_m4_hard_adversarial/20260508T024715Z__research_group_03_hard__cheapest_insertion_tabu__g03h_i03_c500_d2_m4_hard_adversarial__seed_42__3e81ff66f94d.json,skip,,customer_count>10
results/runs/research_group_03_hard/cheapest_insertion_tabu/research/group_03_hard/g03h_i04_c500_d3_m5_hard_adversarial/20260508T024715Z__research_group_03_hard__cheapest_insertion_tabu__g03h_i04_c500_d3_m5_hard_adversarial__seed_42__eaeda4e7cb7c.json,skip,,customer_count>10
results/runs/research_group_03_hard/cheapest_insertion_tabu/research/group_03_hard/g03h_i05_c500_d3_m6_hard_adversarial/20260508T024715Z__research_group_03_hard__cheapest_insertion_tabu__g03h_i05_c500_d3_m6_hard_adversarial__seed_42__aa0beb0856a9.json,skip,,customer_count>10
results/runs/research_group_03_hard/cheapest_insertion_tabu/research/group_03_hard/g03h_i06_c500_d2_m4_hard_adversarial/20260508T024715Z__research_group_03_hard__cheapest_insertion_tabu__g03h_i06_c500_d2_m4_hard_adversarial__seed_42__89e54c084dfd.json,skip,,customer_count>10
results/runs/research_group_03_hard/cheapest_insertion_tabu/research/group_03_hard/g03h_i07_c500_d3_m5_hard_adversarial/20260508T024715Z__research_group_03_hard__cheapest_insertion_tabu__g03h_i07_c500_d3_m5_hard_adversarial__seed_42__1550de69ece3.json,skip,,customer_count>10
results/runs/research_group_03_hard/cheapest_insertion_tabu/research/group_03_hard/g03h_i08_c500_d2_m4_hard_adversarial/20260508T024715Z__research_group_03_hard__cheapest_insertion_tabu__g03h_i08_c500_d2_m4_hard_adversarial__seed_42__b1134758caf4.json,skip,,customer_count>10
results/runs/research_group_03_hard/cheapest_insertion_tabu/research/group_03_hard/g03h_i09_c500_d3_m5_hard_adversarial/20260508T024715Z__research_group_03_hard__cheapest_insertion_tabu__g03h_i09_c500_d3_m5_hard_adversarial__seed_42__03ce77ff978d.json,skip,,customer_count>10
results/runs/research_group_03_hard/cheapest_insertion_tabu/research/group_03_hard/g03h_i10_c500_d2_m4_hard_adversarial/20260508T024715Z__research_group_03_hard__cheapest_insertion_tabu__g03h_i10_c500_d2_m4_hard_adversarial__seed_42__a93540cd2f69.json,skip,,customer_count>10
results/runs/research_group_03_hard/cheapest_insertion_tabu/research/group_03_hard/g03h_i11_c500_d3_m5_hard_adversarial/20260508T024715Z__research_group_03_hard__cheapest_insertion_tabu__g03h_i11_c500_d3_m5_hard_adversarial__seed_42__1848087cbb4c.json,skip,,customer_count>10
results/runs/research_group_03_hard/cheapest_insertion_tabu/research/group_03_hard/g03h_i12_c500_d2_m4_hard_adversarial/20260508T024715Z__research_group_03_hard__cheapest_insertion_tabu__g03h_i12_c500_d2_m4_hard_adversarial__seed_42__c85fec88ab79.json,skip,,customer_count>10
results/runs/research_group_03_hard/cheapest_insertion_tabu/research/group_03_hard/g03h_i13_c500_d3_m5_hard_adversarial/20260508T024715Z__research_group_03_hard__cheapest_insertion_tabu__g03h_i13_c500_d3_m5_hard_adversarial__seed_42__ca4d1a1c2f5e.json,skip,,customer_count>10
results/runs/research_group_03_hard/cheapest_insertion_tabu/research/group_03_hard/g03h_i14_c500_d2_m4_hard_adversarial/20260508T024715Z__research_group_03_hard__cheapest_insertion_tabu__g03h_i14_c500_d2_m4_hard_adversarial__seed_42__95f8e93a2914.json,skip,,customer_count>10
results/runs/research_group_03_hard/cheapest_insertion_tabu/research/group_03_hard/g03h_i15_c500_d3_m5_hard_adversarial/20260508T024715Z__research_group_03_hard__cheapest_insertion_tabu__g03h_i15_c500_d3_m5_hard_adversarial__seed_42__ce5d660a0706.json,skip,,customer_count>10
results/runs/research_group_03_hard/cheapest_insertion_tabu/research/group_03_hard/g03h_i16_c500_d2_m4_hard_adversarial/20260508T024715Z__research_group_03_hard__cheapest_insertion_tabu__g03h_i16_c500_d2_m4_hard_adversarial__seed_42__7b0ce76b3889.json,skip,,customer_count>10
results/runs/research_group_03_hard/cheapest_insertion_tabu/research/group_03_hard/g03h_i17_c500_d3_m5_hard_adversarial/20260508T024715Z__research_group_03_hard__cheapest_insertion_tabu__g03h_i17_c500_d3_m5_hard_adversarial__seed_42__2e8181cb50ac.json,skip,,customer_count>10
results/runs/research_group_03_hard/cheapest_insertion_tabu/research/group_03_hard/g03h_i18_c500_d3_m6_hard_adversarial/20260508T024715Z__research_group_03_hard__cheapest_insertion_tabu__g03h_i18_c500_d3_m6_hard_adversarial__seed_42__4b5d3e7a8726.json,skip,,customer_count>10
results/runs/research_group_03_hard/cheapest_insertion_tabu/research/group_03_hard/g03h_i19_c500_d2_m5_hard_adversarial/20260508T024715Z__research_group_03_hard__cheapest_insertion_tabu__g03h_i19_c500_d2_m5_hard_adversarial__seed_42__2391a580dcdf.json,skip,,customer_count>10
results/runs/research_group_03_hard/cheapest_insertion_tabu/research/group_03_hard/g03h_i20_c500_d3_m6_hard_adversarial/20260508T024715Z__research_group_03_hard__cheapest_insertion_tabu__g03h_i20_c500_d3_m6_hard_adversarial__seed_42__35d32c824632.json,skip,,customer_count>10
results/runs/research_group_03_hard/cheapest_insertion_tabu/research/group_03_hard/g03h_i21_c500_d2_m5_hard_adversarial/20260508T024715Z__research_group_03_hard__cheapest_insertion_tabu__g03h_i21_c500_d2_m5_hard_adversarial__seed_42__918959cb3c72.json,skip,,customer_count>10
results/runs/research_group_03_hard/cheapest_insertion_tabu/research/group_03_hard/g03h_i22_c500_d2_m4_hard_adversarial/20260508T024715Z__research_group_03_hard__cheapest_insertion_tabu__g03h_i22_c500_d2_m4_hard_adversarial__seed_42__646803a36443.json,skip,,customer_count>10
results/runs/research_group_03_hard/cheapest_insertion_tabu/research/group_03_hard/g03h_i23_c500_d3_m5_hard_adversarial/20260508T024715Z__research_group_03_hard__cheapest_insertion_tabu__g03h_i23_c500_d3_m5_hard_adversarial__seed_42__cebf11984543.json,skip,,customer_count>10
results/runs/research_group_03_hard/cheapest_insertion_tabu/research/group_03_hard/g03h_i24_c500_d2_m4_hard_adversarial/20260508T024715Z__research_group_03_hard__cheapest_insertion_tabu__g03h_i24_c500_d2_m4_hard_adversarial__seed_42__fed223b603e2.json,skip,,customer_count>10
results/runs/research_group_03_hard/cheapest_insertion_tabu/research/group_03_hard/g03h_i25_c500_d3_m5_hard_adversarial/20260508T024715Z__research_group_03_hard__cheapest_insertion_tabu__g03h_i25_c500_d3_m5_hard_adversarial__seed_42__89ce3f107a85.json,skip,,customer_count>10
results/runs/research_group_03_hard/cheapest_insertion_vnd/research/group_03_hard/g03h_i01_c500_d3_m5_hard_adversarial/20260508T024404Z__research_group_03_hard__cheapest_insertion_vnd__g03h_i01_c500_d3_m5_hard_adversarial__seed_42__995e53cb29be.json,skip,,customer_count>10
results/runs/research_group_03_hard/cheapest_insertion_vnd/research/group_03_hard/g03h_i02_c500_d3_m6_hard_adversarial/20260508T024411Z__research_group_03_hard__cheapest_insertion_vnd__g03h_i02_c500_d3_m6_hard_adversarial__seed_42__403d18e98ced.json,skip,,customer_count>10
results/runs/research_group_03_hard/cheapest_insertion_vnd/research/group_03_hard/g03h_i03_c500_d2_m4_hard_adversarial/20260508T024419Z__research_group_03_hard__cheapest_insertion_vnd__g03h_i03_c500_d2_m4_hard_adversarial__seed_42__9d9aba6fd11a.json,skip,,customer_count>10
results/runs/research_group_03_hard/cheapest_insertion_vnd/research/group_03_hard/g03h_i04_c500_d3_m5_hard_adversarial/20260508T024427Z__research_group_03_hard__cheapest_insertion_vnd__g03h_i04_c500_d3_m5_hard_adversarial__seed_42__6c5dd8398e93.json,skip,,customer_count>10
results/runs/research_group_03_hard/cheapest_insertion_vnd/research/group_03_hard/g03h_i05_c500_d3_m6_hard_adversarial/20260508T024435Z__research_group_03_hard__cheapest_insertion_vnd__g03h_i05_c500_d3_m6_hard_adversarial__seed_42__908d108df511.json,skip,,customer_count>10
results/runs/research_group_03_hard/cheapest_insertion_vnd/research/group_03_hard/g03h_i06_c500_d2_m4_hard_adversarial/20260508T024443Z__research_group_03_hard__cheapest_insertion_vnd__g03h_i06_c500_d2_m4_hard_adversarial__seed_42__f2d2abf93804.json,skip,,customer_count>10
results/runs/research_group_03_hard/cheapest_insertion_vnd/research/group_03_hard/g03h_i07_c500_d3_m5_hard_adversarial/20260508T024450Z__research_group_03_hard__cheapest_insertion_vnd__g03h_i07_c500_d3_m5_hard_adversarial__seed_42__8de677dcfa1e.json,skip,,customer_count>10
results/runs/research_group_03_hard/cheapest_insertion_vnd/research/group_03_hard/g03h_i08_c500_d2_m4_hard_adversarial/20260508T024458Z__research_group_03_hard__cheapest_insertion_vnd__g03h_i08_c500_d2_m4_hard_adversarial__seed_42__b28f8a601068.json,skip,,customer_count>10
results/runs/research_group_03_hard/cheapest_insertion_vnd/research/group_03_hard/g03h_i09_c500_d3_m5_hard_adversarial/20260508T024505Z__research_group_03_hard__cheapest_insertion_vnd__g03h_i09_c500_d3_m5_hard_adversarial__seed_42__862f0947c568.json,skip,,customer_count>10
results/runs/research_group_03_hard/cheapest_insertion_vnd/research/group_03_hard/g03h_i10_c500_d2_m4_hard_adversarial/20260508T024513Z__research_group_03_hard__cheapest_insertion_vnd__g03h_i10_c500_d2_m4_hard_adversarial__seed_42__74915963da5c.json,skip,,customer_count>10
results/runs/research_group_03_hard/cheapest_insertion_vnd/research/group_03_hard/g03h_i11_c500_d3_m5_hard_adversarial/20260508T024521Z__research_group_03_hard__cheapest_insertion_vnd__g03h_i11_c500_d3_m5_hard_adversarial__seed_42__418fb97a8be6.json,skip,,customer_count>10
results/runs/research_group_03_hard/cheapest_insertion_vnd/research/group_03_hard/g03h_i12_c500_d2_m4_hard_adversarial/20260508T024529Z__research_group_03_hard__cheapest_insertion_vnd__g03h_i12_c500_d2_m4_hard_adversarial__seed_42__7ff05074cdab.json,skip,,customer_count>10
results/runs/research_group_03_hard/cheapest_insertion_vnd/research/group_03_hard/g03h_i13_c500_d3_m5_hard_adversarial/20260508T024536Z__research_group_03_hard__cheapest_insertion_vnd__g03h_i13_c500_d3_m5_hard_adversarial__seed_42__4ed113aa388f.json,skip,,customer_count>10
results/runs/research_group_03_hard/cheapest_insertion_vnd/research/group_03_hard/g03h_i14_c500_d2_m4_hard_adversarial/20260508T024544Z__research_group_03_hard__cheapest_insertion_vnd__g03h_i14_c500_d2_m4_hard_adversarial__seed_42__e0ae0f973588.json,skip,,customer_count>10
results/runs/research_group_03_hard/cheapest_insertion_vnd/research/group_03_hard/g03h_i15_c500_d3_m5_hard_adversarial/20260508T024551Z__research_group_03_hard__cheapest_insertion_vnd__g03h_i15_c500_d3_m5_hard_adversarial__seed_42__3e5cf023c867.json,skip,,customer_count>10
results/runs/research_group_03_hard/cheapest_insertion_vnd/research/group_03_hard/g03h_i16_c500_d2_m4_hard_adversarial/20260508T024559Z__research_group_03_hard__cheapest_insertion_vnd__g03h_i16_c500_d2_m4_hard_adversarial__seed_42__2c6664b4d56e.json,skip,,customer_count>10
results/runs/research_group_03_hard/cheapest_insertion_vnd/research/group_03_hard/g03h_i17_c500_d3_m5_hard_adversarial/20260508T024607Z__research_group_03_hard__cheapest_insertion_vnd__g03h_i17_c500_d3_m5_hard_adversarial__seed_42__9ee9b57fc607.json,skip,,customer_count>10
results/runs/research_group_03_hard/cheapest_insertion_vnd/research/group_03_hard/g03h_i18_c500_d3_m6_hard_adversarial/20260508T024614Z__research_group_03_hard__cheapest_insertion_vnd__g03h_i18_c500_d3_m6_hard_adversarial__seed_42__bd94a96ba579.json,skip,,customer_count>10
results/runs/research_group_03_hard/cheapest_insertion_vnd/research/group_03_hard/g03h_i19_c500_d2_m5_hard_adversarial/20260508T024622Z__research_group_03_hard__cheapest_insertion_vnd__g03h_i19_c500_d2_m5_hard_adversarial__seed_42__ae9b0f6e2aef.json,skip,,customer_count>10
results/runs/research_group_03_hard/cheapest_insertion_vnd/research/group_03_hard/g03h_i20_c500_d3_m6_hard_adversarial/20260508T024630Z__research_group_03_hard__cheapest_insertion_vnd__g03h_i20_c500_d3_m6_hard_adversarial__seed_42__3197b49eae97.json,skip,,customer_count>10
results/runs/research_group_03_hard/cheapest_insertion_vnd/research/group_03_hard/g03h_i21_c500_d2_m5_hard_adversarial/20260508T024638Z__research_group_03_hard__cheapest_insertion_vnd__g03h_i21_c500_d2_m5_hard_adversarial__seed_42__65c0b9375f8b.json,skip,,customer_count>10
results/runs/research_group_03_hard/cheapest_insertion_vnd/research/group_03_hard/g03h_i22_c500_d2_m4_hard_adversarial/20260508T024645Z__research_group_03_hard__cheapest_insertion_vnd__g03h_i22_c500_d2_m4_hard_adversarial__seed_42__df7a17d72fe5.json,skip,,customer_count>10
results/runs/research_group_03_hard/cheapest_insertion_vnd/research/group_03_hard/g03h_i23_c500_d3_m5_hard_adversarial/20260508T024653Z__research_group_03_hard__cheapest_insertion_vnd__g03h_i23_c500_d3_m5_hard_adversarial__seed_42__64bd80d98a53.json,skip,,customer_count>10
results/runs/research_group_03_hard/cheapest_insertion_vnd/research/group_03_hard/g03h_i24_c500_d2_m4_hard_adversarial/20260508T024700Z__research_group_03_hard__cheapest_insertion_vnd__g03h_i24_c500_d2_m4_hard_adversarial__seed_42__68bff9d0827e.json,skip,,customer_count>10
results/runs/research_group_03_hard/cheapest_insertion_vnd/research/group_03_hard/g03h_i25_c500_d3_m5_hard_adversarial/20260508T024708Z__research_group_03_hard__cheapest_insertion_vnd__g03h_i25_c500_d3_m5_hard_adversarial__seed_42__b0a33e39d4ad.json,skip,,customer_count>10
results/runs/research_group_03_hard/nearest_neighbour/research/group_03_hard/g03h_i01_c500_d3_m5_hard_adversarial/20260508T024403Z__research_group_03_hard__nearest_neighbour__g03h_i01_c500_d3_m5_hard_adversarial__seed_42__4cbd0c618ebb.json,skip,,customer_count>10
results/runs/research_group_03_hard/nearest_neighbour/research/group_03_hard/g03h_i02_c500_d3_m6_hard_adversarial/20260508T024403Z__research_group_03_hard__nearest_neighbour__g03h_i02_c500_d3_m6_hard_adversarial__seed_42__541b27640224.json,skip,,customer_count>10
results/runs/research_group_03_hard/nearest_neighbour/research/group_03_hard/g03h_i03_c500_d2_m4_hard_adversarial/20260508T024403Z__research_group_03_hard__nearest_neighbour__g03h_i03_c500_d2_m4_hard_adversarial__seed_42__3ecaeaca107f.json,skip,,customer_count>10
results/runs/research_group_03_hard/nearest_neighbour/research/group_03_hard/g03h_i04_c500_d3_m5_hard_adversarial/20260508T024403Z__research_group_03_hard__nearest_neighbour__g03h_i04_c500_d3_m5_hard_adversarial__seed_42__bbacaecdbd6a.json,skip,,customer_count>10
results/runs/research_group_03_hard/nearest_neighbour/research/group_03_hard/g03h_i05_c500_d3_m6_hard_adversarial/20260508T024403Z__research_group_03_hard__nearest_neighbour__g03h_i05_c500_d3_m6_hard_adversarial__seed_42__02982f0ac13f.json,skip,,customer_count>10
results/runs/research_group_03_hard/nearest_neighbour/research/group_03_hard/g03h_i06_c500_d2_m4_hard_adversarial/20260508T024403Z__research_group_03_hard__nearest_neighbour__g03h_i06_c500_d2_m4_hard_adversarial__seed_42__fa37f18ba171.json,skip,,customer_count>10
results/runs/research_group_03_hard/nearest_neighbour/research/group_03_hard/g03h_i07_c500_d3_m5_hard_adversarial/20260508T024403Z__research_group_03_hard__nearest_neighbour__g03h_i07_c500_d3_m5_hard_adversarial__seed_42__166a61b7e104.json,skip,,customer_count>10
results/runs/research_group_03_hard/nearest_neighbour/research/group_03_hard/g03h_i08_c500_d2_m4_hard_adversarial/20260508T024403Z__research_group_03_hard__nearest_neighbour__g03h_i08_c500_d2_m4_hard_adversarial__seed_42__07adf5ae2971.json,skip,,customer_count>10
results/runs/research_group_03_hard/nearest_neighbour/research/group_03_hard/g03h_i09_c500_d3_m5_hard_adversarial/20260508T024403Z__research_group_03_hard__nearest_neighbour__g03h_i09_c500_d3_m5_hard_adversarial__seed_42__997014afa3d4.json,skip,,customer_count>10
results/runs/research_group_03_hard/nearest_neighbour/research/group_03_hard/g03h_i10_c500_d2_m4_hard_adversarial/20260508T024403Z__research_group_03_hard__nearest_neighbour__g03h_i10_c500_d2_m4_hard_adversarial__seed_42__cac94b72db5d.json,skip,,customer_count>10
results/runs/research_group_03_hard/nearest_neighbour/research/group_03_hard/g03h_i11_c500_d3_m5_hard_adversarial/20260508T024403Z__research_group_03_hard__nearest_neighbour__g03h_i11_c500_d3_m5_hard_adversarial__seed_42__98fd0e08b97b.json,skip,,customer_count>10
results/runs/research_group_03_hard/nearest_neighbour/research/group_03_hard/g03h_i12_c500_d2_m4_hard_adversarial/20260508T024403Z__research_group_03_hard__nearest_neighbour__g03h_i12_c500_d2_m4_hard_adversarial__seed_42__26a87c8ac187.json,skip,,customer_count>10
results/runs/research_group_03_hard/nearest_neighbour/research/group_03_hard/g03h_i13_c500_d3_m5_hard_adversarial/20260508T024403Z__research_group_03_hard__nearest_neighbour__g03h_i13_c500_d3_m5_hard_adversarial__seed_42__483ade5cacd6.json,skip,,customer_count>10
results/runs/research_group_03_hard/nearest_neighbour/research/group_03_hard/g03h_i14_c500_d2_m4_hard_adversarial/20260508T024403Z__research_group_03_hard__nearest_neighbour__g03h_i14_c500_d2_m4_hard_adversarial__seed_42__f3a13b467fec.json,skip,,customer_count>10
results/runs/research_group_03_hard/nearest_neighbour/research/group_03_hard/g03h_i15_c500_d3_m5_hard_adversarial/20260508T024403Z__research_group_03_hard__nearest_neighbour__g03h_i15_c500_d3_m5_hard_adversarial__seed_42__8b96a29199a1.json,skip,,customer_count>10
results/runs/research_group_03_hard/nearest_neighbour/research/group_03_hard/g03h_i16_c500_d2_m4_hard_adversarial/20260508T024403Z__research_group_03_hard__nearest_neighbour__g03h_i16_c500_d2_m4_hard_adversarial__seed_42__6df7a05e7edb.json,skip,,customer_count>10
results/runs/research_group_03_hard/nearest_neighbour/research/group_03_hard/g03h_i17_c500_d3_m5_hard_adversarial/20260508T024403Z__research_group_03_hard__nearest_neighbour__g03h_i17_c500_d3_m5_hard_adversarial__seed_42__5533047ce9bc.json,skip,,customer_count>10
results/runs/research_group_03_hard/nearest_neighbour/research/group_03_hard/g03h_i18_c500_d3_m6_hard_adversarial/20260508T024403Z__research_group_03_hard__nearest_neighbour__g03h_i18_c500_d3_m6_hard_adversarial__seed_42__74d994137e5d.json,skip,,customer_count>10
results/runs/research_group_03_hard/nearest_neighbour/research/group_03_hard/g03h_i19_c500_d2_m5_hard_adversarial/20260508T024403Z__research_group_03_hard__nearest_neighbour__g03h_i19_c500_d2_m5_hard_adversarial__seed_42__407e3182cc94.json,skip,,customer_count>10
results/runs/research_group_03_hard/nearest_neighbour/research/group_03_hard/g03h_i20_c500_d3_m6_hard_adversarial/20260508T024403Z__research_group_03_hard__nearest_neighbour__g03h_i20_c500_d3_m6_hard_adversarial__seed_42__485906844f96.json,skip,,customer_count>10
results/runs/research_group_03_hard/nearest_neighbour/research/group_03_hard/g03h_i21_c500_d2_m5_hard_adversarial/20260508T024403Z__research_group_03_hard__nearest_neighbour__g03h_i21_c500_d2_m5_hard_adversarial__seed_42__2dbb9d1048f4.json,skip,,customer_count>10
results/runs/research_group_03_hard/nearest_neighbour/research/group_03_hard/g03h_i22_c500_d2_m4_hard_adversarial/20260508T024403Z__research_group_03_hard__nearest_neighbour__g03h_i22_c500_d2_m4_hard_adversarial__seed_42__41ea2199ac37.json,skip,,customer_count>10
results/runs/research_group_03_hard/nearest_neighbour/research/group_03_hard/g03h_i23_c500_d3_m5_hard_adversarial/20260508T024403Z__research_group_03_hard__nearest_neighbour__g03h_i23_c500_d3_m5_hard_adversarial__seed_42__b5b0ab7dc039.json,skip,,customer_count>10
results/runs/research_group_03_hard/nearest_neighbour/research/group_03_hard/g03h_i24_c500_d2_m4_hard_adversarial/20260508T024403Z__research_group_03_hard__nearest_neighbour__g03h_i24_c500_d2_m4_hard_adversarial__seed_42__8528c9af375b.json,skip,,customer_count>10
results/runs/research_group_03_hard/nearest_neighbour/research/group_03_hard/g03h_i25_c500_d3_m5_hard_adversarial/20260508T024403Z__research_group_03_hard__nearest_neighbour__g03h_i25_c500_d3_m5_hard_adversarial__seed_42__639cb90d0353.json,skip,,customer_count>10
results/runs/research_group_03_hard/nearest_neighbour_2opt/research/group_03_hard/g03h_i01_c500_d3_m5_hard_adversarial/20260508T025824Z__research_group_03_hard__nearest_neighbour_2opt__g03h_i01_c500_d3_m5_hard_adversarial__seed_42__059ab1629244.json,skip,,customer_count>10
results/runs/research_group_03_hard/nearest_neighbour_2opt/research/group_03_hard/g03h_i02_c500_d3_m6_hard_adversarial/20260508T025824Z__research_group_03_hard__nearest_neighbour_2opt__g03h_i02_c500_d3_m6_hard_adversarial__seed_42__b17c1477bdc9.json,skip,,customer_count>10
results/runs/research_group_03_hard/nearest_neighbour_2opt/research/group_03_hard/g03h_i03_c500_d2_m4_hard_adversarial/20260508T025824Z__research_group_03_hard__nearest_neighbour_2opt__g03h_i03_c500_d2_m4_hard_adversarial__seed_42__1001907b56b8.json,skip,,customer_count>10
results/runs/research_group_03_hard/nearest_neighbour_2opt/research/group_03_hard/g03h_i04_c500_d3_m5_hard_adversarial/20260508T025824Z__research_group_03_hard__nearest_neighbour_2opt__g03h_i04_c500_d3_m5_hard_adversarial__seed_42__d67a85e6ec81.json,skip,,customer_count>10
results/runs/research_group_03_hard/nearest_neighbour_2opt/research/group_03_hard/g03h_i05_c500_d3_m6_hard_adversarial/20260508T025824Z__research_group_03_hard__nearest_neighbour_2opt__g03h_i05_c500_d3_m6_hard_adversarial__seed_42__4e21392da1b0.json,skip,,customer_count>10
results/runs/research_group_03_hard/nearest_neighbour_2opt/research/group_03_hard/g03h_i06_c500_d2_m4_hard_adversarial/20260508T025824Z__research_group_03_hard__nearest_neighbour_2opt__g03h_i06_c500_d2_m4_hard_adversarial__seed_42__f25488b5e6bd.json,skip,,customer_count>10
results/runs/research_group_03_hard/nearest_neighbour_2opt/research/group_03_hard/g03h_i07_c500_d3_m5_hard_adversarial/20260508T025824Z__research_group_03_hard__nearest_neighbour_2opt__g03h_i07_c500_d3_m5_hard_adversarial__seed_42__5a9983e29190.json,skip,,customer_count>10
results/runs/research_group_03_hard/nearest_neighbour_2opt/research/group_03_hard/g03h_i08_c500_d2_m4_hard_adversarial/20260508T025824Z__research_group_03_hard__nearest_neighbour_2opt__g03h_i08_c500_d2_m4_hard_adversarial__seed_42__08cf9a1c5a9a.json,skip,,customer_count>10
results/runs/research_group_03_hard/nearest_neighbour_2opt/research/group_03_hard/g03h_i09_c500_d3_m5_hard_adversarial/20260508T025824Z__research_group_03_hard__nearest_neighbour_2opt__g03h_i09_c500_d3_m5_hard_adversarial__seed_42__f45fbd1fc4c5.json,skip,,customer_count>10
results/runs/research_group_03_hard/nearest_neighbour_2opt/research/group_03_hard/g03h_i10_c500_d2_m4_hard_adversarial/20260508T025824Z__research_group_03_hard__nearest_neighbour_2opt__g03h_i10_c500_d2_m4_hard_adversarial__seed_42__b7fae1a24386.json,skip,,customer_count>10
results/runs/research_group_03_hard/nearest_neighbour_2opt/research/group_03_hard/g03h_i11_c500_d3_m5_hard_adversarial/20260508T025824Z__research_group_03_hard__nearest_neighbour_2opt__g03h_i11_c500_d3_m5_hard_adversarial__seed_42__7de84308d1ce.json,skip,,customer_count>10
results/runs/research_group_03_hard/nearest_neighbour_2opt/research/group_03_hard/g03h_i12_c500_d2_m4_hard_adversarial/20260508T025824Z__research_group_03_hard__nearest_neighbour_2opt__g03h_i12_c500_d2_m4_hard_adversarial__seed_42__f3796dd7b327.json,skip,,customer_count>10
results/runs/research_group_03_hard/nearest_neighbour_2opt/research/group_03_hard/g03h_i13_c500_d3_m5_hard_adversarial/20260508T025824Z__research_group_03_hard__nearest_neighbour_2opt__g03h_i13_c500_d3_m5_hard_adversarial__seed_42__73929a4e7938.json,skip,,customer_count>10
results/runs/research_group_03_hard/nearest_neighbour_2opt/research/group_03_hard/g03h_i14_c500_d2_m4_hard_adversarial/20260508T025824Z__research_group_03_hard__nearest_neighbour_2opt__g03h_i14_c500_d2_m4_hard_adversarial__seed_42__a44a89465deb.json,skip,,customer_count>10
results/runs/research_group_03_hard/nearest_neighbour_2opt/research/group_03_hard/g03h_i15_c500_d3_m5_hard_adversarial/20260508T025824Z__research_group_03_hard__nearest_neighbour_2opt__g03h_i15_c500_d3_m5_hard_adversarial__seed_42__33425633d1dd.json,skip,,customer_count>10
results/runs/research_group_03_hard/nearest_neighbour_2opt/research/group_03_hard/g03h_i16_c500_d2_m4_hard_adversarial/20260508T025824Z__research_group_03_hard__nearest_neighbour_2opt__g03h_i16_c500_d2_m4_hard_adversarial__seed_42__f49f7d76d545.json,skip,,customer_count>10
results/runs/research_group_03_hard/nearest_neighbour_2opt/research/group_03_hard/g03h_i17_c500_d3_m5_hard_adversarial/20260508T025824Z__research_group_03_hard__nearest_neighbour_2opt__g03h_i17_c500_d3_m5_hard_adversarial__seed_42__3fe1b56ef6da.json,skip,,customer_count>10
results/runs/research_group_03_hard/nearest_neighbour_2opt/research/group_03_hard/g03h_i18_c500_d3_m6_hard_adversarial/20260508T025824Z__research_group_03_hard__nearest_neighbour_2opt__g03h_i18_c500_d3_m6_hard_adversarial__seed_42__2e7a34aab7b5.json,skip,,customer_count>10
results/runs/research_group_03_hard/nearest_neighbour_2opt/research/group_03_hard/g03h_i19_c500_d2_m5_hard_adversarial/20260508T025824Z__research_group_03_hard__nearest_neighbour_2opt__g03h_i19_c500_d2_m5_hard_adversarial__seed_42__8eb89ed6932a.json,skip,,customer_count>10
results/runs/research_group_03_hard/nearest_neighbour_2opt/research/group_03_hard/g03h_i20_c500_d3_m6_hard_adversarial/20260508T025824Z__research_group_03_hard__nearest_neighbour_2opt__g03h_i20_c500_d3_m6_hard_adversarial__seed_42__40b160caa746.json,skip,,customer_count>10
results/runs/research_group_03_hard/nearest_neighbour_2opt/research/group_03_hard/g03h_i21_c500_d2_m5_hard_adversarial/20260508T025824Z__research_group_03_hard__nearest_neighbour_2opt__g03h_i21_c500_d2_m5_hard_adversarial__seed_42__2832c7b18e7a.json,skip,,customer_count>10
results/runs/research_group_03_hard/nearest_neighbour_2opt/research/group_03_hard/g03h_i22_c500_d2_m4_hard_adversarial/20260508T025824Z__research_group_03_hard__nearest_neighbour_2opt__g03h_i22_c500_d2_m4_hard_adversarial__seed_42__a00b8cb062c5.json,skip,,customer_count>10
results/runs/research_group_03_hard/nearest_neighbour_2opt/research/group_03_hard/g03h_i23_c500_d3_m5_hard_adversarial/20260508T025824Z__research_group_03_hard__nearest_neighbour_2opt__g03h_i23_c500_d3_m5_hard_adversarial__seed_42__d09633f1af92.json,skip,,customer_count>10
results/runs/research_group_03_hard/nearest_neighbour_2opt/research/group_03_hard/g03h_i24_c500_d2_m4_hard_adversarial/20260508T025824Z__research_group_03_hard__nearest_neighbour_2opt__g03h_i24_c500_d2_m4_hard_adversarial__seed_42__88af04e9b3d2.json,skip,,customer_count>10
results/runs/research_group_03_hard/nearest_neighbour_2opt/research/group_03_hard/g03h_i25_c500_d3_m5_hard_adversarial/20260508T025824Z__research_group_03_hard__nearest_neighbour_2opt__g03h_i25_c500_d3_m5_hard_adversarial__seed_42__4eb8c51726db.json,skip,,customer_count>10
results/runs/research_group_03_hard/nearest_neighbour_2opt_v2/research/group_03_hard/g03h_i01_c500_d3_m5_hard_adversarial/20260508T025824Z__research_group_03_hard__nearest_neighbour_2opt_v2__g03h_i01_c500_d3_m5_hard_adversarial__seed_42__becfc104d828.json,skip,,customer_count>10
results/runs/research_group_03_hard/nearest_neighbour_2opt_v2/research/group_03_hard/g03h_i02_c500_d3_m6_hard_adversarial/20260508T025824Z__research_group_03_hard__nearest_neighbour_2opt_v2__g03h_i02_c500_d3_m6_hard_adversarial__seed_42__9c25d9a15e86.json,skip,,customer_count>10
results/runs/research_group_03_hard/nearest_neighbour_2opt_v2/research/group_03_hard/g03h_i03_c500_d2_m4_hard_adversarial/20260508T025824Z__research_group_03_hard__nearest_neighbour_2opt_v2__g03h_i03_c500_d2_m4_hard_adversarial__seed_42__72d3fa89ca41.json,skip,,customer_count>10
results/runs/research_group_03_hard/nearest_neighbour_2opt_v2/research/group_03_hard/g03h_i04_c500_d3_m5_hard_adversarial/20260508T025824Z__research_group_03_hard__nearest_neighbour_2opt_v2__g03h_i04_c500_d3_m5_hard_adversarial__seed_42__eb807620f80e.json,skip,,customer_count>10
results/runs/research_group_03_hard/nearest_neighbour_2opt_v2/research/group_03_hard/g03h_i05_c500_d3_m6_hard_adversarial/20260508T025824Z__research_group_03_hard__nearest_neighbour_2opt_v2__g03h_i05_c500_d3_m6_hard_adversarial__seed_42__c7ce44963e2e.json,skip,,customer_count>10
results/runs/research_group_03_hard/nearest_neighbour_2opt_v2/research/group_03_hard/g03h_i06_c500_d2_m4_hard_adversarial/20260508T025824Z__research_group_03_hard__nearest_neighbour_2opt_v2__g03h_i06_c500_d2_m4_hard_adversarial__seed_42__faa9d501d2ca.json,skip,,customer_count>10
results/runs/research_group_03_hard/nearest_neighbour_2opt_v2/research/group_03_hard/g03h_i07_c500_d3_m5_hard_adversarial/20260508T025824Z__research_group_03_hard__nearest_neighbour_2opt_v2__g03h_i07_c500_d3_m5_hard_adversarial__seed_42__9a8a2f72d2db.json,skip,,customer_count>10
results/runs/research_group_03_hard/nearest_neighbour_2opt_v2/research/group_03_hard/g03h_i08_c500_d2_m4_hard_adversarial/20260508T025824Z__research_group_03_hard__nearest_neighbour_2opt_v2__g03h_i08_c500_d2_m4_hard_adversarial__seed_42__96ef257e180f.json,skip,,customer_count>10
results/runs/research_group_03_hard/nearest_neighbour_2opt_v2/research/group_03_hard/g03h_i09_c500_d3_m5_hard_adversarial/20260508T025824Z__research_group_03_hard__nearest_neighbour_2opt_v2__g03h_i09_c500_d3_m5_hard_adversarial__seed_42__8a7b8b1fbd0a.json,skip,,customer_count>10
results/runs/research_group_03_hard/nearest_neighbour_2opt_v2/research/group_03_hard/g03h_i10_c500_d2_m4_hard_adversarial/20260508T025824Z__research_group_03_hard__nearest_neighbour_2opt_v2__g03h_i10_c500_d2_m4_hard_adversarial__seed_42__bedbcea0ae29.json,skip,,customer_count>10
results/runs/research_group_03_hard/nearest_neighbour_2opt_v2/research/group_03_hard/g03h_i11_c500_d3_m5_hard_adversarial/20260508T025824Z__research_group_03_hard__nearest_neighbour_2opt_v2__g03h_i11_c500_d3_m5_hard_adversarial__seed_42__217aa940d6da.json,skip,,customer_count>10
results/runs/research_group_03_hard/nearest_neighbour_2opt_v2/research/group_03_hard/g03h_i12_c500_d2_m4_hard_adversarial/20260508T025824Z__research_group_03_hard__nearest_neighbour_2opt_v2__g03h_i12_c500_d2_m4_hard_adversarial__seed_42__a9559df45b26.json,skip,,customer_count>10
results/runs/research_group_03_hard/nearest_neighbour_2opt_v2/research/group_03_hard/g03h_i13_c500_d3_m5_hard_adversarial/20260508T025824Z__research_group_03_hard__nearest_neighbour_2opt_v2__g03h_i13_c500_d3_m5_hard_adversarial__seed_42__f5d81c447982.json,skip,,customer_count>10
results/runs/research_group_03_hard/nearest_neighbour_2opt_v2/research/group_03_hard/g03h_i14_c500_d2_m4_hard_adversarial/20260508T025824Z__research_group_03_hard__nearest_neighbour_2opt_v2__g03h_i14_c500_d2_m4_hard_adversarial__seed_42__daa832560e46.json,skip,,customer_count>10
results/runs/research_group_03_hard/nearest_neighbour_2opt_v2/research/group_03_hard/g03h_i15_c500_d3_m5_hard_adversarial/20260508T025824Z__research_group_03_hard__nearest_neighbour_2opt_v2__g03h_i15_c500_d3_m5_hard_adversarial__seed_42__f460ca732cbf.json,skip,,customer_count>10
results/runs/research_group_03_hard/nearest_neighbour_2opt_v2/research/group_03_hard/g03h_i16_c500_d2_m4_hard_adversarial/20260508T025824Z__research_group_03_hard__nearest_neighbour_2opt_v2__g03h_i16_c500_d2_m4_hard_adversarial__seed_42__8e43cdc3ab94.json,skip,,customer_count>10
results/runs/research_group_03_hard/nearest_neighbour_2opt_v2/research/group_03_hard/g03h_i17_c500_d3_m5_hard_adversarial/20260508T025824Z__research_group_03_hard__nearest_neighbour_2opt_v2__g03h_i17_c500_d3_m5_hard_adversarial__seed_42__8fd91e0f2493.json,skip,,customer_count>10
results/runs/research_group_03_hard/nearest_neighbour_2opt_v2/research/group_03_hard/g03h_i18_c500_d3_m6_hard_adversarial/20260508T025824Z__research_group_03_hard__nearest_neighbour_2opt_v2__g03h_i18_c500_d3_m6_hard_adversarial__seed_42__8cfbe0672666.json,skip,,customer_count>10
results/runs/research_group_03_hard/nearest_neighbour_2opt_v2/research/group_03_hard/g03h_i19_c500_d2_m5_hard_adversarial/20260508T025824Z__research_group_03_hard__nearest_neighbour_2opt_v2__g03h_i19_c500_d2_m5_hard_adversarial__seed_42__8b4bf6e7a69c.json,skip,,customer_count>10
results/runs/research_group_03_hard/nearest_neighbour_2opt_v2/research/group_03_hard/g03h_i20_c500_d3_m6_hard_adversarial/20260508T025824Z__research_group_03_hard__nearest_neighbour_2opt_v2__g03h_i20_c500_d3_m6_hard_adversarial__seed_42__f5d40cf76045.json,skip,,customer_count>10
results/runs/research_group_03_hard/nearest_neighbour_2opt_v2/research/group_03_hard/g03h_i21_c500_d2_m5_hard_adversarial/20260508T025824Z__research_group_03_hard__nearest_neighbour_2opt_v2__g03h_i21_c500_d2_m5_hard_adversarial__seed_42__98c0043a2914.json,skip,,customer_count>10
results/runs/research_group_03_hard/nearest_neighbour_2opt_v2/research/group_03_hard/g03h_i22_c500_d2_m4_hard_adversarial/20260508T025824Z__research_group_03_hard__nearest_neighbour_2opt_v2__g03h_i22_c500_d2_m4_hard_adversarial__seed_42__5913226402d1.json,skip,,customer_count>10
results/runs/research_group_03_hard/nearest_neighbour_2opt_v2/research/group_03_hard/g03h_i23_c500_d3_m5_hard_adversarial/20260508T025824Z__research_group_03_hard__nearest_neighbour_2opt_v2__g03h_i23_c500_d3_m5_hard_adversarial__seed_42__9b80d7cd6131.json,skip,,customer_count>10
results/runs/research_group_03_hard/nearest_neighbour_2opt_v2/research/group_03_hard/g03h_i24_c500_d2_m4_hard_adversarial/20260508T025824Z__research_group_03_hard__nearest_neighbour_2opt_v2__g03h_i24_c500_d2_m4_hard_adversarial__seed_42__e4c8a8a2d70d.json,skip,,customer_count>10
results/runs/research_group_03_hard/nearest_neighbour_2opt_v2/research/group_03_hard/g03h_i25_c500_d3_m5_hard_adversarial/20260508T025824Z__research_group_03_hard__nearest_neighbour_2opt_v2__g03h_i25_c500_d3_m5_hard_adversarial__seed_42__fbac3b04968a.json,skip,,customer_count>10
results/runs/research_group_03_traps/cheapest_insertion/research/group_03_traps/g03t_i01_c750_d4_m5_trap/20260508T030548Z__research_group_03_traps__cheapest_insertion__g03t_i01_c750_d4_m5_trap__seed_42__cd28984bb0c4.json,skip,,customer_count>10
results/runs/research_group_03_traps/cheapest_insertion/research/group_03_traps/g03t_i02_c750_d3_m4_trap/20260508T030548Z__research_group_03_traps__cheapest_insertion__g03t_i02_c750_d3_m4_trap__seed_42__e44fa53ac91c.json,skip,,customer_count>10
results/runs/research_group_03_traps/cheapest_insertion/research/group_03_traps/g03t_i03_c750_d2_m3_trap/20260508T030548Z__research_group_03_traps__cheapest_insertion__g03t_i03_c750_d2_m3_trap__seed_42__c5ba97335629.json,skip,,customer_count>10
results/runs/research_group_03_traps/cheapest_insertion/research/group_03_traps/g03t_i04_c750_d4_m5_trap/20260508T030548Z__research_group_03_traps__cheapest_insertion__g03t_i04_c750_d4_m5_trap__seed_42__17be39be32dd.json,skip,,customer_count>10
results/runs/research_group_03_traps/cheapest_insertion/research/group_03_traps/g03t_i05_c750_d3_m4_trap/20260508T030548Z__research_group_03_traps__cheapest_insertion__g03t_i05_c750_d3_m4_trap__seed_42__ea2f956881d1.json,skip,,customer_count>10
results/runs/research_group_03_traps/cheapest_insertion/research/group_03_traps/g03t_i06_c750_d2_m3_trap/20260508T030548Z__research_group_03_traps__cheapest_insertion__g03t_i06_c750_d2_m3_trap__seed_42__cbc816d2cb9b.json,skip,,customer_count>10
results/runs/research_group_03_traps/cheapest_insertion/research/group_03_traps/g03t_i07_c750_d4_m5_trap/20260508T030548Z__research_group_03_traps__cheapest_insertion__g03t_i07_c750_d4_m5_trap__seed_42__1fd7486ce422.json,skip,,customer_count>10
results/runs/research_group_03_traps/cheapest_insertion/research/group_03_traps/g03t_i08_c750_d4_m5_trap/20260508T030548Z__research_group_03_traps__cheapest_insertion__g03t_i08_c750_d4_m5_trap__seed_42__99f11dd1c948.json,skip,,customer_count>10
results/runs/research_group_03_traps/cheapest_insertion/research/group_03_traps/g03t_i09_c750_d3_m4_trap/20260508T030548Z__research_group_03_traps__cheapest_insertion__g03t_i09_c750_d3_m4_trap__seed_42__c8f8991f5c6c.json,skip,,customer_count>10
results/runs/research_group_03_traps/cheapest_insertion/research/group_03_traps/g03t_i10_c750_d2_m3_trap/20260508T030548Z__research_group_03_traps__cheapest_insertion__g03t_i10_c750_d2_m3_trap__seed_42__6be5df10efd1.json,skip,,customer_count>10
results/runs/research_group_03_traps/cheapest_insertion/research/group_03_traps/g03t_i11_c750_d4_m5_trap/20260508T030548Z__research_group_03_traps__cheapest_insertion__g03t_i11_c750_d4_m5_trap__seed_42__0329a433d5c8.json,skip,,customer_count>10
results/runs/research_group_03_traps/cheapest_insertion/research/group_03_traps/g03t_i12_c750_d3_m4_trap/20260508T030548Z__research_group_03_traps__cheapest_insertion__g03t_i12_c750_d3_m4_trap__seed_42__cf896488c007.json,skip,,customer_count>10
results/runs/research_group_03_traps/cheapest_insertion/research/group_03_traps/g03t_i13_c750_d2_m3_trap/20260508T030548Z__research_group_03_traps__cheapest_insertion__g03t_i13_c750_d2_m3_trap__seed_42__2a21b2197765.json,skip,,customer_count>10
results/runs/research_group_03_traps/cheapest_insertion/research/group_03_traps/g03t_i14_c750_d4_m5_trap/20260508T030548Z__research_group_03_traps__cheapest_insertion__g03t_i14_c750_d4_m5_trap__seed_42__a42ef95628b5.json,skip,,customer_count>10
results/runs/research_group_03_traps/cheapest_insertion/research/group_03_traps/g03t_i15_c750_d3_m4_trap/20260508T030548Z__research_group_03_traps__cheapest_insertion__g03t_i15_c750_d3_m4_trap__seed_42__96500dc793f6.json,skip,,customer_count>10
results/runs/research_group_03_traps/cheapest_insertion/research/group_03_traps/g03t_i16_c750_d2_m3_trap/20260508T030548Z__research_group_03_traps__cheapest_insertion__g03t_i16_c750_d2_m3_trap__seed_42__622bac1be6ba.json,skip,,customer_count>10
results/runs/research_group_03_traps/cheapest_insertion/research/group_03_traps/g03t_i17_c750_d4_m5_trap/20260508T030548Z__research_group_03_traps__cheapest_insertion__g03t_i17_c750_d4_m5_trap__seed_42__5f22283497fa.json,skip,,customer_count>10
results/runs/research_group_03_traps/cheapest_insertion/research/group_03_traps/g03t_i18_c750_d3_m4_trap/20260508T030548Z__research_group_03_traps__cheapest_insertion__g03t_i18_c750_d3_m4_trap__seed_42__7410d966923e.json,skip,,customer_count>10
results/runs/research_group_03_traps/cheapest_insertion/research/group_03_traps/g03t_i19_c750_d4_m5_trap/20260508T030548Z__research_group_03_traps__cheapest_insertion__g03t_i19_c750_d4_m5_trap__seed_42__7b95549bf609.json,skip,,customer_count>10
results/runs/research_group_03_traps/cheapest_insertion/research/group_03_traps/g03t_i20_c750_d3_m4_trap/20260508T030548Z__research_group_03_traps__cheapest_insertion__g03t_i20_c750_d3_m4_trap__seed_42__11cae771c2da.json,skip,,customer_count>10
results/runs/research_group_03_traps/cheapest_insertion/research/group_03_traps/g03t_i21_c750_d4_m5_trap/20260508T030548Z__research_group_03_traps__cheapest_insertion__g03t_i21_c750_d4_m5_trap__seed_42__64e1b85d1342.json,skip,,customer_count>10
results/runs/research_group_03_traps/cheapest_insertion/research/group_03_traps/g03t_i22_c750_d3_m4_trap/20260508T030549Z__research_group_03_traps__cheapest_insertion__g03t_i22_c750_d3_m4_trap__seed_42__bbdb91654d8d.json,skip,,customer_count>10
results/runs/research_group_03_traps/cheapest_insertion/research/group_03_traps/g03t_i23_c750_d4_m5_trap/20260508T030549Z__research_group_03_traps__cheapest_insertion__g03t_i23_c750_d4_m5_trap__seed_42__e68c4c51a9c7.json,skip,,customer_count>10
results/runs/research_group_03_traps/cheapest_insertion/research/group_03_traps/g03t_i24_c750_d3_m4_trap/20260508T030549Z__research_group_03_traps__cheapest_insertion__g03t_i24_c750_d3_m4_trap__seed_42__df368b1cf6d2.json,skip,,customer_count>10
results/runs/research_group_03_traps/cheapest_insertion/research/group_03_traps/g03t_i25_c750_d2_m3_trap/20260508T030549Z__research_group_03_traps__cheapest_insertion__g03t_i25_c750_d2_m3_trap__seed_42__9deec85a2ab8.json,skip,,customer_count>10
results/runs/research_group_03_traps/cheapest_insertion_2opt/research/group_03_traps/g03t_i01_c750_d4_m5_trap/20260508T030549Z__research_group_03_traps__cheapest_insertion_2opt__g03t_i01_c750_d4_m5_trap__seed_42__6bf52e80cab1.json,skip,,customer_count>10
results/runs/research_group_03_traps/cheapest_insertion_2opt/research/group_03_traps/g03t_i02_c750_d3_m4_trap/20260508T030549Z__research_group_03_traps__cheapest_insertion_2opt__g03t_i02_c750_d3_m4_trap__seed_42__2d4c54c622e9.json,skip,,customer_count>10
results/runs/research_group_03_traps/cheapest_insertion_2opt/research/group_03_traps/g03t_i03_c750_d2_m3_trap/20260508T030549Z__research_group_03_traps__cheapest_insertion_2opt__g03t_i03_c750_d2_m3_trap__seed_42__0bd2ccaa1a28.json,skip,,customer_count>10
results/runs/research_group_03_traps/cheapest_insertion_2opt/research/group_03_traps/g03t_i04_c750_d4_m5_trap/20260508T030549Z__research_group_03_traps__cheapest_insertion_2opt__g03t_i04_c750_d4_m5_trap__seed_42__7e8d9da4db1e.json,skip,,customer_count>10
results/runs/research_group_03_traps/cheapest_insertion_2opt/research/group_03_traps/g03t_i05_c750_d3_m4_trap/20260508T030549Z__research_group_03_traps__cheapest_insertion_2opt__g03t_i05_c750_d3_m4_trap__seed_42__59bd8782bf5e.json,skip,,customer_count>10
results/runs/research_group_03_traps/cheapest_insertion_2opt/research/group_03_traps/g03t_i06_c750_d2_m3_trap/20260508T030549Z__research_group_03_traps__cheapest_insertion_2opt__g03t_i06_c750_d2_m3_trap__seed_42__866f8ef217c5.json,skip,,customer_count>10
results/runs/research_group_03_traps/cheapest_insertion_2opt/research/group_03_traps/g03t_i07_c750_d4_m5_trap/20260508T030549Z__research_group_03_traps__cheapest_insertion_2opt__g03t_i07_c750_d4_m5_trap__seed_42__2a603c303da8.json,skip,,customer_count>10
results/runs/research_group_03_traps/cheapest_insertion_2opt/research/group_03_traps/g03t_i08_c750_d4_m5_trap/20260508T030549Z__research_group_03_traps__cheapest_insertion_2opt__g03t_i08_c750_d4_m5_trap__seed_42__ff2c59d8c6fd.json,skip,,customer_count>10
results/runs/research_group_03_traps/cheapest_insertion_2opt/research/group_03_traps/g03t_i09_c750_d3_m4_trap/20260508T030549Z__research_group_03_traps__cheapest_insertion_2opt__g03t_i09_c750_d3_m4_trap__seed_42__3660f0a9dc85.json,skip,,customer_count>10
results/runs/research_group_03_traps/cheapest_insertion_2opt/research/group_03_traps/g03t_i10_c750_d2_m3_trap/20260508T030549Z__research_group_03_traps__cheapest_insertion_2opt__g03t_i10_c750_d2_m3_trap__seed_42__144d4b983c44.json,skip,,customer_count>10
results/runs/research_group_03_traps/cheapest_insertion_2opt/research/group_03_traps/g03t_i11_c750_d4_m5_trap/20260508T030549Z__research_group_03_traps__cheapest_insertion_2opt__g03t_i11_c750_d4_m5_trap__seed_42__d0fd1e522c6f.json,skip,,customer_count>10
results/runs/research_group_03_traps/cheapest_insertion_2opt/research/group_03_traps/g03t_i12_c750_d3_m4_trap/20260508T030549Z__research_group_03_traps__cheapest_insertion_2opt__g03t_i12_c750_d3_m4_trap__seed_42__77372e54b3e9.json,skip,,customer_count>10
results/runs/research_group_03_traps/cheapest_insertion_2opt/research/group_03_traps/g03t_i13_c750_d2_m3_trap/20260508T030549Z__research_group_03_traps__cheapest_insertion_2opt__g03t_i13_c750_d2_m3_trap__seed_42__dd86b0f2878d.json,skip,,customer_count>10
results/runs/research_group_03_traps/cheapest_insertion_2opt/research/group_03_traps/g03t_i14_c750_d4_m5_trap/20260508T030549Z__research_group_03_traps__cheapest_insertion_2opt__g03t_i14_c750_d4_m5_trap__seed_42__751e6bb200fa.json,skip,,customer_count>10
results/runs/research_group_03_traps/cheapest_insertion_2opt/research/group_03_traps/g03t_i15_c750_d3_m4_trap/20260508T030549Z__research_group_03_traps__cheapest_insertion_2opt__g03t_i15_c750_d3_m4_trap__seed_42__dea7e60faa87.json,skip,,customer_count>10
results/runs/research_group_03_traps/cheapest_insertion_2opt/research/group_03_traps/g03t_i16_c750_d2_m3_trap/20260508T030549Z__research_group_03_traps__cheapest_insertion_2opt__g03t_i16_c750_d2_m3_trap__seed_42__a0d156e20a51.json,skip,,customer_count>10
results/runs/research_group_03_traps/cheapest_insertion_2opt/research/group_03_traps/g03t_i17_c750_d4_m5_trap/20260508T030549Z__research_group_03_traps__cheapest_insertion_2opt__g03t_i17_c750_d4_m5_trap__seed_42__264ecb7931c4.json,skip,,customer_count>10
results/runs/research_group_03_traps/cheapest_insertion_2opt/research/group_03_traps/g03t_i18_c750_d3_m4_trap/20260508T030549Z__research_group_03_traps__cheapest_insertion_2opt__g03t_i18_c750_d3_m4_trap__seed_42__6eac018140e9.json,skip,,customer_count>10
results/runs/research_group_03_traps/cheapest_insertion_2opt/research/group_03_traps/g03t_i19_c750_d4_m5_trap/20260508T030549Z__research_group_03_traps__cheapest_insertion_2opt__g03t_i19_c750_d4_m5_trap__seed_42__7c869ecf4599.json,skip,,customer_count>10
results/runs/research_group_03_traps/cheapest_insertion_2opt/research/group_03_traps/g03t_i20_c750_d3_m4_trap/20260508T030549Z__research_group_03_traps__cheapest_insertion_2opt__g03t_i20_c750_d3_m4_trap__seed_42__6ccac7fa8b15.json,skip,,customer_count>10
results/runs/research_group_03_traps/cheapest_insertion_2opt/research/group_03_traps/g03t_i21_c750_d4_m5_trap/20260508T030549Z__research_group_03_traps__cheapest_insertion_2opt__g03t_i21_c750_d4_m5_trap__seed_42__c4ba5e37f572.json,skip,,customer_count>10
results/runs/research_group_03_traps/cheapest_insertion_2opt/research/group_03_traps/g03t_i22_c750_d3_m4_trap/20260508T030549Z__research_group_03_traps__cheapest_insertion_2opt__g03t_i22_c750_d3_m4_trap__seed_42__1d614242eea0.json,skip,,customer_count>10
results/runs/research_group_03_traps/cheapest_insertion_2opt/research/group_03_traps/g03t_i23_c750_d4_m5_trap/20260508T030549Z__research_group_03_traps__cheapest_insertion_2opt__g03t_i23_c750_d4_m5_trap__seed_42__79c27458cb2b.json,skip,,customer_count>10
results/runs/research_group_03_traps/cheapest_insertion_2opt/research/group_03_traps/g03t_i24_c750_d3_m4_trap/20260508T030549Z__research_group_03_traps__cheapest_insertion_2opt__g03t_i24_c750_d3_m4_trap__seed_42__1b759bf40ff8.json,skip,,customer_count>10
results/runs/research_group_03_traps/cheapest_insertion_2opt/research/group_03_traps/g03t_i25_c750_d2_m3_trap/20260508T030550Z__research_group_03_traps__cheapest_insertion_2opt__g03t_i25_c750_d2_m3_trap__seed_42__3d1f2a4a9072.json,skip,,customer_count>10
results/runs/research_group_03_traps/cheapest_insertion_tabu/research/group_03_traps/g03t_i01_c750_d4_m5_trap/20260508T031557Z__research_group_03_traps__cheapest_insertion_tabu__g03t_i01_c750_d4_m5_trap__seed_42__4aeb7c9045a7.json,skip,,customer_count>10
results/runs/research_group_03_traps/cheapest_insertion_tabu/research/group_03_traps/g03t_i02_c750_d3_m4_trap/20260508T031557Z__research_group_03_traps__cheapest_insertion_tabu__g03t_i02_c750_d3_m4_trap__seed_42__d355892214c0.json,skip,,customer_count>10
results/runs/research_group_03_traps/cheapest_insertion_tabu/research/group_03_traps/g03t_i03_c750_d2_m3_trap/20260508T031557Z__research_group_03_traps__cheapest_insertion_tabu__g03t_i03_c750_d2_m3_trap__seed_42__970cb0be457f.json,skip,,customer_count>10
results/runs/research_group_03_traps/cheapest_insertion_tabu/research/group_03_traps/g03t_i04_c750_d4_m5_trap/20260508T031557Z__research_group_03_traps__cheapest_insertion_tabu__g03t_i04_c750_d4_m5_trap__seed_42__5f1dc7c7bdd0.json,skip,,customer_count>10
results/runs/research_group_03_traps/cheapest_insertion_tabu/research/group_03_traps/g03t_i05_c750_d3_m4_trap/20260508T031557Z__research_group_03_traps__cheapest_insertion_tabu__g03t_i05_c750_d3_m4_trap__seed_42__e4baae49f2bb.json,skip,,customer_count>10
results/runs/research_group_03_traps/cheapest_insertion_tabu/research/group_03_traps/g03t_i06_c750_d2_m3_trap/20260508T031557Z__research_group_03_traps__cheapest_insertion_tabu__g03t_i06_c750_d2_m3_trap__seed_42__7fa6e371529d.json,skip,,customer_count>10
results/runs/research_group_03_traps/cheapest_insertion_tabu/research/group_03_traps/g03t_i07_c750_d4_m5_trap/20260508T031557Z__research_group_03_traps__cheapest_insertion_tabu__g03t_i07_c750_d4_m5_trap__seed_42__704d5b9b0107.json,skip,,customer_count>10
results/runs/research_group_03_traps/cheapest_insertion_tabu/research/group_03_traps/g03t_i08_c750_d4_m5_trap/20260508T031557Z__research_group_03_traps__cheapest_insertion_tabu__g03t_i08_c750_d4_m5_trap__seed_42__d0b38cdedb64.json,skip,,customer_count>10
results/runs/research_group_03_traps/cheapest_insertion_tabu/research/group_03_traps/g03t_i09_c750_d3_m4_trap/20260508T031557Z__research_group_03_traps__cheapest_insertion_tabu__g03t_i09_c750_d3_m4_trap__seed_42__8e0dfc2c811b.json,skip,,customer_count>10
results/runs/research_group_03_traps/cheapest_insertion_tabu/research/group_03_traps/g03t_i10_c750_d2_m3_trap/20260508T031557Z__research_group_03_traps__cheapest_insertion_tabu__g03t_i10_c750_d2_m3_trap__seed_42__445d232faf79.json,skip,,customer_count>10
results/runs/research_group_03_traps/cheapest_insertion_tabu/research/group_03_traps/g03t_i11_c750_d4_m5_trap/20260508T031557Z__research_group_03_traps__cheapest_insertion_tabu__g03t_i11_c750_d4_m5_trap__seed_42__12e555c2d5bf.json,skip,,customer_count>10
results/runs/research_group_03_traps/cheapest_insertion_tabu/research/group_03_traps/g03t_i12_c750_d3_m4_trap/20260508T031557Z__research_group_03_traps__cheapest_insertion_tabu__g03t_i12_c750_d3_m4_trap__seed_42__dc70fcda5b64.json,skip,,customer_count>10
results/runs/research_group_03_traps/cheapest_insertion_tabu/research/group_03_traps/g03t_i13_c750_d2_m3_trap/20260508T031557Z__research_group_03_traps__cheapest_insertion_tabu__g03t_i13_c750_d2_m3_trap__seed_42__1cb539bdacc5.json,skip,,customer_count>10
results/runs/research_group_03_traps/cheapest_insertion_tabu/research/group_03_traps/g03t_i14_c750_d4_m5_trap/20260508T031557Z__research_group_03_traps__cheapest_insertion_tabu__g03t_i14_c750_d4_m5_trap__seed_42__e7642bd70c84.json,skip,,customer_count>10
results/runs/research_group_03_traps/cheapest_insertion_tabu/research/group_03_traps/g03t_i15_c750_d3_m4_trap/20260508T031557Z__research_group_03_traps__cheapest_insertion_tabu__g03t_i15_c750_d3_m4_trap__seed_42__58bd1c033f7c.json,skip,,customer_count>10
results/runs/research_group_03_traps/cheapest_insertion_tabu/research/group_03_traps/g03t_i16_c750_d2_m3_trap/20260508T031557Z__research_group_03_traps__cheapest_insertion_tabu__g03t_i16_c750_d2_m3_trap__seed_42__3e078a878a8f.json,skip,,customer_count>10
results/runs/research_group_03_traps/cheapest_insertion_tabu/research/group_03_traps/g03t_i17_c750_d4_m5_trap/20260508T031557Z__research_group_03_traps__cheapest_insertion_tabu__g03t_i17_c750_d4_m5_trap__seed_42__2eb175524522.json,skip,,customer_count>10
results/runs/research_group_03_traps/cheapest_insertion_tabu/research/group_03_traps/g03t_i18_c750_d3_m4_trap/20260508T031557Z__research_group_03_traps__cheapest_insertion_tabu__g03t_i18_c750_d3_m4_trap__seed_42__24ccd4834728.json,skip,,customer_count>10
results/runs/research_group_03_traps/cheapest_insertion_tabu/research/group_03_traps/g03t_i19_c750_d4_m5_trap/20260508T031557Z__research_group_03_traps__cheapest_insertion_tabu__g03t_i19_c750_d4_m5_trap__seed_42__17f6674c709c.json,skip,,customer_count>10
results/runs/research_group_03_traps/cheapest_insertion_tabu/research/group_03_traps/g03t_i20_c750_d3_m4_trap/20260508T031557Z__research_group_03_traps__cheapest_insertion_tabu__g03t_i20_c750_d3_m4_trap__seed_42__be6baff6dded.json,skip,,customer_count>10
results/runs/research_group_03_traps/cheapest_insertion_tabu/research/group_03_traps/g03t_i21_c750_d4_m5_trap/20260508T031557Z__research_group_03_traps__cheapest_insertion_tabu__g03t_i21_c750_d4_m5_trap__seed_42__5bfb6f57e241.json,skip,,customer_count>10
results/runs/research_group_03_traps/cheapest_insertion_tabu/research/group_03_traps/g03t_i22_c750_d3_m4_trap/20260508T031557Z__research_group_03_traps__cheapest_insertion_tabu__g03t_i22_c750_d3_m4_trap__seed_42__8ac34155e841.json,skip,,customer_count>10
results/runs/research_group_03_traps/cheapest_insertion_tabu/research/group_03_traps/g03t_i23_c750_d4_m5_trap/20260508T031557Z__research_group_03_traps__cheapest_insertion_tabu__g03t_i23_c750_d4_m5_trap__seed_42__7df5996687cf.json,skip,,customer_count>10
results/runs/research_group_03_traps/cheapest_insertion_tabu/research/group_03_traps/g03t_i24_c750_d3_m4_trap/20260508T031557Z__research_group_03_traps__cheapest_insertion_tabu__g03t_i24_c750_d3_m4_trap__seed_42__b1e01bd547c7.json,skip,,customer_count>10
results/runs/research_group_03_traps/cheapest_insertion_tabu/research/group_03_traps/g03t_i25_c750_d2_m3_trap/20260508T031557Z__research_group_03_traps__cheapest_insertion_tabu__g03t_i25_c750_d2_m3_trap__seed_42__31c5d6316f20.json,skip,,customer_count>10
results/runs/research_group_03_traps/cheapest_insertion_vnd/research/group_03_traps/g03t_i01_c750_d4_m5_trap/20260508T030550Z__research_group_03_traps__cheapest_insertion_vnd__g03t_i01_c750_d4_m5_trap__seed_42__9934d4e02cc9.json,skip,,customer_count>10
results/runs/research_group_03_traps/cheapest_insertion_vnd/research/group_03_traps/g03t_i02_c750_d3_m4_trap/20260508T030614Z__research_group_03_traps__cheapest_insertion_vnd__g03t_i02_c750_d3_m4_trap__seed_42__0cb7f8965ddc.json,skip,,customer_count>10
results/runs/research_group_03_traps/cheapest_insertion_vnd/research/group_03_traps/g03t_i03_c750_d2_m3_trap/20260508T030639Z__research_group_03_traps__cheapest_insertion_vnd__g03t_i03_c750_d2_m3_trap__seed_42__a249e4c45958.json,skip,,customer_count>10
results/runs/research_group_03_traps/cheapest_insertion_vnd/research/group_03_traps/g03t_i04_c750_d4_m5_trap/20260508T030702Z__research_group_03_traps__cheapest_insertion_vnd__g03t_i04_c750_d4_m5_trap__seed_42__48a1afa76887.json,skip,,customer_count>10
results/runs/research_group_03_traps/cheapest_insertion_vnd/research/group_03_traps/g03t_i05_c750_d3_m4_trap/20260508T030727Z__research_group_03_traps__cheapest_insertion_vnd__g03t_i05_c750_d3_m4_trap__seed_42__43605239de14.json,skip,,customer_count>10
results/runs/research_group_03_traps/cheapest_insertion_vnd/research/group_03_traps/g03t_i06_c750_d2_m3_trap/20260508T030751Z__research_group_03_traps__cheapest_insertion_vnd__g03t_i06_c750_d2_m3_trap__seed_42__30e4c57121ba.json,skip,,customer_count>10
results/runs/research_group_03_traps/cheapest_insertion_vnd/research/group_03_traps/g03t_i07_c750_d4_m5_trap/20260508T030814Z__research_group_03_traps__cheapest_insertion_vnd__g03t_i07_c750_d4_m5_trap__seed_42__8e0f8bafe97c.json,skip,,customer_count>10
results/runs/research_group_03_traps/cheapest_insertion_vnd/research/group_03_traps/g03t_i08_c750_d4_m5_trap/20260508T030839Z__research_group_03_traps__cheapest_insertion_vnd__g03t_i08_c750_d4_m5_trap__seed_42__8ad76739e324.json,skip,,customer_count>10
results/runs/research_group_03_traps/cheapest_insertion_vnd/research/group_03_traps/g03t_i09_c750_d3_m4_trap/20260508T030904Z__research_group_03_traps__cheapest_insertion_vnd__g03t_i09_c750_d3_m4_trap__seed_42__81b0cdb8f73f.json,skip,,customer_count>10
results/runs/research_group_03_traps/cheapest_insertion_vnd/research/group_03_traps/g03t_i10_c750_d2_m3_trap/20260508T030928Z__research_group_03_traps__cheapest_insertion_vnd__g03t_i10_c750_d2_m3_trap__seed_42__3b8314455f67.json,skip,,customer_count>10
results/runs/research_group_03_traps/cheapest_insertion_vnd/research/group_03_traps/g03t_i11_c750_d4_m5_trap/20260508T030951Z__research_group_03_traps__cheapest_insertion_vnd__g03t_i11_c750_d4_m5_trap__seed_42__4cb5f261bd1d.json,skip,,customer_count>10
results/runs/research_group_03_traps/cheapest_insertion_vnd/research/group_03_traps/g03t_i12_c750_d3_m4_trap/20260508T031016Z__research_group_03_traps__cheapest_insertion_vnd__g03t_i12_c750_d3_m4_trap__seed_42__d4cc3e28ea25.json,skip,,customer_count>10
results/runs/research_group_03_traps/cheapest_insertion_vnd/research/group_03_traps/g03t_i13_c750_d2_m3_trap/20260508T031041Z__research_group_03_traps__cheapest_insertion_vnd__g03t_i13_c750_d2_m3_trap__seed_42__2edb1fe52a69.json,skip,,customer_count>10
results/runs/research_group_03_traps/cheapest_insertion_vnd/research/group_03_traps/g03t_i14_c750_d4_m5_trap/20260508T031105Z__research_group_03_traps__cheapest_insertion_vnd__g03t_i14_c750_d4_m5_trap__seed_42__1df42adcad66.json,skip,,customer_count>10
results/runs/research_group_03_traps/cheapest_insertion_vnd/research/group_03_traps/g03t_i15_c750_d3_m4_trap/20260508T031130Z__research_group_03_traps__cheapest_insertion_vnd__g03t_i15_c750_d3_m4_trap__seed_42__b82035da5f6a.json,skip,,customer_count>10
results/runs/research_group_03_traps/cheapest_insertion_vnd/research/group_03_traps/g03t_i16_c750_d2_m3_trap/20260508T031155Z__research_group_03_traps__cheapest_insertion_vnd__g03t_i16_c750_d2_m3_trap__seed_42__134e8f40fd83.json,skip,,customer_count>10
results/runs/research_group_03_traps/cheapest_insertion_vnd/research/group_03_traps/g03t_i17_c750_d4_m5_trap/20260508T031219Z__research_group_03_traps__cheapest_insertion_vnd__g03t_i17_c750_d4_m5_trap__seed_42__8e8e962da519.json,skip,,customer_count>10
results/runs/research_group_03_traps/cheapest_insertion_vnd/research/group_03_traps/g03t_i18_c750_d3_m4_trap/20260508T031244Z__research_group_03_traps__cheapest_insertion_vnd__g03t_i18_c750_d3_m4_trap__seed_42__df0e4d41cec5.json,skip,,customer_count>10
results/runs/research_group_03_traps/cheapest_insertion_vnd/research/group_03_traps/g03t_i19_c750_d4_m5_trap/20260508T031308Z__research_group_03_traps__cheapest_insertion_vnd__g03t_i19_c750_d4_m5_trap__seed_42__88b980d43f65.json,skip,,customer_count>10
results/runs/research_group_03_traps/cheapest_insertion_vnd/research/group_03_traps/g03t_i20_c750_d3_m4_trap/20260508T031333Z__research_group_03_traps__cheapest_insertion_vnd__g03t_i20_c750_d3_m4_trap__seed_42__95bd5df79645.json,skip,,customer_count>10
results/runs/research_group_03_traps/cheapest_insertion_vnd/research/group_03_traps/g03t_i21_c750_d4_m5_trap/20260508T031357Z__research_group_03_traps__cheapest_insertion_vnd__g03t_i21_c750_d4_m5_trap__seed_42__d8dd80b67837.json,skip,,customer_count>10
results/runs/research_group_03_traps/cheapest_insertion_vnd/research/group_03_traps/g03t_i22_c750_d3_m4_trap/20260508T031421Z__research_group_03_traps__cheapest_insertion_vnd__g03t_i22_c750_d3_m4_trap__seed_42__e555dc7ccf07.json,skip,,customer_count>10
results/runs/research_group_03_traps/cheapest_insertion_vnd/research/group_03_traps/g03t_i23_c750_d4_m5_trap/20260508T031445Z__research_group_03_traps__cheapest_insertion_vnd__g03t_i23_c750_d4_m5_trap__seed_42__1ce6da9d930f.json,skip,,customer_count>10
results/runs/research_group_03_traps/cheapest_insertion_vnd/research/group_03_traps/g03t_i24_c750_d3_m4_trap/20260508T031510Z__research_group_03_traps__cheapest_insertion_vnd__g03t_i24_c750_d3_m4_trap__seed_42__6e0e644338a1.json,skip,,customer_count>10
results/runs/research_group_03_traps/cheapest_insertion_vnd/research/group_03_traps/g03t_i25_c750_d2_m3_trap/20260508T031533Z__research_group_03_traps__cheapest_insertion_vnd__g03t_i25_c750_d2_m3_trap__seed_42__5dbeaa51408b.json,skip,,customer_count>10
results/runs/research_group_03_traps/nearest_neighbour/research/group_03_traps/g03t_i01_c750_d4_m5_trap/20260508T030548Z__research_group_03_traps__nearest_neighbour__g03t_i01_c750_d4_m5_trap__seed_42__b083463c63ed.json,skip,,customer_count>10
results/runs/research_group_03_traps/nearest_neighbour/research/group_03_traps/g03t_i02_c750_d3_m4_trap/20260508T030548Z__research_group_03_traps__nearest_neighbour__g03t_i02_c750_d3_m4_trap__seed_42__d34bc6337166.json,skip,,customer_count>10
results/runs/research_group_03_traps/nearest_neighbour/research/group_03_traps/g03t_i03_c750_d2_m3_trap/20260508T030548Z__research_group_03_traps__nearest_neighbour__g03t_i03_c750_d2_m3_trap__seed_42__0d093e0d0bf8.json,skip,,customer_count>10
results/runs/research_group_03_traps/nearest_neighbour/research/group_03_traps/g03t_i04_c750_d4_m5_trap/20260508T030548Z__research_group_03_traps__nearest_neighbour__g03t_i04_c750_d4_m5_trap__seed_42__3aba254138d7.json,skip,,customer_count>10
results/runs/research_group_03_traps/nearest_neighbour/research/group_03_traps/g03t_i05_c750_d3_m4_trap/20260508T030548Z__research_group_03_traps__nearest_neighbour__g03t_i05_c750_d3_m4_trap__seed_42__a2f12ad8d4f4.json,skip,,customer_count>10
results/runs/research_group_03_traps/nearest_neighbour/research/group_03_traps/g03t_i06_c750_d2_m3_trap/20260508T030548Z__research_group_03_traps__nearest_neighbour__g03t_i06_c750_d2_m3_trap__seed_42__df985a33fec2.json,skip,,customer_count>10
results/runs/research_group_03_traps/nearest_neighbour/research/group_03_traps/g03t_i07_c750_d4_m5_trap/20260508T030548Z__research_group_03_traps__nearest_neighbour__g03t_i07_c750_d4_m5_trap__seed_42__e7529ae0b7e1.json,skip,,customer_count>10
results/runs/research_group_03_traps/nearest_neighbour/research/group_03_traps/g03t_i08_c750_d4_m5_trap/20260508T030548Z__research_group_03_traps__nearest_neighbour__g03t_i08_c750_d4_m5_trap__seed_42__9d810328c807.json,skip,,customer_count>10
results/runs/research_group_03_traps/nearest_neighbour/research/group_03_traps/g03t_i09_c750_d3_m4_trap/20260508T030548Z__research_group_03_traps__nearest_neighbour__g03t_i09_c750_d3_m4_trap__seed_42__66dc566091cf.json,skip,,customer_count>10
results/runs/research_group_03_traps/nearest_neighbour/research/group_03_traps/g03t_i10_c750_d2_m3_trap/20260508T030548Z__research_group_03_traps__nearest_neighbour__g03t_i10_c750_d2_m3_trap__seed_42__6ddb003e98c2.json,skip,,customer_count>10
results/runs/research_group_03_traps/nearest_neighbour/research/group_03_traps/g03t_i11_c750_d4_m5_trap/20260508T030548Z__research_group_03_traps__nearest_neighbour__g03t_i11_c750_d4_m5_trap__seed_42__46e1ff7cd441.json,skip,,customer_count>10
results/runs/research_group_03_traps/nearest_neighbour/research/group_03_traps/g03t_i12_c750_d3_m4_trap/20260508T030548Z__research_group_03_traps__nearest_neighbour__g03t_i12_c750_d3_m4_trap__seed_42__9556caf9f387.json,skip,,customer_count>10
results/runs/research_group_03_traps/nearest_neighbour/research/group_03_traps/g03t_i13_c750_d2_m3_trap/20260508T030548Z__research_group_03_traps__nearest_neighbour__g03t_i13_c750_d2_m3_trap__seed_42__13c9e538bae4.json,skip,,customer_count>10
results/runs/research_group_03_traps/nearest_neighbour/research/group_03_traps/g03t_i14_c750_d4_m5_trap/20260508T030548Z__research_group_03_traps__nearest_neighbour__g03t_i14_c750_d4_m5_trap__seed_42__ff136b55766c.json,skip,,customer_count>10
results/runs/research_group_03_traps/nearest_neighbour/research/group_03_traps/g03t_i15_c750_d3_m4_trap/20260508T030548Z__research_group_03_traps__nearest_neighbour__g03t_i15_c750_d3_m4_trap__seed_42__af6718019c06.json,skip,,customer_count>10
results/runs/research_group_03_traps/nearest_neighbour/research/group_03_traps/g03t_i16_c750_d2_m3_trap/20260508T030548Z__research_group_03_traps__nearest_neighbour__g03t_i16_c750_d2_m3_trap__seed_42__e6dfa9a3e8fc.json,skip,,customer_count>10
results/runs/research_group_03_traps/nearest_neighbour/research/group_03_traps/g03t_i17_c750_d4_m5_trap/20260508T030548Z__research_group_03_traps__nearest_neighbour__g03t_i17_c750_d4_m5_trap__seed_42__8df06ab60853.json,skip,,customer_count>10
results/runs/research_group_03_traps/nearest_neighbour/research/group_03_traps/g03t_i18_c750_d3_m4_trap/20260508T030548Z__research_group_03_traps__nearest_neighbour__g03t_i18_c750_d3_m4_trap__seed_42__38d573c26072.json,skip,,customer_count>10
results/runs/research_group_03_traps/nearest_neighbour/research/group_03_traps/g03t_i19_c750_d4_m5_trap/20260508T030548Z__research_group_03_traps__nearest_neighbour__g03t_i19_c750_d4_m5_trap__seed_42__e8452c83899e.json,skip,,customer_count>10
results/runs/research_group_03_traps/nearest_neighbour/research/group_03_traps/g03t_i20_c750_d3_m4_trap/20260508T030548Z__research_group_03_traps__nearest_neighbour__g03t_i20_c750_d3_m4_trap__seed_42__12bd67a9e46d.json,skip,,customer_count>10
results/runs/research_group_03_traps/nearest_neighbour/research/group_03_traps/g03t_i21_c750_d4_m5_trap/20260508T030548Z__research_group_03_traps__nearest_neighbour__g03t_i21_c750_d4_m5_trap__seed_42__73905245a1c5.json,skip,,customer_count>10
results/runs/research_group_03_traps/nearest_neighbour/research/group_03_traps/g03t_i22_c750_d3_m4_trap/20260508T030548Z__research_group_03_traps__nearest_neighbour__g03t_i22_c750_d3_m4_trap__seed_42__6b99a84ddaf2.json,skip,,customer_count>10
results/runs/research_group_03_traps/nearest_neighbour/research/group_03_traps/g03t_i23_c750_d4_m5_trap/20260508T030548Z__research_group_03_traps__nearest_neighbour__g03t_i23_c750_d4_m5_trap__seed_42__14caba1acb89.json,skip,,customer_count>10
results/runs/research_group_03_traps/nearest_neighbour/research/group_03_traps/g03t_i24_c750_d3_m4_trap/20260508T030548Z__research_group_03_traps__nearest_neighbour__g03t_i24_c750_d3_m4_trap__seed_42__63023339cf34.json,skip,,customer_count>10
results/runs/research_group_03_traps/nearest_neighbour/research/group_03_traps/g03t_i25_c750_d2_m3_trap/20260508T030548Z__research_group_03_traps__nearest_neighbour__g03t_i25_c750_d2_m3_trap__seed_42__ca5aef667997.json,skip,,customer_count>10
results/runs/research_group_03_traps/nearest_neighbour_2opt/research/group_03_traps/g03t_i01_c750_d4_m5_trap/20260508T030549Z__research_group_03_traps__nearest_neighbour_2opt__g03t_i01_c750_d4_m5_trap__seed_42__62893f8cc2cf.json,skip,,customer_count>10
results/runs/research_group_03_traps/nearest_neighbour_2opt/research/group_03_traps/g03t_i02_c750_d3_m4_trap/20260508T030549Z__research_group_03_traps__nearest_neighbour_2opt__g03t_i02_c750_d3_m4_trap__seed_42__cd52cf254576.json,skip,,customer_count>10
results/runs/research_group_03_traps/nearest_neighbour_2opt/research/group_03_traps/g03t_i03_c750_d2_m3_trap/20260508T030549Z__research_group_03_traps__nearest_neighbour_2opt__g03t_i03_c750_d2_m3_trap__seed_42__54b54c931841.json,skip,,customer_count>10
results/runs/research_group_03_traps/nearest_neighbour_2opt/research/group_03_traps/g03t_i04_c750_d4_m5_trap/20260508T030549Z__research_group_03_traps__nearest_neighbour_2opt__g03t_i04_c750_d4_m5_trap__seed_42__e1e89047a179.json,skip,,customer_count>10
results/runs/research_group_03_traps/nearest_neighbour_2opt/research/group_03_traps/g03t_i05_c750_d3_m4_trap/20260508T030549Z__research_group_03_traps__nearest_neighbour_2opt__g03t_i05_c750_d3_m4_trap__seed_42__1913b47b8ebf.json,skip,,customer_count>10
results/runs/research_group_03_traps/nearest_neighbour_2opt/research/group_03_traps/g03t_i06_c750_d2_m3_trap/20260508T030549Z__research_group_03_traps__nearest_neighbour_2opt__g03t_i06_c750_d2_m3_trap__seed_42__ee7f5e85d2ba.json,skip,,customer_count>10
results/runs/research_group_03_traps/nearest_neighbour_2opt/research/group_03_traps/g03t_i07_c750_d4_m5_trap/20260508T030549Z__research_group_03_traps__nearest_neighbour_2opt__g03t_i07_c750_d4_m5_trap__seed_42__b5d6d343bad7.json,skip,,customer_count>10
results/runs/research_group_03_traps/nearest_neighbour_2opt/research/group_03_traps/g03t_i08_c750_d4_m5_trap/20260508T030549Z__research_group_03_traps__nearest_neighbour_2opt__g03t_i08_c750_d4_m5_trap__seed_42__db657e887b4c.json,skip,,customer_count>10
results/runs/research_group_03_traps/nearest_neighbour_2opt/research/group_03_traps/g03t_i09_c750_d3_m4_trap/20260508T030549Z__research_group_03_traps__nearest_neighbour_2opt__g03t_i09_c750_d3_m4_trap__seed_42__1b0dc24e77de.json,skip,,customer_count>10
results/runs/research_group_03_traps/nearest_neighbour_2opt/research/group_03_traps/g03t_i10_c750_d2_m3_trap/20260508T030549Z__research_group_03_traps__nearest_neighbour_2opt__g03t_i10_c750_d2_m3_trap__seed_42__a03701ea3383.json,skip,,customer_count>10
results/runs/research_group_03_traps/nearest_neighbour_2opt/research/group_03_traps/g03t_i11_c750_d4_m5_trap/20260508T030549Z__research_group_03_traps__nearest_neighbour_2opt__g03t_i11_c750_d4_m5_trap__seed_42__d51d1e529eb6.json,skip,,customer_count>10
results/runs/research_group_03_traps/nearest_neighbour_2opt/research/group_03_traps/g03t_i12_c750_d3_m4_trap/20260508T030549Z__research_group_03_traps__nearest_neighbour_2opt__g03t_i12_c750_d3_m4_trap__seed_42__8e46c61c13ff.json,skip,,customer_count>10
results/runs/research_group_03_traps/nearest_neighbour_2opt/research/group_03_traps/g03t_i13_c750_d2_m3_trap/20260508T030549Z__research_group_03_traps__nearest_neighbour_2opt__g03t_i13_c750_d2_m3_trap__seed_42__39171602632b.json,skip,,customer_count>10
results/runs/research_group_03_traps/nearest_neighbour_2opt/research/group_03_traps/g03t_i14_c750_d4_m5_trap/20260508T030549Z__research_group_03_traps__nearest_neighbour_2opt__g03t_i14_c750_d4_m5_trap__seed_42__cd4bd5405190.json,skip,,customer_count>10
results/runs/research_group_03_traps/nearest_neighbour_2opt/research/group_03_traps/g03t_i15_c750_d3_m4_trap/20260508T030549Z__research_group_03_traps__nearest_neighbour_2opt__g03t_i15_c750_d3_m4_trap__seed_42__77b2d03ff62f.json,skip,,customer_count>10
results/runs/research_group_03_traps/nearest_neighbour_2opt/research/group_03_traps/g03t_i16_c750_d2_m3_trap/20260508T030549Z__research_group_03_traps__nearest_neighbour_2opt__g03t_i16_c750_d2_m3_trap__seed_42__dfb65102d9c4.json,skip,,customer_count>10
results/runs/research_group_03_traps/nearest_neighbour_2opt/research/group_03_traps/g03t_i17_c750_d4_m5_trap/20260508T030549Z__research_group_03_traps__nearest_neighbour_2opt__g03t_i17_c750_d4_m5_trap__seed_42__e8e362033558.json,skip,,customer_count>10
results/runs/research_group_03_traps/nearest_neighbour_2opt/research/group_03_traps/g03t_i18_c750_d3_m4_trap/20260508T030549Z__research_group_03_traps__nearest_neighbour_2opt__g03t_i18_c750_d3_m4_trap__seed_42__d12ad42d52fe.json,skip,,customer_count>10
results/runs/research_group_03_traps/nearest_neighbour_2opt/research/group_03_traps/g03t_i19_c750_d4_m5_trap/20260508T030549Z__research_group_03_traps__nearest_neighbour_2opt__g03t_i19_c750_d4_m5_trap__seed_42__701bd3ade96a.json,skip,,customer_count>10
results/runs/research_group_03_traps/nearest_neighbour_2opt/research/group_03_traps/g03t_i20_c750_d3_m4_trap/20260508T030549Z__research_group_03_traps__nearest_neighbour_2opt__g03t_i20_c750_d3_m4_trap__seed_42__04e695f182d7.json,skip,,customer_count>10
results/runs/research_group_03_traps/nearest_neighbour_2opt/research/group_03_traps/g03t_i21_c750_d4_m5_trap/20260508T030549Z__research_group_03_traps__nearest_neighbour_2opt__g03t_i21_c750_d4_m5_trap__seed_42__bd1c6d3223b0.json,skip,,customer_count>10
results/runs/research_group_03_traps/nearest_neighbour_2opt/research/group_03_traps/g03t_i22_c750_d3_m4_trap/20260508T030549Z__research_group_03_traps__nearest_neighbour_2opt__g03t_i22_c750_d3_m4_trap__seed_42__dafed35fcf7a.json,skip,,customer_count>10
results/runs/research_group_03_traps/nearest_neighbour_2opt/research/group_03_traps/g03t_i23_c750_d4_m5_trap/20260508T030549Z__research_group_03_traps__nearest_neighbour_2opt__g03t_i23_c750_d4_m5_trap__seed_42__7ded51d2f5e8.json,skip,,customer_count>10
results/runs/research_group_03_traps/nearest_neighbour_2opt/research/group_03_traps/g03t_i24_c750_d3_m4_trap/20260508T030549Z__research_group_03_traps__nearest_neighbour_2opt__g03t_i24_c750_d3_m4_trap__seed_42__94067ef6706f.json,skip,,customer_count>10
results/runs/research_group_03_traps/nearest_neighbour_2opt/research/group_03_traps/g03t_i25_c750_d2_m3_trap/20260508T030549Z__research_group_03_traps__nearest_neighbour_2opt__g03t_i25_c750_d2_m3_trap__seed_42__f6eadd9e7902.json,skip,,customer_count>10
results/runs/research_group_03_traps/nearest_neighbour_2opt_v2/research/group_03_traps/g03t_i01_c750_d4_m5_trap/20260508T030549Z__research_group_03_traps__nearest_neighbour_2opt_v2__g03t_i01_c750_d4_m5_trap__seed_42__3d368b12d71d.json,skip,,customer_count>10
results/runs/research_group_03_traps/nearest_neighbour_2opt_v2/research/group_03_traps/g03t_i02_c750_d3_m4_trap/20260508T030549Z__research_group_03_traps__nearest_neighbour_2opt_v2__g03t_i02_c750_d3_m4_trap__seed_42__4550f46643b0.json,skip,,customer_count>10
results/runs/research_group_03_traps/nearest_neighbour_2opt_v2/research/group_03_traps/g03t_i03_c750_d2_m3_trap/20260508T030549Z__research_group_03_traps__nearest_neighbour_2opt_v2__g03t_i03_c750_d2_m3_trap__seed_42__3ffbeebc6abb.json,skip,,customer_count>10
results/runs/research_group_03_traps/nearest_neighbour_2opt_v2/research/group_03_traps/g03t_i04_c750_d4_m5_trap/20260508T030549Z__research_group_03_traps__nearest_neighbour_2opt_v2__g03t_i04_c750_d4_m5_trap__seed_42__dcd22ae3c5a0.json,skip,,customer_count>10
results/runs/research_group_03_traps/nearest_neighbour_2opt_v2/research/group_03_traps/g03t_i05_c750_d3_m4_trap/20260508T030549Z__research_group_03_traps__nearest_neighbour_2opt_v2__g03t_i05_c750_d3_m4_trap__seed_42__e01459f20a71.json,skip,,customer_count>10
results/runs/research_group_03_traps/nearest_neighbour_2opt_v2/research/group_03_traps/g03t_i06_c750_d2_m3_trap/20260508T030549Z__research_group_03_traps__nearest_neighbour_2opt_v2__g03t_i06_c750_d2_m3_trap__seed_42__ab9e4d328c64.json,skip,,customer_count>10
results/runs/research_group_03_traps/nearest_neighbour_2opt_v2/research/group_03_traps/g03t_i07_c750_d4_m5_trap/20260508T030549Z__research_group_03_traps__nearest_neighbour_2opt_v2__g03t_i07_c750_d4_m5_trap__seed_42__3c88a0342c83.json,skip,,customer_count>10
results/runs/research_group_03_traps/nearest_neighbour_2opt_v2/research/group_03_traps/g03t_i08_c750_d4_m5_trap/20260508T030549Z__research_group_03_traps__nearest_neighbour_2opt_v2__g03t_i08_c750_d4_m5_trap__seed_42__d45c4353d100.json,skip,,customer_count>10
results/runs/research_group_03_traps/nearest_neighbour_2opt_v2/research/group_03_traps/g03t_i09_c750_d3_m4_trap/20260508T030549Z__research_group_03_traps__nearest_neighbour_2opt_v2__g03t_i09_c750_d3_m4_trap__seed_42__b3cccdff677b.json,skip,,customer_count>10
results/runs/research_group_03_traps/nearest_neighbour_2opt_v2/research/group_03_traps/g03t_i10_c750_d2_m3_trap/20260508T030549Z__research_group_03_traps__nearest_neighbour_2opt_v2__g03t_i10_c750_d2_m3_trap__seed_42__54f22ef28b82.json,skip,,customer_count>10
results/runs/research_group_03_traps/nearest_neighbour_2opt_v2/research/group_03_traps/g03t_i11_c750_d4_m5_trap/20260508T030549Z__research_group_03_traps__nearest_neighbour_2opt_v2__g03t_i11_c750_d4_m5_trap__seed_42__903c06306830.json,skip,,customer_count>10
results/runs/research_group_03_traps/nearest_neighbour_2opt_v2/research/group_03_traps/g03t_i12_c750_d3_m4_trap/20260508T030549Z__research_group_03_traps__nearest_neighbour_2opt_v2__g03t_i12_c750_d3_m4_trap__seed_42__3dfde9457104.json,skip,,customer_count>10
results/runs/research_group_03_traps/nearest_neighbour_2opt_v2/research/group_03_traps/g03t_i13_c750_d2_m3_trap/20260508T030549Z__research_group_03_traps__nearest_neighbour_2opt_v2__g03t_i13_c750_d2_m3_trap__seed_42__6df843463160.json,skip,,customer_count>10
results/runs/research_group_03_traps/nearest_neighbour_2opt_v2/research/group_03_traps/g03t_i14_c750_d4_m5_trap/20260508T030549Z__research_group_03_traps__nearest_neighbour_2opt_v2__g03t_i14_c750_d4_m5_trap__seed_42__cddb3c987cc1.json,skip,,customer_count>10
results/runs/research_group_03_traps/nearest_neighbour_2opt_v2/research/group_03_traps/g03t_i15_c750_d3_m4_trap/20260508T030549Z__research_group_03_traps__nearest_neighbour_2opt_v2__g03t_i15_c750_d3_m4_trap__seed_42__6e4b93f3551a.json,skip,,customer_count>10
results/runs/research_group_03_traps/nearest_neighbour_2opt_v2/research/group_03_traps/g03t_i16_c750_d2_m3_trap/20260508T030549Z__research_group_03_traps__nearest_neighbour_2opt_v2__g03t_i16_c750_d2_m3_trap__seed_42__9c2c8baf1f32.json,skip,,customer_count>10
results/runs/research_group_03_traps/nearest_neighbour_2opt_v2/research/group_03_traps/g03t_i17_c750_d4_m5_trap/20260508T030549Z__research_group_03_traps__nearest_neighbour_2opt_v2__g03t_i17_c750_d4_m5_trap__seed_42__db31787f49bd.json,skip,,customer_count>10
results/runs/research_group_03_traps/nearest_neighbour_2opt_v2/research/group_03_traps/g03t_i18_c750_d3_m4_trap/20260508T030549Z__research_group_03_traps__nearest_neighbour_2opt_v2__g03t_i18_c750_d3_m4_trap__seed_42__60d4378081be.json,skip,,customer_count>10
results/runs/research_group_03_traps/nearest_neighbour_2opt_v2/research/group_03_traps/g03t_i19_c750_d4_m5_trap/20260508T030549Z__research_group_03_traps__nearest_neighbour_2opt_v2__g03t_i19_c750_d4_m5_trap__seed_42__475d4731436b.json,skip,,customer_count>10
results/runs/research_group_03_traps/nearest_neighbour_2opt_v2/research/group_03_traps/g03t_i20_c750_d3_m4_trap/20260508T030549Z__research_group_03_traps__nearest_neighbour_2opt_v2__g03t_i20_c750_d3_m4_trap__seed_42__57c6a1e253e9.json,skip,,customer_count>10
results/runs/research_group_03_traps/nearest_neighbour_2opt_v2/research/group_03_traps/g03t_i21_c750_d4_m5_trap/20260508T030549Z__research_group_03_traps__nearest_neighbour_2opt_v2__g03t_i21_c750_d4_m5_trap__seed_42__34d2fc7f0592.json,skip,,customer_count>10
results/runs/research_group_03_traps/nearest_neighbour_2opt_v2/research/group_03_traps/g03t_i22_c750_d3_m4_trap/20260508T030549Z__research_group_03_traps__nearest_neighbour_2opt_v2__g03t_i22_c750_d3_m4_trap__seed_42__db4ccc3a8738.json,skip,,customer_count>10
results/runs/research_group_03_traps/nearest_neighbour_2opt_v2/research/group_03_traps/g03t_i23_c750_d4_m5_trap/20260508T030549Z__research_group_03_traps__nearest_neighbour_2opt_v2__g03t_i23_c750_d4_m5_trap__seed_42__8e1ce1bc683c.json,skip,,customer_count>10
results/runs/research_group_03_traps/nearest_neighbour_2opt_v2/research/group_03_traps/g03t_i24_c750_d3_m4_trap/20260508T030549Z__research_group_03_traps__nearest_neighbour_2opt_v2__g03t_i24_c750_d3_m4_trap__seed_42__fca6f7140518.json,skip,,customer_count>10
results/runs/research_group_03_traps/nearest_neighbour_2opt_v2/research/group_03_traps/g03t_i25_c750_d2_m3_trap/20260508T030549Z__research_group_03_traps__nearest_neighbour_2opt_v2__g03t_i25_c750_d2_m3_trap__seed_42__5893277ec2ab.json,skip,,customer_count>10
results/runs/research_until_25000/cheapest_insertion/research/group_01/g01_i01_c10_d1_m3_random/20260506T005954Z__research_until_25000__cheapest_insertion__g01_i01_c10_d1_m3_random__seed_42__7e06f097d45e.json,rendered,results/plots/solutions/research_until_25000/cheapest_insertion/research/group_01/g01_i01_c10_d1_m3_random/20260506T005954Z__research_until_25000__cheapest_insertion__g01_i01_c10_d1_m3_random__seed_42__7e06f097d45e.png,
results/runs/research_until_25000/cheapest_insertion/research/group_01/g01_i02_c10_d1_m3_random/20260506T005954Z__research_until_25000__cheapest_insertion__g01_i02_c10_d1_m3_random__seed_42__a2e7e8575547.json,rendered,results/plots/solutions/research_until_25000/cheapest_insertion/research/group_01/g01_i02_c10_d1_m3_random/20260506T005954Z__research_until_25000__cheapest_insertion__g01_i02_c10_d1_m3_random__seed_42__a2e7e8575547.png,
results/runs/research_until_25000/cheapest_insertion/research/group_01/g01_i03_c10_d2_m6_random/20260506T005954Z__research_until_25000__cheapest_insertion__g01_i03_c10_d2_m6_random__seed_42__2f2a8c397720.json,rendered,results/plots/solutions/research_until_25000/cheapest_insertion/research/group_01/g01_i03_c10_d2_m6_random/20260506T005954Z__research_until_25000__cheapest_insertion__g01_i03_c10_d2_m6_random__seed_42__2f2a8c397720.png,
results/runs/research_until_25000/cheapest_insertion/research/group_01/g01_i04_c10_d2_m5_random/20260506T005954Z__research_until_25000__cheapest_insertion__g01_i04_c10_d2_m5_random__seed_42__18356b69aabd.json,rendered,results/plots/solutions/research_until_25000/cheapest_insertion/research/group_01/g01_i04_c10_d2_m5_random/20260506T005954Z__research_until_25000__cheapest_insertion__g01_i04_c10_d2_m5_random__seed_42__18356b69aabd.png,
results/runs/research_until_25000/cheapest_insertion/research/group_01/g01_i05_c10_d2_m4_random/20260506T005954Z__research_until_25000__cheapest_insertion__g01_i05_c10_d2_m4_random__seed_42__cd2922a66f5c.json,rendered,results/plots/solutions/research_until_25000/cheapest_insertion/research/group_01/g01_i05_c10_d2_m4_random/20260506T005954Z__research_until_25000__cheapest_insertion__g01_i05_c10_d2_m4_random__seed_42__cd2922a66f5c.png,
results/runs/research_until_25000/cheapest_insertion/research/group_01/g01_i06_c10_d3_m4_random/20260506T005954Z__research_until_25000__cheapest_insertion__g01_i06_c10_d3_m4_random__seed_42__3c638308419d.json,rendered,results/plots/solutions/research_until_25000/cheapest_insertion/research/group_01/g01_i06_c10_d3_m4_random/20260506T005954Z__research_until_25000__cheapest_insertion__g01_i06_c10_d3_m4_random__seed_42__3c638308419d.png,
results/runs/research_until_25000/cheapest_insertion/research/group_01/g01_i07_c10_d3_m5_random/20260506T005954Z__research_until_25000__cheapest_insertion__g01_i07_c10_d3_m5_random__seed_42__b23b5f274871.json,rendered,results/plots/solutions/research_until_25000/cheapest_insertion/research/group_01/g01_i07_c10_d3_m5_random/20260506T005954Z__research_until_25000__cheapest_insertion__g01_i07_c10_d3_m5_random__seed_42__b23b5f274871.png,
results/runs/research_until_25000/cheapest_insertion/research/group_01/g01_i08_c10_d2_m2_random/20260506T005954Z__research_until_25000__cheapest_insertion__g01_i08_c10_d2_m2_random__seed_42__b65adea6e7be.json,rendered,results/plots/solutions/research_until_25000/cheapest_insertion/research/group_01/g01_i08_c10_d2_m2_random/20260506T005954Z__research_until_25000__cheapest_insertion__g01_i08_c10_d2_m2_random__seed_42__b65adea6e7be.png,
results/runs/research_until_25000/cheapest_insertion/research/group_01/g01_i09_c10_d3_m3_random/20260506T005954Z__research_until_25000__cheapest_insertion__g01_i09_c10_d3_m3_random__seed_42__37938d57f57d.json,rendered,results/plots/solutions/research_until_25000/cheapest_insertion/research/group_01/g01_i09_c10_d3_m3_random/20260506T005954Z__research_until_25000__cheapest_insertion__g01_i09_c10_d3_m3_random__seed_42__37938d57f57d.png,
results/runs/research_until_25000/cheapest_insertion/research/group_01/g01_i10_c10_d1_m1_random/20260506T005954Z__research_until_25000__cheapest_insertion__g01_i10_c10_d1_m1_random__seed_42__e48153472cc6.json,rendered,results/plots/solutions/research_until_25000/cheapest_insertion/research/group_01/g01_i10_c10_d1_m1_random/20260506T005954Z__research_until_25000__cheapest_insertion__g01_i10_c10_d1_m1_random__seed_42__e48153472cc6.png,
results/runs/research_until_25000/cheapest_insertion/research/group_02/g02_i01_c50_d5_m23_random/20260506T005954Z__research_until_25000__cheapest_insertion__g02_i01_c50_d5_m23_random__seed_42__aa50ef54c7ac.json,skip,,customer_count>10
results/runs/research_until_25000/cheapest_insertion/research/group_02/g02_i02_c50_d3_m3_random/20260506T005954Z__research_until_25000__cheapest_insertion__g02_i02_c50_d3_m3_random__seed_42__c22e5544fc1a.json,skip,,customer_count>10
results/runs/research_until_25000/cheapest_insertion/research/group_02/g02_i03_c50_d4_m19_random/20260506T005954Z__research_until_25000__cheapest_insertion__g02_i03_c50_d4_m19_random__seed_42__d0e1e5335fd4.json,skip,,customer_count>10
results/runs/research_until_25000/cheapest_insertion/research/group_02/g02_i04_c50_d4_m10_random/20260506T005954Z__research_until_25000__cheapest_insertion__g02_i04_c50_d4_m10_random__seed_42__57115fdab4bf.json,skip,,customer_count>10
results/runs/research_until_25000/cheapest_insertion/research/group_02/g02_i05_c50_d3_m7_random/20260506T005954Z__research_until_25000__cheapest_insertion__g02_i05_c50_d3_m7_random__seed_42__735150021370.json,skip,,customer_count>10
results/runs/research_until_25000/cheapest_insertion/research/group_02/g02_i06_c50_d4_m6_random/20260506T005954Z__research_until_25000__cheapest_insertion__g02_i06_c50_d4_m6_random__seed_42__b5ea96f1cbcb.json,skip,,customer_count>10
results/runs/research_until_25000/cheapest_insertion/research/group_02/g02_i07_c50_d4_m5_random/20260506T005954Z__research_until_25000__cheapest_insertion__g02_i07_c50_d4_m5_random__seed_42__c970623ef3bc.json,skip,,customer_count>10
results/runs/research_until_25000/cheapest_insertion/research/group_02/g02_i08_c50_d4_m11_random/20260506T005954Z__research_until_25000__cheapest_insertion__g02_i08_c50_d4_m11_random__seed_42__2040391bf342.json,skip,,customer_count>10
results/runs/research_until_25000/cheapest_insertion/research/group_02/g02_i09_c50_d5_m10_random/20260506T005954Z__research_until_25000__cheapest_insertion__g02_i09_c50_d5_m10_random__seed_42__394a9c209cad.json,skip,,customer_count>10
results/runs/research_until_25000/cheapest_insertion/research/group_02/g02_i10_c50_d4_m20_random/20260506T005954Z__research_until_25000__cheapest_insertion__g02_i10_c50_d4_m20_random__seed_42__7a2299f9b2f0.json,skip,,customer_count>10
results/runs/research_until_25000/cheapest_insertion/research/group_03/g03_i01_c500_d5_m21_random/20260506T005954Z__research_until_25000__cheapest_insertion__g03_i01_c500_d5_m21_random__seed_42__175bfb36e4fa.json,skip,,customer_count>10
results/runs/research_until_25000/cheapest_insertion/research/group_03/g03_i02_c500_d3_m10_random/20260506T005954Z__research_until_25000__cheapest_insertion__g03_i02_c500_d3_m10_random__seed_42__29ce6a1a5ba2.json,skip,,customer_count>10
results/runs/research_until_25000/cheapest_insertion/research/group_03/g03_i03_c500_d3_m12_random/20260506T005954Z__research_until_25000__cheapest_insertion__g03_i03_c500_d3_m12_random__seed_42__a4f055720596.json,skip,,customer_count>10
results/runs/research_until_25000/cheapest_insertion/research/group_03/g03_i04_c500_d5_m19_random/20260506T005954Z__research_until_25000__cheapest_insertion__g03_i04_c500_d5_m19_random__seed_42__95e216d86ca9.json,skip,,customer_count>10
results/runs/research_until_25000/cheapest_insertion/research/group_03/g03_i05_c500_d3_m6_random/20260506T005954Z__research_until_25000__cheapest_insertion__g03_i05_c500_d3_m6_random__seed_42__53b0f3c34d63.json,skip,,customer_count>10
results/runs/research_until_25000/cheapest_insertion/research/group_03/g03_i06_c500_d3_m3_random/20260506T005954Z__research_until_25000__cheapest_insertion__g03_i06_c500_d3_m3_random__seed_42__f7d4589c5330.json,skip,,customer_count>10
results/runs/research_until_25000/cheapest_insertion/research/group_03/g03_i07_c500_d5_m20_random/20260506T005954Z__research_until_25000__cheapest_insertion__g03_i07_c500_d5_m20_random__seed_42__7affcf95836a.json,skip,,customer_count>10
results/runs/research_until_25000/cheapest_insertion/research/group_03/g03_i08_c500_d3_m7_random/20260506T005954Z__research_until_25000__cheapest_insertion__g03_i08_c500_d3_m7_random__seed_42__ec6b3f80bc6a.json,skip,,customer_count>10
results/runs/research_until_25000/cheapest_insertion/research/group_03/g03_i09_c500_d4_m8_random/20260506T005954Z__research_until_25000__cheapest_insertion__g03_i09_c500_d4_m8_random__seed_42__4f6c8e92caea.json,skip,,customer_count>10
results/runs/research_until_25000/cheapest_insertion/research/group_03/g03_i10_c500_d5_m18_random/20260506T005954Z__research_until_25000__cheapest_insertion__g03_i10_c500_d5_m18_random__seed_42__6aa997800f90.json,skip,,customer_count>10
results/runs/research_until_25000/cheapest_insertion/research/group_04/g04_i01_c1000_d6_m11_random/20260506T005954Z__research_until_25000__cheapest_insertion__g04_i01_c1000_d6_m11_random__seed_42__39af9be3e953.json,skip,,customer_count>10
results/runs/research_until_25000/cheapest_insertion/research/group_04/g04_i02_c1000_d5_m19_random/20260506T005954Z__research_until_25000__cheapest_insertion__g04_i02_c1000_d5_m19_random__seed_42__1d81c2335287.json,skip,,customer_count>10
results/runs/research_until_25000/cheapest_insertion/research/group_04/g04_i03_c1000_d7_m19_random/20260506T005954Z__research_until_25000__cheapest_insertion__g04_i03_c1000_d7_m19_random__seed_42__95df24ab7f2f.json,skip,,customer_count>10
results/runs/research_until_25000/cheapest_insertion/research/group_04/g04_i04_c1000_d7_m12_random/20260506T005954Z__research_until_25000__cheapest_insertion__g04_i04_c1000_d7_m12_random__seed_42__96d6bbed9c05.json,skip,,customer_count>10
results/runs/research_until_25000/cheapest_insertion/research/group_04/g04_i05_c1000_d10_m23_random/20260506T005954Z__research_until_25000__cheapest_insertion__g04_i05_c1000_d10_m23_random__seed_42__1d07681787f8.json,skip,,customer_count>10
results/runs/research_until_25000/cheapest_insertion/research/group_05/g05_i01_c10000_d1_m6_random/20260506T005954Z__research_until_25000__cheapest_insertion__g05_i01_c10000_d1_m6_random__seed_42__c6be87594e2a.json,skip,,customer_count>10
results/runs/research_until_25000/cheapest_insertion/research/group_05/g05_i02_c10000_d2_m9_random/20260506T010031Z__research_until_25000__cheapest_insertion__g05_i02_c10000_d2_m9_random__seed_42__bd39a0f1a40b.json,skip,,customer_count>10
results/runs/research_until_25000/cheapest_insertion/research/group_05/g05_i03_c10000_d3_m18_random/20260506T010053Z__research_until_25000__cheapest_insertion__g05_i03_c10000_d3_m18_random__seed_42__498f00f2ce3d.json,skip,,customer_count>10
results/runs/research_until_25000/cheapest_insertion/research/group_05/g05_i04_c10000_d1_m8_random/20260506T010105Z__research_until_25000__cheapest_insertion__g05_i04_c10000_d1_m8_random__seed_42__d2d629d45a86.json,skip,,customer_count>10
results/runs/research_until_25000/cheapest_insertion/research/group_05/g05_i05_c10000_d2_m9_random/20260506T010125Z__research_until_25000__cheapest_insertion__g05_i05_c10000_d2_m9_random__seed_42__1c948c4821c1.json,skip,,customer_count>10
results/runs/research_until_25000/cheapest_insertion/research/group_06/g06_i01_c10000_d7_m16_clustered/20260506T010140Z__research_until_25000__cheapest_insertion__g06_i01_c10000_d7_m16_clustered__seed_42__b41874dad58e.json,skip,,customer_count>10
results/runs/research_until_25000/cheapest_insertion/research/group_06/g06_i02_c10000_d6_m41_clustered/20260506T010152Z__research_until_25000__cheapest_insertion__g06_i02_c10000_d6_m41_clustered__seed_42__7677b4c7ee51.json,skip,,customer_count>10
results/runs/research_until_25000/cheapest_insertion/research/group_06/g06_i03_c10000_d10_m79_grid/20260506T010156Z__research_until_25000__cheapest_insertion__g06_i03_c10000_d10_m79_grid__seed_42__a060a8747451.json,skip,,customer_count>10
results/runs/research_until_25000/cheapest_insertion/research/group_06/g06_i04_c10000_d7_m15_grid/20260506T010157Z__research_until_25000__cheapest_insertion__g06_i04_c10000_d7_m15_grid__seed_42__3c861b76ed29.json,skip,,customer_count>10
results/runs/research_until_25000/cheapest_insertion/research/group_06/g06_i05_c10000_d7_m15_adversarial/20260506T010202Z__research_until_25000__cheapest_insertion__g06_i05_c10000_d7_m15_adversarial__seed_42__faf8cb173ac7.json,skip,,customer_count>10
results/runs/research_until_25000/cheapest_insertion/research/group_06/g06_i06_c10000_d7_m33_adversarial/20260506T010256Z__research_until_25000__cheapest_insertion__g06_i06_c10000_d7_m33_adversarial__seed_42__ab4fb124e83d.json,skip,,customer_count>10
results/runs/research_until_25000/cheapest_insertion/research/group_06/g06_i07_c10000_d10_m70_line/20260506T010304Z__research_until_25000__cheapest_insertion__g06_i07_c10000_d10_m70_line__seed_42__7195434cbaa8.json,skip,,customer_count>10
results/runs/research_until_25000/cheapest_insertion/research/group_06/g06_i08_c10000_d7_m45_line/20260506T010307Z__research_until_25000__cheapest_insertion__g06_i08_c10000_d7_m45_line__seed_42__6dc3ad4ba436.json,skip,,customer_count>10
results/runs/research_until_25000/cheapest_insertion/research/group_07/g07_i01_c25000_d9_m20_random/20260506T010309Z__research_until_25000__cheapest_insertion__g07_i01_c25000_d9_m20_random__seed_42__5f363e5717d8.json,skip,,customer_count>10
results/runs/research_until_25000/cheapest_insertion/research/group_07/g07_i02_c25000_d5_m26_random/20260506T010623Z__research_until_25000__cheapest_insertion__g07_i02_c25000_d5_m26_random__seed_42__004beec2361f.json,skip,,customer_count>10
results/runs/research_until_25000/cheapest_insertion_2opt/research/group_01/g01_i01_c10_d1_m3_random/20260508T010559Z__research_until_25000__cheapest_insertion_2opt__g01_i01_c10_d1_m3_random__seed_42__0c371cd85fee.json,rendered,results/plots/solutions/research_until_25000/cheapest_insertion_2opt/research/group_01/g01_i01_c10_d1_m3_random/20260508T010559Z__research_until_25000__cheapest_insertion_2opt__g01_i01_c10_d1_m3_random__seed_42__0c371cd85fee.png,
results/runs/research_until_25000/cheapest_insertion_2opt/research/group_01/g01_i02_c10_d1_m3_random/20260508T010559Z__research_until_25000__cheapest_insertion_2opt__g01_i02_c10_d1_m3_random__seed_42__9d8b8d937256.json,rendered,results/plots/solutions/research_until_25000/cheapest_insertion_2opt/research/group_01/g01_i02_c10_d1_m3_random/20260508T010559Z__research_until_25000__cheapest_insertion_2opt__g01_i02_c10_d1_m3_random__seed_42__9d8b8d937256.png,
results/runs/research_until_25000/cheapest_insertion_2opt/research/group_01/g01_i03_c10_d2_m6_random/20260508T010559Z__research_until_25000__cheapest_insertion_2opt__g01_i03_c10_d2_m6_random__seed_42__3e659afebc74.json,rendered,results/plots/solutions/research_until_25000/cheapest_insertion_2opt/research/group_01/g01_i03_c10_d2_m6_random/20260508T010559Z__research_until_25000__cheapest_insertion_2opt__g01_i03_c10_d2_m6_random__seed_42__3e659afebc74.png,
results/runs/research_until_25000/cheapest_insertion_2opt/research/group_01/g01_i04_c10_d2_m5_random/20260508T010559Z__research_until_25000__cheapest_insertion_2opt__g01_i04_c10_d2_m5_random__seed_42__7a02ab4c343d.json,rendered,results/plots/solutions/research_until_25000/cheapest_insertion_2opt/research/group_01/g01_i04_c10_d2_m5_random/20260508T010559Z__research_until_25000__cheapest_insertion_2opt__g01_i04_c10_d2_m5_random__seed_42__7a02ab4c343d.png,
results/runs/research_until_25000/cheapest_insertion_2opt/research/group_01/g01_i05_c10_d2_m4_random/20260508T010559Z__research_until_25000__cheapest_insertion_2opt__g01_i05_c10_d2_m4_random__seed_42__94097aac5286.json,rendered,results/plots/solutions/research_until_25000/cheapest_insertion_2opt/research/group_01/g01_i05_c10_d2_m4_random/20260508T010559Z__research_until_25000__cheapest_insertion_2opt__g01_i05_c10_d2_m4_random__seed_42__94097aac5286.png,
results/runs/research_until_25000/cheapest_insertion_2opt/research/group_01/g01_i06_c10_d3_m4_random/20260508T010559Z__research_until_25000__cheapest_insertion_2opt__g01_i06_c10_d3_m4_random__seed_42__b0222d196b7f.json,rendered,results/plots/solutions/research_until_25000/cheapest_insertion_2opt/research/group_01/g01_i06_c10_d3_m4_random/20260508T010559Z__research_until_25000__cheapest_insertion_2opt__g01_i06_c10_d3_m4_random__seed_42__b0222d196b7f.png,
results/runs/research_until_25000/cheapest_insertion_2opt/research/group_01/g01_i07_c10_d3_m5_random/20260508T010559Z__research_until_25000__cheapest_insertion_2opt__g01_i07_c10_d3_m5_random__seed_42__411df1e941cc.json,rendered,results/plots/solutions/research_until_25000/cheapest_insertion_2opt/research/group_01/g01_i07_c10_d3_m5_random/20260508T010559Z__research_until_25000__cheapest_insertion_2opt__g01_i07_c10_d3_m5_random__seed_42__411df1e941cc.png,
results/runs/research_until_25000/cheapest_insertion_2opt/research/group_01/g01_i08_c10_d2_m2_random/20260508T010559Z__research_until_25000__cheapest_insertion_2opt__g01_i08_c10_d2_m2_random__seed_42__3ea8bd5e4d52.json,rendered,results/plots/solutions/research_until_25000/cheapest_insertion_2opt/research/group_01/g01_i08_c10_d2_m2_random/20260508T010559Z__research_until_25000__cheapest_insertion_2opt__g01_i08_c10_d2_m2_random__seed_42__3ea8bd5e4d52.png,
results/runs/research_until_25000/cheapest_insertion_2opt/research/group_01/g01_i09_c10_d3_m3_random/20260508T010559Z__research_until_25000__cheapest_insertion_2opt__g01_i09_c10_d3_m3_random__seed_42__7823e7e2f174.json,rendered,results/plots/solutions/research_until_25000/cheapest_insertion_2opt/research/group_01/g01_i09_c10_d3_m3_random/20260508T010559Z__research_until_25000__cheapest_insertion_2opt__g01_i09_c10_d3_m3_random__seed_42__7823e7e2f174.png,
results/runs/research_until_25000/cheapest_insertion_2opt/research/group_01/g01_i10_c10_d1_m1_random/20260508T010559Z__research_until_25000__cheapest_insertion_2opt__g01_i10_c10_d1_m1_random__seed_42__0c82759f250a.json,rendered,results/plots/solutions/research_until_25000/cheapest_insertion_2opt/research/group_01/g01_i10_c10_d1_m1_random/20260508T010559Z__research_until_25000__cheapest_insertion_2opt__g01_i10_c10_d1_m1_random__seed_42__0c82759f250a.png,
results/runs/research_until_25000/cheapest_insertion_2opt/research/group_02/g02_i01_c50_d5_m23_random/20260508T010559Z__research_until_25000__cheapest_insertion_2opt__g02_i01_c50_d5_m23_random__seed_42__70a063d94c7a.json,skip,,customer_count>10
results/runs/research_until_25000/cheapest_insertion_2opt/research/group_02/g02_i02_c50_d3_m3_random/20260508T010559Z__research_until_25000__cheapest_insertion_2opt__g02_i02_c50_d3_m3_random__seed_42__d126dbcb8bba.json,skip,,customer_count>10
results/runs/research_until_25000/cheapest_insertion_2opt/research/group_02/g02_i03_c50_d4_m19_random/20260508T010559Z__research_until_25000__cheapest_insertion_2opt__g02_i03_c50_d4_m19_random__seed_42__056dba836ee1.json,skip,,customer_count>10
results/runs/research_until_25000/cheapest_insertion_2opt/research/group_02/g02_i04_c50_d4_m10_random/20260508T010559Z__research_until_25000__cheapest_insertion_2opt__g02_i04_c50_d4_m10_random__seed_42__5f87e20f81e8.json,skip,,customer_count>10
results/runs/research_until_25000/cheapest_insertion_2opt/research/group_02/g02_i05_c50_d3_m7_random/20260508T010559Z__research_until_25000__cheapest_insertion_2opt__g02_i05_c50_d3_m7_random__seed_42__aca43caaec29.json,skip,,customer_count>10
results/runs/research_until_25000/cheapest_insertion_2opt/research/group_02/g02_i06_c50_d4_m6_random/20260508T010559Z__research_until_25000__cheapest_insertion_2opt__g02_i06_c50_d4_m6_random__seed_42__c490826ecb69.json,skip,,customer_count>10
results/runs/research_until_25000/cheapest_insertion_2opt/research/group_02/g02_i07_c50_d4_m5_random/20260508T010559Z__research_until_25000__cheapest_insertion_2opt__g02_i07_c50_d4_m5_random__seed_42__538704fc2b27.json,skip,,customer_count>10
results/runs/research_until_25000/cheapest_insertion_2opt/research/group_02/g02_i08_c50_d4_m11_random/20260508T010559Z__research_until_25000__cheapest_insertion_2opt__g02_i08_c50_d4_m11_random__seed_42__67f92f49dff3.json,skip,,customer_count>10
results/runs/research_until_25000/cheapest_insertion_2opt/research/group_02/g02_i09_c50_d5_m10_random/20260508T010559Z__research_until_25000__cheapest_insertion_2opt__g02_i09_c50_d5_m10_random__seed_42__fee27d48d58a.json,skip,,customer_count>10
results/runs/research_until_25000/cheapest_insertion_2opt/research/group_02/g02_i10_c50_d4_m20_random/20260508T010559Z__research_until_25000__cheapest_insertion_2opt__g02_i10_c50_d4_m20_random__seed_42__ef400c4693f4.json,skip,,customer_count>10
results/runs/research_until_25000/cheapest_insertion_2opt/research/group_03/g03_i01_c500_d5_m21_random/20260508T010559Z__research_until_25000__cheapest_insertion_2opt__g03_i01_c500_d5_m21_random__seed_42__14ab16e97704.json,skip,,customer_count>10
results/runs/research_until_25000/cheapest_insertion_2opt/research/group_03/g03_i02_c500_d3_m10_random/20260508T010559Z__research_until_25000__cheapest_insertion_2opt__g03_i02_c500_d3_m10_random__seed_42__b2f0d6ddcb32.json,skip,,customer_count>10
results/runs/research_until_25000/cheapest_insertion_2opt/research/group_03/g03_i03_c500_d3_m12_random/20260508T010559Z__research_until_25000__cheapest_insertion_2opt__g03_i03_c500_d3_m12_random__seed_42__b9ad21e9da5d.json,skip,,customer_count>10
results/runs/research_until_25000/cheapest_insertion_2opt/research/group_03/g03_i04_c500_d5_m19_random/20260508T010559Z__research_until_25000__cheapest_insertion_2opt__g03_i04_c500_d5_m19_random__seed_42__ad98114854b7.json,skip,,customer_count>10
results/runs/research_until_25000/cheapest_insertion_2opt/research/group_03/g03_i05_c500_d3_m6_random/20260508T010559Z__research_until_25000__cheapest_insertion_2opt__g03_i05_c500_d3_m6_random__seed_42__b58e109b1b94.json,skip,,customer_count>10
results/runs/research_until_25000/cheapest_insertion_2opt/research/group_03/g03_i06_c500_d3_m3_random/20260508T010559Z__research_until_25000__cheapest_insertion_2opt__g03_i06_c500_d3_m3_random__seed_42__ce7c1b019e7d.json,skip,,customer_count>10
results/runs/research_until_25000/cheapest_insertion_2opt/research/group_03/g03_i07_c500_d5_m20_random/20260508T010559Z__research_until_25000__cheapest_insertion_2opt__g03_i07_c500_d5_m20_random__seed_42__a814a3e4560a.json,skip,,customer_count>10
results/runs/research_until_25000/cheapest_insertion_2opt/research/group_03/g03_i08_c500_d3_m7_random/20260508T010559Z__research_until_25000__cheapest_insertion_2opt__g03_i08_c500_d3_m7_random__seed_42__bfbcb8d9135d.json,skip,,customer_count>10
results/runs/research_until_25000/cheapest_insertion_2opt/research/group_03/g03_i09_c500_d4_m8_random/20260508T010559Z__research_until_25000__cheapest_insertion_2opt__g03_i09_c500_d4_m8_random__seed_42__93e19a0403d4.json,skip,,customer_count>10
results/runs/research_until_25000/cheapest_insertion_2opt/research/group_03/g03_i10_c500_d5_m18_random/20260508T010559Z__research_until_25000__cheapest_insertion_2opt__g03_i10_c500_d5_m18_random__seed_42__c30c268a721a.json,skip,,customer_count>10
results/runs/research_until_25000/cheapest_insertion_2opt/research/group_04/g04_i01_c1000_d6_m11_random/20260508T010559Z__research_until_25000__cheapest_insertion_2opt__g04_i01_c1000_d6_m11_random__seed_42__58cd9cca0640.json,skip,,customer_count>10
results/runs/research_until_25000/cheapest_insertion_2opt/research/group_04/g04_i02_c1000_d5_m19_random/20260508T010559Z__research_until_25000__cheapest_insertion_2opt__g04_i02_c1000_d5_m19_random__seed_42__7e07e1f9d48f.json,skip,,customer_count>10
results/runs/research_until_25000/cheapest_insertion_2opt/research/group_04/g04_i03_c1000_d7_m19_random/20260508T010559Z__research_until_25000__cheapest_insertion_2opt__g04_i03_c1000_d7_m19_random__seed_42__278700da664c.json,skip,,customer_count>10
results/runs/research_until_25000/cheapest_insertion_2opt/research/group_04/g04_i04_c1000_d7_m12_random/20260508T010559Z__research_until_25000__cheapest_insertion_2opt__g04_i04_c1000_d7_m12_random__seed_42__28763e34e3b6.json,skip,,customer_count>10
results/runs/research_until_25000/cheapest_insertion_2opt/research/group_04/g04_i05_c1000_d10_m23_random/20260508T010559Z__research_until_25000__cheapest_insertion_2opt__g04_i05_c1000_d10_m23_random__seed_42__849419577074.json,skip,,customer_count>10
results/runs/research_until_25000/cheapest_insertion_2opt/research/group_05/g05_i01_c10000_d1_m6_random/20260508T010559Z__research_until_25000__cheapest_insertion_2opt__g05_i01_c10000_d1_m6_random__seed_42__58684d7eb920.json,skip,,customer_count>10
results/runs/research_until_25000/cheapest_insertion_2opt/research/group_05/g05_i02_c10000_d2_m9_random/20260508T010636Z__research_until_25000__cheapest_insertion_2opt__g05_i02_c10000_d2_m9_random__seed_42__6d6cdf255cb9.json,skip,,customer_count>10
results/runs/research_until_25000/cheapest_insertion_2opt/research/group_05/g05_i03_c10000_d3_m18_random/20260508T010658Z__research_until_25000__cheapest_insertion_2opt__g05_i03_c10000_d3_m18_random__seed_42__5696a20fa7d6.json,skip,,customer_count>10
results/runs/research_until_25000/cheapest_insertion_2opt/research/group_05/g05_i04_c10000_d1_m8_random/20260508T010711Z__research_until_25000__cheapest_insertion_2opt__g05_i04_c10000_d1_m8_random__seed_42__ef8da31bdfc2.json,skip,,customer_count>10
results/runs/research_until_25000/cheapest_insertion_2opt/research/group_05/g05_i05_c10000_d2_m9_random/20260508T010732Z__research_until_25000__cheapest_insertion_2opt__g05_i05_c10000_d2_m9_random__seed_42__04c3a1081fdd.json,skip,,customer_count>10
results/runs/research_until_25000/cheapest_insertion_2opt/research/group_06/g06_i01_c10000_d7_m16_clustered/20260508T010748Z__research_until_25000__cheapest_insertion_2opt__g06_i01_c10000_d7_m16_clustered__seed_42__138090fdc262.json,skip,,customer_count>10
results/runs/research_until_25000/cheapest_insertion_2opt/research/group_06/g06_i02_c10000_d6_m41_clustered/20260508T010800Z__research_until_25000__cheapest_insertion_2opt__g06_i02_c10000_d6_m41_clustered__seed_42__893438ef85d6.json,skip,,customer_count>10
results/runs/research_until_25000/cheapest_insertion_2opt/research/group_06/g06_i03_c10000_d10_m79_grid/20260508T010805Z__research_until_25000__cheapest_insertion_2opt__g06_i03_c10000_d10_m79_grid__seed_42__6142d1ea839f.json,skip,,customer_count>10
results/runs/research_until_25000/cheapest_insertion_2opt/research/group_06/g06_i04_c10000_d7_m15_grid/20260508T010806Z__research_until_25000__cheapest_insertion_2opt__g06_i04_c10000_d7_m15_grid__seed_42__78d5e9fec302.json,skip,,customer_count>10
results/runs/research_until_25000/cheapest_insertion_2opt/research/group_06/g06_i05_c10000_d7_m15_adversarial/20260508T010810Z__research_until_25000__cheapest_insertion_2opt__g06_i05_c10000_d7_m15_adversarial__seed_42__d34fc2b7b0c3.json,skip,,customer_count>10
results/runs/research_until_25000/cheapest_insertion_2opt/research/group_06/g06_i06_c10000_d7_m33_adversarial/20260508T010905Z__research_until_25000__cheapest_insertion_2opt__g06_i06_c10000_d7_m33_adversarial__seed_42__a1efbaa8b83e.json,skip,,customer_count>10
results/runs/research_until_25000/cheapest_insertion_2opt/research/group_06/g06_i07_c10000_d10_m70_line/20260508T010913Z__research_until_25000__cheapest_insertion_2opt__g06_i07_c10000_d10_m70_line__seed_42__b8fa13d36a11.json,skip,,customer_count>10
results/runs/research_until_25000/cheapest_insertion_2opt/research/group_06/g06_i08_c10000_d7_m45_line/20260508T010917Z__research_until_25000__cheapest_insertion_2opt__g06_i08_c10000_d7_m45_line__seed_42__637ee65fd54d.json,skip,,customer_count>10
results/runs/research_until_25000/cheapest_insertion_2opt/research/group_07/g07_i01_c25000_d9_m20_random/20260508T010919Z__research_until_25000__cheapest_insertion_2opt__g07_i01_c25000_d9_m20_random__seed_42__49b5853e2154.json,skip,,customer_count>10
results/runs/research_until_25000/cheapest_insertion_2opt/research/group_07/g07_i02_c25000_d5_m26_random/20260508T011230Z__research_until_25000__cheapest_insertion_2opt__g07_i02_c25000_d5_m26_random__seed_42__7e9b5a70be33.json,skip,,customer_count>10
results/runs/research_until_25000/cheapest_insertion_tabu/research/group_01/g01_i01_c10_d1_m3_random/20260508T013314Z__research_until_25000__cheapest_insertion_tabu__g01_i01_c10_d1_m3_random__seed_42__2b49208770a1.json,rendered,results/plots/solutions/research_until_25000/cheapest_insertion_tabu/research/group_01/g01_i01_c10_d1_m3_random/20260508T013314Z__research_until_25000__cheapest_insertion_tabu__g01_i01_c10_d1_m3_random__seed_42__2b49208770a1.png,
results/runs/research_until_25000/cheapest_insertion_tabu/research/group_01/g01_i02_c10_d1_m3_random/20260508T013314Z__research_until_25000__cheapest_insertion_tabu__g01_i02_c10_d1_m3_random__seed_42__8bed90334051.json,rendered,results/plots/solutions/research_until_25000/cheapest_insertion_tabu/research/group_01/g01_i02_c10_d1_m3_random/20260508T013314Z__research_until_25000__cheapest_insertion_tabu__g01_i02_c10_d1_m3_random__seed_42__8bed90334051.png,
results/runs/research_until_25000/cheapest_insertion_tabu/research/group_01/g01_i03_c10_d2_m6_random/20260508T013314Z__research_until_25000__cheapest_insertion_tabu__g01_i03_c10_d2_m6_random__seed_42__a1799f3dabdc.json,rendered,results/plots/solutions/research_until_25000/cheapest_insertion_tabu/research/group_01/g01_i03_c10_d2_m6_random/20260508T013314Z__research_until_25000__cheapest_insertion_tabu__g01_i03_c10_d2_m6_random__seed_42__a1799f3dabdc.png,
results/runs/research_until_25000/cheapest_insertion_tabu/research/group_01/g01_i04_c10_d2_m5_random/20260508T013314Z__research_until_25000__cheapest_insertion_tabu__g01_i04_c10_d2_m5_random__seed_42__942255a0e714.json,rendered,results/plots/solutions/research_until_25000/cheapest_insertion_tabu/research/group_01/g01_i04_c10_d2_m5_random/20260508T013314Z__research_until_25000__cheapest_insertion_tabu__g01_i04_c10_d2_m5_random__seed_42__942255a0e714.png,
results/runs/research_until_25000/cheapest_insertion_tabu/research/group_01/g01_i05_c10_d2_m4_random/20260508T013314Z__research_until_25000__cheapest_insertion_tabu__g01_i05_c10_d2_m4_random__seed_42__91721e219a03.json,rendered,results/plots/solutions/research_until_25000/cheapest_insertion_tabu/research/group_01/g01_i05_c10_d2_m4_random/20260508T013314Z__research_until_25000__cheapest_insertion_tabu__g01_i05_c10_d2_m4_random__seed_42__91721e219a03.png,
results/runs/research_until_25000/cheapest_insertion_tabu/research/group_01/g01_i06_c10_d3_m4_random/20260508T013314Z__research_until_25000__cheapest_insertion_tabu__g01_i06_c10_d3_m4_random__seed_42__8d1ea4d9f4b6.json,rendered,results/plots/solutions/research_until_25000/cheapest_insertion_tabu/research/group_01/g01_i06_c10_d3_m4_random/20260508T013314Z__research_until_25000__cheapest_insertion_tabu__g01_i06_c10_d3_m4_random__seed_42__8d1ea4d9f4b6.png,
results/runs/research_until_25000/cheapest_insertion_tabu/research/group_01/g01_i07_c10_d3_m5_random/20260508T013314Z__research_until_25000__cheapest_insertion_tabu__g01_i07_c10_d3_m5_random__seed_42__fa5ee145008c.json,rendered,results/plots/solutions/research_until_25000/cheapest_insertion_tabu/research/group_01/g01_i07_c10_d3_m5_random/20260508T013314Z__research_until_25000__cheapest_insertion_tabu__g01_i07_c10_d3_m5_random__seed_42__fa5ee145008c.png,
results/runs/research_until_25000/cheapest_insertion_tabu/research/group_01/g01_i08_c10_d2_m2_random/20260508T013314Z__research_until_25000__cheapest_insertion_tabu__g01_i08_c10_d2_m2_random__seed_42__114813bddf3f.json,rendered,results/plots/solutions/research_until_25000/cheapest_insertion_tabu/research/group_01/g01_i08_c10_d2_m2_random/20260508T013314Z__research_until_25000__cheapest_insertion_tabu__g01_i08_c10_d2_m2_random__seed_42__114813bddf3f.png,
results/runs/research_until_25000/cheapest_insertion_tabu/research/group_01/g01_i09_c10_d3_m3_random/20260508T013314Z__research_until_25000__cheapest_insertion_tabu__g01_i09_c10_d3_m3_random__seed_42__932dacfae1eb.json,rendered,results/plots/solutions/research_until_25000/cheapest_insertion_tabu/research/group_01/g01_i09_c10_d3_m3_random/20260508T013314Z__research_until_25000__cheapest_insertion_tabu__g01_i09_c10_d3_m3_random__seed_42__932dacfae1eb.png,
results/runs/research_until_25000/cheapest_insertion_tabu/research/group_01/g01_i10_c10_d1_m1_random/20260508T013314Z__research_until_25000__cheapest_insertion_tabu__g01_i10_c10_d1_m1_random__seed_42__47778cdde702.json,rendered,results/plots/solutions/research_until_25000/cheapest_insertion_tabu/research/group_01/g01_i10_c10_d1_m1_random/20260508T013314Z__research_until_25000__cheapest_insertion_tabu__g01_i10_c10_d1_m1_random__seed_42__47778cdde702.png,
results/runs/research_until_25000/cheapest_insertion_tabu/research/group_02/g02_i01_c50_d5_m23_random/20260508T013314Z__research_until_25000__cheapest_insertion_tabu__g02_i01_c50_d5_m23_random__seed_42__6d4c4ecc2f53.json,skip,,customer_count>10
results/runs/research_until_25000/cheapest_insertion_tabu/research/group_02/g02_i02_c50_d3_m3_random/20260508T013314Z__research_until_25000__cheapest_insertion_tabu__g02_i02_c50_d3_m3_random__seed_42__3b6af6f7f401.json,skip,,customer_count>10
results/runs/research_until_25000/cheapest_insertion_tabu/research/group_02/g02_i03_c50_d4_m19_random/20260508T013314Z__research_until_25000__cheapest_insertion_tabu__g02_i03_c50_d4_m19_random__seed_42__768e1c4ef8d0.json,skip,,customer_count>10
results/runs/research_until_25000/cheapest_insertion_tabu/research/group_02/g02_i04_c50_d4_m10_random/20260508T013314Z__research_until_25000__cheapest_insertion_tabu__g02_i04_c50_d4_m10_random__seed_42__68a7bd8ec952.json,skip,,customer_count>10
results/runs/research_until_25000/cheapest_insertion_tabu/research/group_02/g02_i05_c50_d3_m7_random/20260508T013314Z__research_until_25000__cheapest_insertion_tabu__g02_i05_c50_d3_m7_random__seed_42__5a9000efed2c.json,skip,,customer_count>10
results/runs/research_until_25000/cheapest_insertion_tabu/research/group_02/g02_i06_c50_d4_m6_random/20260508T013314Z__research_until_25000__cheapest_insertion_tabu__g02_i06_c50_d4_m6_random__seed_42__95f759598e75.json,skip,,customer_count>10
results/runs/research_until_25000/cheapest_insertion_tabu/research/group_02/g02_i07_c50_d4_m5_random/20260508T013314Z__research_until_25000__cheapest_insertion_tabu__g02_i07_c50_d4_m5_random__seed_42__b28810dae59e.json,skip,,customer_count>10
results/runs/research_until_25000/cheapest_insertion_tabu/research/group_02/g02_i08_c50_d4_m11_random/20260508T013314Z__research_until_25000__cheapest_insertion_tabu__g02_i08_c50_d4_m11_random__seed_42__49c7239d2824.json,skip,,customer_count>10
results/runs/research_until_25000/cheapest_insertion_tabu/research/group_02/g02_i09_c50_d5_m10_random/20260508T013314Z__research_until_25000__cheapest_insertion_tabu__g02_i09_c50_d5_m10_random__seed_42__3b36841a36a8.json,skip,,customer_count>10
results/runs/research_until_25000/cheapest_insertion_tabu/research/group_02/g02_i10_c50_d4_m20_random/20260508T013314Z__research_until_25000__cheapest_insertion_tabu__g02_i10_c50_d4_m20_random__seed_42__6de0d73451ef.json,skip,,customer_count>10
results/runs/research_until_25000/cheapest_insertion_tabu/research/group_03/g03_i01_c500_d5_m21_random/20260508T013314Z__research_until_25000__cheapest_insertion_tabu__g03_i01_c500_d5_m21_random__seed_42__fd05b4c80360.json,skip,,customer_count>10
results/runs/research_until_25000/cheapest_insertion_tabu/research/group_03/g03_i02_c500_d3_m10_random/20260508T013314Z__research_until_25000__cheapest_insertion_tabu__g03_i02_c500_d3_m10_random__seed_42__84613cad2ab9.json,skip,,customer_count>10
results/runs/research_until_25000/cheapest_insertion_tabu/research/group_03/g03_i03_c500_d3_m12_random/20260508T013314Z__research_until_25000__cheapest_insertion_tabu__g03_i03_c500_d3_m12_random__seed_42__ad92db7b7ed3.json,skip,,customer_count>10
results/runs/research_until_25000/cheapest_insertion_tabu/research/group_03/g03_i04_c500_d5_m19_random/20260508T013314Z__research_until_25000__cheapest_insertion_tabu__g03_i04_c500_d5_m19_random__seed_42__1b3b686784ba.json,skip,,customer_count>10
results/runs/research_until_25000/cheapest_insertion_tabu/research/group_03/g03_i05_c500_d3_m6_random/20260508T013314Z__research_until_25000__cheapest_insertion_tabu__g03_i05_c500_d3_m6_random__seed_42__c626595d4836.json,skip,,customer_count>10
results/runs/research_until_25000/cheapest_insertion_tabu/research/group_03/g03_i06_c500_d3_m3_random/20260508T013314Z__research_until_25000__cheapest_insertion_tabu__g03_i06_c500_d3_m3_random__seed_42__f85d52ded5a1.json,skip,,customer_count>10
results/runs/research_until_25000/cheapest_insertion_tabu/research/group_03/g03_i07_c500_d5_m20_random/20260508T013314Z__research_until_25000__cheapest_insertion_tabu__g03_i07_c500_d5_m20_random__seed_42__ccfef369f642.json,skip,,customer_count>10
results/runs/research_until_25000/cheapest_insertion_tabu/research/group_03/g03_i08_c500_d3_m7_random/20260508T013314Z__research_until_25000__cheapest_insertion_tabu__g03_i08_c500_d3_m7_random__seed_42__d900a8484b5e.json,skip,,customer_count>10
results/runs/research_until_25000/cheapest_insertion_tabu/research/group_03/g03_i09_c500_d4_m8_random/20260508T013314Z__research_until_25000__cheapest_insertion_tabu__g03_i09_c500_d4_m8_random__seed_42__0f181d604f33.json,skip,,customer_count>10
results/runs/research_until_25000/cheapest_insertion_tabu/research/group_03/g03_i10_c500_d5_m18_random/20260508T013314Z__research_until_25000__cheapest_insertion_tabu__g03_i10_c500_d5_m18_random__seed_42__9a37c23084d7.json,skip,,customer_count>10
results/runs/research_until_25000/cheapest_insertion_tabu/research/group_04/g04_i01_c1000_d6_m11_random/20260508T013314Z__research_until_25000__cheapest_insertion_tabu__g04_i01_c1000_d6_m11_random__seed_42__ea095f173ece.json,skip,,customer_count>10
results/runs/research_until_25000/cheapest_insertion_tabu/research/group_04/g04_i02_c1000_d5_m19_random/20260508T013314Z__research_until_25000__cheapest_insertion_tabu__g04_i02_c1000_d5_m19_random__seed_42__4ae4f16a56d2.json,skip,,customer_count>10
results/runs/research_until_25000/cheapest_insertion_tabu/research/group_04/g04_i03_c1000_d7_m19_random/20260508T013314Z__research_until_25000__cheapest_insertion_tabu__g04_i03_c1000_d7_m19_random__seed_42__e1ba2cdd58ff.json,skip,,customer_count>10
results/runs/research_until_25000/cheapest_insertion_tabu/research/group_04/g04_i04_c1000_d7_m12_random/20260508T013314Z__research_until_25000__cheapest_insertion_tabu__g04_i04_c1000_d7_m12_random__seed_42__0618a2f91964.json,skip,,customer_count>10
results/runs/research_until_25000/cheapest_insertion_tabu/research/group_04/g04_i05_c1000_d10_m23_random/20260508T013314Z__research_until_25000__cheapest_insertion_tabu__g04_i05_c1000_d10_m23_random__seed_42__6957db8dc414.json,skip,,customer_count>10
results/runs/research_until_25000/cheapest_insertion_tabu/research/group_05/g05_i01_c10000_d1_m6_random/20260508T013314Z__research_until_25000__cheapest_insertion_tabu__g05_i01_c10000_d1_m6_random__seed_42__6857e3ad11c1.json,skip,,customer_count>10
results/runs/research_until_25000/cheapest_insertion_tabu/research/group_05/g05_i02_c10000_d2_m9_random/20260508T013352Z__research_until_25000__cheapest_insertion_tabu__g05_i02_c10000_d2_m9_random__seed_42__f2e9b825149e.json,skip,,customer_count>10
results/runs/research_until_25000/cheapest_insertion_tabu/research/group_05/g05_i03_c10000_d3_m18_random/20260508T013414Z__research_until_25000__cheapest_insertion_tabu__g05_i03_c10000_d3_m18_random__seed_42__f64a3556a2b0.json,skip,,customer_count>10
results/runs/research_until_25000/cheapest_insertion_tabu/research/group_05/g05_i04_c10000_d1_m8_random/20260508T013427Z__research_until_25000__cheapest_insertion_tabu__g05_i04_c10000_d1_m8_random__seed_42__00562b7d602c.json,skip,,customer_count>10
results/runs/research_until_25000/cheapest_insertion_tabu/research/group_05/g05_i05_c10000_d2_m9_random/20260508T013447Z__research_until_25000__cheapest_insertion_tabu__g05_i05_c10000_d2_m9_random__seed_42__cf3cc444f911.json,skip,,customer_count>10
results/runs/research_until_25000/cheapest_insertion_tabu/research/group_06/g06_i01_c10000_d7_m16_clustered/20260508T013503Z__research_until_25000__cheapest_insertion_tabu__g06_i01_c10000_d7_m16_clustered__seed_42__69960929e18e.json,skip,,customer_count>10
results/runs/research_until_25000/cheapest_insertion_tabu/research/group_06/g06_i02_c10000_d6_m41_clustered/20260508T013516Z__research_until_25000__cheapest_insertion_tabu__g06_i02_c10000_d6_m41_clustered__seed_42__c43ae31d18dd.json,skip,,customer_count>10
results/runs/research_until_25000/cheapest_insertion_tabu/research/group_06/g06_i03_c10000_d10_m79_grid/20260508T013521Z__research_until_25000__cheapest_insertion_tabu__g06_i03_c10000_d10_m79_grid__seed_42__fa3b77b494a0.json,skip,,customer_count>10
results/runs/research_until_25000/cheapest_insertion_tabu/research/group_06/g06_i04_c10000_d7_m15_grid/20260508T013522Z__research_until_25000__cheapest_insertion_tabu__g06_i04_c10000_d7_m15_grid__seed_42__50d80aa9f5ab.json,skip,,customer_count>10
results/runs/research_until_25000/cheapest_insertion_tabu/research/group_06/g06_i05_c10000_d7_m15_adversarial/20260508T013526Z__research_until_25000__cheapest_insertion_tabu__g06_i05_c10000_d7_m15_adversarial__seed_42__5524d181d6f0.json,skip,,customer_count>10
results/runs/research_until_25000/cheapest_insertion_tabu/research/group_06/g06_i06_c10000_d7_m33_adversarial/20260508T013620Z__research_until_25000__cheapest_insertion_tabu__g06_i06_c10000_d7_m33_adversarial__seed_42__c6c8f25a8f0e.json,skip,,customer_count>10
results/runs/research_until_25000/cheapest_insertion_tabu/research/group_06/g06_i07_c10000_d10_m70_line/20260508T013629Z__research_until_25000__cheapest_insertion_tabu__g06_i07_c10000_d10_m70_line__seed_42__fc1083d02469.json,skip,,customer_count>10
results/runs/research_until_25000/cheapest_insertion_tabu/research/group_06/g06_i08_c10000_d7_m45_line/20260508T013632Z__research_until_25000__cheapest_insertion_tabu__g06_i08_c10000_d7_m45_line__seed_42__730e00e0ffa2.json,skip,,customer_count>10
results/runs/research_until_25000/cheapest_insertion_tabu/research/group_07/g07_i01_c25000_d9_m20_random/20260508T013634Z__research_until_25000__cheapest_insertion_tabu__g07_i01_c25000_d9_m20_random__seed_42__ff449a4fc4ca.json,skip,,customer_count>10
results/runs/research_until_25000/cheapest_insertion_tabu/research/group_07/g07_i02_c25000_d5_m26_random/20260508T013948Z__research_until_25000__cheapest_insertion_tabu__g07_i02_c25000_d5_m26_random__seed_42__60872c2e9728.json,skip,,customer_count>10
results/runs/research_until_25000/cheapest_insertion_vnd/research/group_01/g01_i01_c10_d1_m3_random/20260508T011339Z__research_until_25000__cheapest_insertion_vnd__g01_i01_c10_d1_m3_random__seed_42__0f438db0a79d.json,rendered,results/plots/solutions/research_until_25000/cheapest_insertion_vnd/research/group_01/g01_i01_c10_d1_m3_random/20260508T011339Z__research_until_25000__cheapest_insertion_vnd__g01_i01_c10_d1_m3_random__seed_42__0f438db0a79d.png,
results/runs/research_until_25000/cheapest_insertion_vnd/research/group_01/g01_i02_c10_d1_m3_random/20260508T011339Z__research_until_25000__cheapest_insertion_vnd__g01_i02_c10_d1_m3_random__seed_42__2c92c75dd689.json,rendered,results/plots/solutions/research_until_25000/cheapest_insertion_vnd/research/group_01/g01_i02_c10_d1_m3_random/20260508T011339Z__research_until_25000__cheapest_insertion_vnd__g01_i02_c10_d1_m3_random__seed_42__2c92c75dd689.png,
results/runs/research_until_25000/cheapest_insertion_vnd/research/group_01/g01_i03_c10_d2_m6_random/20260508T011339Z__research_until_25000__cheapest_insertion_vnd__g01_i03_c10_d2_m6_random__seed_42__fefdd4f54622.json,rendered,results/plots/solutions/research_until_25000/cheapest_insertion_vnd/research/group_01/g01_i03_c10_d2_m6_random/20260508T011339Z__research_until_25000__cheapest_insertion_vnd__g01_i03_c10_d2_m6_random__seed_42__fefdd4f54622.png,
results/runs/research_until_25000/cheapest_insertion_vnd/research/group_01/g01_i04_c10_d2_m5_random/20260508T011339Z__research_until_25000__cheapest_insertion_vnd__g01_i04_c10_d2_m5_random__seed_42__41e3321e0428.json,rendered,results/plots/solutions/research_until_25000/cheapest_insertion_vnd/research/group_01/g01_i04_c10_d2_m5_random/20260508T011339Z__research_until_25000__cheapest_insertion_vnd__g01_i04_c10_d2_m5_random__seed_42__41e3321e0428.png,
results/runs/research_until_25000/cheapest_insertion_vnd/research/group_01/g01_i05_c10_d2_m4_random/20260508T011339Z__research_until_25000__cheapest_insertion_vnd__g01_i05_c10_d2_m4_random__seed_42__15f74a615957.json,rendered,results/plots/solutions/research_until_25000/cheapest_insertion_vnd/research/group_01/g01_i05_c10_d2_m4_random/20260508T011339Z__research_until_25000__cheapest_insertion_vnd__g01_i05_c10_d2_m4_random__seed_42__15f74a615957.png,
results/runs/research_until_25000/cheapest_insertion_vnd/research/group_01/g01_i06_c10_d3_m4_random/20260508T011339Z__research_until_25000__cheapest_insertion_vnd__g01_i06_c10_d3_m4_random__seed_42__28b8687cc904.json,rendered,results/plots/solutions/research_until_25000/cheapest_insertion_vnd/research/group_01/g01_i06_c10_d3_m4_random/20260508T011339Z__research_until_25000__cheapest_insertion_vnd__g01_i06_c10_d3_m4_random__seed_42__28b8687cc904.png,
results/runs/research_until_25000/cheapest_insertion_vnd/research/group_01/g01_i07_c10_d3_m5_random/20260508T011339Z__research_until_25000__cheapest_insertion_vnd__g01_i07_c10_d3_m5_random__seed_42__a26102e72228.json,rendered,results/plots/solutions/research_until_25000/cheapest_insertion_vnd/research/group_01/g01_i07_c10_d3_m5_random/20260508T011339Z__research_until_25000__cheapest_insertion_vnd__g01_i07_c10_d3_m5_random__seed_42__a26102e72228.png,
results/runs/research_until_25000/cheapest_insertion_vnd/research/group_01/g01_i08_c10_d2_m2_random/20260508T011339Z__research_until_25000__cheapest_insertion_vnd__g01_i08_c10_d2_m2_random__seed_42__e7275a8b2fc1.json,rendered,results/plots/solutions/research_until_25000/cheapest_insertion_vnd/research/group_01/g01_i08_c10_d2_m2_random/20260508T011339Z__research_until_25000__cheapest_insertion_vnd__g01_i08_c10_d2_m2_random__seed_42__e7275a8b2fc1.png,
results/runs/research_until_25000/cheapest_insertion_vnd/research/group_01/g01_i09_c10_d3_m3_random/20260508T011339Z__research_until_25000__cheapest_insertion_vnd__g01_i09_c10_d3_m3_random__seed_42__2bbb91b52e3d.json,rendered,results/plots/solutions/research_until_25000/cheapest_insertion_vnd/research/group_01/g01_i09_c10_d3_m3_random/20260508T011339Z__research_until_25000__cheapest_insertion_vnd__g01_i09_c10_d3_m3_random__seed_42__2bbb91b52e3d.png,
results/runs/research_until_25000/cheapest_insertion_vnd/research/group_01/g01_i10_c10_d1_m1_random/20260508T011339Z__research_until_25000__cheapest_insertion_vnd__g01_i10_c10_d1_m1_random__seed_42__4b5404eec9da.json,rendered,results/plots/solutions/research_until_25000/cheapest_insertion_vnd/research/group_01/g01_i10_c10_d1_m1_random/20260508T011339Z__research_until_25000__cheapest_insertion_vnd__g01_i10_c10_d1_m1_random__seed_42__4b5404eec9da.png,
results/runs/research_until_25000/cheapest_insertion_vnd/research/group_02/g02_i01_c50_d5_m23_random/20260508T011339Z__research_until_25000__cheapest_insertion_vnd__g02_i01_c50_d5_m23_random__seed_42__836c3eb15645.json,skip,,customer_count>10
results/runs/research_until_25000/cheapest_insertion_vnd/research/group_02/g02_i02_c50_d3_m3_random/20260508T011339Z__research_until_25000__cheapest_insertion_vnd__g02_i02_c50_d3_m3_random__seed_42__64d324425791.json,skip,,customer_count>10
results/runs/research_until_25000/cheapest_insertion_vnd/research/group_02/g02_i03_c50_d4_m19_random/20260508T011339Z__research_until_25000__cheapest_insertion_vnd__g02_i03_c50_d4_m19_random__seed_42__45fc56aceb3a.json,skip,,customer_count>10
results/runs/research_until_25000/cheapest_insertion_vnd/research/group_02/g02_i04_c50_d4_m10_random/20260508T011339Z__research_until_25000__cheapest_insertion_vnd__g02_i04_c50_d4_m10_random__seed_42__b3a57eccf46e.json,skip,,customer_count>10
results/runs/research_until_25000/cheapest_insertion_vnd/research/group_02/g02_i05_c50_d3_m7_random/20260508T011339Z__research_until_25000__cheapest_insertion_vnd__g02_i05_c50_d3_m7_random__seed_42__e434808e5562.json,skip,,customer_count>10
results/runs/research_until_25000/cheapest_insertion_vnd/research/group_02/g02_i06_c50_d4_m6_random/20260508T011340Z__research_until_25000__cheapest_insertion_vnd__g02_i06_c50_d4_m6_random__seed_42__67abe03dd540.json,skip,,customer_count>10
results/runs/research_until_25000/cheapest_insertion_vnd/research/group_02/g02_i07_c50_d4_m5_random/20260508T011340Z__research_until_25000__cheapest_insertion_vnd__g02_i07_c50_d4_m5_random__seed_42__ccd259640ccd.json,skip,,customer_count>10
results/runs/research_until_25000/cheapest_insertion_vnd/research/group_02/g02_i08_c50_d4_m11_random/20260508T011340Z__research_until_25000__cheapest_insertion_vnd__g02_i08_c50_d4_m11_random__seed_42__dd18e247642b.json,skip,,customer_count>10
results/runs/research_until_25000/cheapest_insertion_vnd/research/group_02/g02_i09_c50_d5_m10_random/20260508T011340Z__research_until_25000__cheapest_insertion_vnd__g02_i09_c50_d5_m10_random__seed_42__14bc0fdd824a.json,skip,,customer_count>10
results/runs/research_until_25000/cheapest_insertion_vnd/research/group_02/g02_i10_c50_d4_m20_random/20260508T011340Z__research_until_25000__cheapest_insertion_vnd__g02_i10_c50_d4_m20_random__seed_42__c0d49facddae.json,skip,,customer_count>10
results/runs/research_until_25000/cheapest_insertion_vnd/research/group_03/g03_i01_c500_d5_m21_random/20260508T011340Z__research_until_25000__cheapest_insertion_vnd__g03_i01_c500_d5_m21_random__seed_42__e64ebbbbc145.json,skip,,customer_count>10
results/runs/research_until_25000/cheapest_insertion_vnd/research/group_03/g03_i02_c500_d3_m10_random/20260508T011350Z__research_until_25000__cheapest_insertion_vnd__g03_i02_c500_d3_m10_random__seed_42__17687e1f8619.json,skip,,customer_count>10
results/runs/research_until_25000/cheapest_insertion_vnd/research/group_03/g03_i03_c500_d3_m12_random/20260508T011359Z__research_until_25000__cheapest_insertion_vnd__g03_i03_c500_d3_m12_random__seed_42__0890d427a3e4.json,skip,,customer_count>10
results/runs/research_until_25000/cheapest_insertion_vnd/research/group_03/g03_i04_c500_d5_m19_random/20260508T011408Z__research_until_25000__cheapest_insertion_vnd__g03_i04_c500_d5_m19_random__seed_42__fafbe1f8a7a9.json,skip,,customer_count>10
results/runs/research_until_25000/cheapest_insertion_vnd/research/group_03/g03_i05_c500_d3_m6_random/20260508T011418Z__research_until_25000__cheapest_insertion_vnd__g03_i05_c500_d3_m6_random__seed_42__13f7a2e9bcfd.json,skip,,customer_count>10
results/runs/research_until_25000/cheapest_insertion_vnd/research/group_03/g03_i06_c500_d3_m3_random/20260508T011426Z__research_until_25000__cheapest_insertion_vnd__g03_i06_c500_d3_m3_random__seed_42__1dd26e45b028.json,skip,,customer_count>10
results/runs/research_until_25000/cheapest_insertion_vnd/research/group_03/g03_i07_c500_d5_m20_random/20260508T011433Z__research_until_25000__cheapest_insertion_vnd__g03_i07_c500_d5_m20_random__seed_42__45e1a149e4c2.json,skip,,customer_count>10
results/runs/research_until_25000/cheapest_insertion_vnd/research/group_03/g03_i08_c500_d3_m7_random/20260508T011443Z__research_until_25000__cheapest_insertion_vnd__g03_i08_c500_d3_m7_random__seed_42__532603f7e0cf.json,skip,,customer_count>10
results/runs/research_until_25000/cheapest_insertion_vnd/research/group_03/g03_i09_c500_d4_m8_random/20260508T011451Z__research_until_25000__cheapest_insertion_vnd__g03_i09_c500_d4_m8_random__seed_42__31b0817b99c6.json,skip,,customer_count>10
results/runs/research_until_25000/cheapest_insertion_vnd/research/group_03/g03_i10_c500_d5_m18_random/20260508T011500Z__research_until_25000__cheapest_insertion_vnd__g03_i10_c500_d5_m18_random__seed_42__df70f44b2170.json,skip,,customer_count>10
results/runs/research_until_25000/cheapest_insertion_vnd/research/group_04/g04_i01_c1000_d6_m11_random/20260508T011510Z__research_until_25000__cheapest_insertion_vnd__g04_i01_c1000_d6_m11_random__seed_42__b43c7658696f.json,skip,,customer_count>10
results/runs/research_until_25000/cheapest_insertion_vnd/research/group_04/g04_i02_c1000_d5_m19_random/20260508T011615Z__research_until_25000__cheapest_insertion_vnd__g04_i02_c1000_d5_m19_random__seed_42__34b4d00b764d.json,skip,,customer_count>10
results/runs/research_until_25000/cheapest_insertion_vnd/research/group_04/g04_i03_c1000_d7_m19_random/20260508T011727Z__research_until_25000__cheapest_insertion_vnd__g04_i03_c1000_d7_m19_random__seed_42__486fcb543ea8.json,skip,,customer_count>10
results/runs/research_until_25000/cheapest_insertion_vnd/research/group_04/g04_i04_c1000_d7_m12_random/20260508T011839Z__research_until_25000__cheapest_insertion_vnd__g04_i04_c1000_d7_m12_random__seed_42__ec810f87e72d.json,skip,,customer_count>10
results/runs/research_until_25000/cheapest_insertion_vnd/research/group_04/g04_i05_c1000_d10_m23_random/20260508T011944Z__research_until_25000__cheapest_insertion_vnd__g04_i05_c1000_d10_m23_random__seed_42__7b3fa5b39447.json,skip,,customer_count>10
results/runs/research_until_25000/hgs_lightweight_v1/research/group_01/g01_i01_c10_d1_m3_random/20260509T024733Z__research_until_25000__hgs_lightweight_v1__g01_i01_c10_d1_m3_random__seed_42__fc40a3d3debc.json,rendered,results/plots/solutions/research_until_25000/hgs_lightweight_v1/research/group_01/g01_i01_c10_d1_m3_random/20260509T024733Z__research_until_25000__hgs_lightweight_v1__g01_i01_c10_d1_m3_random__seed_42__fc40a3d3debc.png,
results/runs/research_until_25000/hgs_lightweight_v1/research/group_01/g01_i02_c10_d1_m3_random/20260509T024733Z__research_until_25000__hgs_lightweight_v1__g01_i02_c10_d1_m3_random__seed_42__a765aa29cec0.json,rendered,results/plots/solutions/research_until_25000/hgs_lightweight_v1/research/group_01/g01_i02_c10_d1_m3_random/20260509T024733Z__research_until_25000__hgs_lightweight_v1__g01_i02_c10_d1_m3_random__seed_42__a765aa29cec0.png,
results/runs/research_until_25000/hgs_lightweight_v1/research/group_01/g01_i03_c10_d2_m6_random/20260509T024733Z__research_until_25000__hgs_lightweight_v1__g01_i03_c10_d2_m6_random__seed_42__3b989d508368.json,rendered,results/plots/solutions/research_until_25000/hgs_lightweight_v1/research/group_01/g01_i03_c10_d2_m6_random/20260509T024733Z__research_until_25000__hgs_lightweight_v1__g01_i03_c10_d2_m6_random__seed_42__3b989d508368.png,
results/runs/research_until_25000/hgs_lightweight_v1/research/group_01/g01_i04_c10_d2_m5_random/20260509T024733Z__research_until_25000__hgs_lightweight_v1__g01_i04_c10_d2_m5_random__seed_42__b384ee9ff542.json,rendered,results/plots/solutions/research_until_25000/hgs_lightweight_v1/research/group_01/g01_i04_c10_d2_m5_random/20260509T024733Z__research_until_25000__hgs_lightweight_v1__g01_i04_c10_d2_m5_random__seed_42__b384ee9ff542.png,
results/runs/research_until_25000/hgs_lightweight_v1/research/group_01/g01_i05_c10_d2_m4_random/20260509T024733Z__research_until_25000__hgs_lightweight_v1__g01_i05_c10_d2_m4_random__seed_42__3fcb744787f6.json,rendered,results/plots/solutions/research_until_25000/hgs_lightweight_v1/research/group_01/g01_i05_c10_d2_m4_random/20260509T024733Z__research_until_25000__hgs_lightweight_v1__g01_i05_c10_d2_m4_random__seed_42__3fcb744787f6.png,
results/runs/research_until_25000/hgs_lightweight_v1/research/group_01/g01_i06_c10_d3_m4_random/20260509T024733Z__research_until_25000__hgs_lightweight_v1__g01_i06_c10_d3_m4_random__seed_42__ca199a088fd4.json,rendered,results/plots/solutions/research_until_25000/hgs_lightweight_v1/research/group_01/g01_i06_c10_d3_m4_random/20260509T024733Z__research_until_25000__hgs_lightweight_v1__g01_i06_c10_d3_m4_random__seed_42__ca199a088fd4.png,
results/runs/research_until_25000/hgs_lightweight_v1/research/group_01/g01_i07_c10_d3_m5_random/20260509T024733Z__research_until_25000__hgs_lightweight_v1__g01_i07_c10_d3_m5_random__seed_42__c97f9ce3884a.json,rendered,results/plots/solutions/research_until_25000/hgs_lightweight_v1/research/group_01/g01_i07_c10_d3_m5_random/20260509T024733Z__research_until_25000__hgs_lightweight_v1__g01_i07_c10_d3_m5_random__seed_42__c97f9ce3884a.png,
results/runs/research_until_25000/hgs_lightweight_v1/research/group_01/g01_i08_c10_d2_m2_random/20260509T024733Z__research_until_25000__hgs_lightweight_v1__g01_i08_c10_d2_m2_random__seed_42__d51762b53563.json,rendered,results/plots/solutions/research_until_25000/hgs_lightweight_v1/research/group_01/g01_i08_c10_d2_m2_random/20260509T024733Z__research_until_25000__hgs_lightweight_v1__g01_i08_c10_d2_m2_random__seed_42__d51762b53563.png,
results/runs/research_until_25000/hgs_lightweight_v1/research/group_01/g01_i09_c10_d3_m3_random/20260509T024733Z__research_until_25000__hgs_lightweight_v1__g01_i09_c10_d3_m3_random__seed_42__a274cee84f1c.json,rendered,results/plots/solutions/research_until_25000/hgs_lightweight_v1/research/group_01/g01_i09_c10_d3_m3_random/20260509T024733Z__research_until_25000__hgs_lightweight_v1__g01_i09_c10_d3_m3_random__seed_42__a274cee84f1c.png,
results/runs/research_until_25000/hgs_lightweight_v1/research/group_01/g01_i10_c10_d1_m1_random/20260509T024733Z__research_until_25000__hgs_lightweight_v1__g01_i10_c10_d1_m1_random__seed_42__693a99f02bf2.json,rendered,results/plots/solutions/research_until_25000/hgs_lightweight_v1/research/group_01/g01_i10_c10_d1_m1_random/20260509T024733Z__research_until_25000__hgs_lightweight_v1__g01_i10_c10_d1_m1_random__seed_42__693a99f02bf2.png,
results/runs/research_until_25000/hgs_lightweight_v1/research/group_02/g02_i01_c50_d5_m23_random/20260509T024733Z__research_until_25000__hgs_lightweight_v1__g02_i01_c50_d5_m23_random__seed_42__ec4c1b8479f3.json,skip,,customer_count>10
results/runs/research_until_25000/hgs_lightweight_v1/research/group_02/g02_i02_c50_d3_m3_random/20260509T024733Z__research_until_25000__hgs_lightweight_v1__g02_i02_c50_d3_m3_random__seed_42__355f2019c910.json,skip,,customer_count>10
results/runs/research_until_25000/hgs_lightweight_v1/research/group_02/g02_i03_c50_d4_m19_random/20260509T024733Z__research_until_25000__hgs_lightweight_v1__g02_i03_c50_d4_m19_random__seed_42__a9ffa1f2919e.json,skip,,customer_count>10
results/runs/research_until_25000/hgs_lightweight_v1/research/group_02/g02_i04_c50_d4_m10_random/20260509T024733Z__research_until_25000__hgs_lightweight_v1__g02_i04_c50_d4_m10_random__seed_42__d3aad3700d3e.json,skip,,customer_count>10
results/runs/research_until_25000/hgs_lightweight_v1/research/group_02/g02_i05_c50_d3_m7_random/20260509T024733Z__research_until_25000__hgs_lightweight_v1__g02_i05_c50_d3_m7_random__seed_42__b7c7ab6fbd4e.json,skip,,customer_count>10
results/runs/research_until_25000/hgs_lightweight_v1/research/group_02/g02_i06_c50_d4_m6_random/20260509T024733Z__research_until_25000__hgs_lightweight_v1__g02_i06_c50_d4_m6_random__seed_42__447eef9bb796.json,skip,,customer_count>10
results/runs/research_until_25000/hgs_lightweight_v1/research/group_02/g02_i07_c50_d4_m5_random/20260509T024733Z__research_until_25000__hgs_lightweight_v1__g02_i07_c50_d4_m5_random__seed_42__dec9fc4ef612.json,skip,,customer_count>10
results/runs/research_until_25000/hgs_lightweight_v1/research/group_02/g02_i08_c50_d4_m11_random/20260509T024734Z__research_until_25000__hgs_lightweight_v1__g02_i08_c50_d4_m11_random__seed_42__8d0186544f57.json,skip,,customer_count>10
results/runs/research_until_25000/hgs_lightweight_v1/research/group_02/g02_i09_c50_d5_m10_random/20260509T024734Z__research_until_25000__hgs_lightweight_v1__g02_i09_c50_d5_m10_random__seed_42__5eead527bc9c.json,skip,,customer_count>10
results/runs/research_until_25000/hgs_lightweight_v1/research/group_02/g02_i10_c50_d4_m20_random/20260509T024734Z__research_until_25000__hgs_lightweight_v1__g02_i10_c50_d4_m20_random__seed_42__c3378e84f178.json,skip,,customer_count>10
results/runs/research_until_25000/hgs_lightweight_v1/research/group_03/g03_i01_c500_d5_m21_random/20260509T024734Z__research_until_25000__hgs_lightweight_v1__g03_i01_c500_d5_m21_random__seed_42__252ff0cf4c4c.json,skip,,customer_count>10
results/runs/research_until_25000/hgs_lightweight_v1/research/group_03/g03_i02_c500_d3_m10_random/20260509T024734Z__research_until_25000__hgs_lightweight_v1__g03_i02_c500_d3_m10_random__seed_42__2bf59f48b66d.json,skip,,customer_count>10
results/runs/research_until_25000/hgs_lightweight_v1/research/group_03/g03_i03_c500_d3_m12_random/20260509T024735Z__research_until_25000__hgs_lightweight_v1__g03_i03_c500_d3_m12_random__seed_42__f881543246c1.json,skip,,customer_count>10
results/runs/research_until_25000/hgs_lightweight_v1/research/group_03/g03_i04_c500_d5_m19_random/20260509T024735Z__research_until_25000__hgs_lightweight_v1__g03_i04_c500_d5_m19_random__seed_42__d93fdaf81e56.json,skip,,customer_count>10
results/runs/research_until_25000/hgs_lightweight_v1/research/group_03/g03_i05_c500_d3_m6_random/20260509T024736Z__research_until_25000__hgs_lightweight_v1__g03_i05_c500_d3_m6_random__seed_42__08b0e352ae61.json,skip,,customer_count>10
results/runs/research_until_25000/hgs_lightweight_v1/research/group_03/g03_i06_c500_d3_m3_random/20260509T024736Z__research_until_25000__hgs_lightweight_v1__g03_i06_c500_d3_m3_random__seed_42__eb8a4fb4c057.json,skip,,customer_count>10
results/runs/research_until_25000/hgs_lightweight_v1/research/group_03/g03_i07_c500_d5_m20_random/20260509T024736Z__research_until_25000__hgs_lightweight_v1__g03_i07_c500_d5_m20_random__seed_42__3309280489ed.json,skip,,customer_count>10
results/runs/research_until_25000/hgs_lightweight_v1/research/group_03/g03_i08_c500_d3_m7_random/20260509T024736Z__research_until_25000__hgs_lightweight_v1__g03_i08_c500_d3_m7_random__seed_42__b5fbfcbd4cb2.json,skip,,customer_count>10
results/runs/research_until_25000/hgs_lightweight_v1/research/group_03/g03_i09_c500_d4_m8_random/20260509T024737Z__research_until_25000__hgs_lightweight_v1__g03_i09_c500_d4_m8_random__seed_42__e2cea09b71d3.json,skip,,customer_count>10
results/runs/research_until_25000/hgs_lightweight_v1/research/group_03/g03_i10_c500_d5_m18_random/20260509T024737Z__research_until_25000__hgs_lightweight_v1__g03_i10_c500_d5_m18_random__seed_42__f9e6c307da7f.json,skip,,customer_count>10
results/runs/research_until_25000/hgs_lightweight_v1/research/group_03/g03_i11_c500_d4_m12_adversarial/20260509T024737Z__research_until_25000__hgs_lightweight_v1__g03_i11_c500_d4_m12_adversarial__seed_42__9b8a69e91034.json,skip,,customer_count>10
results/runs/research_until_25000/hgs_lightweight_v1/research/group_03/g03_i12_c500_d4_m13_adversarial/20260509T024738Z__research_until_25000__hgs_lightweight_v1__g03_i12_c500_d4_m13_adversarial__seed_42__972b71c212e2.json,skip,,customer_count>10
results/runs/research_until_25000/hgs_lightweight_v1/research/group_03/g03_i13_c500_d4_m12_adversarial/20260509T024739Z__research_until_25000__hgs_lightweight_v1__g03_i13_c500_d4_m12_adversarial__seed_42__47f71ec7466c.json,skip,,customer_count>10
results/runs/research_until_25000/hgs_lightweight_v1/research/group_03/g03_i14_c500_d4_m13_adversarial/20260509T024739Z__research_until_25000__hgs_lightweight_v1__g03_i14_c500_d4_m13_adversarial__seed_42__7cb61a17f920.json,skip,,customer_count>10
results/runs/research_until_25000/hgs_lightweight_v1/research/group_03/g03_i15_c500_d5_m15_adversarial/20260509T024740Z__research_until_25000__hgs_lightweight_v1__g03_i15_c500_d5_m15_adversarial__seed_42__420f19c7936c.json,skip,,customer_count>10
results/runs/research_until_25000/hgs_lightweight_v1/research/group_03/g03_i16_c500_d4_m12_adversarial/20260509T024740Z__research_until_25000__hgs_lightweight_v1__g03_i16_c500_d4_m12_adversarial__seed_42__cadeab355dd0.json,skip,,customer_count>10
results/runs/research_until_25000/hgs_lightweight_v1/research/group_03/g03_i17_c500_d4_m13_adversarial/20260509T024741Z__research_until_25000__hgs_lightweight_v1__g03_i17_c500_d4_m13_adversarial__seed_42__9769c165533e.json,skip,,customer_count>10
results/runs/research_until_25000/hgs_lightweight_v1/research/group_03/g03_i18_c500_d5_m15_adversarial/20260509T024742Z__research_until_25000__hgs_lightweight_v1__g03_i18_c500_d5_m15_adversarial__seed_42__81366a05b2bd.json,skip,,customer_count>10
results/runs/research_until_25000/hgs_lightweight_v1/research/group_03/g03_i19_c500_d4_m12_adversarial/20260509T024742Z__research_until_25000__hgs_lightweight_v1__g03_i19_c500_d4_m12_adversarial__seed_42__455cd6b50562.json,skip,,customer_count>10
results/runs/research_until_25000/hgs_lightweight_v1/research/group_03/g03_i20_c500_d4_m13_adversarial/20260509T024743Z__research_until_25000__hgs_lightweight_v1__g03_i20_c500_d4_m13_adversarial__seed_42__45c13a056638.json,skip,,customer_count>10
results/runs/research_until_25000/hgs_lightweight_v1/research/group_03/g03_i21_c500_d5_m15_adversarial/20260509T024744Z__research_until_25000__hgs_lightweight_v1__g03_i21_c500_d5_m15_adversarial__seed_42__643bf82b54ea.json,skip,,customer_count>10
results/runs/research_until_25000/hgs_lightweight_v1/research/group_03/g03_i22_c500_d4_m12_adversarial/20260509T024744Z__research_until_25000__hgs_lightweight_v1__g03_i22_c500_d4_m12_adversarial__seed_42__3c6567c39ce8.json,skip,,customer_count>10
results/runs/research_until_25000/hgs_lightweight_v1/research/group_03/g03_i23_c500_d4_m13_adversarial/20260509T024745Z__research_until_25000__hgs_lightweight_v1__g03_i23_c500_d4_m13_adversarial__seed_42__cc8446c2323a.json,skip,,customer_count>10
results/runs/research_until_25000/hgs_lightweight_v1/research/group_03/g03_i24_c500_d5_m15_adversarial/20260509T024746Z__research_until_25000__hgs_lightweight_v1__g03_i24_c500_d5_m15_adversarial__seed_42__8abb129aea72.json,skip,,customer_count>10
results/runs/research_until_25000/hgs_lightweight_v1/research/group_03/g03_i25_c500_d4_m12_adversarial/20260509T024746Z__research_until_25000__hgs_lightweight_v1__g03_i25_c500_d4_m12_adversarial__seed_42__c8c7e44e55b0.json,skip,,customer_count>10
results/runs/research_until_25000/hgs_lightweight_v1/research/group_03/g03_i26_c500_d5_m14_adversarial/20260509T024747Z__research_until_25000__hgs_lightweight_v1__g03_i26_c500_d5_m14_adversarial__seed_42__d74e8299aea8.json,skip,,customer_count>10
results/runs/research_until_25000/hgs_lightweight_v1/research/group_03/g03_i27_c500_d4_m12_adversarial/20260509T024747Z__research_until_25000__hgs_lightweight_v1__g03_i27_c500_d4_m12_adversarial__seed_42__fa8b4f9407b3.json,skip,,customer_count>10
results/runs/research_until_25000/hgs_lightweight_v1/research/group_03/g03_i28_c500_d5_m14_adversarial/20260509T024747Z__research_until_25000__hgs_lightweight_v1__g03_i28_c500_d5_m14_adversarial__seed_42__679378a30f31.json,skip,,customer_count>10
results/runs/research_until_25000/hgs_lightweight_v1/research/group_03/g03_i29_c500_d4_m12_adversarial/20260509T024748Z__research_until_25000__hgs_lightweight_v1__g03_i29_c500_d4_m12_adversarial__seed_42__495420db704f.json,skip,,customer_count>10
results/runs/research_until_25000/hgs_lightweight_v1/research/group_03/g03_i30_c500_d5_m14_adversarial/20260509T024748Z__research_until_25000__hgs_lightweight_v1__g03_i30_c500_d5_m14_adversarial__seed_42__62b203d74809.json,skip,,customer_count>10
results/runs/research_until_25000/hgs_lightweight_v1/research/group_03/g03_i31_c500_d4_m12_adversarial/20260509T024748Z__research_until_25000__hgs_lightweight_v1__g03_i31_c500_d4_m12_adversarial__seed_42__9fca937fba67.json,skip,,customer_count>10
results/runs/research_until_25000/hgs_lightweight_v1/research/group_03/g03_i32_c500_d5_m14_adversarial/20260509T024749Z__research_until_25000__hgs_lightweight_v1__g03_i32_c500_d5_m14_adversarial__seed_42__ae3253ff1d50.json,skip,,customer_count>10
results/runs/research_until_25000/hgs_lightweight_v1/research/group_03/g03_i33_c500_d4_m13_adversarial/20260509T024749Z__research_until_25000__hgs_lightweight_v1__g03_i33_c500_d4_m13_adversarial__seed_42__cee9f8ad6f06.json,skip,,customer_count>10
results/runs/research_until_25000/hgs_lightweight_v1/research/group_03/g03_i34_c500_d5_m16_adversarial/20260509T024750Z__research_until_25000__hgs_lightweight_v1__g03_i34_c500_d5_m16_adversarial__seed_42__629df1f68222.json,skip,,customer_count>10
results/runs/research_until_25000/hgs_lightweight_v1/research/group_03/g03_i35_c500_d4_m13_adversarial/20260509T024750Z__research_until_25000__hgs_lightweight_v1__g03_i35_c500_d4_m13_adversarial__seed_42__d6499ebfcdf5.json,skip,,customer_count>10
results/runs/research_until_25000/hgs_lightweight_v1/research/group_03/g03_i36_c500_d5_m16_adversarial/20260509T024751Z__research_until_25000__hgs_lightweight_v1__g03_i36_c500_d5_m16_adversarial__seed_42__581812f5e001.json,skip,,customer_count>10
results/runs/research_until_25000/hgs_lightweight_v1/research/group_03/g03_i37_c500_d4_m13_adversarial/20260509T024751Z__research_until_25000__hgs_lightweight_v1__g03_i37_c500_d4_m13_adversarial__seed_42__3170c833a3d2.json,skip,,customer_count>10
results/runs/research_until_25000/hgs_lightweight_v1/research/group_03/g03_i38_c500_d5_m16_adversarial/20260509T024752Z__research_until_25000__hgs_lightweight_v1__g03_i38_c500_d5_m16_adversarial__seed_42__75f7391e1245.json,skip,,customer_count>10
results/runs/research_until_25000/hgs_lightweight_v1/research/group_03/g03_i39_c500_d4_m13_adversarial/20260509T024752Z__research_until_25000__hgs_lightweight_v1__g03_i39_c500_d4_m13_adversarial__seed_42__2cb895a504f4.json,skip,,customer_count>10
results/runs/research_until_25000/hgs_lightweight_v1/research/group_03/g03_i40_c500_d5_m16_adversarial/20260509T024753Z__research_until_25000__hgs_lightweight_v1__g03_i40_c500_d5_m16_adversarial__seed_42__e8b3be74b5f0.json,skip,,customer_count>10
results/runs/research_until_25000/hgs_lightweight_v1/research/group_03/g03_i41_c500_d4_m12_adversarial/20260509T024753Z__research_until_25000__hgs_lightweight_v1__g03_i41_c500_d4_m12_adversarial__seed_42__486d4bd772ff.json,skip,,customer_count>10
results/runs/research_until_25000/hgs_lightweight_v1/research/group_03/g03_i42_c500_d5_m14_adversarial/20260509T024754Z__research_until_25000__hgs_lightweight_v1__g03_i42_c500_d5_m14_adversarial__seed_42__ff99e1d1661c.json,skip,,customer_count>10
results/runs/research_until_25000/hgs_lightweight_v1/research/group_03/g03_i43_c500_d4_m12_adversarial/20260509T024754Z__research_until_25000__hgs_lightweight_v1__g03_i43_c500_d4_m12_adversarial__seed_42__23319bf92f52.json,skip,,customer_count>10
results/runs/research_until_25000/hgs_lightweight_v1/research/group_03/g03_i44_c500_d5_m14_adversarial/20260509T024755Z__research_until_25000__hgs_lightweight_v1__g03_i44_c500_d5_m14_adversarial__seed_42__afc9aa469e6e.json,skip,,customer_count>10
results/runs/research_until_25000/hgs_lightweight_v1/research/group_03/g03_i45_c500_d4_m12_adversarial/20260509T024755Z__research_until_25000__hgs_lightweight_v1__g03_i45_c500_d4_m12_adversarial__seed_42__a18721339b96.json,skip,,customer_count>10
results/runs/research_until_25000/hgs_lightweight_v1/research/group_03/g03_i46_c500_d5_m14_adversarial/20260509T024756Z__research_until_25000__hgs_lightweight_v1__g03_i46_c500_d5_m14_adversarial__seed_42__68a57d790c37.json,skip,,customer_count>10
results/runs/research_until_25000/hgs_lightweight_v1/research/group_03/g03_i47_c500_d4_m12_adversarial/20260509T024756Z__research_until_25000__hgs_lightweight_v1__g03_i47_c500_d4_m12_adversarial__seed_42__f9f8555ec81b.json,skip,,customer_count>10
results/runs/research_until_25000/hgs_lightweight_v1/research/group_03/g03_i48_c500_d4_m13_adversarial/20260509T024757Z__research_until_25000__hgs_lightweight_v1__g03_i48_c500_d4_m13_adversarial__seed_42__827828a6da56.json,skip,,customer_count>10
results/runs/research_until_25000/hgs_lightweight_v1/research/group_03/g03_i49_c500_d5_m15_adversarial/20260509T024758Z__research_until_25000__hgs_lightweight_v1__g03_i49_c500_d5_m15_adversarial__seed_42__01d9fa8bb597.json,skip,,customer_count>10
results/runs/research_until_25000/hgs_lightweight_v1/research/group_03/g03_i50_c500_d4_m12_adversarial/20260509T024759Z__research_until_25000__hgs_lightweight_v1__g03_i50_c500_d4_m12_adversarial__seed_42__1880cb7eabba.json,skip,,customer_count>10
results/runs/research_until_25000/hgs_lightweight_v1/research/group_03/g03_i51_c500_d4_m13_adversarial/20260509T024800Z__research_until_25000__hgs_lightweight_v1__g03_i51_c500_d4_m13_adversarial__seed_42__b3243121ffc8.json,skip,,customer_count>10
results/runs/research_until_25000/hgs_lightweight_v1/research/group_03/g03_i52_c500_d5_m15_adversarial/20260509T024801Z__research_until_25000__hgs_lightweight_v1__g03_i52_c500_d5_m15_adversarial__seed_42__60d8aee5dd72.json,skip,,customer_count>10
results/runs/research_until_25000/hgs_lightweight_v1/research/group_03_hard/g03h_i01_c500_d3_m5_hard_adversarial/20260509T024802Z__research_until_25000__hgs_lightweight_v1__g03h_i01_c500_d3_m5_hard_adversarial__seed_42__e8270d4c8c27.json,skip,,customer_count>10
results/runs/research_until_25000/hgs_lightweight_v1/research/group_03_hard/g03h_i02_c500_d3_m6_hard_adversarial/20260509T024802Z__research_until_25000__hgs_lightweight_v1__g03h_i02_c500_d3_m6_hard_adversarial__seed_42__b674f00d9ed7.json,skip,,customer_count>10
results/runs/research_until_25000/hgs_lightweight_v1/research/group_03_hard/g03h_i03_c500_d2_m4_hard_adversarial/20260509T024802Z__research_until_25000__hgs_lightweight_v1__g03h_i03_c500_d2_m4_hard_adversarial__seed_42__c0b3c9b5b369.json,skip,,customer_count>10
results/runs/research_until_25000/hgs_lightweight_v1/research/group_03_hard/g03h_i04_c500_d3_m5_hard_adversarial/20260509T024802Z__research_until_25000__hgs_lightweight_v1__g03h_i04_c500_d3_m5_hard_adversarial__seed_42__7f626c257ea7.json,skip,,customer_count>10
results/runs/research_until_25000/hgs_lightweight_v1/research/group_03_hard/g03h_i05_c500_d3_m6_hard_adversarial/20260509T024803Z__research_until_25000__hgs_lightweight_v1__g03h_i05_c500_d3_m6_hard_adversarial__seed_42__452b4b64ff27.json,skip,,customer_count>10
results/runs/research_until_25000/hgs_lightweight_v1/research/group_03_hard/g03h_i06_c500_d2_m4_hard_adversarial/20260509T024803Z__research_until_25000__hgs_lightweight_v1__g03h_i06_c500_d2_m4_hard_adversarial__seed_42__b43c6bca74e1.json,skip,,customer_count>10
results/runs/research_until_25000/hgs_lightweight_v1/research/group_03_hard/g03h_i07_c500_d3_m5_hard_adversarial/20260509T024803Z__research_until_25000__hgs_lightweight_v1__g03h_i07_c500_d3_m5_hard_adversarial__seed_42__672dd55bf3db.json,skip,,customer_count>10
results/runs/research_until_25000/hgs_lightweight_v1/research/group_03_hard/g03h_i08_c500_d2_m4_hard_adversarial/20260509T024803Z__research_until_25000__hgs_lightweight_v1__g03h_i08_c500_d2_m4_hard_adversarial__seed_42__44e63a743987.json,skip,,customer_count>10
results/runs/research_until_25000/hgs_lightweight_v1/research/group_03_hard/g03h_i09_c500_d3_m5_hard_adversarial/20260509T024803Z__research_until_25000__hgs_lightweight_v1__g03h_i09_c500_d3_m5_hard_adversarial__seed_42__ac02263634dc.json,skip,,customer_count>10
results/runs/research_until_25000/hgs_lightweight_v1/research/group_03_hard/g03h_i10_c500_d2_m4_hard_adversarial/20260509T024804Z__research_until_25000__hgs_lightweight_v1__g03h_i10_c500_d2_m4_hard_adversarial__seed_42__fb504fb8b5a2.json,skip,,customer_count>10
results/runs/research_until_25000/hgs_lightweight_v1/research/group_03_hard/g03h_i11_c500_d3_m5_hard_adversarial/20260509T024804Z__research_until_25000__hgs_lightweight_v1__g03h_i11_c500_d3_m5_hard_adversarial__seed_42__af9910a44ea2.json,skip,,customer_count>10
results/runs/research_until_25000/hgs_lightweight_v1/research/group_03_hard/g03h_i12_c500_d2_m4_hard_adversarial/20260509T024804Z__research_until_25000__hgs_lightweight_v1__g03h_i12_c500_d2_m4_hard_adversarial__seed_42__373a0fe25fc4.json,skip,,customer_count>10
results/runs/research_until_25000/hgs_lightweight_v1/research/group_03_hard/g03h_i13_c500_d3_m5_hard_adversarial/20260509T024804Z__research_until_25000__hgs_lightweight_v1__g03h_i13_c500_d3_m5_hard_adversarial__seed_42__2190eef619d6.json,skip,,customer_count>10
results/runs/research_until_25000/hgs_lightweight_v1/research/group_03_hard/g03h_i14_c500_d2_m4_hard_adversarial/20260509T024804Z__research_until_25000__hgs_lightweight_v1__g03h_i14_c500_d2_m4_hard_adversarial__seed_42__aaefd17e7942.json,skip,,customer_count>10
results/runs/research_until_25000/hgs_lightweight_v1/research/group_03_hard/g03h_i15_c500_d3_m5_hard_adversarial/20260509T024804Z__research_until_25000__hgs_lightweight_v1__g03h_i15_c500_d3_m5_hard_adversarial__seed_42__23bc4bcdcf88.json,skip,,customer_count>10
results/runs/research_until_25000/hgs_lightweight_v1/research/group_03_hard/g03h_i16_c500_d2_m4_hard_adversarial/20260509T024804Z__research_until_25000__hgs_lightweight_v1__g03h_i16_c500_d2_m4_hard_adversarial__seed_42__903db2edc37a.json,skip,,customer_count>10
results/runs/research_until_25000/hgs_lightweight_v1/research/group_03_hard/g03h_i17_c500_d3_m5_hard_adversarial/20260509T024805Z__research_until_25000__hgs_lightweight_v1__g03h_i17_c500_d3_m5_hard_adversarial__seed_42__bb80d8cf8aa4.json,skip,,customer_count>10
results/runs/research_until_25000/hgs_lightweight_v1/research/group_03_hard/g03h_i18_c500_d3_m6_hard_adversarial/20260509T024805Z__research_until_25000__hgs_lightweight_v1__g03h_i18_c500_d3_m6_hard_adversarial__seed_42__f7bc2231516e.json,skip,,customer_count>10
results/runs/research_until_25000/hgs_lightweight_v1/research/group_03_hard/g03h_i19_c500_d2_m5_hard_adversarial/20260509T024805Z__research_until_25000__hgs_lightweight_v1__g03h_i19_c500_d2_m5_hard_adversarial__seed_42__4234de6b9215.json,skip,,customer_count>10
results/runs/research_until_25000/hgs_lightweight_v1/research/group_03_hard/g03h_i20_c500_d3_m6_hard_adversarial/20260509T024805Z__research_until_25000__hgs_lightweight_v1__g03h_i20_c500_d3_m6_hard_adversarial__seed_42__8497b219a75f.json,skip,,customer_count>10
results/runs/research_until_25000/hgs_lightweight_v1/research/group_03_hard/g03h_i21_c500_d2_m5_hard_adversarial/20260509T024806Z__research_until_25000__hgs_lightweight_v1__g03h_i21_c500_d2_m5_hard_adversarial__seed_42__e3018c7f8788.json,skip,,customer_count>10
results/runs/research_until_25000/hgs_lightweight_v1/research/group_03_hard/g03h_i22_c500_d2_m4_hard_adversarial/20260509T024806Z__research_until_25000__hgs_lightweight_v1__g03h_i22_c500_d2_m4_hard_adversarial__seed_42__96638cac74db.json,skip,,customer_count>10
results/runs/research_until_25000/hgs_lightweight_v1/research/group_03_hard/g03h_i23_c500_d3_m5_hard_adversarial/20260509T024806Z__research_until_25000__hgs_lightweight_v1__g03h_i23_c500_d3_m5_hard_adversarial__seed_42__093dc2bc1462.json,skip,,customer_count>10
results/runs/research_until_25000/hgs_lightweight_v1/research/group_03_hard/g03h_i24_c500_d2_m4_hard_adversarial/20260509T024806Z__research_until_25000__hgs_lightweight_v1__g03h_i24_c500_d2_m4_hard_adversarial__seed_42__dab7875fc803.json,skip,,customer_count>10
results/runs/research_until_25000/hgs_lightweight_v1/research/group_03_hard/g03h_i25_c500_d3_m5_hard_adversarial/20260509T024806Z__research_until_25000__hgs_lightweight_v1__g03h_i25_c500_d3_m5_hard_adversarial__seed_42__c9e4a7338027.json,skip,,customer_count>10
results/runs/research_until_25000/hgs_lightweight_v1/research/group_03_traps/g03t_i01_c750_d4_m5_trap/20260509T024807Z__research_until_25000__hgs_lightweight_v1__g03t_i01_c750_d4_m5_trap__seed_42__07767896833b.json,skip,,customer_count>10
results/runs/research_until_25000/hgs_lightweight_v1/research/group_03_traps/g03t_i02_c750_d3_m4_trap/20260509T024807Z__research_until_25000__hgs_lightweight_v1__g03t_i02_c750_d3_m4_trap__seed_42__6b85dded9118.json,skip,,customer_count>10
results/runs/research_until_25000/hgs_lightweight_v1/research/group_03_traps/g03t_i03_c750_d2_m3_trap/20260509T024807Z__research_until_25000__hgs_lightweight_v1__g03t_i03_c750_d2_m3_trap__seed_42__7c7ad073f7e6.json,skip,,customer_count>10
results/runs/research_until_25000/hgs_lightweight_v1/research/group_03_traps/g03t_i04_c750_d4_m5_trap/20260509T024807Z__research_until_25000__hgs_lightweight_v1__g03t_i04_c750_d4_m5_trap__seed_42__ea59c592c1c7.json,skip,,customer_count>10
results/runs/research_until_25000/hgs_lightweight_v1/research/group_03_traps/g03t_i05_c750_d3_m4_trap/20260509T024807Z__research_until_25000__hgs_lightweight_v1__g03t_i05_c750_d3_m4_trap__seed_42__2d8af70a230e.json,skip,,customer_count>10
results/runs/research_until_25000/hgs_lightweight_v1/research/group_03_traps/g03t_i06_c750_d2_m3_trap/20260509T024807Z__research_until_25000__hgs_lightweight_v1__g03t_i06_c750_d2_m3_trap__seed_42__014b23924e93.json,skip,,customer_count>10
results/runs/research_until_25000/hgs_lightweight_v1/research/group_03_traps/g03t_i07_c750_d4_m5_trap/20260509T024808Z__research_until_25000__hgs_lightweight_v1__g03t_i07_c750_d4_m5_trap__seed_42__ce78f22b71a5.json,skip,,customer_count>10
results/runs/research_until_25000/hgs_lightweight_v1/research/group_03_traps/g03t_i08_c750_d4_m5_trap/20260509T024808Z__research_until_25000__hgs_lightweight_v1__g03t_i08_c750_d4_m5_trap__seed_42__81d2db580048.json,skip,,customer_count>10
results/runs/research_until_25000/hgs_lightweight_v1/research/group_03_traps/g03t_i09_c750_d3_m4_trap/20260509T024808Z__research_until_25000__hgs_lightweight_v1__g03t_i09_c750_d3_m4_trap__seed_42__f1f4dde7e0f7.json,skip,,customer_count>10
results/runs/research_until_25000/hgs_lightweight_v1/research/group_03_traps/g03t_i10_c750_d2_m3_trap/20260509T024808Z__research_until_25000__hgs_lightweight_v1__g03t_i10_c750_d2_m3_trap__seed_42__9369e495bad5.json,skip,,customer_count>10
results/runs/research_until_25000/hgs_lightweight_v1/research/group_03_traps/g03t_i11_c750_d4_m5_trap/20260509T024808Z__research_until_25000__hgs_lightweight_v1__g03t_i11_c750_d4_m5_trap__seed_42__154736cc6645.json,skip,,customer_count>10
results/runs/research_until_25000/hgs_lightweight_v1/research/group_03_traps/g03t_i12_c750_d3_m4_trap/20260509T024808Z__research_until_25000__hgs_lightweight_v1__g03t_i12_c750_d3_m4_trap__seed_42__78693b1f656b.json,skip,,customer_count>10
results/runs/research_until_25000/hgs_lightweight_v1/research/group_03_traps/g03t_i13_c750_d2_m3_trap/20260509T024808Z__research_until_25000__hgs_lightweight_v1__g03t_i13_c750_d2_m3_trap__seed_42__36a2a547c89f.json,skip,,customer_count>10
results/runs/research_until_25000/hgs_lightweight_v1/research/group_03_traps/g03t_i14_c750_d4_m5_trap/20260509T024809Z__research_until_25000__hgs_lightweight_v1__g03t_i14_c750_d4_m5_trap__seed_42__fe2ebe0c645b.json,skip,,customer_count>10
results/runs/research_until_25000/hgs_lightweight_v1/research/group_03_traps/g03t_i15_c750_d3_m4_trap/20260509T024809Z__research_until_25000__hgs_lightweight_v1__g03t_i15_c750_d3_m4_trap__seed_42__e068037f16a1.json,skip,,customer_count>10
results/runs/research_until_25000/hgs_lightweight_v1/research/group_03_traps/g03t_i16_c750_d2_m3_trap/20260509T024809Z__research_until_25000__hgs_lightweight_v1__g03t_i16_c750_d2_m3_trap__seed_42__c9f97fd2147b.json,skip,,customer_count>10
results/runs/research_until_25000/hgs_lightweight_v1/research/group_03_traps/g03t_i17_c750_d4_m5_trap/20260509T024809Z__research_until_25000__hgs_lightweight_v1__g03t_i17_c750_d4_m5_trap__seed_42__34ccb245088b.json,skip,,customer_count>10
results/runs/research_until_25000/hgs_lightweight_v1/research/group_03_traps/g03t_i18_c750_d3_m4_trap/20260509T024809Z__research_until_25000__hgs_lightweight_v1__g03t_i18_c750_d3_m4_trap__seed_42__e10a664106d6.json,skip,,customer_count>10
results/runs/research_until_25000/hgs_lightweight_v1/research/group_03_traps/g03t_i19_c750_d4_m5_trap/20260509T024809Z__research_until_25000__hgs_lightweight_v1__g03t_i19_c750_d4_m5_trap__seed_42__d80f64353951.json,skip,,customer_count>10
results/runs/research_until_25000/hgs_lightweight_v1/research/group_03_traps/g03t_i20_c750_d3_m4_trap/20260509T024809Z__research_until_25000__hgs_lightweight_v1__g03t_i20_c750_d3_m4_trap__seed_42__3b6c2805e2fe.json,skip,,customer_count>10
results/runs/research_until_25000/hgs_lightweight_v1/research/group_03_traps/g03t_i21_c750_d4_m5_trap/20260509T024810Z__research_until_25000__hgs_lightweight_v1__g03t_i21_c750_d4_m5_trap__seed_42__8a7829795849.json,skip,,customer_count>10
results/runs/research_until_25000/hgs_lightweight_v1/research/group_03_traps/g03t_i22_c750_d3_m4_trap/20260509T024810Z__research_until_25000__hgs_lightweight_v1__g03t_i22_c750_d3_m4_trap__seed_42__933d7f79ff8c.json,skip,,customer_count>10
results/runs/research_until_25000/hgs_lightweight_v1/research/group_03_traps/g03t_i23_c750_d4_m5_trap/20260509T024810Z__research_until_25000__hgs_lightweight_v1__g03t_i23_c750_d4_m5_trap__seed_42__bf86471409c4.json,skip,,customer_count>10
results/runs/research_until_25000/hgs_lightweight_v1/research/group_03_traps/g03t_i24_c750_d3_m4_trap/20260509T024810Z__research_until_25000__hgs_lightweight_v1__g03t_i24_c750_d3_m4_trap__seed_42__013ece6321cd.json,skip,,customer_count>10
results/runs/research_until_25000/hgs_lightweight_v1/research/group_03_traps/g03t_i25_c750_d2_m3_trap/20260509T024810Z__research_until_25000__hgs_lightweight_v1__g03t_i25_c750_d2_m3_trap__seed_42__5a6fd775116c.json,skip,,customer_count>10
results/runs/research_until_25000/hgs_lightweight_v1/research/group_04/g04_i01_c1000_d6_m11_random/20260509T024810Z__research_until_25000__hgs_lightweight_v1__g04_i01_c1000_d6_m11_random__seed_42__bc88944451f6.json,skip,,customer_count>10
results/runs/research_until_25000/hgs_lightweight_v1/research/group_04/g04_i02_c1000_d5_m19_random/20260509T024811Z__research_until_25000__hgs_lightweight_v1__g04_i02_c1000_d5_m19_random__seed_42__dc41cdfea7a5.json,skip,,customer_count>10
results/runs/research_until_25000/hgs_lightweight_v1/research/group_04/g04_i03_c1000_d7_m19_random/20260509T024812Z__research_until_25000__hgs_lightweight_v1__g04_i03_c1000_d7_m19_random__seed_42__3dbee0351379.json,skip,,customer_count>10
results/runs/research_until_25000/hgs_lightweight_v1/research/group_04/g04_i04_c1000_d7_m12_random/20260509T024813Z__research_until_25000__hgs_lightweight_v1__g04_i04_c1000_d7_m12_random__seed_42__5d59aaf51e6e.json,skip,,customer_count>10
results/runs/research_until_25000/hgs_lightweight_v1/research/group_04/g04_i05_c1000_d10_m23_random/20260509T024814Z__research_until_25000__hgs_lightweight_v1__g04_i05_c1000_d10_m23_random__seed_42__bacf2f0c1ca0.json,skip,,customer_count>10
results/runs/research_until_25000/hgs_lightweight_v1/research/group_05/g05_i01_c10000_d1_m6_random/20260509T024814Z__research_until_25000__hgs_lightweight_v1__g05_i01_c10000_d1_m6_random__seed_42__a2a6cbfde34b.json,skip,,customer_count>10
results/runs/research_until_25000/hgs_lightweight_v1/research/group_05/g05_i02_c10000_d2_m9_random/20260509T024815Z__research_until_25000__hgs_lightweight_v1__g05_i02_c10000_d2_m9_random__seed_42__b1bacbb2f0b8.json,skip,,customer_count>10
results/runs/research_until_25000/hgs_lightweight_v1/research/group_05/g05_i03_c10000_d3_m18_random/20260509T024825Z__research_until_25000__hgs_lightweight_v1__g05_i03_c10000_d3_m18_random__seed_42__00efcfb07265.json,skip,,customer_count>10
results/runs/research_until_25000/hgs_lightweight_v1/research/group_05/g05_i04_c10000_d1_m8_random/20260509T024834Z__research_until_25000__hgs_lightweight_v1__g05_i04_c10000_d1_m8_random__seed_42__fab4f0b16299.json,skip,,customer_count>10
results/runs/research_until_25000/hgs_lightweight_v1/research/group_05/g05_i05_c10000_d2_m9_random/20260509T024835Z__research_until_25000__hgs_lightweight_v1__g05_i05_c10000_d2_m9_random__seed_42__ce3c2e790039.json,skip,,customer_count>10
results/runs/research_until_25000/hgs_lightweight_v1/research/group_06/g06_i01_c10000_d7_m16_clustered/20260509T024843Z__research_until_25000__hgs_lightweight_v1__g06_i01_c10000_d7_m16_clustered__seed_42__d130b253c33d.json,skip,,customer_count>10
results/runs/research_until_25000/hgs_lightweight_v1/research/group_06/g06_i02_c10000_d6_m41_clustered/20260509T024849Z__research_until_25000__hgs_lightweight_v1__g06_i02_c10000_d6_m41_clustered__seed_42__d04d81e121ee.json,skip,,customer_count>10
results/runs/research_until_25000/hgs_lightweight_v1/research/group_06/g06_i03_c10000_d10_m79_grid/20260509T024858Z__research_until_25000__hgs_lightweight_v1__g06_i03_c10000_d10_m79_grid__seed_42__2a941f639f63.json,skip,,customer_count>10
results/runs/research_until_25000/hgs_lightweight_v1/research/group_06/g06_i04_c10000_d7_m15_grid/20260509T024917Z__research_until_25000__hgs_lightweight_v1__g06_i04_c10000_d7_m15_grid__seed_42__b49a91bd73f9.json,skip,,customer_count>10
results/runs/research_until_25000/hgs_lightweight_v1/research/group_06/g06_i05_c10000_d7_m15_adversarial/20260509T024922Z__research_until_25000__hgs_lightweight_v1__g06_i05_c10000_d7_m15_adversarial__seed_42__f2c240e22fe3.json,skip,,customer_count>10
results/runs/research_until_25000/hgs_lightweight_v1/research/group_06/g06_i06_c10000_d7_m33_adversarial/20260509T024930Z__research_until_25000__hgs_lightweight_v1__g06_i06_c10000_d7_m33_adversarial__seed_42__1fea4f625af9.json,skip,,customer_count>10
results/runs/research_until_25000/hgs_lightweight_v1/research/group_06/g06_i07_c10000_d10_m70_line/20260509T024938Z__research_until_25000__hgs_lightweight_v1__g06_i07_c10000_d10_m70_line__seed_42__86cb27a91da9.json,skip,,customer_count>10
results/runs/research_until_25000/hgs_lightweight_v1/research/group_06/g06_i08_c10000_d7_m45_line/20260509T025013Z__research_until_25000__hgs_lightweight_v1__g06_i08_c10000_d7_m45_line__seed_42__20c4567545b8.json,skip,,customer_count>10
results/runs/research_until_25000/hgs_lightweight_v1/research/group_07/g07_i01_c25000_d9_m20_random/20260509T025022Z__research_until_25000__hgs_lightweight_v1__g07_i01_c25000_d9_m20_random__seed_42__94dfd8d70df6.json,skip,,customer_count>10
results/runs/research_until_25000/hgs_lightweight_v1/research/group_07/g07_i02_c25000_d5_m26_random/20260509T025121Z__research_until_25000__hgs_lightweight_v1__g07_i02_c25000_d5_m26_random__seed_42__9c1332e5b5f0.json,skip,,customer_count>10
results/runs/research_until_25000/hgs_lightweight_v2/research/group_01/g01_i01_c10_d1_m3_random/20260509T231732Z__research_until_25000__hgs_lightweight_v2__g01_i01_c10_d1_m3_random__seed_42__f98dd1921f67.json,rendered,results/plots/solutions/research_until_25000/hgs_lightweight_v2/research/group_01/g01_i01_c10_d1_m3_random/20260509T231732Z__research_until_25000__hgs_lightweight_v2__g01_i01_c10_d1_m3_random__seed_42__f98dd1921f67.png,
results/runs/research_until_25000/hgs_lightweight_v2/research/group_01/g01_i02_c10_d1_m3_random/20260509T231732Z__research_until_25000__hgs_lightweight_v2__g01_i02_c10_d1_m3_random__seed_42__503bcf23b2ad.json,rendered,results/plots/solutions/research_until_25000/hgs_lightweight_v2/research/group_01/g01_i02_c10_d1_m3_random/20260509T231732Z__research_until_25000__hgs_lightweight_v2__g01_i02_c10_d1_m3_random__seed_42__503bcf23b2ad.png,
results/runs/research_until_25000/hgs_lightweight_v2/research/group_01/g01_i03_c10_d2_m6_random/20260509T231732Z__research_until_25000__hgs_lightweight_v2__g01_i03_c10_d2_m6_random__seed_42__e3a26eab44be.json,rendered,results/plots/solutions/research_until_25000/hgs_lightweight_v2/research/group_01/g01_i03_c10_d2_m6_random/20260509T231732Z__research_until_25000__hgs_lightweight_v2__g01_i03_c10_d2_m6_random__seed_42__e3a26eab44be.png,
results/runs/research_until_25000/hgs_lightweight_v2/research/group_01/g01_i04_c10_d2_m5_random/20260509T231732Z__research_until_25000__hgs_lightweight_v2__g01_i04_c10_d2_m5_random__seed_42__892c44d978a3.json,rendered,results/plots/solutions/research_until_25000/hgs_lightweight_v2/research/group_01/g01_i04_c10_d2_m5_random/20260509T231732Z__research_until_25000__hgs_lightweight_v2__g01_i04_c10_d2_m5_random__seed_42__892c44d978a3.png,
results/runs/research_until_25000/hgs_lightweight_v2/research/group_01/g01_i05_c10_d2_m4_random/20260509T231732Z__research_until_25000__hgs_lightweight_v2__g01_i05_c10_d2_m4_random__seed_42__b3edff45594a.json,rendered,results/plots/solutions/research_until_25000/hgs_lightweight_v2/research/group_01/g01_i05_c10_d2_m4_random/20260509T231732Z__research_until_25000__hgs_lightweight_v2__g01_i05_c10_d2_m4_random__seed_42__b3edff45594a.png,
results/runs/research_until_25000/hgs_lightweight_v2/research/group_01/g01_i06_c10_d3_m4_random/20260509T231732Z__research_until_25000__hgs_lightweight_v2__g01_i06_c10_d3_m4_random__seed_42__95a9941bb9f7.json,rendered,results/plots/solutions/research_until_25000/hgs_lightweight_v2/research/group_01/g01_i06_c10_d3_m4_random/20260509T231732Z__research_until_25000__hgs_lightweight_v2__g01_i06_c10_d3_m4_random__seed_42__95a9941bb9f7.png,
results/runs/research_until_25000/hgs_lightweight_v2/research/group_01/g01_i07_c10_d3_m5_random/20260509T231732Z__research_until_25000__hgs_lightweight_v2__g01_i07_c10_d3_m5_random__seed_42__c133240bb6ce.json,rendered,results/plots/solutions/research_until_25000/hgs_lightweight_v2/research/group_01/g01_i07_c10_d3_m5_random/20260509T231732Z__research_until_25000__hgs_lightweight_v2__g01_i07_c10_d3_m5_random__seed_42__c133240bb6ce.png,
results/runs/research_until_25000/hgs_lightweight_v2/research/group_01/g01_i08_c10_d2_m2_random/20260509T231732Z__research_until_25000__hgs_lightweight_v2__g01_i08_c10_d2_m2_random__seed_42__373048e2c651.json,rendered,results/plots/solutions/research_until_25000/hgs_lightweight_v2/research/group_01/g01_i08_c10_d2_m2_random/20260509T231732Z__research_until_25000__hgs_lightweight_v2__g01_i08_c10_d2_m2_random__seed_42__373048e2c651.png,
results/runs/research_until_25000/hgs_lightweight_v2/research/group_01/g01_i09_c10_d3_m3_random/20260509T231732Z__research_until_25000__hgs_lightweight_v2__g01_i09_c10_d3_m3_random__seed_42__4123d4f860b6.json,rendered,results/plots/solutions/research_until_25000/hgs_lightweight_v2/research/group_01/g01_i09_c10_d3_m3_random/20260509T231732Z__research_until_25000__hgs_lightweight_v2__g01_i09_c10_d3_m3_random__seed_42__4123d4f860b6.png,
results/runs/research_until_25000/hgs_lightweight_v2/research/group_01/g01_i10_c10_d1_m1_random/20260509T231732Z__research_until_25000__hgs_lightweight_v2__g01_i10_c10_d1_m1_random__seed_42__eb14ae2e35ba.json,rendered,results/plots/solutions/research_until_25000/hgs_lightweight_v2/research/group_01/g01_i10_c10_d1_m1_random/20260509T231732Z__research_until_25000__hgs_lightweight_v2__g01_i10_c10_d1_m1_random__seed_42__eb14ae2e35ba.png,
results/runs/research_until_25000/hgs_lightweight_v2/research/group_02/g02_i01_c50_d5_m23_random/20260509T231732Z__research_until_25000__hgs_lightweight_v2__g02_i01_c50_d5_m23_random__seed_42__a8c2fca4a641.json,skip,,customer_count>10
results/runs/research_until_25000/hgs_lightweight_v2/research/group_02/g02_i02_c50_d3_m3_random/20260509T231732Z__research_until_25000__hgs_lightweight_v2__g02_i02_c50_d3_m3_random__seed_42__0d7ef0f2798a.json,skip,,customer_count>10
results/runs/research_until_25000/hgs_lightweight_v2/research/group_02/g02_i03_c50_d4_m19_random/20260509T231732Z__research_until_25000__hgs_lightweight_v2__g02_i03_c50_d4_m19_random__seed_42__07f396450d1b.json,skip,,customer_count>10
results/runs/research_until_25000/hgs_lightweight_v2/research/group_02/g02_i04_c50_d4_m10_random/20260509T231732Z__research_until_25000__hgs_lightweight_v2__g02_i04_c50_d4_m10_random__seed_42__818a5d041e06.json,skip,,customer_count>10
results/runs/research_until_25000/hgs_lightweight_v2/research/group_02/g02_i05_c50_d3_m7_random/20260509T231732Z__research_until_25000__hgs_lightweight_v2__g02_i05_c50_d3_m7_random__seed_42__521ca932bffc.json,skip,,customer_count>10
results/runs/research_until_25000/hgs_lightweight_v2/research/group_02/g02_i06_c50_d4_m6_random/20260509T231732Z__research_until_25000__hgs_lightweight_v2__g02_i06_c50_d4_m6_random__seed_42__a3425ca3c294.json,skip,,customer_count>10
results/runs/research_until_25000/hgs_lightweight_v2/research/group_02/g02_i07_c50_d4_m5_random/20260509T231732Z__research_until_25000__hgs_lightweight_v2__g02_i07_c50_d4_m5_random__seed_42__f203e7413a20.json,skip,,customer_count>10
results/runs/research_until_25000/hgs_lightweight_v2/research/group_02/g02_i08_c50_d4_m11_random/20260509T231732Z__research_until_25000__hgs_lightweight_v2__g02_i08_c50_d4_m11_random__seed_42__372e16aeff33.json,skip,,customer_count>10
results/runs/research_until_25000/hgs_lightweight_v2/research/group_02/g02_i09_c50_d5_m10_random/20260509T231732Z__research_until_25000__hgs_lightweight_v2__g02_i09_c50_d5_m10_random__seed_42__a2a8f07de71f.json,skip,,customer_count>10
results/runs/research_until_25000/hgs_lightweight_v2/research/group_02/g02_i10_c50_d4_m20_random/20260509T231732Z__research_until_25000__hgs_lightweight_v2__g02_i10_c50_d4_m20_random__seed_42__fc5423fcef54.json,skip,,customer_count>10
results/runs/research_until_25000/hgs_lightweight_v2/research/group_03/g03_i01_c500_d5_m21_random/20260509T231732Z__research_until_25000__hgs_lightweight_v2__g03_i01_c500_d5_m21_random__seed_42__36dfd2708923.json,skip,,customer_count>10
results/runs/research_until_25000/hgs_lightweight_v2/research/group_03/g03_i02_c500_d3_m10_random/20260509T231734Z__research_until_25000__hgs_lightweight_v2__g03_i02_c500_d3_m10_random__seed_42__60afe864d172.json,skip,,customer_count>10
results/runs/research_until_25000/hgs_lightweight_v2/research/group_03/g03_i03_c500_d3_m12_random/20260509T231735Z__research_until_25000__hgs_lightweight_v2__g03_i03_c500_d3_m12_random__seed_42__b156877e0dab.json,skip,,customer_count>10
results/runs/research_until_25000/hgs_lightweight_v2/research/group_03/g03_i04_c500_d5_m19_random/20260509T231736Z__research_until_25000__hgs_lightweight_v2__g03_i04_c500_d5_m19_random__seed_42__2e8fb62464ad.json,skip,,customer_count>10
results/runs/research_until_25000/hgs_lightweight_v2/research/group_03/g03_i05_c500_d3_m6_random/20260509T231738Z__research_until_25000__hgs_lightweight_v2__g03_i05_c500_d3_m6_random__seed_42__a7668e9a507e.json,skip,,customer_count>10
results/runs/research_until_25000/hgs_lightweight_v2/research/group_03/g03_i06_c500_d3_m3_random/20260509T231738Z__research_until_25000__hgs_lightweight_v2__g03_i06_c500_d3_m3_random__seed_42__15dc35123322.json,skip,,customer_count>10
results/runs/research_until_25000/hgs_lightweight_v2/research/group_03/g03_i07_c500_d5_m20_random/20260509T231739Z__research_until_25000__hgs_lightweight_v2__g03_i07_c500_d5_m20_random__seed_42__1c5260416bc9.json,skip,,customer_count>10
results/runs/research_until_25000/hgs_lightweight_v2/research/group_03/g03_i08_c500_d3_m7_random/20260509T231740Z__research_until_25000__hgs_lightweight_v2__g03_i08_c500_d3_m7_random__seed_42__e39ff7a67189.json,skip,,customer_count>10
results/runs/research_until_25000/hgs_lightweight_v2/research/group_03/g03_i09_c500_d4_m8_random/20260509T231741Z__research_until_25000__hgs_lightweight_v2__g03_i09_c500_d4_m8_random__seed_42__e01ee2bd4ab4.json,skip,,customer_count>10
results/runs/research_until_25000/hgs_lightweight_v2/research/group_03/g03_i10_c500_d5_m18_random/20260509T231741Z__research_until_25000__hgs_lightweight_v2__g03_i10_c500_d5_m18_random__seed_42__be37bb28f3ea.json,skip,,customer_count>10
results/runs/research_until_25000/hgs_lightweight_v2/research/group_03/g03_i11_c500_d4_m12_adversarial/20260509T231742Z__research_until_25000__hgs_lightweight_v2__g03_i11_c500_d4_m12_adversarial__seed_42__f62282cc7fc3.json,skip,,customer_count>10
results/runs/research_until_25000/hgs_lightweight_v2/research/group_03/g03_i12_c500_d4_m13_adversarial/20260509T231744Z__research_until_25000__hgs_lightweight_v2__g03_i12_c500_d4_m13_adversarial__seed_42__8d41f5b0f60a.json,skip,,customer_count>10
results/runs/research_until_25000/hgs_lightweight_v2/research/group_03/g03_i13_c500_d4_m12_adversarial/20260509T231745Z__research_until_25000__hgs_lightweight_v2__g03_i13_c500_d4_m12_adversarial__seed_42__ac2ff0897886.json,skip,,customer_count>10
results/runs/research_until_25000/hgs_lightweight_v2/research/group_03/g03_i14_c500_d4_m13_adversarial/20260509T231747Z__research_until_25000__hgs_lightweight_v2__g03_i14_c500_d4_m13_adversarial__seed_42__73c433a0aa3c.json,skip,,customer_count>10
results/runs/research_until_25000/hgs_lightweight_v2/research/group_03/g03_i15_c500_d5_m15_adversarial/20260509T231748Z__research_until_25000__hgs_lightweight_v2__g03_i15_c500_d5_m15_adversarial__seed_42__a61fd85029be.json,skip,,customer_count>10
results/runs/research_until_25000/hgs_lightweight_v2/research/group_03/g03_i16_c500_d4_m12_adversarial/20260509T231750Z__research_until_25000__hgs_lightweight_v2__g03_i16_c500_d4_m12_adversarial__seed_42__a2811d5fc301.json,skip,,customer_count>10
results/runs/research_until_25000/hgs_lightweight_v2/research/group_03/g03_i17_c500_d4_m13_adversarial/20260509T231752Z__research_until_25000__hgs_lightweight_v2__g03_i17_c500_d4_m13_adversarial__seed_42__49c30ba32003.json,skip,,customer_count>10
results/runs/research_until_25000/hgs_lightweight_v2/research/group_03/g03_i18_c500_d5_m15_adversarial/20260509T231753Z__research_until_25000__hgs_lightweight_v2__g03_i18_c500_d5_m15_adversarial__seed_42__28708dd571e3.json,skip,,customer_count>10
results/runs/research_until_25000/hgs_lightweight_v2/research/group_03/g03_i19_c500_d4_m12_adversarial/20260509T231754Z__research_until_25000__hgs_lightweight_v2__g03_i19_c500_d4_m12_adversarial__seed_42__2f925d2cb876.json,skip,,customer_count>10
results/runs/research_until_25000/hgs_lightweight_v2/research/group_03/g03_i20_c500_d4_m13_adversarial/20260509T231756Z__research_until_25000__hgs_lightweight_v2__g03_i20_c500_d4_m13_adversarial__seed_42__c13d79ba93ff.json,skip,,customer_count>10
results/runs/research_until_25000/hgs_lightweight_v2/research/group_03/g03_i21_c500_d5_m15_adversarial/20260509T231758Z__research_until_25000__hgs_lightweight_v2__g03_i21_c500_d5_m15_adversarial__seed_42__7c6d1e441207.json,skip,,customer_count>10
results/runs/research_until_25000/hgs_lightweight_v2/research/group_03/g03_i22_c500_d4_m12_adversarial/20260509T231759Z__research_until_25000__hgs_lightweight_v2__g03_i22_c500_d4_m12_adversarial__seed_42__2bb9251b75a9.json,skip,,customer_count>10
results/runs/research_until_25000/hgs_lightweight_v2/research/group_03/g03_i23_c500_d4_m13_adversarial/20260509T231800Z__research_until_25000__hgs_lightweight_v2__g03_i23_c500_d4_m13_adversarial__seed_42__8f0cf9421aec.json,skip,,customer_count>10
results/runs/research_until_25000/hgs_lightweight_v2/research/group_03/g03_i24_c500_d5_m15_adversarial/20260509T231802Z__research_until_25000__hgs_lightweight_v2__g03_i24_c500_d5_m15_adversarial__seed_42__ee727f364984.json,skip,,customer_count>10
results/runs/research_until_25000/hgs_lightweight_v2/research/group_03/g03_i25_c500_d4_m12_adversarial/20260509T231803Z__research_until_25000__hgs_lightweight_v2__g03_i25_c500_d4_m12_adversarial__seed_42__5cdb487e164e.json,skip,,customer_count>10
results/runs/research_until_25000/hgs_lightweight_v2/research/group_03/g03_i26_c500_d5_m14_adversarial/20260509T231804Z__research_until_25000__hgs_lightweight_v2__g03_i26_c500_d5_m14_adversarial__seed_42__18d10e6b3457.json,skip,,customer_count>10
results/runs/research_until_25000/hgs_lightweight_v2/research/group_03/g03_i27_c500_d4_m12_adversarial/20260509T231805Z__research_until_25000__hgs_lightweight_v2__g03_i27_c500_d4_m12_adversarial__seed_42__aa56df800b6c.json,skip,,customer_count>10
results/runs/research_until_25000/hgs_lightweight_v2/research/group_03/g03_i28_c500_d5_m14_adversarial/20260509T231805Z__research_until_25000__hgs_lightweight_v2__g03_i28_c500_d5_m14_adversarial__seed_42__6aae02beaeaa.json,skip,,customer_count>10
results/runs/research_until_25000/hgs_lightweight_v2/research/group_03/g03_i29_c500_d4_m12_adversarial/20260509T231806Z__research_until_25000__hgs_lightweight_v2__g03_i29_c500_d4_m12_adversarial__seed_42__6c429f2ea335.json,skip,,customer_count>10
results/runs/research_until_25000/hgs_lightweight_v2/research/group_03/g03_i30_c500_d5_m14_adversarial/20260509T231807Z__research_until_25000__hgs_lightweight_v2__g03_i30_c500_d5_m14_adversarial__seed_42__632cd05f8a1c.json,skip,,customer_count>10
results/runs/research_until_25000/hgs_lightweight_v2/research/group_03/g03_i31_c500_d4_m12_adversarial/20260509T231808Z__research_until_25000__hgs_lightweight_v2__g03_i31_c500_d4_m12_adversarial__seed_42__a4d2a26198b6.json,skip,,customer_count>10
results/runs/research_until_25000/hgs_lightweight_v2/research/group_03/g03_i32_c500_d5_m14_adversarial/20260509T231809Z__research_until_25000__hgs_lightweight_v2__g03_i32_c500_d5_m14_adversarial__seed_42__904fc0ddeabb.json,skip,,customer_count>10
results/runs/research_until_25000/hgs_lightweight_v2/research/group_03/g03_i33_c500_d4_m13_adversarial/20260509T231810Z__research_until_25000__hgs_lightweight_v2__g03_i33_c500_d4_m13_adversarial__seed_42__fa3b07186dcc.json,skip,,customer_count>10
results/runs/research_until_25000/hgs_lightweight_v2/research/group_03/g03_i34_c500_d5_m16_adversarial/20260509T231811Z__research_until_25000__hgs_lightweight_v2__g03_i34_c500_d5_m16_adversarial__seed_42__2fd3db3f198f.json,skip,,customer_count>10
results/runs/research_until_25000/hgs_lightweight_v2/research/group_03/g03_i35_c500_d4_m13_adversarial/20260509T231813Z__research_until_25000__hgs_lightweight_v2__g03_i35_c500_d4_m13_adversarial__seed_42__3090fa924319.json,skip,,customer_count>10
results/runs/research_until_25000/hgs_lightweight_v2/research/group_03/g03_i36_c500_d5_m16_adversarial/20260509T231814Z__research_until_25000__hgs_lightweight_v2__g03_i36_c500_d5_m16_adversarial__seed_42__95ba046573a9.json,skip,,customer_count>10
results/runs/research_until_25000/hgs_lightweight_v2/research/group_03/g03_i37_c500_d4_m13_adversarial/20260509T231816Z__research_until_25000__hgs_lightweight_v2__g03_i37_c500_d4_m13_adversarial__seed_42__a8fad36e9063.json,skip,,customer_count>10
results/runs/research_until_25000/hgs_lightweight_v2/research/group_03/g03_i38_c500_d5_m16_adversarial/20260509T231817Z__research_until_25000__hgs_lightweight_v2__g03_i38_c500_d5_m16_adversarial__seed_42__ee8845fe779d.json,skip,,customer_count>10
results/runs/research_until_25000/hgs_lightweight_v2/research/group_03/g03_i39_c500_d4_m13_adversarial/20260509T231818Z__research_until_25000__hgs_lightweight_v2__g03_i39_c500_d4_m13_adversarial__seed_42__7efd0dd89ba0.json,skip,,customer_count>10
results/runs/research_until_25000/hgs_lightweight_v2/research/group_03/g03_i40_c500_d5_m16_adversarial/20260509T231819Z__research_until_25000__hgs_lightweight_v2__g03_i40_c500_d5_m16_adversarial__seed_42__98995dcd3149.json,skip,,customer_count>10
results/runs/research_until_25000/hgs_lightweight_v2/research/group_03/g03_i41_c500_d4_m12_adversarial/20260509T231821Z__research_until_25000__hgs_lightweight_v2__g03_i41_c500_d4_m12_adversarial__seed_42__ba789ba8a395.json,skip,,customer_count>10
results/runs/research_until_25000/hgs_lightweight_v2/research/group_03/g03_i42_c500_d5_m14_adversarial/20260509T231822Z__research_until_25000__hgs_lightweight_v2__g03_i42_c500_d5_m14_adversarial__seed_42__8d1b22de9195.json,skip,,customer_count>10
results/runs/research_until_25000/hgs_lightweight_v2/research/group_03/g03_i43_c500_d4_m12_adversarial/20260509T231824Z__research_until_25000__hgs_lightweight_v2__g03_i43_c500_d4_m12_adversarial__seed_42__3d3d84ac32ca.json,skip,,customer_count>10
results/runs/research_until_25000/hgs_lightweight_v2/research/group_03/g03_i44_c500_d5_m14_adversarial/20260509T231825Z__research_until_25000__hgs_lightweight_v2__g03_i44_c500_d5_m14_adversarial__seed_42__1856827e89a2.json,skip,,customer_count>10
results/runs/research_until_25000/hgs_lightweight_v2/research/group_03/g03_i45_c500_d4_m12_adversarial/20260509T231826Z__research_until_25000__hgs_lightweight_v2__g03_i45_c500_d4_m12_adversarial__seed_42__f661fe7a18e9.json,skip,,customer_count>10
results/runs/research_until_25000/hgs_lightweight_v2/research/group_03/g03_i46_c500_d5_m14_adversarial/20260509T231827Z__research_until_25000__hgs_lightweight_v2__g03_i46_c500_d5_m14_adversarial__seed_42__ef4174fcbf2a.json,skip,,customer_count>10
results/runs/research_until_25000/hgs_lightweight_v2/research/group_03/g03_i47_c500_d4_m12_adversarial/20260509T231829Z__research_until_25000__hgs_lightweight_v2__g03_i47_c500_d4_m12_adversarial__seed_42__3feb02da4958.json,skip,,customer_count>10
results/runs/research_until_25000/hgs_lightweight_v2/research/group_03/g03_i48_c500_d4_m13_adversarial/20260509T231830Z__research_until_25000__hgs_lightweight_v2__g03_i48_c500_d4_m13_adversarial__seed_42__519b6f001ece.json,skip,,customer_count>10
results/runs/research_until_25000/hgs_lightweight_v2/research/group_03/g03_i49_c500_d5_m15_adversarial/20260509T231832Z__research_until_25000__hgs_lightweight_v2__g03_i49_c500_d5_m15_adversarial__seed_42__f8efaee6671c.json,skip,,customer_count>10
results/runs/research_until_25000/hgs_lightweight_v2/research/group_03/g03_i50_c500_d4_m12_adversarial/20260509T231833Z__research_until_25000__hgs_lightweight_v2__g03_i50_c500_d4_m12_adversarial__seed_42__25be9dbb46e3.json,skip,,customer_count>10
results/runs/research_until_25000/hgs_lightweight_v2/research/group_03/g03_i51_c500_d4_m13_adversarial/20260509T231835Z__research_until_25000__hgs_lightweight_v2__g03_i51_c500_d4_m13_adversarial__seed_42__519bad2fe7ec.json,skip,,customer_count>10
results/runs/research_until_25000/hgs_lightweight_v2/research/group_03/g03_i52_c500_d5_m15_adversarial/20260509T231836Z__research_until_25000__hgs_lightweight_v2__g03_i52_c500_d5_m15_adversarial__seed_42__48885a23ede1.json,skip,,customer_count>10
results/runs/research_until_25000/hgs_lightweight_v2/research/group_03_hard/g03h_i01_c500_d3_m5_hard_adversarial/20260509T231838Z__research_until_25000__hgs_lightweight_v2__g03h_i01_c500_d3_m5_hard_adversarial__seed_42__6da30c3db388.json,skip,,customer_count>10
results/runs/research_until_25000/hgs_lightweight_v2/research/group_03_hard/g03h_i02_c500_d3_m6_hard_adversarial/20260509T231839Z__research_until_25000__hgs_lightweight_v2__g03h_i02_c500_d3_m6_hard_adversarial__seed_42__085c21722968.json,skip,,customer_count>10
results/runs/research_until_25000/hgs_lightweight_v2/research/group_03_hard/g03h_i03_c500_d2_m4_hard_adversarial/20260509T231839Z__research_until_25000__hgs_lightweight_v2__g03h_i03_c500_d2_m4_hard_adversarial__seed_42__b7d745244abc.json,skip,,customer_count>10
results/runs/research_until_25000/hgs_lightweight_v2/research/group_03_hard/g03h_i04_c500_d3_m5_hard_adversarial/20260509T231840Z__research_until_25000__hgs_lightweight_v2__g03h_i04_c500_d3_m5_hard_adversarial__seed_42__e7d21a842767.json,skip,,customer_count>10
results/runs/research_until_25000/hgs_lightweight_v2/research/group_03_hard/g03h_i05_c500_d3_m6_hard_adversarial/20260509T231841Z__research_until_25000__hgs_lightweight_v2__g03h_i05_c500_d3_m6_hard_adversarial__seed_42__98dd81987865.json,skip,,customer_count>10
results/runs/research_until_25000/hgs_lightweight_v2/research/group_03_hard/g03h_i06_c500_d2_m4_hard_adversarial/20260509T231841Z__research_until_25000__hgs_lightweight_v2__g03h_i06_c500_d2_m4_hard_adversarial__seed_42__97a188a8674f.json,skip,,customer_count>10
results/runs/research_until_25000/hgs_lightweight_v2/research/group_03_hard/g03h_i07_c500_d3_m5_hard_adversarial/20260509T231842Z__research_until_25000__hgs_lightweight_v2__g03h_i07_c500_d3_m5_hard_adversarial__seed_42__4a0c8c30d17b.json,skip,,customer_count>10
results/runs/research_until_25000/hgs_lightweight_v2/research/group_03_hard/g03h_i08_c500_d2_m4_hard_adversarial/20260509T231842Z__research_until_25000__hgs_lightweight_v2__g03h_i08_c500_d2_m4_hard_adversarial__seed_42__e25fd42fd5d9.json,skip,,customer_count>10
results/runs/research_until_25000/hgs_lightweight_v2/research/group_03_hard/g03h_i09_c500_d3_m5_hard_adversarial/20260509T231842Z__research_until_25000__hgs_lightweight_v2__g03h_i09_c500_d3_m5_hard_adversarial__seed_42__17d6c3ced86e.json,skip,,customer_count>10
results/runs/research_until_25000/hgs_lightweight_v2/research/group_03_hard/g03h_i10_c500_d2_m4_hard_adversarial/20260509T231843Z__research_until_25000__hgs_lightweight_v2__g03h_i10_c500_d2_m4_hard_adversarial__seed_42__0bf36e973e37.json,skip,,customer_count>10
results/runs/research_until_25000/hgs_lightweight_v2/research/group_03_hard/g03h_i11_c500_d3_m5_hard_adversarial/20260509T231843Z__research_until_25000__hgs_lightweight_v2__g03h_i11_c500_d3_m5_hard_adversarial__seed_42__c1bce04ccbd2.json,skip,,customer_count>10
results/runs/research_until_25000/hgs_lightweight_v2/research/group_03_hard/g03h_i12_c500_d2_m4_hard_adversarial/20260509T231843Z__research_until_25000__hgs_lightweight_v2__g03h_i12_c500_d2_m4_hard_adversarial__seed_42__90282e7885cf.json,skip,,customer_count>10
results/runs/research_until_25000/hgs_lightweight_v2/research/group_03_hard/g03h_i13_c500_d3_m5_hard_adversarial/20260509T231844Z__research_until_25000__hgs_lightweight_v2__g03h_i13_c500_d3_m5_hard_adversarial__seed_42__9f77151b9138.json,skip,,customer_count>10
results/runs/research_until_25000/hgs_lightweight_v2/research/group_03_hard/g03h_i14_c500_d2_m4_hard_adversarial/20260509T231844Z__research_until_25000__hgs_lightweight_v2__g03h_i14_c500_d2_m4_hard_adversarial__seed_42__c49516b6974f.json,skip,,customer_count>10
results/runs/research_until_25000/hgs_lightweight_v2/research/group_03_hard/g03h_i15_c500_d3_m5_hard_adversarial/20260509T231844Z__research_until_25000__hgs_lightweight_v2__g03h_i15_c500_d3_m5_hard_adversarial__seed_42__6b0ebb1f7890.json,skip,,customer_count>10
results/runs/research_until_25000/hgs_lightweight_v2/research/group_03_hard/g03h_i16_c500_d2_m4_hard_adversarial/20260509T231845Z__research_until_25000__hgs_lightweight_v2__g03h_i16_c500_d2_m4_hard_adversarial__seed_42__9cdb2b07ba70.json,skip,,customer_count>10
results/runs/research_until_25000/hgs_lightweight_v2/research/group_03_hard/g03h_i17_c500_d3_m5_hard_adversarial/20260509T231845Z__research_until_25000__hgs_lightweight_v2__g03h_i17_c500_d3_m5_hard_adversarial__seed_42__0fc743439307.json,skip,,customer_count>10
results/runs/research_until_25000/hgs_lightweight_v2/research/group_03_hard/g03h_i18_c500_d3_m6_hard_adversarial/20260509T231846Z__research_until_25000__hgs_lightweight_v2__g03h_i18_c500_d3_m6_hard_adversarial__seed_42__9ad8c280279c.json,skip,,customer_count>10
results/runs/research_until_25000/hgs_lightweight_v2/research/group_03_hard/g03h_i19_c500_d2_m5_hard_adversarial/20260509T231846Z__research_until_25000__hgs_lightweight_v2__g03h_i19_c500_d2_m5_hard_adversarial__seed_42__25a077a59e51.json,skip,,customer_count>10
results/runs/research_until_25000/hgs_lightweight_v2/research/group_03_hard/g03h_i20_c500_d3_m6_hard_adversarial/20260509T231847Z__research_until_25000__hgs_lightweight_v2__g03h_i20_c500_d3_m6_hard_adversarial__seed_42__0857b8b98add.json,skip,,customer_count>10
results/runs/research_until_25000/hgs_lightweight_v2/research/group_03_hard/g03h_i21_c500_d2_m5_hard_adversarial/20260509T231847Z__research_until_25000__hgs_lightweight_v2__g03h_i21_c500_d2_m5_hard_adversarial__seed_42__948a47382d04.json,skip,,customer_count>10
results/runs/research_until_25000/hgs_lightweight_v2/research/group_03_hard/g03h_i22_c500_d2_m4_hard_adversarial/20260509T231848Z__research_until_25000__hgs_lightweight_v2__g03h_i22_c500_d2_m4_hard_adversarial__seed_42__83a892747c4b.json,skip,,customer_count>10
results/runs/research_until_25000/hgs_lightweight_v2/research/group_03_hard/g03h_i23_c500_d3_m5_hard_adversarial/20260509T231849Z__research_until_25000__hgs_lightweight_v2__g03h_i23_c500_d3_m5_hard_adversarial__seed_42__7acebd9229bf.json,skip,,customer_count>10
results/runs/research_until_25000/hgs_lightweight_v2/research/group_03_hard/g03h_i24_c500_d2_m4_hard_adversarial/20260509T231850Z__research_until_25000__hgs_lightweight_v2__g03h_i24_c500_d2_m4_hard_adversarial__seed_42__366735ef417e.json,skip,,customer_count>10
results/runs/research_until_25000/hgs_lightweight_v2/research/group_03_hard/g03h_i25_c500_d3_m5_hard_adversarial/20260509T231850Z__research_until_25000__hgs_lightweight_v2__g03h_i25_c500_d3_m5_hard_adversarial__seed_42__59ff96d894c5.json,skip,,customer_count>10
results/runs/research_until_25000/hgs_lightweight_v2/research/group_03_traps/g03t_i01_c750_d4_m5_trap/20260509T231851Z__research_until_25000__hgs_lightweight_v2__g03t_i01_c750_d4_m5_trap__seed_42__399fc153ed3f.json,skip,,customer_count>10
results/runs/research_until_25000/hgs_lightweight_v2/research/group_03_traps/g03t_i02_c750_d3_m4_trap/20260509T231851Z__research_until_25000__hgs_lightweight_v2__g03t_i02_c750_d3_m4_trap__seed_42__c29c3e0067bf.json,skip,,customer_count>10
results/runs/research_until_25000/hgs_lightweight_v2/research/group_03_traps/g03t_i03_c750_d2_m3_trap/20260509T231852Z__research_until_25000__hgs_lightweight_v2__g03t_i03_c750_d2_m3_trap__seed_42__1b1d7fc75386.json,skip,,customer_count>10
results/runs/research_until_25000/hgs_lightweight_v2/research/group_03_traps/g03t_i04_c750_d4_m5_trap/20260509T231852Z__research_until_25000__hgs_lightweight_v2__g03t_i04_c750_d4_m5_trap__seed_42__154a7047d78c.json,skip,,customer_count>10
results/runs/research_until_25000/hgs_lightweight_v2/research/group_03_traps/g03t_i05_c750_d3_m4_trap/20260509T231852Z__research_until_25000__hgs_lightweight_v2__g03t_i05_c750_d3_m4_trap__seed_42__38667770eed5.json,skip,,customer_count>10
results/runs/research_until_25000/hgs_lightweight_v2/research/group_03_traps/g03t_i06_c750_d2_m3_trap/20260509T231853Z__research_until_25000__hgs_lightweight_v2__g03t_i06_c750_d2_m3_trap__seed_42__c8087e27ea9a.json,skip,,customer_count>10
results/runs/research_until_25000/hgs_lightweight_v2/research/group_03_traps/g03t_i07_c750_d4_m5_trap/20260509T231853Z__research_until_25000__hgs_lightweight_v2__g03t_i07_c750_d4_m5_trap__seed_42__1ebe54006f40.json,skip,,customer_count>10
results/runs/research_until_25000/hgs_lightweight_v2/research/group_03_traps/g03t_i08_c750_d4_m5_trap/20260509T231853Z__research_until_25000__hgs_lightweight_v2__g03t_i08_c750_d4_m5_trap__seed_42__5aa987f0db7f.json,skip,,customer_count>10
results/runs/research_until_25000/hgs_lightweight_v2/research/group_03_traps/g03t_i09_c750_d3_m4_trap/20260509T231854Z__research_until_25000__hgs_lightweight_v2__g03t_i09_c750_d3_m4_trap__seed_42__944f6cc64e21.json,skip,,customer_count>10
results/runs/research_until_25000/hgs_lightweight_v2/research/group_03_traps/g03t_i10_c750_d2_m3_trap/20260509T231854Z__research_until_25000__hgs_lightweight_v2__g03t_i10_c750_d2_m3_trap__seed_42__b8ffee87ad98.json,skip,,customer_count>10
results/runs/research_until_25000/hgs_lightweight_v2/research/group_03_traps/g03t_i11_c750_d4_m5_trap/20260509T231854Z__research_until_25000__hgs_lightweight_v2__g03t_i11_c750_d4_m5_trap__seed_42__532935a5cdd9.json,skip,,customer_count>10
results/runs/research_until_25000/hgs_lightweight_v2/research/group_03_traps/g03t_i12_c750_d3_m4_trap/20260509T231855Z__research_until_25000__hgs_lightweight_v2__g03t_i12_c750_d3_m4_trap__seed_42__961cd150110f.json,skip,,customer_count>10
results/runs/research_until_25000/hgs_lightweight_v2/research/group_03_traps/g03t_i13_c750_d2_m3_trap/20260509T231855Z__research_until_25000__hgs_lightweight_v2__g03t_i13_c750_d2_m3_trap__seed_42__dc8a7e52e9cd.json,skip,,customer_count>10
results/runs/research_until_25000/hgs_lightweight_v2/research/group_03_traps/g03t_i14_c750_d4_m5_trap/20260509T231855Z__research_until_25000__hgs_lightweight_v2__g03t_i14_c750_d4_m5_trap__seed_42__cc304100eab6.json,skip,,customer_count>10
results/runs/research_until_25000/hgs_lightweight_v2/research/group_03_traps/g03t_i15_c750_d3_m4_trap/20260509T231856Z__research_until_25000__hgs_lightweight_v2__g03t_i15_c750_d3_m4_trap__seed_42__060c749bbe54.json,skip,,customer_count>10
results/runs/research_until_25000/hgs_lightweight_v2/research/group_03_traps/g03t_i16_c750_d2_m3_trap/20260509T231856Z__research_until_25000__hgs_lightweight_v2__g03t_i16_c750_d2_m3_trap__seed_42__5ffa476aacfc.json,skip,,customer_count>10
results/runs/research_until_25000/hgs_lightweight_v2/research/group_03_traps/g03t_i17_c750_d4_m5_trap/20260509T231856Z__research_until_25000__hgs_lightweight_v2__g03t_i17_c750_d4_m5_trap__seed_42__b48ad6438701.json,skip,,customer_count>10
results/runs/research_until_25000/hgs_lightweight_v2/research/group_03_traps/g03t_i18_c750_d3_m4_trap/20260509T231857Z__research_until_25000__hgs_lightweight_v2__g03t_i18_c750_d3_m4_trap__seed_42__e2426077a62c.json,skip,,customer_count>10
results/runs/research_until_25000/hgs_lightweight_v2/research/group_03_traps/g03t_i19_c750_d4_m5_trap/20260509T231857Z__research_until_25000__hgs_lightweight_v2__g03t_i19_c750_d4_m5_trap__seed_42__55c58e53c457.json,skip,,customer_count>10
results/runs/research_until_25000/hgs_lightweight_v2/research/group_03_traps/g03t_i20_c750_d3_m4_trap/20260509T231857Z__research_until_25000__hgs_lightweight_v2__g03t_i20_c750_d3_m4_trap__seed_42__057aa34454a5.json,skip,,customer_count>10
results/runs/research_until_25000/hgs_lightweight_v2/research/group_03_traps/g03t_i21_c750_d4_m5_trap/20260509T231858Z__research_until_25000__hgs_lightweight_v2__g03t_i21_c750_d4_m5_trap__seed_42__de20841f43a0.json,skip,,customer_count>10
results/runs/research_until_25000/hgs_lightweight_v2/research/group_03_traps/g03t_i22_c750_d3_m4_trap/20260509T231858Z__research_until_25000__hgs_lightweight_v2__g03t_i22_c750_d3_m4_trap__seed_42__92a735696864.json,skip,,customer_count>10
results/runs/research_until_25000/hgs_lightweight_v2/research/group_03_traps/g03t_i23_c750_d4_m5_trap/20260509T231858Z__research_until_25000__hgs_lightweight_v2__g03t_i23_c750_d4_m5_trap__seed_42__fe973966e540.json,skip,,customer_count>10
results/runs/research_until_25000/hgs_lightweight_v2/research/group_03_traps/g03t_i24_c750_d3_m4_trap/20260509T231859Z__research_until_25000__hgs_lightweight_v2__g03t_i24_c750_d3_m4_trap__seed_42__1d97b7657c1a.json,skip,,customer_count>10
results/runs/research_until_25000/hgs_lightweight_v2/research/group_03_traps/g03t_i25_c750_d2_m3_trap/20260509T231859Z__research_until_25000__hgs_lightweight_v2__g03t_i25_c750_d2_m3_trap__seed_42__6f5af31b09df.json,skip,,customer_count>10
results/runs/research_until_25000/hgs_lightweight_v2/research/group_04/g04_i01_c1000_d6_m11_random/20260509T231859Z__research_until_25000__hgs_lightweight_v2__g04_i01_c1000_d6_m11_random__seed_42__4ae2031ce461.json,skip,,customer_count>10
results/runs/research_until_25000/hgs_lightweight_v2/research/group_04/g04_i02_c1000_d5_m19_random/20260509T231901Z__research_until_25000__hgs_lightweight_v2__g04_i02_c1000_d5_m19_random__seed_42__a463b58f4d3d.json,skip,,customer_count>10
results/runs/research_until_25000/hgs_lightweight_v2/research/group_04/g04_i03_c1000_d7_m19_random/20260509T231904Z__research_until_25000__hgs_lightweight_v2__g04_i03_c1000_d7_m19_random__seed_42__996aceab429d.json,skip,,customer_count>10
results/runs/research_until_25000/hgs_lightweight_v2/research/group_04/g04_i04_c1000_d7_m12_random/20260509T231906Z__research_until_25000__hgs_lightweight_v2__g04_i04_c1000_d7_m12_random__seed_42__1b4a482a1db4.json,skip,,customer_count>10
results/runs/research_until_25000/hgs_lightweight_v2/research/group_04/g04_i05_c1000_d10_m23_random/20260509T231908Z__research_until_25000__hgs_lightweight_v2__g04_i05_c1000_d10_m23_random__seed_42__bd770bf4a60a.json,skip,,customer_count>10
results/runs/research_until_25000/hgs_lightweight_v2/research/group_05/g05_i01_c10000_d1_m6_random/20260509T231910Z__research_until_25000__hgs_lightweight_v2__g05_i01_c10000_d1_m6_random__seed_42__7eff10f516bb.json,skip,,customer_count>10
results/runs/research_until_25000/hgs_lightweight_v2/research/group_05/g05_i02_c10000_d2_m9_random/20260509T231911Z__research_until_25000__hgs_lightweight_v2__g05_i02_c10000_d2_m9_random__seed_42__ac6d3182cf26.json,skip,,customer_count>10
results/runs/research_until_25000/hgs_lightweight_v2/research/group_05/g05_i03_c10000_d3_m18_random/20260509T231942Z__research_until_25000__hgs_lightweight_v2__g05_i03_c10000_d3_m18_random__seed_42__d068d35d7d09.json,skip,,customer_count>10
results/runs/research_until_25000/hgs_lightweight_v2/research/group_05/g05_i04_c10000_d1_m8_random/20260509T232013Z__research_until_25000__hgs_lightweight_v2__g05_i04_c10000_d1_m8_random__seed_42__8ce9bac53bd7.json,skip,,customer_count>10
results/runs/research_until_25000/hgs_lightweight_v2/research/group_05/g05_i05_c10000_d2_m9_random/20260509T232014Z__research_until_25000__hgs_lightweight_v2__g05_i05_c10000_d2_m9_random__seed_42__7e018053bd01.json,skip,,customer_count>10
results/runs/research_until_25000/hgs_lightweight_v2/research/group_06/g06_i01_c10000_d7_m16_clustered/20260509T232046Z__research_until_25000__hgs_lightweight_v2__g06_i01_c10000_d7_m16_clustered__seed_42__1557f6d03e83.json,skip,,customer_count>10
results/runs/research_until_25000/hgs_lightweight_v2/research/group_06/g06_i02_c10000_d6_m41_clustered/20260509T232117Z__research_until_25000__hgs_lightweight_v2__g06_i02_c10000_d6_m41_clustered__seed_42__9b3473e0392e.json,skip,,customer_count>10
results/runs/research_until_25000/hgs_lightweight_v2/research/group_06/g06_i03_c10000_d10_m79_grid/20260509T232149Z__research_until_25000__hgs_lightweight_v2__g06_i03_c10000_d10_m79_grid__seed_42__69a5227463a6.json,skip,,customer_count>10
results/runs/research_until_25000/hgs_lightweight_v2/research/group_06/g06_i04_c10000_d7_m15_grid/20260509T232221Z__research_until_25000__hgs_lightweight_v2__g06_i04_c10000_d7_m15_grid__seed_42__2d1527dc775c.json,skip,,customer_count>10
results/runs/research_until_25000/hgs_lightweight_v2/research/group_06/g06_i05_c10000_d7_m15_adversarial/20260509T232252Z__research_until_25000__hgs_lightweight_v2__g06_i05_c10000_d7_m15_adversarial__seed_42__ccf0d72c93aa.json,skip,,customer_count>10
results/runs/research_until_25000/hgs_lightweight_v2/research/group_06/g06_i06_c10000_d7_m33_adversarial/20260509T232324Z__research_until_25000__hgs_lightweight_v2__g06_i06_c10000_d7_m33_adversarial__seed_42__e8b27180be5b.json,skip,,customer_count>10
results/runs/research_until_25000/hgs_lightweight_v2/research/group_06/g06_i07_c10000_d10_m70_line/20260509T232355Z__research_until_25000__hgs_lightweight_v2__g06_i07_c10000_d10_m70_line__seed_42__77ddba502103.json,skip,,customer_count>10
results/runs/research_until_25000/hgs_lightweight_v2/research/group_06/g06_i08_c10000_d7_m45_line/20260509T232430Z__research_until_25000__hgs_lightweight_v2__g06_i08_c10000_d7_m45_line__seed_42__b15b7cf4f74c.json,skip,,customer_count>10
results/runs/research_until_25000/hgs_lightweight_v2/research/group_07/g07_i01_c25000_d9_m20_random/20260509T232502Z__research_until_25000__hgs_lightweight_v2__g07_i01_c25000_d9_m20_random__seed_42__9046fee17cc2.json,skip,,customer_count>10
results/runs/research_until_25000/hgs_lightweight_v2/research/group_07/g07_i02_c25000_d5_m26_random/20260509T233917Z__research_until_25000__hgs_lightweight_v2__g07_i02_c25000_d5_m26_random__seed_42__96b605af4d46.json,skip,,customer_count>10
results/runs/research_until_25000/hgs_lightweight_v3/research/group_01/g01_i01_c10_d1_m3_random/20260510T001607Z__research_until_25000__hgs_lightweight_v3__g01_i01_c10_d1_m3_random__seed_42__1a670c71c659.json,rendered,results/plots/solutions/research_until_25000/hgs_lightweight_v3/research/group_01/g01_i01_c10_d1_m3_random/20260510T001607Z__research_until_25000__hgs_lightweight_v3__g01_i01_c10_d1_m3_random__seed_42__1a670c71c659.png,
results/runs/research_until_25000/hgs_lightweight_v3/research/group_01/g01_i02_c10_d1_m3_random/20260510T001607Z__research_until_25000__hgs_lightweight_v3__g01_i02_c10_d1_m3_random__seed_42__7f499f480274.json,rendered,results/plots/solutions/research_until_25000/hgs_lightweight_v3/research/group_01/g01_i02_c10_d1_m3_random/20260510T001607Z__research_until_25000__hgs_lightweight_v3__g01_i02_c10_d1_m3_random__seed_42__7f499f480274.png,
results/runs/research_until_25000/hgs_lightweight_v3/research/group_01/g01_i03_c10_d2_m6_random/20260510T001607Z__research_until_25000__hgs_lightweight_v3__g01_i03_c10_d2_m6_random__seed_42__9a765416ba3a.json,rendered,results/plots/solutions/research_until_25000/hgs_lightweight_v3/research/group_01/g01_i03_c10_d2_m6_random/20260510T001607Z__research_until_25000__hgs_lightweight_v3__g01_i03_c10_d2_m6_random__seed_42__9a765416ba3a.png,
results/runs/research_until_25000/hgs_lightweight_v3/research/group_01/g01_i04_c10_d2_m5_random/20260510T001607Z__research_until_25000__hgs_lightweight_v3__g01_i04_c10_d2_m5_random__seed_42__f4084089757b.json,rendered,results/plots/solutions/research_until_25000/hgs_lightweight_v3/research/group_01/g01_i04_c10_d2_m5_random/20260510T001607Z__research_until_25000__hgs_lightweight_v3__g01_i04_c10_d2_m5_random__seed_42__f4084089757b.png,
results/runs/research_until_25000/hgs_lightweight_v3/research/group_01/g01_i05_c10_d2_m4_random/20260510T001607Z__research_until_25000__hgs_lightweight_v3__g01_i05_c10_d2_m4_random__seed_42__5662698a6df1.json,rendered,results/plots/solutions/research_until_25000/hgs_lightweight_v3/research/group_01/g01_i05_c10_d2_m4_random/20260510T001607Z__research_until_25000__hgs_lightweight_v3__g01_i05_c10_d2_m4_random__seed_42__5662698a6df1.png,
results/runs/research_until_25000/hgs_lightweight_v3/research/group_01/g01_i06_c10_d3_m4_random/20260510T001607Z__research_until_25000__hgs_lightweight_v3__g01_i06_c10_d3_m4_random__seed_42__edeb66b2e0b1.json,rendered,results/plots/solutions/research_until_25000/hgs_lightweight_v3/research/group_01/g01_i06_c10_d3_m4_random/20260510T001607Z__research_until_25000__hgs_lightweight_v3__g01_i06_c10_d3_m4_random__seed_42__edeb66b2e0b1.png,
results/runs/research_until_25000/hgs_lightweight_v3/research/group_01/g01_i07_c10_d3_m5_random/20260510T001607Z__research_until_25000__hgs_lightweight_v3__g01_i07_c10_d3_m5_random__seed_42__6242ea98580a.json,rendered,results/plots/solutions/research_until_25000/hgs_lightweight_v3/research/group_01/g01_i07_c10_d3_m5_random/20260510T001607Z__research_until_25000__hgs_lightweight_v3__g01_i07_c10_d3_m5_random__seed_42__6242ea98580a.png,
results/runs/research_until_25000/hgs_lightweight_v3/research/group_01/g01_i08_c10_d2_m2_random/20260510T001607Z__research_until_25000__hgs_lightweight_v3__g01_i08_c10_d2_m2_random__seed_42__db7967750e23.json,rendered,results/plots/solutions/research_until_25000/hgs_lightweight_v3/research/group_01/g01_i08_c10_d2_m2_random/20260510T001607Z__research_until_25000__hgs_lightweight_v3__g01_i08_c10_d2_m2_random__seed_42__db7967750e23.png,
results/runs/research_until_25000/hgs_lightweight_v3/research/group_01/g01_i09_c10_d3_m3_random/20260510T001607Z__research_until_25000__hgs_lightweight_v3__g01_i09_c10_d3_m3_random__seed_42__42f7aac03e39.json,rendered,results/plots/solutions/research_until_25000/hgs_lightweight_v3/research/group_01/g01_i09_c10_d3_m3_random/20260510T001607Z__research_until_25000__hgs_lightweight_v3__g01_i09_c10_d3_m3_random__seed_42__42f7aac03e39.png,
results/runs/research_until_25000/hgs_lightweight_v3/research/group_01/g01_i10_c10_d1_m1_random/20260510T001607Z__research_until_25000__hgs_lightweight_v3__g01_i10_c10_d1_m1_random__seed_42__c1eefbcc6460.json,rendered,results/plots/solutions/research_until_25000/hgs_lightweight_v3/research/group_01/g01_i10_c10_d1_m1_random/20260510T001607Z__research_until_25000__hgs_lightweight_v3__g01_i10_c10_d1_m1_random__seed_42__c1eefbcc6460.png,
results/runs/research_until_25000/hgs_lightweight_v3/research/group_02/g02_i01_c50_d5_m23_random/20260510T001607Z__research_until_25000__hgs_lightweight_v3__g02_i01_c50_d5_m23_random__seed_42__8a5406ab7665.json,skip,,customer_count>10
results/runs/research_until_25000/hgs_lightweight_v3/research/group_02/g02_i02_c50_d3_m3_random/20260510T001608Z__research_until_25000__hgs_lightweight_v3__g02_i02_c50_d3_m3_random__seed_42__4be6b988f07a.json,skip,,customer_count>10
results/runs/research_until_25000/hgs_lightweight_v3/research/group_02/g02_i03_c50_d4_m19_random/20260510T001608Z__research_until_25000__hgs_lightweight_v3__g02_i03_c50_d4_m19_random__seed_42__345025ccd57d.json,skip,,customer_count>10
results/runs/research_until_25000/hgs_lightweight_v3/research/group_02/g02_i04_c50_d4_m10_random/20260510T001608Z__research_until_25000__hgs_lightweight_v3__g02_i04_c50_d4_m10_random__seed_42__97b058d54cf4.json,skip,,customer_count>10
results/runs/research_until_25000/hgs_lightweight_v3/research/group_02/g02_i05_c50_d3_m7_random/20260510T001608Z__research_until_25000__hgs_lightweight_v3__g02_i05_c50_d3_m7_random__seed_42__37b321e54702.json,skip,,customer_count>10
results/runs/research_until_25000/hgs_lightweight_v3/research/group_02/g02_i06_c50_d4_m6_random/20260510T001608Z__research_until_25000__hgs_lightweight_v3__g02_i06_c50_d4_m6_random__seed_42__83a723b9ad05.json,skip,,customer_count>10
results/runs/research_until_25000/hgs_lightweight_v3/research/group_02/g02_i07_c50_d4_m5_random/20260510T001608Z__research_until_25000__hgs_lightweight_v3__g02_i07_c50_d4_m5_random__seed_42__0655573734f9.json,skip,,customer_count>10
results/runs/research_until_25000/hgs_lightweight_v3/research/group_02/g02_i08_c50_d4_m11_random/20260510T001608Z__research_until_25000__hgs_lightweight_v3__g02_i08_c50_d4_m11_random__seed_42__a3df90b7a960.json,skip,,customer_count>10
results/runs/research_until_25000/hgs_lightweight_v3/research/group_02/g02_i09_c50_d5_m10_random/20260510T001608Z__research_until_25000__hgs_lightweight_v3__g02_i09_c50_d5_m10_random__seed_42__d79606123372.json,skip,,customer_count>10
results/runs/research_until_25000/hgs_lightweight_v3/research/group_02/g02_i10_c50_d4_m20_random/20260510T001608Z__research_until_25000__hgs_lightweight_v3__g02_i10_c50_d4_m20_random__seed_42__3435664106d8.json,skip,,customer_count>10
results/runs/research_until_25000/hgs_lightweight_v3/research/group_03/g03_i01_c500_d5_m21_random/20260510T001608Z__research_until_25000__hgs_lightweight_v3__g03_i01_c500_d5_m21_random__seed_42__c47a243d63cc.json,skip,,customer_count>10
results/runs/research_until_25000/hgs_lightweight_v3/research/group_03/g03_i02_c500_d3_m10_random/20260510T001609Z__research_until_25000__hgs_lightweight_v3__g03_i02_c500_d3_m10_random__seed_42__38bd7d6e5769.json,skip,,customer_count>10
results/runs/research_until_25000/hgs_lightweight_v3/research/group_03/g03_i03_c500_d3_m12_random/20260510T001611Z__research_until_25000__hgs_lightweight_v3__g03_i03_c500_d3_m12_random__seed_42__b00f57908ca3.json,skip,,customer_count>10
results/runs/research_until_25000/hgs_lightweight_v3/research/group_03/g03_i04_c500_d5_m19_random/20260510T001612Z__research_until_25000__hgs_lightweight_v3__g03_i04_c500_d5_m19_random__seed_42__c7df56baf4ac.json,skip,,customer_count>10
results/runs/research_until_25000/hgs_lightweight_v3/research/group_03/g03_i05_c500_d3_m6_random/20260510T001613Z__research_until_25000__hgs_lightweight_v3__g03_i05_c500_d3_m6_random__seed_42__f9d551bb4ea8.json,skip,,customer_count>10
results/runs/research_until_25000/hgs_lightweight_v3/research/group_03/g03_i06_c500_d3_m3_random/20260510T001614Z__research_until_25000__hgs_lightweight_v3__g03_i06_c500_d3_m3_random__seed_42__60ffa4796fe2.json,skip,,customer_count>10
results/runs/research_until_25000/hgs_lightweight_v3/research/group_03/g03_i07_c500_d5_m20_random/20260510T001614Z__research_until_25000__hgs_lightweight_v3__g03_i07_c500_d5_m20_random__seed_42__a0da472b12c6.json,skip,,customer_count>10
results/runs/research_until_25000/hgs_lightweight_v3/research/group_03/g03_i08_c500_d3_m7_random/20260510T001615Z__research_until_25000__hgs_lightweight_v3__g03_i08_c500_d3_m7_random__seed_42__3cdd30d8b939.json,skip,,customer_count>10
results/runs/research_until_25000/hgs_lightweight_v3/research/group_03/g03_i09_c500_d4_m8_random/20260510T001616Z__research_until_25000__hgs_lightweight_v3__g03_i09_c500_d4_m8_random__seed_42__f1b66974cb90.json,skip,,customer_count>10
results/runs/research_until_25000/hgs_lightweight_v3/research/group_03/g03_i10_c500_d5_m18_random/20260510T001617Z__research_until_25000__hgs_lightweight_v3__g03_i10_c500_d5_m18_random__seed_42__6f8bbc23c532.json,skip,,customer_count>10
results/runs/research_until_25000/hgs_lightweight_v3/research/group_03/g03_i11_c500_d4_m12_adversarial/20260510T001618Z__research_until_25000__hgs_lightweight_v3__g03_i11_c500_d4_m12_adversarial__seed_42__ff7ac4d96923.json,skip,,customer_count>10
results/runs/research_until_25000/hgs_lightweight_v3/research/group_03/g03_i12_c500_d4_m13_adversarial/20260510T001620Z__research_until_25000__hgs_lightweight_v3__g03_i12_c500_d4_m13_adversarial__seed_42__b6448092b546.json,skip,,customer_count>10
results/runs/research_until_25000/hgs_lightweight_v3/research/group_03/g03_i13_c500_d4_m12_adversarial/20260510T001621Z__research_until_25000__hgs_lightweight_v3__g03_i13_c500_d4_m12_adversarial__seed_42__d5f79ef46d00.json,skip,,customer_count>10
results/runs/research_until_25000/hgs_lightweight_v3/research/group_03/g03_i14_c500_d4_m13_adversarial/20260510T001623Z__research_until_25000__hgs_lightweight_v3__g03_i14_c500_d4_m13_adversarial__seed_42__1b97161f6109.json,skip,,customer_count>10
results/runs/research_until_25000/hgs_lightweight_v3/research/group_03/g03_i15_c500_d5_m15_adversarial/20260510T001624Z__research_until_25000__hgs_lightweight_v3__g03_i15_c500_d5_m15_adversarial__seed_42__8c9a99d325af.json,skip,,customer_count>10
results/runs/research_until_25000/hgs_lightweight_v3/research/group_03/g03_i16_c500_d4_m12_adversarial/20260510T001626Z__research_until_25000__hgs_lightweight_v3__g03_i16_c500_d4_m12_adversarial__seed_42__b9dfb026f7a1.json,skip,,customer_count>10
results/runs/research_until_25000/hgs_lightweight_v3/research/group_03/g03_i17_c500_d4_m13_adversarial/20260510T001627Z__research_until_25000__hgs_lightweight_v3__g03_i17_c500_d4_m13_adversarial__seed_42__f794cbc1e9ad.json,skip,,customer_count>10
results/runs/research_until_25000/hgs_lightweight_v3/research/group_03/g03_i18_c500_d5_m15_adversarial/20260510T001629Z__research_until_25000__hgs_lightweight_v3__g03_i18_c500_d5_m15_adversarial__seed_42__869b60900d40.json,skip,,customer_count>10
results/runs/research_until_25000/hgs_lightweight_v3/research/group_03/g03_i19_c500_d4_m12_adversarial/20260510T001630Z__research_until_25000__hgs_lightweight_v3__g03_i19_c500_d4_m12_adversarial__seed_42__3c79222cc008.json,skip,,customer_count>10
results/runs/research_until_25000/hgs_lightweight_v3/research/group_03/g03_i20_c500_d4_m13_adversarial/20260510T001632Z__research_until_25000__hgs_lightweight_v3__g03_i20_c500_d4_m13_adversarial__seed_42__f609d770d1f3.json,skip,,customer_count>10
results/runs/research_until_25000/hgs_lightweight_v3/research/group_03/g03_i21_c500_d5_m15_adversarial/20260510T001633Z__research_until_25000__hgs_lightweight_v3__g03_i21_c500_d5_m15_adversarial__seed_42__1e4e18117aba.json,skip,,customer_count>10
results/runs/research_until_25000/hgs_lightweight_v3/research/group_03/g03_i22_c500_d4_m12_adversarial/20260510T001634Z__research_until_25000__hgs_lightweight_v3__g03_i22_c500_d4_m12_adversarial__seed_42__ddc48354ae2d.json,skip,,customer_count>10
results/runs/research_until_25000/hgs_lightweight_v3/research/group_03/g03_i23_c500_d4_m13_adversarial/20260510T001636Z__research_until_25000__hgs_lightweight_v3__g03_i23_c500_d4_m13_adversarial__seed_42__6ae27ef82556.json,skip,,customer_count>10
results/runs/research_until_25000/hgs_lightweight_v3/research/group_03/g03_i24_c500_d5_m15_adversarial/20260510T001638Z__research_until_25000__hgs_lightweight_v3__g03_i24_c500_d5_m15_adversarial__seed_42__0c5c82b89158.json,skip,,customer_count>10
results/runs/research_until_25000/hgs_lightweight_v3/research/group_03/g03_i25_c500_d4_m12_adversarial/20260510T001639Z__research_until_25000__hgs_lightweight_v3__g03_i25_c500_d4_m12_adversarial__seed_42__cadc01851367.json,skip,,customer_count>10
results/runs/research_until_25000/hgs_lightweight_v3/research/group_03/g03_i26_c500_d5_m14_adversarial/20260510T001639Z__research_until_25000__hgs_lightweight_v3__g03_i26_c500_d5_m14_adversarial__seed_42__8e1809c4ad0e.json,skip,,customer_count>10
results/runs/research_until_25000/hgs_lightweight_v3/research/group_03/g03_i27_c500_d4_m12_adversarial/20260510T001640Z__research_until_25000__hgs_lightweight_v3__g03_i27_c500_d4_m12_adversarial__seed_42__39af1bdce623.json,skip,,customer_count>10
results/runs/research_until_25000/hgs_lightweight_v3/research/group_03/g03_i28_c500_d5_m14_adversarial/20260510T001641Z__research_until_25000__hgs_lightweight_v3__g03_i28_c500_d5_m14_adversarial__seed_42__1143ac5a2279.json,skip,,customer_count>10
results/runs/research_until_25000/hgs_lightweight_v3/research/group_03/g03_i29_c500_d4_m12_adversarial/20260510T001642Z__research_until_25000__hgs_lightweight_v3__g03_i29_c500_d4_m12_adversarial__seed_42__5e06e712103d.json,skip,,customer_count>10
results/runs/research_until_25000/hgs_lightweight_v3/research/group_03/g03_i30_c500_d5_m14_adversarial/20260510T001643Z__research_until_25000__hgs_lightweight_v3__g03_i30_c500_d5_m14_adversarial__seed_42__97175d8a8be7.json,skip,,customer_count>10
results/runs/research_until_25000/hgs_lightweight_v3/research/group_03/g03_i31_c500_d4_m12_adversarial/20260510T001644Z__research_until_25000__hgs_lightweight_v3__g03_i31_c500_d4_m12_adversarial__seed_42__3517160f8d80.json,skip,,customer_count>10
results/runs/research_until_25000/hgs_lightweight_v3/research/group_03/g03_i32_c500_d5_m14_adversarial/20260510T001645Z__research_until_25000__hgs_lightweight_v3__g03_i32_c500_d5_m14_adversarial__seed_42__4720088110a1.json,skip,,customer_count>10
results/runs/research_until_25000/hgs_lightweight_v3/research/group_03/g03_i33_c500_d4_m13_adversarial/20260510T001646Z__research_until_25000__hgs_lightweight_v3__g03_i33_c500_d4_m13_adversarial__seed_42__dbbcdfdf3525.json,skip,,customer_count>10
results/runs/research_until_25000/hgs_lightweight_v3/research/group_03/g03_i34_c500_d5_m16_adversarial/20260510T001647Z__research_until_25000__hgs_lightweight_v3__g03_i34_c500_d5_m16_adversarial__seed_42__a5af2025f810.json,skip,,customer_count>10
results/runs/research_until_25000/hgs_lightweight_v3/research/group_03/g03_i35_c500_d4_m13_adversarial/20260510T001649Z__research_until_25000__hgs_lightweight_v3__g03_i35_c500_d4_m13_adversarial__seed_42__4127cd54a3f3.json,skip,,customer_count>10
results/runs/research_until_25000/hgs_lightweight_v3/research/group_03/g03_i36_c500_d5_m16_adversarial/20260510T001650Z__research_until_25000__hgs_lightweight_v3__g03_i36_c500_d5_m16_adversarial__seed_42__716fb5b81816.json,skip,,customer_count>10
results/runs/research_until_25000/hgs_lightweight_v3/research/group_03/g03_i37_c500_d4_m13_adversarial/20260510T001652Z__research_until_25000__hgs_lightweight_v3__g03_i37_c500_d4_m13_adversarial__seed_42__b5fa9829b81f.json,skip,,customer_count>10
results/runs/research_until_25000/hgs_lightweight_v3/research/group_03/g03_i38_c500_d5_m16_adversarial/20260510T001653Z__research_until_25000__hgs_lightweight_v3__g03_i38_c500_d5_m16_adversarial__seed_42__42a8235fe202.json,skip,,customer_count>10
results/runs/research_until_25000/hgs_lightweight_v3/research/group_03/g03_i39_c500_d4_m13_adversarial/20260510T001654Z__research_until_25000__hgs_lightweight_v3__g03_i39_c500_d4_m13_adversarial__seed_42__b684cd223031.json,skip,,customer_count>10
results/runs/research_until_25000/hgs_lightweight_v3/research/group_03/g03_i40_c500_d5_m16_adversarial/20260510T001655Z__research_until_25000__hgs_lightweight_v3__g03_i40_c500_d5_m16_adversarial__seed_42__1b8672fe342a.json,skip,,customer_count>10
results/runs/research_until_25000/hgs_lightweight_v3/research/group_03/g03_i41_c500_d4_m12_adversarial/20260510T001657Z__research_until_25000__hgs_lightweight_v3__g03_i41_c500_d4_m12_adversarial__seed_42__612cf73125d9.json,skip,,customer_count>10
results/runs/research_until_25000/hgs_lightweight_v3/research/group_03/g03_i42_c500_d5_m14_adversarial/20260510T001658Z__research_until_25000__hgs_lightweight_v3__g03_i42_c500_d5_m14_adversarial__seed_42__fe08577f83eb.json,skip,,customer_count>10
results/runs/research_until_25000/hgs_lightweight_v3/research/group_03/g03_i43_c500_d4_m12_adversarial/20260510T001659Z__research_until_25000__hgs_lightweight_v3__g03_i43_c500_d4_m12_adversarial__seed_42__469bbb424514.json,skip,,customer_count>10
results/runs/research_until_25000/hgs_lightweight_v3/research/group_03/g03_i44_c500_d5_m14_adversarial/20260510T001701Z__research_until_25000__hgs_lightweight_v3__g03_i44_c500_d5_m14_adversarial__seed_42__fb4371bd933e.json,skip,,customer_count>10
results/runs/research_until_25000/hgs_lightweight_v3/research/group_03/g03_i45_c500_d4_m12_adversarial/20260510T001702Z__research_until_25000__hgs_lightweight_v3__g03_i45_c500_d4_m12_adversarial__seed_42__ecc4acb55c9c.json,skip,,customer_count>10
results/runs/research_until_25000/hgs_lightweight_v3/research/group_03/g03_i46_c500_d5_m14_adversarial/20260510T001703Z__research_until_25000__hgs_lightweight_v3__g03_i46_c500_d5_m14_adversarial__seed_42__46cc61d54327.json,skip,,customer_count>10
results/runs/research_until_25000/hgs_lightweight_v3/research/group_03/g03_i47_c500_d4_m12_adversarial/20260510T001705Z__research_until_25000__hgs_lightweight_v3__g03_i47_c500_d4_m12_adversarial__seed_42__3fcdcd6be9ff.json,skip,,customer_count>10
results/runs/research_until_25000/hgs_lightweight_v3/research/group_03/g03_i48_c500_d4_m13_adversarial/20260510T001706Z__research_until_25000__hgs_lightweight_v3__g03_i48_c500_d4_m13_adversarial__seed_42__4b8f0af2a1c8.json,skip,,customer_count>10
results/runs/research_until_25000/hgs_lightweight_v3/research/group_03/g03_i49_c500_d5_m15_adversarial/20260510T001708Z__research_until_25000__hgs_lightweight_v3__g03_i49_c500_d5_m15_adversarial__seed_42__632b4539f872.json,skip,,customer_count>10
results/runs/research_until_25000/hgs_lightweight_v3/research/group_03/g03_i50_c500_d4_m12_adversarial/20260510T001709Z__research_until_25000__hgs_lightweight_v3__g03_i50_c500_d4_m12_adversarial__seed_42__ef8d28eff825.json,skip,,customer_count>10
results/runs/research_until_25000/hgs_lightweight_v3/research/group_03/g03_i51_c500_d4_m13_adversarial/20260510T001711Z__research_until_25000__hgs_lightweight_v3__g03_i51_c500_d4_m13_adversarial__seed_42__cbc19fc08e9e.json,skip,,customer_count>10
results/runs/research_until_25000/hgs_lightweight_v3/research/group_03/g03_i52_c500_d5_m15_adversarial/20260510T001713Z__research_until_25000__hgs_lightweight_v3__g03_i52_c500_d5_m15_adversarial__seed_42__62581af1f329.json,skip,,customer_count>10
results/runs/research_until_25000/hgs_lightweight_v3/research/group_03_hard/g03h_i01_c500_d3_m5_hard_adversarial/20260510T001714Z__research_until_25000__hgs_lightweight_v3__g03h_i01_c500_d3_m5_hard_adversarial__seed_42__915f5260caa4.json,skip,,customer_count>10
results/runs/research_until_25000/hgs_lightweight_v3/research/group_03_hard/g03h_i02_c500_d3_m6_hard_adversarial/20260510T001715Z__research_until_25000__hgs_lightweight_v3__g03h_i02_c500_d3_m6_hard_adversarial__seed_42__60b6fdfd8ad4.json,skip,,customer_count>10
results/runs/research_until_25000/hgs_lightweight_v3/research/group_03_hard/g03h_i03_c500_d2_m4_hard_adversarial/20260510T001716Z__research_until_25000__hgs_lightweight_v3__g03h_i03_c500_d2_m4_hard_adversarial__seed_42__775422117e9d.json,skip,,customer_count>10
results/runs/research_until_25000/hgs_lightweight_v3/research/group_03_hard/g03h_i04_c500_d3_m5_hard_adversarial/20260510T001716Z__research_until_25000__hgs_lightweight_v3__g03h_i04_c500_d3_m5_hard_adversarial__seed_42__95db4b4c0faa.json,skip,,customer_count>10
results/runs/research_until_25000/hgs_lightweight_v3/research/group_03_hard/g03h_i05_c500_d3_m6_hard_adversarial/20260510T001717Z__research_until_25000__hgs_lightweight_v3__g03h_i05_c500_d3_m6_hard_adversarial__seed_42__594b8e86d1c8.json,skip,,customer_count>10
results/runs/research_until_25000/hgs_lightweight_v3/research/group_03_hard/g03h_i06_c500_d2_m4_hard_adversarial/20260510T001718Z__research_until_25000__hgs_lightweight_v3__g03h_i06_c500_d2_m4_hard_adversarial__seed_42__e1d27b671fa4.json,skip,,customer_count>10
results/runs/research_until_25000/hgs_lightweight_v3/research/group_03_hard/g03h_i07_c500_d3_m5_hard_adversarial/20260510T001718Z__research_until_25000__hgs_lightweight_v3__g03h_i07_c500_d3_m5_hard_adversarial__seed_42__35c158684924.json,skip,,customer_count>10
results/runs/research_until_25000/hgs_lightweight_v3/research/group_03_hard/g03h_i08_c500_d2_m4_hard_adversarial/20260510T001718Z__research_until_25000__hgs_lightweight_v3__g03h_i08_c500_d2_m4_hard_adversarial__seed_42__1fb9981d7365.json,skip,,customer_count>10
results/runs/research_until_25000/hgs_lightweight_v3/research/group_03_hard/g03h_i09_c500_d3_m5_hard_adversarial/20260510T001719Z__research_until_25000__hgs_lightweight_v3__g03h_i09_c500_d3_m5_hard_adversarial__seed_42__f61761d19d70.json,skip,,customer_count>10
results/runs/research_until_25000/hgs_lightweight_v3/research/group_03_hard/g03h_i10_c500_d2_m4_hard_adversarial/20260510T001719Z__research_until_25000__hgs_lightweight_v3__g03h_i10_c500_d2_m4_hard_adversarial__seed_42__d98235c8e832.json,skip,,customer_count>10
results/runs/research_until_25000/hgs_lightweight_v3/research/group_03_hard/g03h_i11_c500_d3_m5_hard_adversarial/20260510T001719Z__research_until_25000__hgs_lightweight_v3__g03h_i11_c500_d3_m5_hard_adversarial__seed_42__c19af866d4c9.json,skip,,customer_count>10
results/runs/research_until_25000/hgs_lightweight_v3/research/group_03_hard/g03h_i12_c500_d2_m4_hard_adversarial/20260510T001720Z__research_until_25000__hgs_lightweight_v3__g03h_i12_c500_d2_m4_hard_adversarial__seed_42__32ed0a73626b.json,skip,,customer_count>10
results/runs/research_until_25000/hgs_lightweight_v3/research/group_03_hard/g03h_i13_c500_d3_m5_hard_adversarial/20260510T001720Z__research_until_25000__hgs_lightweight_v3__g03h_i13_c500_d3_m5_hard_adversarial__seed_42__b597729d43dc.json,skip,,customer_count>10
results/runs/research_until_25000/hgs_lightweight_v3/research/group_03_hard/g03h_i14_c500_d2_m4_hard_adversarial/20260510T001721Z__research_until_25000__hgs_lightweight_v3__g03h_i14_c500_d2_m4_hard_adversarial__seed_42__de8ebb65181c.json,skip,,customer_count>10
results/runs/research_until_25000/hgs_lightweight_v3/research/group_03_hard/g03h_i15_c500_d3_m5_hard_adversarial/20260510T001721Z__research_until_25000__hgs_lightweight_v3__g03h_i15_c500_d3_m5_hard_adversarial__seed_42__a646022c6107.json,skip,,customer_count>10
results/runs/research_until_25000/hgs_lightweight_v3/research/group_03_hard/g03h_i16_c500_d2_m4_hard_adversarial/20260510T001721Z__research_until_25000__hgs_lightweight_v3__g03h_i16_c500_d2_m4_hard_adversarial__seed_42__0f1e59e9f831.json,skip,,customer_count>10
results/runs/research_until_25000/hgs_lightweight_v3/research/group_03_hard/g03h_i17_c500_d3_m5_hard_adversarial/20260510T001722Z__research_until_25000__hgs_lightweight_v3__g03h_i17_c500_d3_m5_hard_adversarial__seed_42__5ce04d8864da.json,skip,,customer_count>10
results/runs/research_until_25000/hgs_lightweight_v3/research/group_03_hard/g03h_i18_c500_d3_m6_hard_adversarial/20260510T001722Z__research_until_25000__hgs_lightweight_v3__g03h_i18_c500_d3_m6_hard_adversarial__seed_42__491dc535f3b9.json,skip,,customer_count>10
results/runs/research_until_25000/hgs_lightweight_v3/research/group_03_hard/g03h_i19_c500_d2_m5_hard_adversarial/20260510T001723Z__research_until_25000__hgs_lightweight_v3__g03h_i19_c500_d2_m5_hard_adversarial__seed_42__c37c44c1041b.json,skip,,customer_count>10
results/runs/research_until_25000/hgs_lightweight_v3/research/group_03_hard/g03h_i20_c500_d3_m6_hard_adversarial/20260510T001724Z__research_until_25000__hgs_lightweight_v3__g03h_i20_c500_d3_m6_hard_adversarial__seed_42__486cf8433daa.json,skip,,customer_count>10
results/runs/research_until_25000/hgs_lightweight_v3/research/group_03_hard/g03h_i21_c500_d2_m5_hard_adversarial/20260510T001724Z__research_until_25000__hgs_lightweight_v3__g03h_i21_c500_d2_m5_hard_adversarial__seed_42__38e91ec7e9c5.json,skip,,customer_count>10
results/runs/research_until_25000/hgs_lightweight_v3/research/group_03_hard/g03h_i22_c500_d2_m4_hard_adversarial/20260510T001725Z__research_until_25000__hgs_lightweight_v3__g03h_i22_c500_d2_m4_hard_adversarial__seed_42__dd2c92fa543b.json,skip,,customer_count>10
results/runs/research_until_25000/hgs_lightweight_v3/research/group_03_hard/g03h_i23_c500_d3_m5_hard_adversarial/20260510T001726Z__research_until_25000__hgs_lightweight_v3__g03h_i23_c500_d3_m5_hard_adversarial__seed_42__33430e687aba.json,skip,,customer_count>10
results/runs/research_until_25000/hgs_lightweight_v3/research/group_03_hard/g03h_i24_c500_d2_m4_hard_adversarial/20260510T001726Z__research_until_25000__hgs_lightweight_v3__g03h_i24_c500_d2_m4_hard_adversarial__seed_42__2ce98c1558cf.json,skip,,customer_count>10
results/runs/research_until_25000/hgs_lightweight_v3/research/group_03_hard/g03h_i25_c500_d3_m5_hard_adversarial/20260510T001727Z__research_until_25000__hgs_lightweight_v3__g03h_i25_c500_d3_m5_hard_adversarial__seed_42__62b1584d7ded.json,skip,,customer_count>10
results/runs/research_until_25000/hgs_lightweight_v3/research/group_03_traps/g03t_i01_c750_d4_m5_trap/20260510T001727Z__research_until_25000__hgs_lightweight_v3__g03t_i01_c750_d4_m5_trap__seed_42__f46a2701524d.json,skip,,customer_count>10
results/runs/research_until_25000/hgs_lightweight_v3/research/group_03_traps/g03t_i02_c750_d3_m4_trap/20260510T001728Z__research_until_25000__hgs_lightweight_v3__g03t_i02_c750_d3_m4_trap__seed_42__e8a4315a0f08.json,skip,,customer_count>10
results/runs/research_until_25000/hgs_lightweight_v3/research/group_03_traps/g03t_i03_c750_d2_m3_trap/20260510T001728Z__research_until_25000__hgs_lightweight_v3__g03t_i03_c750_d2_m3_trap__seed_42__e89e6018e5e4.json,skip,,customer_count>10
results/runs/research_until_25000/hgs_lightweight_v3/research/group_03_traps/g03t_i04_c750_d4_m5_trap/20260510T001729Z__research_until_25000__hgs_lightweight_v3__g03t_i04_c750_d4_m5_trap__seed_42__ec1e037a4de2.json,skip,,customer_count>10
results/runs/research_until_25000/hgs_lightweight_v3/research/group_03_traps/g03t_i05_c750_d3_m4_trap/20260510T001729Z__research_until_25000__hgs_lightweight_v3__g03t_i05_c750_d3_m4_trap__seed_42__6ed81d1f8d62.json,skip,,customer_count>10
results/runs/research_until_25000/hgs_lightweight_v3/research/group_03_traps/g03t_i06_c750_d2_m3_trap/20260510T001730Z__research_until_25000__hgs_lightweight_v3__g03t_i06_c750_d2_m3_trap__seed_42__437fb4f31df7.json,skip,,customer_count>10
results/runs/research_until_25000/hgs_lightweight_v3/research/group_03_traps/g03t_i07_c750_d4_m5_trap/20260510T001730Z__research_until_25000__hgs_lightweight_v3__g03t_i07_c750_d4_m5_trap__seed_42__432ea99f93a8.json,skip,,customer_count>10
results/runs/research_until_25000/hgs_lightweight_v3/research/group_03_traps/g03t_i08_c750_d4_m5_trap/20260510T001731Z__research_until_25000__hgs_lightweight_v3__g03t_i08_c750_d4_m5_trap__seed_42__ba2590db1712.json,skip,,customer_count>10
results/runs/research_until_25000/hgs_lightweight_v3/research/group_03_traps/g03t_i09_c750_d3_m4_trap/20260510T001731Z__research_until_25000__hgs_lightweight_v3__g03t_i09_c750_d3_m4_trap__seed_42__ed933a330cfe.json,skip,,customer_count>10
results/runs/research_until_25000/hgs_lightweight_v3/research/group_03_traps/g03t_i10_c750_d2_m3_trap/20260510T001732Z__research_until_25000__hgs_lightweight_v3__g03t_i10_c750_d2_m3_trap__seed_42__afcb374c77ed.json,skip,,customer_count>10
results/runs/research_until_25000/hgs_lightweight_v3/research/group_03_traps/g03t_i11_c750_d4_m5_trap/20260510T001732Z__research_until_25000__hgs_lightweight_v3__g03t_i11_c750_d4_m5_trap__seed_42__a30dae84f97c.json,skip,,customer_count>10
results/runs/research_until_25000/hgs_lightweight_v3/research/group_03_traps/g03t_i12_c750_d3_m4_trap/20260510T001732Z__research_until_25000__hgs_lightweight_v3__g03t_i12_c750_d3_m4_trap__seed_42__61429d1e0910.json,skip,,customer_count>10
results/runs/research_until_25000/hgs_lightweight_v3/research/group_03_traps/g03t_i13_c750_d2_m3_trap/20260510T001733Z__research_until_25000__hgs_lightweight_v3__g03t_i13_c750_d2_m3_trap__seed_42__5f2abaf25157.json,skip,,customer_count>10
results/runs/research_until_25000/hgs_lightweight_v3/research/group_03_traps/g03t_i14_c750_d4_m5_trap/20260510T001733Z__research_until_25000__hgs_lightweight_v3__g03t_i14_c750_d4_m5_trap__seed_42__07c5c620d76b.json,skip,,customer_count>10
results/runs/research_until_25000/hgs_lightweight_v3/research/group_03_traps/g03t_i15_c750_d3_m4_trap/20260510T001733Z__research_until_25000__hgs_lightweight_v3__g03t_i15_c750_d3_m4_trap__seed_42__2a3d0235418d.json,skip,,customer_count>10
results/runs/research_until_25000/hgs_lightweight_v3/research/group_03_traps/g03t_i16_c750_d2_m3_trap/20260510T001734Z__research_until_25000__hgs_lightweight_v3__g03t_i16_c750_d2_m3_trap__seed_42__150168b2bdba.json,skip,,customer_count>10
results/runs/research_until_25000/hgs_lightweight_v3/research/group_03_traps/g03t_i17_c750_d4_m5_trap/20260510T001734Z__research_until_25000__hgs_lightweight_v3__g03t_i17_c750_d4_m5_trap__seed_42__2f530a685dac.json,skip,,customer_count>10
results/runs/research_until_25000/hgs_lightweight_v3/research/group_03_traps/g03t_i18_c750_d3_m4_trap/20260510T001735Z__research_until_25000__hgs_lightweight_v3__g03t_i18_c750_d3_m4_trap__seed_42__585351585efa.json,skip,,customer_count>10
results/runs/research_until_25000/hgs_lightweight_v3/research/group_03_traps/g03t_i19_c750_d4_m5_trap/20260510T001735Z__research_until_25000__hgs_lightweight_v3__g03t_i19_c750_d4_m5_trap__seed_42__c27f07d82a34.json,skip,,customer_count>10
results/runs/research_until_25000/hgs_lightweight_v3/research/group_03_traps/g03t_i20_c750_d3_m4_trap/20260510T001736Z__research_until_25000__hgs_lightweight_v3__g03t_i20_c750_d3_m4_trap__seed_42__1b3957b3a214.json,skip,,customer_count>10
results/runs/research_until_25000/hgs_lightweight_v3/research/group_03_traps/g03t_i21_c750_d4_m5_trap/20260510T001736Z__research_until_25000__hgs_lightweight_v3__g03t_i21_c750_d4_m5_trap__seed_42__b0a8e0fc323e.json,skip,,customer_count>10
results/runs/research_until_25000/hgs_lightweight_v3/research/group_03_traps/g03t_i22_c750_d3_m4_trap/20260510T001736Z__research_until_25000__hgs_lightweight_v3__g03t_i22_c750_d3_m4_trap__seed_42__5bc6930d3a9e.json,skip,,customer_count>10
results/runs/research_until_25000/hgs_lightweight_v3/research/group_03_traps/g03t_i23_c750_d4_m5_trap/20260510T001737Z__research_until_25000__hgs_lightweight_v3__g03t_i23_c750_d4_m5_trap__seed_42__04fa5fabf89e.json,skip,,customer_count>10
results/runs/research_until_25000/hgs_lightweight_v3/research/group_03_traps/g03t_i24_c750_d3_m4_trap/20260510T001738Z__research_until_25000__hgs_lightweight_v3__g03t_i24_c750_d3_m4_trap__seed_42__1c9ad273977d.json,skip,,customer_count>10
results/runs/research_until_25000/hgs_lightweight_v3/research/group_03_traps/g03t_i25_c750_d2_m3_trap/20260510T001738Z__research_until_25000__hgs_lightweight_v3__g03t_i25_c750_d2_m3_trap__seed_42__482ecc4a9635.json,skip,,customer_count>10
results/runs/research_until_25000/hgs_lightweight_v3/research/group_04/g04_i01_c1000_d6_m11_random/20260510T001738Z__research_until_25000__hgs_lightweight_v3__g04_i01_c1000_d6_m11_random__seed_42__c8752ff1884a.json,skip,,customer_count>10
results/runs/research_until_25000/hgs_lightweight_v3/research/group_04/g04_i02_c1000_d5_m19_random/20260510T001740Z__research_until_25000__hgs_lightweight_v3__g04_i02_c1000_d5_m19_random__seed_42__d2a376da493f.json,skip,,customer_count>10
results/runs/research_until_25000/hgs_lightweight_v3/research/group_04/g04_i03_c1000_d7_m19_random/20260510T001743Z__research_until_25000__hgs_lightweight_v3__g04_i03_c1000_d7_m19_random__seed_42__ea0da56c2343.json,skip,,customer_count>10
results/runs/research_until_25000/hgs_lightweight_v3/research/group_04/g04_i04_c1000_d7_m12_random/20260510T001745Z__research_until_25000__hgs_lightweight_v3__g04_i04_c1000_d7_m12_random__seed_42__7fade048907d.json,skip,,customer_count>10
results/runs/research_until_25000/hgs_lightweight_v3/research/group_04/g04_i05_c1000_d10_m23_random/20260510T001747Z__research_until_25000__hgs_lightweight_v3__g04_i05_c1000_d10_m23_random__seed_42__3e0930be1e4d.json,skip,,customer_count>10
results/runs/research_until_25000/hgs_lightweight_v3/research/group_05/g05_i01_c10000_d1_m6_random/20260510T001749Z__research_until_25000__hgs_lightweight_v3__g05_i01_c10000_d1_m6_random__seed_42__d3a74c32adbd.json,skip,,customer_count>10
results/runs/research_until_25000/hgs_lightweight_v3/research/group_05/g05_i02_c10000_d2_m9_random/20260510T001750Z__research_until_25000__hgs_lightweight_v3__g05_i02_c10000_d2_m9_random__seed_42__f64568e6ab32.json,skip,,customer_count>10
results/runs/research_until_25000/hgs_lightweight_v3/research/group_05/g05_i03_c10000_d3_m18_random/20260510T001821Z__research_until_25000__hgs_lightweight_v3__g05_i03_c10000_d3_m18_random__seed_42__30b2e07c4608.json,skip,,customer_count>10
results/runs/research_until_25000/hgs_lightweight_v3/research/group_05/g05_i04_c10000_d1_m8_random/20260510T001852Z__research_until_25000__hgs_lightweight_v3__g05_i04_c10000_d1_m8_random__seed_42__0750839e56aa.json,skip,,customer_count>10
results/runs/research_until_25000/hgs_lightweight_v3/research/group_05/g05_i05_c10000_d2_m9_random/20260510T001853Z__research_until_25000__hgs_lightweight_v3__g05_i05_c10000_d2_m9_random__seed_42__182912ebccbd.json,skip,,customer_count>10
results/runs/research_until_25000/hgs_lightweight_v3/research/group_06/g06_i01_c10000_d7_m16_clustered/20260510T001924Z__research_until_25000__hgs_lightweight_v3__g06_i01_c10000_d7_m16_clustered__seed_42__c5517373b2e0.json,skip,,customer_count>10
results/runs/research_until_25000/hgs_lightweight_v3/research/group_06/g06_i02_c10000_d6_m41_clustered/20260510T001956Z__research_until_25000__hgs_lightweight_v3__g06_i02_c10000_d6_m41_clustered__seed_42__1ee383802bc6.json,skip,,customer_count>10
results/runs/research_until_25000/hgs_lightweight_v3/research/group_06/g06_i03_c10000_d10_m79_grid/20260510T002027Z__research_until_25000__hgs_lightweight_v3__g06_i03_c10000_d10_m79_grid__seed_42__6c957f6030ab.json,skip,,customer_count>10
results/runs/research_until_25000/hgs_lightweight_v3/research/group_06/g06_i04_c10000_d7_m15_grid/20260510T002100Z__research_until_25000__hgs_lightweight_v3__g06_i04_c10000_d7_m15_grid__seed_42__8ef051f91289.json,skip,,customer_count>10
results/runs/research_until_25000/hgs_lightweight_v3/research/group_06/g06_i05_c10000_d7_m15_adversarial/20260510T002131Z__research_until_25000__hgs_lightweight_v3__g06_i05_c10000_d7_m15_adversarial__seed_42__327e581059ee.json,skip,,customer_count>10
results/runs/research_until_25000/hgs_lightweight_v3/research/group_06/g06_i06_c10000_d7_m33_adversarial/20260510T002202Z__research_until_25000__hgs_lightweight_v3__g06_i06_c10000_d7_m33_adversarial__seed_42__c9eb086ecbe7.json,skip,,customer_count>10
results/runs/research_until_25000/hgs_lightweight_v3/research/group_06/g06_i07_c10000_d10_m70_line/20260510T002234Z__research_until_25000__hgs_lightweight_v3__g06_i07_c10000_d10_m70_line__seed_42__1cb815a163d0.json,skip,,customer_count>10
results/runs/research_until_25000/hgs_lightweight_v3/research/group_06/g06_i08_c10000_d7_m45_line/20260510T002308Z__research_until_25000__hgs_lightweight_v3__g06_i08_c10000_d7_m45_line__seed_42__fbafdeb5b731.json,skip,,customer_count>10
results/runs/research_until_25000/hgs_lightweight_v3/research/group_07/g07_i01_c25000_d9_m20_random/20260510T002340Z__research_until_25000__hgs_lightweight_v3__g07_i01_c25000_d9_m20_random__seed_42__4cc147aa3227.json,skip,,customer_count>10
results/runs/research_until_25000/hgs_lightweight_v4/research/group_01/g01_i01_c10_d1_m3_random/20260510T005030Z__research_until_25000__hgs_lightweight_v4__g01_i01_c10_d1_m3_random__seed_42__c20a034afed5.json,rendered,results/plots/solutions/research_until_25000/hgs_lightweight_v4/research/group_01/g01_i01_c10_d1_m3_random/20260510T005030Z__research_until_25000__hgs_lightweight_v4__g01_i01_c10_d1_m3_random__seed_42__c20a034afed5.png,
results/runs/research_until_25000/hgs_lightweight_v4/research/group_01/g01_i02_c10_d1_m3_random/20260510T005031Z__research_until_25000__hgs_lightweight_v4__g01_i02_c10_d1_m3_random__seed_42__453f4c6baa86.json,rendered,results/plots/solutions/research_until_25000/hgs_lightweight_v4/research/group_01/g01_i02_c10_d1_m3_random/20260510T005031Z__research_until_25000__hgs_lightweight_v4__g01_i02_c10_d1_m3_random__seed_42__453f4c6baa86.png,
results/runs/research_until_25000/hgs_lightweight_v4/research/group_01/g01_i03_c10_d2_m6_random/20260510T005031Z__research_until_25000__hgs_lightweight_v4__g01_i03_c10_d2_m6_random__seed_42__7af713c79a2a.json,rendered,results/plots/solutions/research_until_25000/hgs_lightweight_v4/research/group_01/g01_i03_c10_d2_m6_random/20260510T005031Z__research_until_25000__hgs_lightweight_v4__g01_i03_c10_d2_m6_random__seed_42__7af713c79a2a.png,
results/runs/research_until_25000/hgs_lightweight_v4/research/group_01/g01_i04_c10_d2_m5_random/20260510T005031Z__research_until_25000__hgs_lightweight_v4__g01_i04_c10_d2_m5_random__seed_42__73828d0aab55.json,rendered,results/plots/solutions/research_until_25000/hgs_lightweight_v4/research/group_01/g01_i04_c10_d2_m5_random/20260510T005031Z__research_until_25000__hgs_lightweight_v4__g01_i04_c10_d2_m5_random__seed_42__73828d0aab55.png,
results/runs/research_until_25000/hgs_lightweight_v4/research/group_01/g01_i05_c10_d2_m4_random/20260510T005031Z__research_until_25000__hgs_lightweight_v4__g01_i05_c10_d2_m4_random__seed_42__86037b0374a6.json,rendered,results/plots/solutions/research_until_25000/hgs_lightweight_v4/research/group_01/g01_i05_c10_d2_m4_random/20260510T005031Z__research_until_25000__hgs_lightweight_v4__g01_i05_c10_d2_m4_random__seed_42__86037b0374a6.png,
results/runs/research_until_25000/hgs_lightweight_v4/research/group_01/g01_i06_c10_d3_m4_random/20260510T005031Z__research_until_25000__hgs_lightweight_v4__g01_i06_c10_d3_m4_random__seed_42__e5c41e129b16.json,rendered,results/plots/solutions/research_until_25000/hgs_lightweight_v4/research/group_01/g01_i06_c10_d3_m4_random/20260510T005031Z__research_until_25000__hgs_lightweight_v4__g01_i06_c10_d3_m4_random__seed_42__e5c41e129b16.png,
results/runs/research_until_25000/hgs_lightweight_v4/research/group_01/g01_i07_c10_d3_m5_random/20260510T005031Z__research_until_25000__hgs_lightweight_v4__g01_i07_c10_d3_m5_random__seed_42__6094d2545c6d.json,rendered,results/plots/solutions/research_until_25000/hgs_lightweight_v4/research/group_01/g01_i07_c10_d3_m5_random/20260510T005031Z__research_until_25000__hgs_lightweight_v4__g01_i07_c10_d3_m5_random__seed_42__6094d2545c6d.png,
results/runs/research_until_25000/hgs_lightweight_v4/research/group_01/g01_i08_c10_d2_m2_random/20260510T005031Z__research_until_25000__hgs_lightweight_v4__g01_i08_c10_d2_m2_random__seed_42__559a549e0e98.json,rendered,results/plots/solutions/research_until_25000/hgs_lightweight_v4/research/group_01/g01_i08_c10_d2_m2_random/20260510T005031Z__research_until_25000__hgs_lightweight_v4__g01_i08_c10_d2_m2_random__seed_42__559a549e0e98.png,
results/runs/research_until_25000/hgs_lightweight_v4/research/group_01/g01_i09_c10_d3_m3_random/20260510T005031Z__research_until_25000__hgs_lightweight_v4__g01_i09_c10_d3_m3_random__seed_42__9ec062903b61.json,rendered,results/plots/solutions/research_until_25000/hgs_lightweight_v4/research/group_01/g01_i09_c10_d3_m3_random/20260510T005031Z__research_until_25000__hgs_lightweight_v4__g01_i09_c10_d3_m3_random__seed_42__9ec062903b61.png,
results/runs/research_until_25000/hgs_lightweight_v4/research/group_01/g01_i10_c10_d1_m1_random/20260510T005031Z__research_until_25000__hgs_lightweight_v4__g01_i10_c10_d1_m1_random__seed_42__a1001ec756c6.json,rendered,results/plots/solutions/research_until_25000/hgs_lightweight_v4/research/group_01/g01_i10_c10_d1_m1_random/20260510T005031Z__research_until_25000__hgs_lightweight_v4__g01_i10_c10_d1_m1_random__seed_42__a1001ec756c6.png,
results/runs/research_until_25000/hgs_lightweight_v4/research/group_02/g02_i01_c50_d5_m23_random/20260510T005031Z__research_until_25000__hgs_lightweight_v4__g02_i01_c50_d5_m23_random__seed_42__7890a81070ba.json,skip,,customer_count>10
results/runs/research_until_25000/hgs_lightweight_v4/research/group_02/g02_i02_c50_d3_m3_random/20260510T005031Z__research_until_25000__hgs_lightweight_v4__g02_i02_c50_d3_m3_random__seed_42__32fefbf5b90b.json,skip,,customer_count>10
results/runs/research_until_25000/hgs_lightweight_v4/research/group_02/g02_i03_c50_d4_m19_random/20260510T005031Z__research_until_25000__hgs_lightweight_v4__g02_i03_c50_d4_m19_random__seed_42__1a94f16f3e03.json,skip,,customer_count>10
results/runs/research_until_25000/hgs_lightweight_v4/research/group_02/g02_i04_c50_d4_m10_random/20260510T005031Z__research_until_25000__hgs_lightweight_v4__g02_i04_c50_d4_m10_random__seed_42__2a619e02ecbe.json,skip,,customer_count>10
results/runs/research_until_25000/hgs_lightweight_v4/research/group_02/g02_i05_c50_d3_m7_random/20260510T005031Z__research_until_25000__hgs_lightweight_v4__g02_i05_c50_d3_m7_random__seed_42__06dd8edf2f1c.json,skip,,customer_count>10
results/runs/research_until_25000/hgs_lightweight_v4/research/group_02/g02_i06_c50_d4_m6_random/20260510T005031Z__research_until_25000__hgs_lightweight_v4__g02_i06_c50_d4_m6_random__seed_42__b491f0eb4672.json,skip,,customer_count>10
results/runs/research_until_25000/hgs_lightweight_v4/research/group_02/g02_i07_c50_d4_m5_random/20260510T005032Z__research_until_25000__hgs_lightweight_v4__g02_i07_c50_d4_m5_random__seed_42__f8a3eaa606ee.json,skip,,customer_count>10
results/runs/research_until_25000/hgs_lightweight_v4/research/group_02/g02_i08_c50_d4_m11_random/20260510T005032Z__research_until_25000__hgs_lightweight_v4__g02_i08_c50_d4_m11_random__seed_42__b41bb546b3ed.json,skip,,customer_count>10
results/runs/research_until_25000/hgs_lightweight_v4/research/group_02/g02_i09_c50_d5_m10_random/20260510T005032Z__research_until_25000__hgs_lightweight_v4__g02_i09_c50_d5_m10_random__seed_42__848a3d3ddfca.json,skip,,customer_count>10
results/runs/research_until_25000/hgs_lightweight_v4/research/group_02/g02_i10_c50_d4_m20_random/20260510T005032Z__research_until_25000__hgs_lightweight_v4__g02_i10_c50_d4_m20_random__seed_42__190384c79075.json,skip,,customer_count>10
results/runs/research_until_25000/hgs_lightweight_v4/research/group_03/g03_i01_c500_d5_m21_random/20260510T005032Z__research_until_25000__hgs_lightweight_v4__g03_i01_c500_d5_m21_random__seed_42__7386bb49da9a.json,skip,,customer_count>10
results/runs/research_until_25000/hgs_lightweight_v4/research/group_03/g03_i02_c500_d3_m10_random/20260510T005032Z__research_until_25000__hgs_lightweight_v4__g03_i02_c500_d3_m10_random__seed_42__5db30f5fc1e5.json,skip,,customer_count>10
results/runs/research_until_25000/hgs_lightweight_v4/research/group_03/g03_i03_c500_d3_m12_random/20260510T005033Z__research_until_25000__hgs_lightweight_v4__g03_i03_c500_d3_m12_random__seed_42__251071d919c5.json,skip,,customer_count>10
results/runs/research_until_25000/hgs_lightweight_v4/research/group_03/g03_i04_c500_d5_m19_random/20260510T005034Z__research_until_25000__hgs_lightweight_v4__g03_i04_c500_d5_m19_random__seed_42__794ce7453507.json,skip,,customer_count>10
results/runs/research_until_25000/hgs_lightweight_v4/research/group_03/g03_i05_c500_d3_m6_random/20260510T005035Z__research_until_25000__hgs_lightweight_v4__g03_i05_c500_d3_m6_random__seed_42__42dc833ee268.json,skip,,customer_count>10
results/runs/research_until_25000/hgs_lightweight_v4/research/group_03/g03_i06_c500_d3_m3_random/20260510T005036Z__research_until_25000__hgs_lightweight_v4__g03_i06_c500_d3_m3_random__seed_42__38f978ce1cda.json,skip,,customer_count>10
results/runs/research_until_25000/hgs_lightweight_v4/research/group_03/g03_i07_c500_d5_m20_random/20260510T005036Z__research_until_25000__hgs_lightweight_v4__g03_i07_c500_d5_m20_random__seed_42__bd52b4c7707e.json,skip,,customer_count>10
results/runs/research_until_25000/hgs_lightweight_v4/research/group_03/g03_i08_c500_d3_m7_random/20260510T005037Z__research_until_25000__hgs_lightweight_v4__g03_i08_c500_d3_m7_random__seed_42__42c411569e75.json,skip,,customer_count>10
results/runs/research_until_25000/hgs_lightweight_v4/research/group_03/g03_i09_c500_d4_m8_random/20260510T005037Z__research_until_25000__hgs_lightweight_v4__g03_i09_c500_d4_m8_random__seed_42__586cbb20f803.json,skip,,customer_count>10
results/runs/research_until_25000/hgs_lightweight_v4/research/group_03/g03_i10_c500_d5_m18_random/20260510T005038Z__research_until_25000__hgs_lightweight_v4__g03_i10_c500_d5_m18_random__seed_42__49661870d010.json,skip,,customer_count>10
results/runs/research_until_25000/hgs_lightweight_v4/research/group_03/g03_i11_c500_d4_m12_adversarial/20260510T005038Z__research_until_25000__hgs_lightweight_v4__g03_i11_c500_d4_m12_adversarial__seed_42__a5d1e3be39ff.json,skip,,customer_count>10
results/runs/research_until_25000/hgs_lightweight_v4/research/group_03/g03_i12_c500_d4_m13_adversarial/20260510T005039Z__research_until_25000__hgs_lightweight_v4__g03_i12_c500_d4_m13_adversarial__seed_42__b70ded903e29.json,skip,,customer_count>10
results/runs/research_until_25000/hgs_lightweight_v4/research/group_03/g03_i13_c500_d4_m12_adversarial/20260510T005040Z__research_until_25000__hgs_lightweight_v4__g03_i13_c500_d4_m12_adversarial__seed_42__94f8b4fd4a1b.json,skip,,customer_count>10
results/runs/research_until_25000/hgs_lightweight_v4/research/group_03/g03_i14_c500_d4_m13_adversarial/20260510T005041Z__research_until_25000__hgs_lightweight_v4__g03_i14_c500_d4_m13_adversarial__seed_42__7c869993ad81.json,skip,,customer_count>10
results/runs/research_until_25000/hgs_lightweight_v4/research/group_03/g03_i15_c500_d5_m15_adversarial/20260510T005042Z__research_until_25000__hgs_lightweight_v4__g03_i15_c500_d5_m15_adversarial__seed_42__0eff2f3329a6.json,skip,,customer_count>10
results/runs/research_until_25000/hgs_lightweight_v4/research/group_03/g03_i16_c500_d4_m12_adversarial/20260510T005043Z__research_until_25000__hgs_lightweight_v4__g03_i16_c500_d4_m12_adversarial__seed_42__a1d8d78e4cc3.json,skip,,customer_count>10
results/runs/research_until_25000/hgs_lightweight_v4/research/group_03/g03_i17_c500_d4_m13_adversarial/20260510T005045Z__research_until_25000__hgs_lightweight_v4__g03_i17_c500_d4_m13_adversarial__seed_42__5b6c213aee40.json,skip,,customer_count>10
results/runs/research_until_25000/hgs_lightweight_v4/research/group_03/g03_i18_c500_d5_m15_adversarial/20260510T005046Z__research_until_25000__hgs_lightweight_v4__g03_i18_c500_d5_m15_adversarial__seed_42__bb2e400c760a.json,skip,,customer_count>10
results/runs/research_until_25000/hgs_lightweight_v4/research/group_03/g03_i19_c500_d4_m12_adversarial/20260510T005046Z__research_until_25000__hgs_lightweight_v4__g03_i19_c500_d4_m12_adversarial__seed_42__11a1be6a595f.json,skip,,customer_count>10
results/runs/research_until_25000/hgs_lightweight_v4/research/group_03/g03_i20_c500_d4_m13_adversarial/20260510T005047Z__research_until_25000__hgs_lightweight_v4__g03_i20_c500_d4_m13_adversarial__seed_42__747f13b29ef8.json,skip,,customer_count>10
results/runs/research_until_25000/hgs_lightweight_v4/research/group_03/g03_i21_c500_d5_m15_adversarial/20260510T005048Z__research_until_25000__hgs_lightweight_v4__g03_i21_c500_d5_m15_adversarial__seed_42__6d6125ed3470.json,skip,,customer_count>10
results/runs/research_until_25000/hgs_lightweight_v4/research/group_03/g03_i22_c500_d4_m12_adversarial/20260510T005049Z__research_until_25000__hgs_lightweight_v4__g03_i22_c500_d4_m12_adversarial__seed_42__389a6af0c119.json,skip,,customer_count>10
results/runs/research_until_25000/hgs_lightweight_v4/research/group_03/g03_i23_c500_d4_m13_adversarial/20260510T005051Z__research_until_25000__hgs_lightweight_v4__g03_i23_c500_d4_m13_adversarial__seed_42__9ecef396de0b.json,skip,,customer_count>10
results/runs/research_until_25000/hgs_lightweight_v4/research/group_03/g03_i24_c500_d5_m15_adversarial/20260510T005052Z__research_until_25000__hgs_lightweight_v4__g03_i24_c500_d5_m15_adversarial__seed_42__78592af94915.json,skip,,customer_count>10
results/runs/research_until_25000/hgs_lightweight_v4/research/group_03/g03_i25_c500_d4_m12_adversarial/20260510T005052Z__research_until_25000__hgs_lightweight_v4__g03_i25_c500_d4_m12_adversarial__seed_42__e6f5e39b622e.json,skip,,customer_count>10
results/runs/research_until_25000/hgs_lightweight_v4/research/group_03/g03_i26_c500_d5_m14_adversarial/20260510T005053Z__research_until_25000__hgs_lightweight_v4__g03_i26_c500_d5_m14_adversarial__seed_42__c1cacc57e639.json,skip,,customer_count>10
results/runs/research_until_25000/hgs_lightweight_v4/research/group_03/g03_i27_c500_d4_m12_adversarial/20260510T005054Z__research_until_25000__hgs_lightweight_v4__g03_i27_c500_d4_m12_adversarial__seed_42__deda86319312.json,skip,,customer_count>10
results/runs/research_until_25000/hgs_lightweight_v4/research/group_03/g03_i28_c500_d5_m14_adversarial/20260510T005054Z__research_until_25000__hgs_lightweight_v4__g03_i28_c500_d5_m14_adversarial__seed_42__04ae25defe96.json,skip,,customer_count>10
results/runs/research_until_25000/hgs_lightweight_v4/research/group_03/g03_i29_c500_d4_m12_adversarial/20260510T005055Z__research_until_25000__hgs_lightweight_v4__g03_i29_c500_d4_m12_adversarial__seed_42__37c77e4b62da.json,skip,,customer_count>10
results/runs/research_until_25000/hgs_lightweight_v4/research/group_03/g03_i30_c500_d5_m14_adversarial/20260510T005055Z__research_until_25000__hgs_lightweight_v4__g03_i30_c500_d5_m14_adversarial__seed_42__0dc6562c75e7.json,skip,,customer_count>10
results/runs/research_until_25000/hgs_lightweight_v4/research/group_03/g03_i31_c500_d4_m12_adversarial/20260510T005056Z__research_until_25000__hgs_lightweight_v4__g03_i31_c500_d4_m12_adversarial__seed_42__1b52e8b1119a.json,skip,,customer_count>10
results/runs/research_until_25000/hgs_lightweight_v4/research/group_03/g03_i32_c500_d5_m14_adversarial/20260510T005057Z__research_until_25000__hgs_lightweight_v4__g03_i32_c500_d5_m14_adversarial__seed_42__0d70680a3119.json,skip,,customer_count>10
results/runs/research_until_25000/hgs_lightweight_v4/research/group_03/g03_i33_c500_d4_m13_adversarial/20260510T005057Z__research_until_25000__hgs_lightweight_v4__g03_i33_c500_d4_m13_adversarial__seed_42__b97e26c61524.json,skip,,customer_count>10
results/runs/research_until_25000/hgs_lightweight_v4/research/group_03/g03_i34_c500_d5_m16_adversarial/20260510T005058Z__research_until_25000__hgs_lightweight_v4__g03_i34_c500_d5_m16_adversarial__seed_42__362c18efb4c5.json,skip,,customer_count>10
results/runs/research_until_25000/hgs_lightweight_v4/research/group_03/g03_i35_c500_d4_m13_adversarial/20260510T005059Z__research_until_25000__hgs_lightweight_v4__g03_i35_c500_d4_m13_adversarial__seed_42__bd77ca2d59be.json,skip,,customer_count>10
results/runs/research_until_25000/hgs_lightweight_v4/research/group_03/g03_i36_c500_d5_m16_adversarial/20260510T005100Z__research_until_25000__hgs_lightweight_v4__g03_i36_c500_d5_m16_adversarial__seed_42__5b0d4acfdbab.json,skip,,customer_count>10
results/runs/research_until_25000/hgs_lightweight_v4/research/group_03/g03_i37_c500_d4_m13_adversarial/20260510T005101Z__research_until_25000__hgs_lightweight_v4__g03_i37_c500_d4_m13_adversarial__seed_42__11bb01965982.json,skip,,customer_count>10
results/runs/research_until_25000/hgs_lightweight_v4/research/group_03/g03_i38_c500_d5_m16_adversarial/20260510T005102Z__research_until_25000__hgs_lightweight_v4__g03_i38_c500_d5_m16_adversarial__seed_42__0c322603b22a.json,skip,,customer_count>10
results/runs/research_until_25000/hgs_lightweight_v4/research/group_03/g03_i39_c500_d4_m13_adversarial/20260510T005103Z__research_until_25000__hgs_lightweight_v4__g03_i39_c500_d4_m13_adversarial__seed_42__b1bf864762b9.json,skip,,customer_count>10
results/runs/research_until_25000/hgs_lightweight_v4/research/group_03/g03_i40_c500_d5_m16_adversarial/20260510T005104Z__research_until_25000__hgs_lightweight_v4__g03_i40_c500_d5_m16_adversarial__seed_42__e09b372d191a.json,skip,,customer_count>10
results/runs/research_until_25000/hgs_lightweight_v4/research/group_03/g03_i41_c500_d4_m12_adversarial/20260510T005105Z__research_until_25000__hgs_lightweight_v4__g03_i41_c500_d4_m12_adversarial__seed_42__bc9788482a8b.json,skip,,customer_count>10
results/runs/research_until_25000/hgs_lightweight_v4/research/group_03/g03_i42_c500_d5_m14_adversarial/20260510T005106Z__research_until_25000__hgs_lightweight_v4__g03_i42_c500_d5_m14_adversarial__seed_42__80945ec64b2e.json,skip,,customer_count>10
results/runs/research_until_25000/hgs_lightweight_v4/research/group_03/g03_i43_c500_d4_m12_adversarial/20260510T005107Z__research_until_25000__hgs_lightweight_v4__g03_i43_c500_d4_m12_adversarial__seed_42__ca60573af2ae.json,skip,,customer_count>10
results/runs/research_until_25000/hgs_lightweight_v4/research/group_03/g03_i44_c500_d5_m14_adversarial/20260510T005108Z__research_until_25000__hgs_lightweight_v4__g03_i44_c500_d5_m14_adversarial__seed_42__858f9d6fc128.json,skip,,customer_count>10
results/runs/research_until_25000/hgs_lightweight_v4/research/group_03/g03_i45_c500_d4_m12_adversarial/20260510T005109Z__research_until_25000__hgs_lightweight_v4__g03_i45_c500_d4_m12_adversarial__seed_42__73e2aa2e80f8.json,skip,,customer_count>10
results/runs/research_until_25000/hgs_lightweight_v4/research/group_03/g03_i46_c500_d5_m14_adversarial/20260510T005110Z__research_until_25000__hgs_lightweight_v4__g03_i46_c500_d5_m14_adversarial__seed_42__5db7f5e482ce.json,skip,,customer_count>10
results/runs/research_until_25000/hgs_lightweight_v4/research/group_03/g03_i47_c500_d4_m12_adversarial/20260510T005111Z__research_until_25000__hgs_lightweight_v4__g03_i47_c500_d4_m12_adversarial__seed_42__bff738a15af4.json,skip,,customer_count>10
results/runs/research_until_25000/hgs_lightweight_v4/research/group_03/g03_i48_c500_d4_m13_adversarial/20260510T005112Z__research_until_25000__hgs_lightweight_v4__g03_i48_c500_d4_m13_adversarial__seed_42__b9e253088ac4.json,skip,,customer_count>10
results/runs/research_until_25000/hgs_lightweight_v4/research/group_03/g03_i49_c500_d5_m15_adversarial/20260510T005114Z__research_until_25000__hgs_lightweight_v4__g03_i49_c500_d5_m15_adversarial__seed_42__540940183ed2.json,skip,,customer_count>10
results/runs/research_until_25000/hgs_lightweight_v4/research/group_03/g03_i50_c500_d4_m12_adversarial/20260510T005115Z__research_until_25000__hgs_lightweight_v4__g03_i50_c500_d4_m12_adversarial__seed_42__917a906e8a9e.json,skip,,customer_count>10
results/runs/research_until_25000/hgs_lightweight_v4/research/group_03/g03_i51_c500_d4_m13_adversarial/20260510T005117Z__research_until_25000__hgs_lightweight_v4__g03_i51_c500_d4_m13_adversarial__seed_42__f655667a83f1.json,skip,,customer_count>10
results/runs/research_until_25000/hgs_lightweight_v4/research/group_03/g03_i52_c500_d5_m15_adversarial/20260510T005118Z__research_until_25000__hgs_lightweight_v4__g03_i52_c500_d5_m15_adversarial__seed_42__e269c4f84006.json,skip,,customer_count>10
results/runs/research_until_25000/hgs_lightweight_v4/research/group_03_hard/g03h_i01_c500_d3_m5_hard_adversarial/20260510T005120Z__research_until_25000__hgs_lightweight_v4__g03h_i01_c500_d3_m5_hard_adversarial__seed_42__d35b9bc58773.json,skip,,customer_count>10
results/runs/research_until_25000/hgs_lightweight_v4/research/group_03_hard/g03h_i02_c500_d3_m6_hard_adversarial/20260510T005120Z__research_until_25000__hgs_lightweight_v4__g03h_i02_c500_d3_m6_hard_adversarial__seed_42__22daff240c85.json,skip,,customer_count>10
results/runs/research_until_25000/hgs_lightweight_v4/research/group_03_hard/g03h_i03_c500_d2_m4_hard_adversarial/20260510T005121Z__research_until_25000__hgs_lightweight_v4__g03h_i03_c500_d2_m4_hard_adversarial__seed_42__16cc8ce95f83.json,skip,,customer_count>10
results/runs/research_until_25000/hgs_lightweight_v4/research/group_03_hard/g03h_i04_c500_d3_m5_hard_adversarial/20260510T005121Z__research_until_25000__hgs_lightweight_v4__g03h_i04_c500_d3_m5_hard_adversarial__seed_42__26433f207df6.json,skip,,customer_count>10
results/runs/research_until_25000/hgs_lightweight_v4/research/group_03_hard/g03h_i05_c500_d3_m6_hard_adversarial/20260510T005121Z__research_until_25000__hgs_lightweight_v4__g03h_i05_c500_d3_m6_hard_adversarial__seed_42__ea36063ffc8c.json,skip,,customer_count>10
results/runs/research_until_25000/hgs_lightweight_v4/research/group_03_hard/g03h_i06_c500_d2_m4_hard_adversarial/20260510T005122Z__research_until_25000__hgs_lightweight_v4__g03h_i06_c500_d2_m4_hard_adversarial__seed_42__7b2b1b0de674.json,skip,,customer_count>10
results/runs/research_until_25000/hgs_lightweight_v4/research/group_03_hard/g03h_i07_c500_d3_m5_hard_adversarial/20260510T005122Z__research_until_25000__hgs_lightweight_v4__g03h_i07_c500_d3_m5_hard_adversarial__seed_42__24589ac86458.json,skip,,customer_count>10
results/runs/research_until_25000/hgs_lightweight_v4/research/group_03_hard/g03h_i08_c500_d2_m4_hard_adversarial/20260510T005122Z__research_until_25000__hgs_lightweight_v4__g03h_i08_c500_d2_m4_hard_adversarial__seed_42__fe21278574c6.json,skip,,customer_count>10
results/runs/research_until_25000/hgs_lightweight_v4/research/group_03_hard/g03h_i09_c500_d3_m5_hard_adversarial/20260510T005122Z__research_until_25000__hgs_lightweight_v4__g03h_i09_c500_d3_m5_hard_adversarial__seed_42__076e6dacfb09.json,skip,,customer_count>10
results/runs/research_until_25000/hgs_lightweight_v4/research/group_03_hard/g03h_i10_c500_d2_m4_hard_adversarial/20260510T005123Z__research_until_25000__hgs_lightweight_v4__g03h_i10_c500_d2_m4_hard_adversarial__seed_42__82ee318b2480.json,skip,,customer_count>10
results/runs/research_until_25000/hgs_lightweight_v4/research/group_03_hard/g03h_i11_c500_d3_m5_hard_adversarial/20260510T005123Z__research_until_25000__hgs_lightweight_v4__g03h_i11_c500_d3_m5_hard_adversarial__seed_42__85a4417657b8.json,skip,,customer_count>10
results/runs/research_until_25000/hgs_lightweight_v4/research/group_03_hard/g03h_i12_c500_d2_m4_hard_adversarial/20260510T005123Z__research_until_25000__hgs_lightweight_v4__g03h_i12_c500_d2_m4_hard_adversarial__seed_42__8a76e53be8a9.json,skip,,customer_count>10
results/runs/research_until_25000/hgs_lightweight_v4/research/group_03_hard/g03h_i13_c500_d3_m5_hard_adversarial/20260510T005123Z__research_until_25000__hgs_lightweight_v4__g03h_i13_c500_d3_m5_hard_adversarial__seed_42__89f44b556865.json,skip,,customer_count>10
results/runs/research_until_25000/hgs_lightweight_v4/research/group_03_hard/g03h_i14_c500_d2_m4_hard_adversarial/20260510T005123Z__research_until_25000__hgs_lightweight_v4__g03h_i14_c500_d2_m4_hard_adversarial__seed_42__f4436f1b201d.json,skip,,customer_count>10
results/runs/research_until_25000/hgs_lightweight_v4/research/group_03_hard/g03h_i15_c500_d3_m5_hard_adversarial/20260510T005124Z__research_until_25000__hgs_lightweight_v4__g03h_i15_c500_d3_m5_hard_adversarial__seed_42__b354270b8f76.json,skip,,customer_count>10
results/runs/research_until_25000/hgs_lightweight_v4/research/group_03_hard/g03h_i16_c500_d2_m4_hard_adversarial/20260510T005124Z__research_until_25000__hgs_lightweight_v4__g03h_i16_c500_d2_m4_hard_adversarial__seed_42__db587681e995.json,skip,,customer_count>10
results/runs/research_until_25000/hgs_lightweight_v4/research/group_03_hard/g03h_i17_c500_d3_m5_hard_adversarial/20260510T005124Z__research_until_25000__hgs_lightweight_v4__g03h_i17_c500_d3_m5_hard_adversarial__seed_42__d85fd21e5de3.json,skip,,customer_count>10
results/runs/research_until_25000/hgs_lightweight_v4/research/group_03_hard/g03h_i18_c500_d3_m6_hard_adversarial/20260510T005124Z__research_until_25000__hgs_lightweight_v4__g03h_i18_c500_d3_m6_hard_adversarial__seed_42__596c083c29c7.json,skip,,customer_count>10
results/runs/research_until_25000/hgs_lightweight_v4/research/group_03_hard/g03h_i19_c500_d2_m5_hard_adversarial/20260510T005125Z__research_until_25000__hgs_lightweight_v4__g03h_i19_c500_d2_m5_hard_adversarial__seed_42__d9ef60379aea.json,skip,,customer_count>10
results/runs/research_until_25000/hgs_lightweight_v4/research/group_03_hard/g03h_i20_c500_d3_m6_hard_adversarial/20260510T005126Z__research_until_25000__hgs_lightweight_v4__g03h_i20_c500_d3_m6_hard_adversarial__seed_42__33c23522a298.json,skip,,customer_count>10
results/runs/research_until_25000/hgs_lightweight_v4/research/group_03_hard/g03h_i21_c500_d2_m5_hard_adversarial/20260510T005126Z__research_until_25000__hgs_lightweight_v4__g03h_i21_c500_d2_m5_hard_adversarial__seed_42__412b2187e065.json,skip,,customer_count>10
results/runs/research_until_25000/hgs_lightweight_v4/research/group_03_hard/g03h_i22_c500_d2_m4_hard_adversarial/20260510T005127Z__research_until_25000__hgs_lightweight_v4__g03h_i22_c500_d2_m4_hard_adversarial__seed_42__42bd091b1656.json,skip,,customer_count>10
results/runs/research_until_25000/hgs_lightweight_v4/research/group_03_hard/g03h_i23_c500_d3_m5_hard_adversarial/20260510T005127Z__research_until_25000__hgs_lightweight_v4__g03h_i23_c500_d3_m5_hard_adversarial__seed_42__af44d04a661e.json,skip,,customer_count>10
results/runs/research_until_25000/hgs_lightweight_v4/research/group_03_hard/g03h_i24_c500_d2_m4_hard_adversarial/20260510T005128Z__research_until_25000__hgs_lightweight_v4__g03h_i24_c500_d2_m4_hard_adversarial__seed_42__70c15cedafe2.json,skip,,customer_count>10
results/runs/research_until_25000/hgs_lightweight_v4/research/group_03_hard/g03h_i25_c500_d3_m5_hard_adversarial/20260510T005128Z__research_until_25000__hgs_lightweight_v4__g03h_i25_c500_d3_m5_hard_adversarial__seed_42__d02ed0d67ce0.json,skip,,customer_count>10
results/runs/research_until_25000/hgs_lightweight_v4/research/group_03_traps/g03t_i01_c750_d4_m5_trap/20260510T005129Z__research_until_25000__hgs_lightweight_v4__g03t_i01_c750_d4_m5_trap__seed_42__def06d695308.json,skip,,customer_count>10
results/runs/research_until_25000/hgs_lightweight_v4/research/group_03_traps/g03t_i02_c750_d3_m4_trap/20260510T005129Z__research_until_25000__hgs_lightweight_v4__g03t_i02_c750_d3_m4_trap__seed_42__40ab6e6b3a73.json,skip,,customer_count>10
results/runs/research_until_25000/hgs_lightweight_v4/research/group_03_traps/g03t_i03_c750_d2_m3_trap/20260510T005130Z__research_until_25000__hgs_lightweight_v4__g03t_i03_c750_d2_m3_trap__seed_42__1a9a35755fc9.json,skip,,customer_count>10
results/runs/research_until_25000/hgs_lightweight_v4/research/group_03_traps/g03t_i04_c750_d4_m5_trap/20260510T005130Z__research_until_25000__hgs_lightweight_v4__g03t_i04_c750_d4_m5_trap__seed_42__91ba8d61f1c2.json,skip,,customer_count>10
results/runs/research_until_25000/hgs_lightweight_v4/research/group_03_traps/g03t_i05_c750_d3_m4_trap/20260510T005130Z__research_until_25000__hgs_lightweight_v4__g03t_i05_c750_d3_m4_trap__seed_42__12833e2739d3.json,skip,,customer_count>10
results/runs/research_until_25000/hgs_lightweight_v4/research/group_03_traps/g03t_i06_c750_d2_m3_trap/20260510T005131Z__research_until_25000__hgs_lightweight_v4__g03t_i06_c750_d2_m3_trap__seed_42__5ab8a00289e6.json,skip,,customer_count>10
results/runs/research_until_25000/hgs_lightweight_v4/research/group_03_traps/g03t_i07_c750_d4_m5_trap/20260510T005131Z__research_until_25000__hgs_lightweight_v4__g03t_i07_c750_d4_m5_trap__seed_42__e8f5620aed78.json,skip,,customer_count>10
results/runs/research_until_25000/hgs_lightweight_v4/research/group_03_traps/g03t_i08_c750_d4_m5_trap/20260510T005132Z__research_until_25000__hgs_lightweight_v4__g03t_i08_c750_d4_m5_trap__seed_42__036ddbede6ba.json,skip,,customer_count>10
results/runs/research_until_25000/hgs_lightweight_v4/research/group_03_traps/g03t_i09_c750_d3_m4_trap/20260510T005132Z__research_until_25000__hgs_lightweight_v4__g03t_i09_c750_d3_m4_trap__seed_42__25fe6df0de63.json,skip,,customer_count>10
results/runs/research_until_25000/hgs_lightweight_v4/research/group_03_traps/g03t_i10_c750_d2_m3_trap/20260510T005133Z__research_until_25000__hgs_lightweight_v4__g03t_i10_c750_d2_m3_trap__seed_42__27269e917269.json,skip,,customer_count>10
results/runs/research_until_25000/hgs_lightweight_v4/research/group_03_traps/g03t_i11_c750_d4_m5_trap/20260510T005133Z__research_until_25000__hgs_lightweight_v4__g03t_i11_c750_d4_m5_trap__seed_42__8abc0eedafc5.json,skip,,customer_count>10
results/runs/research_until_25000/hgs_lightweight_v4/research/group_03_traps/g03t_i12_c750_d3_m4_trap/20260510T005133Z__research_until_25000__hgs_lightweight_v4__g03t_i12_c750_d3_m4_trap__seed_42__c3aae861b322.json,skip,,customer_count>10
results/runs/research_until_25000/hgs_lightweight_v4/research/group_03_traps/g03t_i13_c750_d2_m3_trap/20260510T005134Z__research_until_25000__hgs_lightweight_v4__g03t_i13_c750_d2_m3_trap__seed_42__7d6eff972c53.json,skip,,customer_count>10
results/runs/research_until_25000/hgs_lightweight_v4/research/group_03_traps/g03t_i14_c750_d4_m5_trap/20260510T005134Z__research_until_25000__hgs_lightweight_v4__g03t_i14_c750_d4_m5_trap__seed_42__1e707ac6c466.json,skip,,customer_count>10
results/runs/research_until_25000/hgs_lightweight_v4/research/group_03_traps/g03t_i15_c750_d3_m4_trap/20260510T005134Z__research_until_25000__hgs_lightweight_v4__g03t_i15_c750_d3_m4_trap__seed_42__05b05bd24619.json,skip,,customer_count>10
results/runs/research_until_25000/hgs_lightweight_v4/research/group_03_traps/g03t_i16_c750_d2_m3_trap/20260510T005135Z__research_until_25000__hgs_lightweight_v4__g03t_i16_c750_d2_m3_trap__seed_42__0e1f70b39802.json,skip,,customer_count>10
results/runs/research_until_25000/hgs_lightweight_v4/research/group_03_traps/g03t_i17_c750_d4_m5_trap/20260510T005135Z__research_until_25000__hgs_lightweight_v4__g03t_i17_c750_d4_m5_trap__seed_42__ccffe6f5b3cc.json,skip,,customer_count>10
results/runs/research_until_25000/hgs_lightweight_v4/research/group_03_traps/g03t_i18_c750_d3_m4_trap/20260510T005136Z__research_until_25000__hgs_lightweight_v4__g03t_i18_c750_d3_m4_trap__seed_42__3e1d2edb56aa.json,skip,,customer_count>10
results/runs/research_until_25000/hgs_lightweight_v4/research/group_03_traps/g03t_i19_c750_d4_m5_trap/20260510T005136Z__research_until_25000__hgs_lightweight_v4__g03t_i19_c750_d4_m5_trap__seed_42__5b7cddee33f5.json,skip,,customer_count>10
results/runs/research_until_25000/hgs_lightweight_v4/research/group_03_traps/g03t_i20_c750_d3_m4_trap/20260510T005136Z__research_until_25000__hgs_lightweight_v4__g03t_i20_c750_d3_m4_trap__seed_42__6c2d3bc6bfc1.json,skip,,customer_count>10
results/runs/research_until_25000/hgs_lightweight_v4/research/group_03_traps/g03t_i21_c750_d4_m5_trap/20260510T005137Z__research_until_25000__hgs_lightweight_v4__g03t_i21_c750_d4_m5_trap__seed_42__2037a96fde63.json,skip,,customer_count>10
results/runs/research_until_25000/hgs_lightweight_v4/research/group_03_traps/g03t_i22_c750_d3_m4_trap/20260510T005137Z__research_until_25000__hgs_lightweight_v4__g03t_i22_c750_d3_m4_trap__seed_42__c914ff097dad.json,skip,,customer_count>10
results/runs/research_until_25000/hgs_lightweight_v4/research/group_03_traps/g03t_i23_c750_d4_m5_trap/20260510T005138Z__research_until_25000__hgs_lightweight_v4__g03t_i23_c750_d4_m5_trap__seed_42__4e829a6a0a1f.json,skip,,customer_count>10
results/runs/research_until_25000/hgs_lightweight_v4/research/group_03_traps/g03t_i24_c750_d3_m4_trap/20260510T005138Z__research_until_25000__hgs_lightweight_v4__g03t_i24_c750_d3_m4_trap__seed_42__45dfed90e226.json,skip,,customer_count>10
results/runs/research_until_25000/hgs_lightweight_v4/research/group_03_traps/g03t_i25_c750_d2_m3_trap/20260510T005139Z__research_until_25000__hgs_lightweight_v4__g03t_i25_c750_d2_m3_trap__seed_42__05160034e746.json,skip,,customer_count>10
results/runs/research_until_25000/hgs_lightweight_v4/research/group_04/g04_i01_c1000_d6_m11_random/20260510T005139Z__research_until_25000__hgs_lightweight_v4__g04_i01_c1000_d6_m11_random__seed_42__9b980a1b9545.json,skip,,customer_count>10
results/runs/research_until_25000/hgs_lightweight_v4/research/group_04/g04_i02_c1000_d5_m19_random/20260510T005141Z__research_until_25000__hgs_lightweight_v4__g04_i02_c1000_d5_m19_random__seed_42__a9140de5eb21.json,skip,,customer_count>10
results/runs/research_until_25000/hgs_lightweight_v4/research/group_04/g04_i03_c1000_d7_m19_random/20260510T005143Z__research_until_25000__hgs_lightweight_v4__g04_i03_c1000_d7_m19_random__seed_42__fa8292b87c4e.json,skip,,customer_count>10
results/runs/research_until_25000/hgs_lightweight_v4/research/group_04/g04_i04_c1000_d7_m12_random/20260510T005145Z__research_until_25000__hgs_lightweight_v4__g04_i04_c1000_d7_m12_random__seed_42__fb96887b728e.json,skip,,customer_count>10
results/runs/research_until_25000/hgs_lightweight_v4/research/group_04/g04_i05_c1000_d10_m23_random/20260510T005147Z__research_until_25000__hgs_lightweight_v4__g04_i05_c1000_d10_m23_random__seed_42__1f605113e5a9.json,skip,,customer_count>10
results/runs/research_until_25000/hgs_lightweight_v4/research/group_05/g05_i01_c10000_d1_m6_random/20260510T005148Z__research_until_25000__hgs_lightweight_v4__g05_i01_c10000_d1_m6_random__seed_42__335b845feb2a.json,skip,,customer_count>10
results/runs/research_until_25000/hgs_lightweight_v4/research/group_05/g05_i02_c10000_d2_m9_random/20260510T005149Z__research_until_25000__hgs_lightweight_v4__g05_i02_c10000_d2_m9_random__seed_42__4048f27212dc.json,skip,,customer_count>10
results/runs/research_until_25000/hgs_lightweight_v4/research/group_05/g05_i03_c10000_d3_m18_random/20260510T005221Z__research_until_25000__hgs_lightweight_v4__g05_i03_c10000_d3_m18_random__seed_42__23ffe76aa616.json,skip,,customer_count>10
results/runs/research_until_25000/hgs_lightweight_v4/research/group_05/g05_i04_c10000_d1_m8_random/20260510T005252Z__research_until_25000__hgs_lightweight_v4__g05_i04_c10000_d1_m8_random__seed_42__5f4b85144fc0.json,skip,,customer_count>10
results/runs/research_until_25000/hgs_lightweight_v4/research/group_05/g05_i05_c10000_d2_m9_random/20260510T005253Z__research_until_25000__hgs_lightweight_v4__g05_i05_c10000_d2_m9_random__seed_42__7fa9f5074958.json,skip,,customer_count>10
results/runs/research_until_25000/hgs_lightweight_v4/research/group_06/g06_i01_c10000_d7_m16_clustered/20260510T005319Z__research_until_25000__hgs_lightweight_v4__g06_i01_c10000_d7_m16_clustered__seed_42__63b0a959dc56.json,skip,,customer_count>10
results/runs/research_until_25000/hgs_lightweight_v4/research/group_06/g06_i02_c10000_d6_m41_clustered/20260510T005351Z__research_until_25000__hgs_lightweight_v4__g06_i02_c10000_d6_m41_clustered__seed_42__b52cfb0ad349.json,skip,,customer_count>10
results/runs/research_until_25000/hgs_lightweight_v4/research/group_06/g06_i03_c10000_d10_m79_grid/20260510T005422Z__research_until_25000__hgs_lightweight_v4__g06_i03_c10000_d10_m79_grid__seed_42__b25834b4738b.json,skip,,customer_count>10
results/runs/research_until_25000/hgs_lightweight_v4/research/group_06/g06_i04_c10000_d7_m15_grid/20260510T005455Z__research_until_25000__hgs_lightweight_v4__g06_i04_c10000_d7_m15_grid__seed_42__89105f3eff29.json,skip,,customer_count>10
results/runs/research_until_25000/hgs_lightweight_v4/research/group_06/g06_i05_c10000_d7_m15_adversarial/20260510T005526Z__research_until_25000__hgs_lightweight_v4__g06_i05_c10000_d7_m15_adversarial__seed_42__3eb8805d9339.json,skip,,customer_count>10
results/runs/research_until_25000/hgs_lightweight_v4/research/group_06/g06_i06_c10000_d7_m33_adversarial/20260510T005558Z__research_until_25000__hgs_lightweight_v4__g06_i06_c10000_d7_m33_adversarial__seed_42__4911d590b3b9.json,skip,,customer_count>10
results/runs/research_until_25000/hgs_lightweight_v4/research/group_06/g06_i07_c10000_d10_m70_line/20260510T005629Z__research_until_25000__hgs_lightweight_v4__g06_i07_c10000_d10_m70_line__seed_42__74d62c1e8b45.json,skip,,customer_count>10
results/runs/research_until_25000/hgs_lightweight_v4/research/group_06/g06_i08_c10000_d7_m45_line/20260510T005703Z__research_until_25000__hgs_lightweight_v4__g06_i08_c10000_d7_m45_line__seed_42__97e49ac99d7f.json,skip,,customer_count>10
results/runs/research_until_25000/hgs_lightweight_v5/research/group_01/g01_i01_c10_d1_m3_random/20260510T011320Z__research_until_25000__hgs_lightweight_v5__g01_i01_c10_d1_m3_random__seed_42__fc5cda4e8bc9.json,rendered,results/plots/solutions/research_until_25000/hgs_lightweight_v5/research/group_01/g01_i01_c10_d1_m3_random/20260510T011320Z__research_until_25000__hgs_lightweight_v5__g01_i01_c10_d1_m3_random__seed_42__fc5cda4e8bc9.png,
results/runs/research_until_25000/hgs_lightweight_v5/research/group_01/g01_i02_c10_d1_m3_random/20260510T011320Z__research_until_25000__hgs_lightweight_v5__g01_i02_c10_d1_m3_random__seed_42__fe07b2636103.json,rendered,results/plots/solutions/research_until_25000/hgs_lightweight_v5/research/group_01/g01_i02_c10_d1_m3_random/20260510T011320Z__research_until_25000__hgs_lightweight_v5__g01_i02_c10_d1_m3_random__seed_42__fe07b2636103.png,
results/runs/research_until_25000/hgs_lightweight_v5/research/group_01/g01_i03_c10_d2_m6_random/20260510T011320Z__research_until_25000__hgs_lightweight_v5__g01_i03_c10_d2_m6_random__seed_42__bc993127af66.json,rendered,results/plots/solutions/research_until_25000/hgs_lightweight_v5/research/group_01/g01_i03_c10_d2_m6_random/20260510T011320Z__research_until_25000__hgs_lightweight_v5__g01_i03_c10_d2_m6_random__seed_42__bc993127af66.png,
results/runs/research_until_25000/hgs_lightweight_v5/research/group_01/g01_i04_c10_d2_m5_random/20260510T011320Z__research_until_25000__hgs_lightweight_v5__g01_i04_c10_d2_m5_random__seed_42__fdb4e6d5de68.json,rendered,results/plots/solutions/research_until_25000/hgs_lightweight_v5/research/group_01/g01_i04_c10_d2_m5_random/20260510T011320Z__research_until_25000__hgs_lightweight_v5__g01_i04_c10_d2_m5_random__seed_42__fdb4e6d5de68.png,
results/runs/research_until_25000/hgs_lightweight_v5/research/group_01/g01_i05_c10_d2_m4_random/20260510T011320Z__research_until_25000__hgs_lightweight_v5__g01_i05_c10_d2_m4_random__seed_42__96801578e67d.json,rendered,results/plots/solutions/research_until_25000/hgs_lightweight_v5/research/group_01/g01_i05_c10_d2_m4_random/20260510T011320Z__research_until_25000__hgs_lightweight_v5__g01_i05_c10_d2_m4_random__seed_42__96801578e67d.png,
results/runs/research_until_25000/hgs_lightweight_v5/research/group_01/g01_i06_c10_d3_m4_random/20260510T011320Z__research_until_25000__hgs_lightweight_v5__g01_i06_c10_d3_m4_random__seed_42__29e1d1ef59ea.json,rendered,results/plots/solutions/research_until_25000/hgs_lightweight_v5/research/group_01/g01_i06_c10_d3_m4_random/20260510T011320Z__research_until_25000__hgs_lightweight_v5__g01_i06_c10_d3_m4_random__seed_42__29e1d1ef59ea.png,
results/runs/research_until_25000/hgs_lightweight_v5/research/group_01/g01_i07_c10_d3_m5_random/20260510T011320Z__research_until_25000__hgs_lightweight_v5__g01_i07_c10_d3_m5_random__seed_42__2b5d644c8422.json,rendered,results/plots/solutions/research_until_25000/hgs_lightweight_v5/research/group_01/g01_i07_c10_d3_m5_random/20260510T011320Z__research_until_25000__hgs_lightweight_v5__g01_i07_c10_d3_m5_random__seed_42__2b5d644c8422.png,
results/runs/research_until_25000/hgs_lightweight_v5/research/group_01/g01_i08_c10_d2_m2_random/20260510T011320Z__research_until_25000__hgs_lightweight_v5__g01_i08_c10_d2_m2_random__seed_42__24ef2cf61db4.json,rendered,results/plots/solutions/research_until_25000/hgs_lightweight_v5/research/group_01/g01_i08_c10_d2_m2_random/20260510T011320Z__research_until_25000__hgs_lightweight_v5__g01_i08_c10_d2_m2_random__seed_42__24ef2cf61db4.png,
results/runs/research_until_25000/hgs_lightweight_v5/research/group_01/g01_i09_c10_d3_m3_random/20260510T011320Z__research_until_25000__hgs_lightweight_v5__g01_i09_c10_d3_m3_random__seed_42__df81d8a01fc4.json,rendered,results/plots/solutions/research_until_25000/hgs_lightweight_v5/research/group_01/g01_i09_c10_d3_m3_random/20260510T011320Z__research_until_25000__hgs_lightweight_v5__g01_i09_c10_d3_m3_random__seed_42__df81d8a01fc4.png,
results/runs/research_until_25000/hgs_lightweight_v5/research/group_01/g01_i10_c10_d1_m1_random/20260510T011320Z__research_until_25000__hgs_lightweight_v5__g01_i10_c10_d1_m1_random__seed_42__a0a884224672.json,rendered,results/plots/solutions/research_until_25000/hgs_lightweight_v5/research/group_01/g01_i10_c10_d1_m1_random/20260510T011320Z__research_until_25000__hgs_lightweight_v5__g01_i10_c10_d1_m1_random__seed_42__a0a884224672.png,
results/runs/research_until_25000/hgs_lightweight_v5/research/group_02/g02_i01_c50_d5_m23_random/20260510T011320Z__research_until_25000__hgs_lightweight_v5__g02_i01_c50_d5_m23_random__seed_42__8031edfd88c7.json,skip,,customer_count>10
results/runs/research_until_25000/hgs_lightweight_v5/research/group_02/g02_i02_c50_d3_m3_random/20260510T011321Z__research_until_25000__hgs_lightweight_v5__g02_i02_c50_d3_m3_random__seed_42__7b9ffcc1f222.json,skip,,customer_count>10
results/runs/research_until_25000/hgs_lightweight_v5/research/group_02/g02_i03_c50_d4_m19_random/20260510T011321Z__research_until_25000__hgs_lightweight_v5__g02_i03_c50_d4_m19_random__seed_42__d9f58c70caf0.json,skip,,customer_count>10
results/runs/research_until_25000/hgs_lightweight_v5/research/group_02/g02_i04_c50_d4_m10_random/20260510T011321Z__research_until_25000__hgs_lightweight_v5__g02_i04_c50_d4_m10_random__seed_42__80b357246e5f.json,skip,,customer_count>10
results/runs/research_until_25000/hgs_lightweight_v5/research/group_02/g02_i05_c50_d3_m7_random/20260510T011321Z__research_until_25000__hgs_lightweight_v5__g02_i05_c50_d3_m7_random__seed_42__cb8e1ac19c34.json,skip,,customer_count>10
results/runs/research_until_25000/hgs_lightweight_v5/research/group_02/g02_i06_c50_d4_m6_random/20260510T011321Z__research_until_25000__hgs_lightweight_v5__g02_i06_c50_d4_m6_random__seed_42__4d4f079a45d5.json,skip,,customer_count>10
results/runs/research_until_25000/hgs_lightweight_v5/research/group_02/g02_i07_c50_d4_m5_random/20260510T011321Z__research_until_25000__hgs_lightweight_v5__g02_i07_c50_d4_m5_random__seed_42__078ca2b1405a.json,skip,,customer_count>10
results/runs/research_until_25000/hgs_lightweight_v5/research/group_02/g02_i08_c50_d4_m11_random/20260510T011321Z__research_until_25000__hgs_lightweight_v5__g02_i08_c50_d4_m11_random__seed_42__a198cf062eaf.json,skip,,customer_count>10
results/runs/research_until_25000/hgs_lightweight_v5/research/group_02/g02_i09_c50_d5_m10_random/20260510T011321Z__research_until_25000__hgs_lightweight_v5__g02_i09_c50_d5_m10_random__seed_42__3b7f525ba7c0.json,skip,,customer_count>10
results/runs/research_until_25000/hgs_lightweight_v5/research/group_02/g02_i10_c50_d4_m20_random/20260510T011321Z__research_until_25000__hgs_lightweight_v5__g02_i10_c50_d4_m20_random__seed_42__fe7db4e5c0ae.json,skip,,customer_count>10
results/runs/research_until_25000/hgs_lightweight_v5/research/group_03/g03_i01_c500_d5_m21_random/20260510T011321Z__research_until_25000__hgs_lightweight_v5__g03_i01_c500_d5_m21_random__seed_42__68ee6b89a1ec.json,skip,,customer_count>10
results/runs/research_until_25000/hgs_lightweight_v5/research/group_03/g03_i02_c500_d3_m10_random/20260510T011321Z__research_until_25000__hgs_lightweight_v5__g03_i02_c500_d3_m10_random__seed_42__c18fecdaa5e4.json,skip,,customer_count>10
results/runs/research_until_25000/hgs_lightweight_v5/research/group_03/g03_i03_c500_d3_m12_random/20260510T011322Z__research_until_25000__hgs_lightweight_v5__g03_i03_c500_d3_m12_random__seed_42__1da855c98085.json,skip,,customer_count>10
results/runs/research_until_25000/hgs_lightweight_v5/research/group_03/g03_i04_c500_d5_m19_random/20260510T011322Z__research_until_25000__hgs_lightweight_v5__g03_i04_c500_d5_m19_random__seed_42__f99bcbe67e40.json,skip,,customer_count>10
results/runs/research_until_25000/hgs_lightweight_v5/research/group_03/g03_i05_c500_d3_m6_random/20260510T011323Z__research_until_25000__hgs_lightweight_v5__g03_i05_c500_d3_m6_random__seed_42__7de15cbd9f07.json,skip,,customer_count>10
results/runs/research_until_25000/hgs_lightweight_v5/research/group_03/g03_i06_c500_d3_m3_random/20260510T011323Z__research_until_25000__hgs_lightweight_v5__g03_i06_c500_d3_m3_random__seed_42__47a240d1351e.json,skip,,customer_count>10
results/runs/research_until_25000/hgs_lightweight_v5/research/group_03/g03_i07_c500_d5_m20_random/20260510T011323Z__research_until_25000__hgs_lightweight_v5__g03_i07_c500_d5_m20_random__seed_42__2c62b32bc957.json,skip,,customer_count>10
results/runs/research_until_25000/hgs_lightweight_v5/research/group_03/g03_i08_c500_d3_m7_random/20260510T011324Z__research_until_25000__hgs_lightweight_v5__g03_i08_c500_d3_m7_random__seed_42__655adf63b5db.json,skip,,customer_count>10
results/runs/research_until_25000/hgs_lightweight_v5/research/group_03/g03_i09_c500_d4_m8_random/20260510T011324Z__research_until_25000__hgs_lightweight_v5__g03_i09_c500_d4_m8_random__seed_42__23a72b1d800b.json,skip,,customer_count>10
results/runs/research_until_25000/hgs_lightweight_v5/research/group_03/g03_i10_c500_d5_m18_random/20260510T011325Z__research_until_25000__hgs_lightweight_v5__g03_i10_c500_d5_m18_random__seed_42__82d22c0be862.json,skip,,customer_count>10
results/runs/research_until_25000/hgs_lightweight_v5/research/group_03/g03_i11_c500_d4_m12_adversarial/20260510T011325Z__research_until_25000__hgs_lightweight_v5__g03_i11_c500_d4_m12_adversarial__seed_42__3e274710b7ef.json,skip,,customer_count>10
results/runs/research_until_25000/hgs_lightweight_v5/research/group_03/g03_i12_c500_d4_m13_adversarial/20260510T011326Z__research_until_25000__hgs_lightweight_v5__g03_i12_c500_d4_m13_adversarial__seed_42__3d50c88029ce.json,skip,,customer_count>10
results/runs/research_until_25000/hgs_lightweight_v5/research/group_03/g03_i13_c500_d4_m12_adversarial/20260510T011327Z__research_until_25000__hgs_lightweight_v5__g03_i13_c500_d4_m12_adversarial__seed_42__82acc1ba5c57.json,skip,,customer_count>10
results/runs/research_until_25000/hgs_lightweight_v5/research/group_03/g03_i14_c500_d4_m13_adversarial/20260510T011327Z__research_until_25000__hgs_lightweight_v5__g03_i14_c500_d4_m13_adversarial__seed_42__285939ce9f04.json,skip,,customer_count>10
results/runs/research_until_25000/hgs_lightweight_v5/research/group_03/g03_i15_c500_d5_m15_adversarial/20260510T011328Z__research_until_25000__hgs_lightweight_v5__g03_i15_c500_d5_m15_adversarial__seed_42__192d07c31b6b.json,skip,,customer_count>10
results/runs/research_until_25000/hgs_lightweight_v5/research/group_03/g03_i16_c500_d4_m12_adversarial/20260510T011329Z__research_until_25000__hgs_lightweight_v5__g03_i16_c500_d4_m12_adversarial__seed_42__b76cebe7aed5.json,skip,,customer_count>10
results/runs/research_until_25000/hgs_lightweight_v5/research/group_03/g03_i17_c500_d4_m13_adversarial/20260510T011329Z__research_until_25000__hgs_lightweight_v5__g03_i17_c500_d4_m13_adversarial__seed_42__6db02a2a6dcb.json,skip,,customer_count>10
results/runs/research_until_25000/hgs_lightweight_v5/research/group_03/g03_i18_c500_d5_m15_adversarial/20260510T011330Z__research_until_25000__hgs_lightweight_v5__g03_i18_c500_d5_m15_adversarial__seed_42__a26e96de7344.json,skip,,customer_count>10
results/runs/research_until_25000/hgs_lightweight_v5/research/group_03/g03_i19_c500_d4_m12_adversarial/20260510T011331Z__research_until_25000__hgs_lightweight_v5__g03_i19_c500_d4_m12_adversarial__seed_42__7472ec263ad1.json,skip,,customer_count>10
results/runs/research_until_25000/hgs_lightweight_v5/research/group_03/g03_i20_c500_d4_m13_adversarial/20260510T011332Z__research_until_25000__hgs_lightweight_v5__g03_i20_c500_d4_m13_adversarial__seed_42__d913b00474ad.json,skip,,customer_count>10
results/runs/research_until_25000/hgs_lightweight_v5/research/group_03/g03_i21_c500_d5_m15_adversarial/20260510T011332Z__research_until_25000__hgs_lightweight_v5__g03_i21_c500_d5_m15_adversarial__seed_42__c976b299e5ef.json,skip,,customer_count>10
results/runs/research_until_25000/hgs_lightweight_v5/research/group_03/g03_i22_c500_d4_m12_adversarial/20260510T011333Z__research_until_25000__hgs_lightweight_v5__g03_i22_c500_d4_m12_adversarial__seed_42__5d724ca2d812.json,skip,,customer_count>10
results/runs/research_until_25000/hgs_lightweight_v5/research/group_03/g03_i23_c500_d4_m13_adversarial/20260510T011334Z__research_until_25000__hgs_lightweight_v5__g03_i23_c500_d4_m13_adversarial__seed_42__a0c1db42e69e.json,skip,,customer_count>10
results/runs/research_until_25000/hgs_lightweight_v5/research/group_03/g03_i24_c500_d5_m15_adversarial/20260510T011335Z__research_until_25000__hgs_lightweight_v5__g03_i24_c500_d5_m15_adversarial__seed_42__520162f1f126.json,skip,,customer_count>10
results/runs/research_until_25000/hgs_lightweight_v5/research/group_03/g03_i25_c500_d4_m12_adversarial/20260510T011335Z__research_until_25000__hgs_lightweight_v5__g03_i25_c500_d4_m12_adversarial__seed_42__208cacb89f69.json,skip,,customer_count>10
results/runs/research_until_25000/hgs_lightweight_v5/research/group_03/g03_i26_c500_d5_m14_adversarial/20260510T011336Z__research_until_25000__hgs_lightweight_v5__g03_i26_c500_d5_m14_adversarial__seed_42__62b5e7a475ee.json,skip,,customer_count>10
results/runs/research_until_25000/hgs_lightweight_v5/research/group_03/g03_i27_c500_d4_m12_adversarial/20260510T011336Z__research_until_25000__hgs_lightweight_v5__g03_i27_c500_d4_m12_adversarial__seed_42__479c661c881b.json,skip,,customer_count>10
results/runs/research_until_25000/hgs_lightweight_v5/research/group_03/g03_i28_c500_d5_m14_adversarial/20260510T011337Z__research_until_25000__hgs_lightweight_v5__g03_i28_c500_d5_m14_adversarial__seed_42__95dd9350987a.json,skip,,customer_count>10
results/runs/research_until_25000/hgs_lightweight_v5/research/group_03/g03_i29_c500_d4_m12_adversarial/20260510T011337Z__research_until_25000__hgs_lightweight_v5__g03_i29_c500_d4_m12_adversarial__seed_42__65436f6cf9ec.json,skip,,customer_count>10
results/runs/research_until_25000/hgs_lightweight_v5/research/group_03/g03_i30_c500_d5_m14_adversarial/20260510T011337Z__research_until_25000__hgs_lightweight_v5__g03_i30_c500_d5_m14_adversarial__seed_42__12f018bdac55.json,skip,,customer_count>10
results/runs/research_until_25000/hgs_lightweight_v5/research/group_03/g03_i31_c500_d4_m12_adversarial/20260510T011338Z__research_until_25000__hgs_lightweight_v5__g03_i31_c500_d4_m12_adversarial__seed_42__c9601966e74d.json,skip,,customer_count>10
results/runs/research_until_25000/hgs_lightweight_v5/research/group_03/g03_i32_c500_d5_m14_adversarial/20260510T011338Z__research_until_25000__hgs_lightweight_v5__g03_i32_c500_d5_m14_adversarial__seed_42__dd376e71455e.json,skip,,customer_count>10
results/runs/research_until_25000/hgs_lightweight_v5/research/group_03/g03_i33_c500_d4_m13_adversarial/20260510T011339Z__research_until_25000__hgs_lightweight_v5__g03_i33_c500_d4_m13_adversarial__seed_42__ce75d31c9939.json,skip,,customer_count>10
results/runs/research_until_25000/hgs_lightweight_v5/research/group_03/g03_i34_c500_d5_m16_adversarial/20260510T011339Z__research_until_25000__hgs_lightweight_v5__g03_i34_c500_d5_m16_adversarial__seed_42__20c26f11ebd1.json,skip,,customer_count>10
results/runs/research_until_25000/hgs_lightweight_v5/research/group_03/g03_i35_c500_d4_m13_adversarial/20260510T011340Z__research_until_25000__hgs_lightweight_v5__g03_i35_c500_d4_m13_adversarial__seed_42__e3a3e4fa65e0.json,skip,,customer_count>10
results/runs/research_until_25000/hgs_lightweight_v5/research/group_03/g03_i36_c500_d5_m16_adversarial/20260510T011340Z__research_until_25000__hgs_lightweight_v5__g03_i36_c500_d5_m16_adversarial__seed_42__0f1f80a6045a.json,skip,,customer_count>10
results/runs/research_until_25000/hgs_lightweight_v5/research/group_03/g03_i37_c500_d4_m13_adversarial/20260510T011341Z__research_until_25000__hgs_lightweight_v5__g03_i37_c500_d4_m13_adversarial__seed_42__96d84e514560.json,skip,,customer_count>10
results/runs/research_until_25000/hgs_lightweight_v5/research/group_03/g03_i38_c500_d5_m16_adversarial/20260510T011341Z__research_until_25000__hgs_lightweight_v5__g03_i38_c500_d5_m16_adversarial__seed_42__fb7a19f7d2f4.json,skip,,customer_count>10
results/runs/research_until_25000/hgs_lightweight_v5/research/group_03/g03_i39_c500_d4_m13_adversarial/20260510T011342Z__research_until_25000__hgs_lightweight_v5__g03_i39_c500_d4_m13_adversarial__seed_42__b349ad99030f.json,skip,,customer_count>10
results/runs/research_until_25000/hgs_lightweight_v5/research/group_03/g03_i40_c500_d5_m16_adversarial/20260510T011343Z__research_until_25000__hgs_lightweight_v5__g03_i40_c500_d5_m16_adversarial__seed_42__e2de9c2e4b0a.json,skip,,customer_count>10
results/runs/research_until_25000/hgs_lightweight_v5/research/group_03/g03_i41_c500_d4_m12_adversarial/20260510T011343Z__research_until_25000__hgs_lightweight_v5__g03_i41_c500_d4_m12_adversarial__seed_42__efca8b297407.json,skip,,customer_count>10
results/runs/research_until_25000/hgs_lightweight_v5/research/group_03/g03_i42_c500_d5_m14_adversarial/20260510T011344Z__research_until_25000__hgs_lightweight_v5__g03_i42_c500_d5_m14_adversarial__seed_42__cf5815fafd84.json,skip,,customer_count>10
results/runs/research_until_25000/hgs_lightweight_v5/research/group_03/g03_i43_c500_d4_m12_adversarial/20260510T011344Z__research_until_25000__hgs_lightweight_v5__g03_i43_c500_d4_m12_adversarial__seed_42__99cf3e807652.json,skip,,customer_count>10
results/runs/research_until_25000/hgs_lightweight_v5/research/group_03/g03_i44_c500_d5_m14_adversarial/20260510T011345Z__research_until_25000__hgs_lightweight_v5__g03_i44_c500_d5_m14_adversarial__seed_42__20aabf546c89.json,skip,,customer_count>10
results/runs/research_until_25000/hgs_lightweight_v5/research/group_03/g03_i45_c500_d4_m12_adversarial/20260510T011345Z__research_until_25000__hgs_lightweight_v5__g03_i45_c500_d4_m12_adversarial__seed_42__fe3dabf5dffd.json,skip,,customer_count>10
results/runs/research_until_25000/hgs_lightweight_v5/research/group_03/g03_i46_c500_d5_m14_adversarial/20260510T011346Z__research_until_25000__hgs_lightweight_v5__g03_i46_c500_d5_m14_adversarial__seed_42__59bf17bd8efd.json,skip,,customer_count>10
results/runs/research_until_25000/hgs_lightweight_v5/research/group_03/g03_i47_c500_d4_m12_adversarial/20260510T011346Z__research_until_25000__hgs_lightweight_v5__g03_i47_c500_d4_m12_adversarial__seed_42__a2f376251f49.json,skip,,customer_count>10
results/runs/research_until_25000/hgs_lightweight_v5/research/group_03/g03_i48_c500_d4_m13_adversarial/20260510T011347Z__research_until_25000__hgs_lightweight_v5__g03_i48_c500_d4_m13_adversarial__seed_42__b9bc8ab6b7d6.json,skip,,customer_count>10
results/runs/research_until_25000/hgs_lightweight_v5/research/group_03/g03_i49_c500_d5_m15_adversarial/20260510T011348Z__research_until_25000__hgs_lightweight_v5__g03_i49_c500_d5_m15_adversarial__seed_42__6afd8c8b1d12.json,skip,,customer_count>10
results/runs/research_until_25000/hgs_lightweight_v5/research/group_03/g03_i50_c500_d4_m12_adversarial/20260510T011350Z__research_until_25000__hgs_lightweight_v5__g03_i50_c500_d4_m12_adversarial__seed_42__b7c4f16d8b6f.json,skip,,customer_count>10
results/runs/research_until_25000/hgs_lightweight_v5/research/group_03/g03_i51_c500_d4_m13_adversarial/20260510T011351Z__research_until_25000__hgs_lightweight_v5__g03_i51_c500_d4_m13_adversarial__seed_42__1513e5433f03.json,skip,,customer_count>10
results/runs/research_until_25000/hgs_lightweight_v5/research/group_03/g03_i52_c500_d5_m15_adversarial/20260510T011351Z__research_until_25000__hgs_lightweight_v5__g03_i52_c500_d5_m15_adversarial__seed_42__ebf2ba12a4f6.json,skip,,customer_count>10
results/runs/research_until_25000/hgs_lightweight_v5/research/group_03_hard/g03h_i01_c500_d3_m5_hard_adversarial/20260510T011352Z__research_until_25000__hgs_lightweight_v5__g03h_i01_c500_d3_m5_hard_adversarial__seed_42__0e9399f800fa.json,skip,,customer_count>10
results/runs/research_until_25000/hgs_lightweight_v5/research/group_03_hard/g03h_i02_c500_d3_m6_hard_adversarial/20260510T011352Z__research_until_25000__hgs_lightweight_v5__g03h_i02_c500_d3_m6_hard_adversarial__seed_42__66c36ebcd7d4.json,skip,,customer_count>10
results/runs/research_until_25000/hgs_lightweight_v5/research/group_03_hard/g03h_i03_c500_d2_m4_hard_adversarial/20260510T011353Z__research_until_25000__hgs_lightweight_v5__g03h_i03_c500_d2_m4_hard_adversarial__seed_42__e5c5692849eb.json,skip,,customer_count>10
results/runs/research_until_25000/hgs_lightweight_v5/research/group_03_hard/g03h_i04_c500_d3_m5_hard_adversarial/20260510T011353Z__research_until_25000__hgs_lightweight_v5__g03h_i04_c500_d3_m5_hard_adversarial__seed_42__d012682e0617.json,skip,,customer_count>10
results/runs/research_until_25000/hgs_lightweight_v5/research/group_03_hard/g03h_i05_c500_d3_m6_hard_adversarial/20260510T011353Z__research_until_25000__hgs_lightweight_v5__g03h_i05_c500_d3_m6_hard_adversarial__seed_42__82cdde3e2196.json,skip,,customer_count>10
results/runs/research_until_25000/hgs_lightweight_v5/research/group_03_hard/g03h_i06_c500_d2_m4_hard_adversarial/20260510T011353Z__research_until_25000__hgs_lightweight_v5__g03h_i06_c500_d2_m4_hard_adversarial__seed_42__2c078571013d.json,skip,,customer_count>10
results/runs/research_until_25000/hgs_lightweight_v5/research/group_03_hard/g03h_i07_c500_d3_m5_hard_adversarial/20260510T011354Z__research_until_25000__hgs_lightweight_v5__g03h_i07_c500_d3_m5_hard_adversarial__seed_42__2ccfb7b3a903.json,skip,,customer_count>10
results/runs/research_until_25000/hgs_lightweight_v5/research/group_03_hard/g03h_i08_c500_d2_m4_hard_adversarial/20260510T011354Z__research_until_25000__hgs_lightweight_v5__g03h_i08_c500_d2_m4_hard_adversarial__seed_42__9d569dca8a65.json,skip,,customer_count>10
results/runs/research_until_25000/hgs_lightweight_v5/research/group_03_hard/g03h_i09_c500_d3_m5_hard_adversarial/20260510T011354Z__research_until_25000__hgs_lightweight_v5__g03h_i09_c500_d3_m5_hard_adversarial__seed_42__c6adb5a9b405.json,skip,,customer_count>10
results/runs/research_until_25000/hgs_lightweight_v5/research/group_03_hard/g03h_i10_c500_d2_m4_hard_adversarial/20260510T011354Z__research_until_25000__hgs_lightweight_v5__g03h_i10_c500_d2_m4_hard_adversarial__seed_42__1d6080fed9ad.json,skip,,customer_count>10
results/runs/research_until_25000/hgs_lightweight_v5/research/group_03_hard/g03h_i11_c500_d3_m5_hard_adversarial/20260510T011354Z__research_until_25000__hgs_lightweight_v5__g03h_i11_c500_d3_m5_hard_adversarial__seed_42__30dbf24544fc.json,skip,,customer_count>10
results/runs/research_until_25000/hgs_lightweight_v5/research/group_03_hard/g03h_i12_c500_d2_m4_hard_adversarial/20260510T011354Z__research_until_25000__hgs_lightweight_v5__g03h_i12_c500_d2_m4_hard_adversarial__seed_42__2a025bbc49c7.json,skip,,customer_count>10
results/runs/research_until_25000/hgs_lightweight_v5/research/group_03_hard/g03h_i13_c500_d3_m5_hard_adversarial/20260510T011355Z__research_until_25000__hgs_lightweight_v5__g03h_i13_c500_d3_m5_hard_adversarial__seed_42__9b3abe377e5d.json,skip,,customer_count>10
results/runs/research_until_25000/hgs_lightweight_v5/research/group_03_hard/g03h_i14_c500_d2_m4_hard_adversarial/20260510T011355Z__research_until_25000__hgs_lightweight_v5__g03h_i14_c500_d2_m4_hard_adversarial__seed_42__377161124bd1.json,skip,,customer_count>10
results/runs/research_until_25000/hgs_lightweight_v5/research/group_03_hard/g03h_i15_c500_d3_m5_hard_adversarial/20260510T011355Z__research_until_25000__hgs_lightweight_v5__g03h_i15_c500_d3_m5_hard_adversarial__seed_42__9ea4895f5af4.json,skip,,customer_count>10
results/runs/research_until_25000/hgs_lightweight_v5/research/group_03_hard/g03h_i16_c500_d2_m4_hard_adversarial/20260510T011355Z__research_until_25000__hgs_lightweight_v5__g03h_i16_c500_d2_m4_hard_adversarial__seed_42__8b043601e5eb.json,skip,,customer_count>10
results/runs/research_until_25000/hgs_lightweight_v5/research/group_03_hard/g03h_i17_c500_d3_m5_hard_adversarial/20260510T011355Z__research_until_25000__hgs_lightweight_v5__g03h_i17_c500_d3_m5_hard_adversarial__seed_42__10a44ed61755.json,skip,,customer_count>10
results/runs/research_until_25000/hgs_lightweight_v5/research/group_03_hard/g03h_i18_c500_d3_m6_hard_adversarial/20260510T011355Z__research_until_25000__hgs_lightweight_v5__g03h_i18_c500_d3_m6_hard_adversarial__seed_42__4477283384af.json,skip,,customer_count>10
results/runs/research_until_25000/hgs_lightweight_v5/research/group_03_hard/g03h_i19_c500_d2_m5_hard_adversarial/20260510T011356Z__research_until_25000__hgs_lightweight_v5__g03h_i19_c500_d2_m5_hard_adversarial__seed_42__a238c5b23b76.json,skip,,customer_count>10
results/runs/research_until_25000/hgs_lightweight_v5/research/group_03_hard/g03h_i20_c500_d3_m6_hard_adversarial/20260510T011356Z__research_until_25000__hgs_lightweight_v5__g03h_i20_c500_d3_m6_hard_adversarial__seed_42__205eec33ebf4.json,skip,,customer_count>10
results/runs/research_until_25000/hgs_lightweight_v5/research/group_03_hard/g03h_i21_c500_d2_m5_hard_adversarial/20260510T011356Z__research_until_25000__hgs_lightweight_v5__g03h_i21_c500_d2_m5_hard_adversarial__seed_42__399736841910.json,skip,,customer_count>10
results/runs/research_until_25000/hgs_lightweight_v5/research/group_03_hard/g03h_i22_c500_d2_m4_hard_adversarial/20260510T011357Z__research_until_25000__hgs_lightweight_v5__g03h_i22_c500_d2_m4_hard_adversarial__seed_42__82cea6df371b.json,skip,,customer_count>10
results/runs/research_until_25000/hgs_lightweight_v5/research/group_03_hard/g03h_i23_c500_d3_m5_hard_adversarial/20260510T011357Z__research_until_25000__hgs_lightweight_v5__g03h_i23_c500_d3_m5_hard_adversarial__seed_42__13cdda3451c1.json,skip,,customer_count>10
results/runs/research_until_25000/hgs_lightweight_v5/research/group_03_hard/g03h_i24_c500_d2_m4_hard_adversarial/20260510T011357Z__research_until_25000__hgs_lightweight_v5__g03h_i24_c500_d2_m4_hard_adversarial__seed_42__8c3002b97bbf.json,skip,,customer_count>10
results/runs/research_until_25000/hgs_lightweight_v5/research/group_03_hard/g03h_i25_c500_d3_m5_hard_adversarial/20260510T011357Z__research_until_25000__hgs_lightweight_v5__g03h_i25_c500_d3_m5_hard_adversarial__seed_42__565ceab5f39a.json,skip,,customer_count>10
results/runs/research_until_25000/hgs_lightweight_v5/research/group_03_traps/g03t_i01_c750_d4_m5_trap/20260510T011357Z__research_until_25000__hgs_lightweight_v5__g03t_i01_c750_d4_m5_trap__seed_42__281b96eaebec.json,skip,,customer_count>10
results/runs/research_until_25000/hgs_lightweight_v5/research/group_03_traps/g03t_i02_c750_d3_m4_trap/20260510T011358Z__research_until_25000__hgs_lightweight_v5__g03t_i02_c750_d3_m4_trap__seed_42__a106a1679414.json,skip,,customer_count>10
results/runs/research_until_25000/hgs_lightweight_v5/research/group_03_traps/g03t_i03_c750_d2_m3_trap/20260510T011358Z__research_until_25000__hgs_lightweight_v5__g03t_i03_c750_d2_m3_trap__seed_42__2466179a52c8.json,skip,,customer_count>10
results/runs/research_until_25000/hgs_lightweight_v5/research/group_03_traps/g03t_i04_c750_d4_m5_trap/20260510T011358Z__research_until_25000__hgs_lightweight_v5__g03t_i04_c750_d4_m5_trap__seed_42__a412ebbe920b.json,skip,,customer_count>10
results/runs/research_until_25000/hgs_lightweight_v5/research/group_03_traps/g03t_i05_c750_d3_m4_trap/20260510T011358Z__research_until_25000__hgs_lightweight_v5__g03t_i05_c750_d3_m4_trap__seed_42__aa843bbe1730.json,skip,,customer_count>10
results/runs/research_until_25000/hgs_lightweight_v5/research/group_03_traps/g03t_i06_c750_d2_m3_trap/20260510T011358Z__research_until_25000__hgs_lightweight_v5__g03t_i06_c750_d2_m3_trap__seed_42__116d94816d41.json,skip,,customer_count>10
results/runs/research_until_25000/hgs_lightweight_v5/research/group_03_traps/g03t_i07_c750_d4_m5_trap/20260510T011358Z__research_until_25000__hgs_lightweight_v5__g03t_i07_c750_d4_m5_trap__seed_42__00ca46c21c3d.json,skip,,customer_count>10
results/runs/research_until_25000/hgs_lightweight_v5/research/group_03_traps/g03t_i08_c750_d4_m5_trap/20260510T011359Z__research_until_25000__hgs_lightweight_v5__g03t_i08_c750_d4_m5_trap__seed_42__04c161ff6c5a.json,skip,,customer_count>10
results/runs/research_until_25000/hgs_lightweight_v5/research/group_03_traps/g03t_i09_c750_d3_m4_trap/20260510T011359Z__research_until_25000__hgs_lightweight_v5__g03t_i09_c750_d3_m4_trap__seed_42__b9c75791b18b.json,skip,,customer_count>10
results/runs/research_until_25000/hgs_lightweight_v5/research/group_03_traps/g03t_i10_c750_d2_m3_trap/20260510T011359Z__research_until_25000__hgs_lightweight_v5__g03t_i10_c750_d2_m3_trap__seed_42__763ee6eabe5c.json,skip,,customer_count>10
results/runs/research_until_25000/hgs_lightweight_v5/research/group_03_traps/g03t_i11_c750_d4_m5_trap/20260510T011359Z__research_until_25000__hgs_lightweight_v5__g03t_i11_c750_d4_m5_trap__seed_42__a22f3f4d3b26.json,skip,,customer_count>10
results/runs/research_until_25000/hgs_lightweight_v5/research/group_03_traps/g03t_i12_c750_d3_m4_trap/20260510T011400Z__research_until_25000__hgs_lightweight_v5__g03t_i12_c750_d3_m4_trap__seed_42__11529b6e2d63.json,skip,,customer_count>10
results/runs/research_until_25000/hgs_lightweight_v5/research/group_03_traps/g03t_i13_c750_d2_m3_trap/20260510T011400Z__research_until_25000__hgs_lightweight_v5__g03t_i13_c750_d2_m3_trap__seed_42__471252c602e8.json,skip,,customer_count>10
results/runs/research_until_25000/hgs_lightweight_v5/research/group_03_traps/g03t_i14_c750_d4_m5_trap/20260510T011400Z__research_until_25000__hgs_lightweight_v5__g03t_i14_c750_d4_m5_trap__seed_42__343804c19868.json,skip,,customer_count>10
results/runs/research_until_25000/hgs_lightweight_v5/research/group_03_traps/g03t_i15_c750_d3_m4_trap/20260510T011400Z__research_until_25000__hgs_lightweight_v5__g03t_i15_c750_d3_m4_trap__seed_42__7c9575bc2378.json,skip,,customer_count>10
results/runs/research_until_25000/hgs_lightweight_v5/research/group_03_traps/g03t_i16_c750_d2_m3_trap/20260510T011400Z__research_until_25000__hgs_lightweight_v5__g03t_i16_c750_d2_m3_trap__seed_42__88a193ed61ab.json,skip,,customer_count>10
results/runs/research_until_25000/hgs_lightweight_v5/research/group_03_traps/g03t_i17_c750_d4_m5_trap/20260510T011401Z__research_until_25000__hgs_lightweight_v5__g03t_i17_c750_d4_m5_trap__seed_42__4c64557a7a6d.json,skip,,customer_count>10
results/runs/research_until_25000/hgs_lightweight_v5/research/group_03_traps/g03t_i18_c750_d3_m4_trap/20260510T011401Z__research_until_25000__hgs_lightweight_v5__g03t_i18_c750_d3_m4_trap__seed_42__b0b75f46e8d4.json,skip,,customer_count>10
results/runs/research_until_25000/hgs_lightweight_v5/research/group_03_traps/g03t_i19_c750_d4_m5_trap/20260510T011401Z__research_until_25000__hgs_lightweight_v5__g03t_i19_c750_d4_m5_trap__seed_42__efb12599e4a0.json,skip,,customer_count>10
results/runs/research_until_25000/hgs_lightweight_v5/research/group_03_traps/g03t_i20_c750_d3_m4_trap/20260510T011401Z__research_until_25000__hgs_lightweight_v5__g03t_i20_c750_d3_m4_trap__seed_42__b6c781873f73.json,skip,,customer_count>10
results/runs/research_until_25000/hgs_lightweight_v5/research/group_03_traps/g03t_i21_c750_d4_m5_trap/20260510T011401Z__research_until_25000__hgs_lightweight_v5__g03t_i21_c750_d4_m5_trap__seed_42__53e430e31fa2.json,skip,,customer_count>10
results/runs/research_until_25000/hgs_lightweight_v5/research/group_03_traps/g03t_i22_c750_d3_m4_trap/20260510T011402Z__research_until_25000__hgs_lightweight_v5__g03t_i22_c750_d3_m4_trap__seed_42__9e39157abedf.json,skip,,customer_count>10
results/runs/research_until_25000/hgs_lightweight_v5/research/group_03_traps/g03t_i23_c750_d4_m5_trap/20260510T011402Z__research_until_25000__hgs_lightweight_v5__g03t_i23_c750_d4_m5_trap__seed_42__3221dc120cf8.json,skip,,customer_count>10
results/runs/research_until_25000/hgs_lightweight_v5/research/group_03_traps/g03t_i24_c750_d3_m4_trap/20260510T011402Z__research_until_25000__hgs_lightweight_v5__g03t_i24_c750_d3_m4_trap__seed_42__aeb33ad6b546.json,skip,,customer_count>10
results/runs/research_until_25000/hgs_lightweight_v5/research/group_03_traps/g03t_i25_c750_d2_m3_trap/20260510T011402Z__research_until_25000__hgs_lightweight_v5__g03t_i25_c750_d2_m3_trap__seed_42__e477210ad4cb.json,skip,,customer_count>10
results/runs/research_until_25000/hgs_lightweight_v5/research/group_04/g04_i01_c1000_d6_m11_random/20260510T011402Z__research_until_25000__hgs_lightweight_v5__g04_i01_c1000_d6_m11_random__seed_42__2ac11c4977f9.json,skip,,customer_count>10
results/runs/research_until_25000/hgs_lightweight_v5/research/group_04/g04_i02_c1000_d5_m19_random/20260510T011404Z__research_until_25000__hgs_lightweight_v5__g04_i02_c1000_d5_m19_random__seed_42__fa664d7b1fc4.json,skip,,customer_count>10
results/runs/research_until_25000/hgs_lightweight_v5/research/group_04/g04_i03_c1000_d7_m19_random/20260510T011406Z__research_until_25000__hgs_lightweight_v5__g04_i03_c1000_d7_m19_random__seed_42__70a376be06cd.json,skip,,customer_count>10
results/runs/research_until_25000/hgs_lightweight_v5/research/group_04/g04_i04_c1000_d7_m12_random/20260510T011407Z__research_until_25000__hgs_lightweight_v5__g04_i04_c1000_d7_m12_random__seed_42__1ce789171463.json,skip,,customer_count>10
results/runs/research_until_25000/hgs_lightweight_v5/research/group_04/g04_i05_c1000_d10_m23_random/20260510T011408Z__research_until_25000__hgs_lightweight_v5__g04_i05_c1000_d10_m23_random__seed_42__f87c9f4beebe.json,skip,,customer_count>10
results/runs/research_until_25000/hgs_lightweight_v5/research/group_05/g05_i01_c10000_d1_m6_random/20260510T011410Z__research_until_25000__hgs_lightweight_v5__g05_i01_c10000_d1_m6_random__seed_42__20c5b07a4be2.json,skip,,customer_count>10
results/runs/research_until_25000/hgs_lightweight_v5/research/group_05/g05_i02_c10000_d2_m9_random/20260510T011411Z__research_until_25000__hgs_lightweight_v5__g05_i02_c10000_d2_m9_random__seed_42__9142aaa09a70.json,skip,,customer_count>10
results/runs/research_until_25000/hgs_lightweight_v5/research/group_05/g05_i03_c10000_d3_m18_random/20260510T011416Z__research_until_25000__hgs_lightweight_v5__g05_i03_c10000_d3_m18_random__seed_42__31033f703a7e.json,skip,,customer_count>10
results/runs/research_until_25000/hgs_lightweight_v5/research/group_05/g05_i04_c10000_d1_m8_random/20260510T011430Z__research_until_25000__hgs_lightweight_v5__g05_i04_c10000_d1_m8_random__seed_42__cbe8e50b4849.json,skip,,customer_count>10
results/runs/research_until_25000/hgs_lightweight_v5/research/group_05/g05_i05_c10000_d2_m9_random/20260510T011431Z__research_until_25000__hgs_lightweight_v5__g05_i05_c10000_d2_m9_random__seed_42__732a72265dc2.json,skip,,customer_count>10
results/runs/research_until_25000/hgs_lightweight_v5/research/group_06/g06_i01_c10000_d7_m16_clustered/20260510T011436Z__research_until_25000__hgs_lightweight_v5__g06_i01_c10000_d7_m16_clustered__seed_42__b113edd10029.json,skip,,customer_count>10
results/runs/research_until_25000/hgs_lightweight_v5/research/group_06/g06_i02_c10000_d6_m41_clustered/20260510T011454Z__research_until_25000__hgs_lightweight_v5__g06_i02_c10000_d6_m41_clustered__seed_42__f8eea6f457ea.json,skip,,customer_count>10
results/runs/research_until_25000/hgs_lightweight_v5/research/group_06/g06_i03_c10000_d10_m79_grid/20260510T011526Z__research_until_25000__hgs_lightweight_v5__g06_i03_c10000_d10_m79_grid__seed_42__26d3978df1f7.json,skip,,customer_count>10
results/runs/research_until_25000/hgs_lightweight_v5/research/group_06/g06_i04_c10000_d7_m15_grid/20260510T011558Z__research_until_25000__hgs_lightweight_v5__g06_i04_c10000_d7_m15_grid__seed_42__51f060d8e7b7.json,skip,,customer_count>10
results/runs/research_until_25000/hgs_lightweight_v5/research/group_06/g06_i05_c10000_d7_m15_adversarial/20260510T011615Z__research_until_25000__hgs_lightweight_v5__g06_i05_c10000_d7_m15_adversarial__seed_42__58c0525d0147.json,skip,,customer_count>10
results/runs/research_until_25000/hgs_lightweight_v5/research/group_06/g06_i06_c10000_d7_m33_adversarial/20260510T011635Z__research_until_25000__hgs_lightweight_v5__g06_i06_c10000_d7_m33_adversarial__seed_42__b163e78f29be.json,skip,,customer_count>10
results/runs/research_until_25000/hgs_lightweight_v5/research/group_06/g06_i07_c10000_d10_m70_line/20260510T011652Z__research_until_25000__hgs_lightweight_v5__g06_i07_c10000_d10_m70_line__seed_42__c490d3e50e30.json,skip,,customer_count>10
results/runs/research_until_25000/hgs_lightweight_v5/research/group_06/g06_i08_c10000_d7_m45_line/20260510T011726Z__research_until_25000__hgs_lightweight_v5__g06_i08_c10000_d7_m45_line__seed_42__948dbce4d30e.json,skip,,customer_count>10
results/runs/research_until_25000/hgs_lightweight_v5/research/group_07/g07_i01_c25000_d9_m20_random/20260510T011751Z__research_until_25000__hgs_lightweight_v5__g07_i01_c25000_d9_m20_random__seed_42__f3e1e17d1319.json,skip,,customer_count>10
results/runs/research_until_25000/hgs_lightweight_v5/research/group_07/g07_i02_c25000_d5_m26_random/20260510T013307Z__research_until_25000__hgs_lightweight_v5__g07_i02_c25000_d5_m26_random__seed_42__704723908934.json,skip,,customer_count>10
results/runs/research_until_25000/lkh_mdmtsp/research/group_01/g01_i01_c10_d1_m3_random/20260508T045225Z__research_until_25000__lkh_mdmtsp__g01_i01_c10_d1_m3_random__seed_42__7b1579e167e0.json,rendered,results/plots/solutions/research_until_25000/lkh_mdmtsp/research/group_01/g01_i01_c10_d1_m3_random/20260508T045225Z__research_until_25000__lkh_mdmtsp__g01_i01_c10_d1_m3_random__seed_42__7b1579e167e0.png,
results/runs/research_until_25000/lkh_mdmtsp/research/group_01/g01_i02_c10_d1_m3_random/20260508T045226Z__research_until_25000__lkh_mdmtsp__g01_i02_c10_d1_m3_random__seed_42__1996ca45df4b.json,rendered,results/plots/solutions/research_until_25000/lkh_mdmtsp/research/group_01/g01_i02_c10_d1_m3_random/20260508T045226Z__research_until_25000__lkh_mdmtsp__g01_i02_c10_d1_m3_random__seed_42__1996ca45df4b.png,
results/runs/research_until_25000/lkh_mdmtsp/research/group_01/g01_i03_c10_d2_m6_random/20260508T045226Z__research_until_25000__lkh_mdmtsp__g01_i03_c10_d2_m6_random__seed_42__49569e7b5649.json,rendered,results/plots/solutions/research_until_25000/lkh_mdmtsp/research/group_01/g01_i03_c10_d2_m6_random/20260508T045226Z__research_until_25000__lkh_mdmtsp__g01_i03_c10_d2_m6_random__seed_42__49569e7b5649.png,
results/runs/research_until_25000/lkh_mdmtsp/research/group_01/g01_i04_c10_d2_m5_random/20260508T045226Z__research_until_25000__lkh_mdmtsp__g01_i04_c10_d2_m5_random__seed_42__99c6d52eca95.json,rendered,results/plots/solutions/research_until_25000/lkh_mdmtsp/research/group_01/g01_i04_c10_d2_m5_random/20260508T045226Z__research_until_25000__lkh_mdmtsp__g01_i04_c10_d2_m5_random__seed_42__99c6d52eca95.png,
results/runs/research_until_25000/lkh_mdmtsp/research/group_01/g01_i05_c10_d2_m4_random/20260508T045226Z__research_until_25000__lkh_mdmtsp__g01_i05_c10_d2_m4_random__seed_42__a5ba6b9db6d6.json,rendered,results/plots/solutions/research_until_25000/lkh_mdmtsp/research/group_01/g01_i05_c10_d2_m4_random/20260508T045226Z__research_until_25000__lkh_mdmtsp__g01_i05_c10_d2_m4_random__seed_42__a5ba6b9db6d6.png,
results/runs/research_until_25000/lkh_mdmtsp/research/group_01/g01_i06_c10_d3_m4_random/20260508T045226Z__research_until_25000__lkh_mdmtsp__g01_i06_c10_d3_m4_random__seed_42__799309496591.json,rendered,results/plots/solutions/research_until_25000/lkh_mdmtsp/research/group_01/g01_i06_c10_d3_m4_random/20260508T045226Z__research_until_25000__lkh_mdmtsp__g01_i06_c10_d3_m4_random__seed_42__799309496591.png,
results/runs/research_until_25000/lkh_mdmtsp/research/group_01/g01_i07_c10_d3_m5_random/20260508T045226Z__research_until_25000__lkh_mdmtsp__g01_i07_c10_d3_m5_random__seed_42__65a1c43bd7ee.json,rendered,results/plots/solutions/research_until_25000/lkh_mdmtsp/research/group_01/g01_i07_c10_d3_m5_random/20260508T045226Z__research_until_25000__lkh_mdmtsp__g01_i07_c10_d3_m5_random__seed_42__65a1c43bd7ee.png,
results/runs/research_until_25000/lkh_mdmtsp/research/group_01/g01_i08_c10_d2_m2_random/20260508T045226Z__research_until_25000__lkh_mdmtsp__g01_i08_c10_d2_m2_random__seed_42__210c745d75ed.json,rendered,results/plots/solutions/research_until_25000/lkh_mdmtsp/research/group_01/g01_i08_c10_d2_m2_random/20260508T045226Z__research_until_25000__lkh_mdmtsp__g01_i08_c10_d2_m2_random__seed_42__210c745d75ed.png,
results/runs/research_until_25000/lkh_mdmtsp/research/group_01/g01_i09_c10_d3_m3_random/20260508T045226Z__research_until_25000__lkh_mdmtsp__g01_i09_c10_d3_m3_random__seed_42__7425b43ce0e6.json,rendered,results/plots/solutions/research_until_25000/lkh_mdmtsp/research/group_01/g01_i09_c10_d3_m3_random/20260508T045226Z__research_until_25000__lkh_mdmtsp__g01_i09_c10_d3_m3_random__seed_42__7425b43ce0e6.png,
results/runs/research_until_25000/lkh_mdmtsp/research/group_01/g01_i10_c10_d1_m1_random/20260508T045226Z__research_until_25000__lkh_mdmtsp__g01_i10_c10_d1_m1_random__seed_42__bf228ae3d671.json,rendered,results/plots/solutions/research_until_25000/lkh_mdmtsp/research/group_01/g01_i10_c10_d1_m1_random/20260508T045226Z__research_until_25000__lkh_mdmtsp__g01_i10_c10_d1_m1_random__seed_42__bf228ae3d671.png,
results/runs/research_until_25000/lkh_mdmtsp/research/group_02/g02_i01_c50_d5_m23_random/20260508T045226Z__research_until_25000__lkh_mdmtsp__g02_i01_c50_d5_m23_random__seed_42__f2082b597e37.json,skip,,customer_count>10
results/runs/research_until_25000/lkh_mdmtsp/research/group_02/g02_i02_c50_d3_m3_random/20260508T045226Z__research_until_25000__lkh_mdmtsp__g02_i02_c50_d3_m3_random__seed_42__05a38195419c.json,skip,,customer_count>10
results/runs/research_until_25000/lkh_mdmtsp/research/group_02/g02_i03_c50_d4_m19_random/20260508T045226Z__research_until_25000__lkh_mdmtsp__g02_i03_c50_d4_m19_random__seed_42__a281d1a16dd8.json,skip,,customer_count>10
results/runs/research_until_25000/lkh_mdmtsp/research/group_02/g02_i04_c50_d4_m10_random/20260508T045226Z__research_until_25000__lkh_mdmtsp__g02_i04_c50_d4_m10_random__seed_42__7c9dd4029014.json,skip,,customer_count>10
results/runs/research_until_25000/lkh_mdmtsp/research/group_02/g02_i05_c50_d3_m7_random/20260508T045226Z__research_until_25000__lkh_mdmtsp__g02_i05_c50_d3_m7_random__seed_42__710fa95a1bb2.json,skip,,customer_count>10
results/runs/research_until_25000/lkh_mdmtsp/research/group_02/g02_i06_c50_d4_m6_random/20260508T045226Z__research_until_25000__lkh_mdmtsp__g02_i06_c50_d4_m6_random__seed_42__3ef6bdcb68d4.json,skip,,customer_count>10
results/runs/research_until_25000/lkh_mdmtsp/research/group_02/g02_i07_c50_d4_m5_random/20260508T045226Z__research_until_25000__lkh_mdmtsp__g02_i07_c50_d4_m5_random__seed_42__783dcfe6de6f.json,skip,,customer_count>10
results/runs/research_until_25000/lkh_mdmtsp/research/group_02/g02_i08_c50_d4_m11_random/20260508T045226Z__research_until_25000__lkh_mdmtsp__g02_i08_c50_d4_m11_random__seed_42__33b2aacbb44f.json,skip,,customer_count>10
results/runs/research_until_25000/lkh_mdmtsp/research/group_02/g02_i09_c50_d5_m10_random/20260508T045226Z__research_until_25000__lkh_mdmtsp__g02_i09_c50_d5_m10_random__seed_42__ac181dd056a0.json,skip,,customer_count>10
results/runs/research_until_25000/lkh_mdmtsp/research/group_02/g02_i10_c50_d4_m20_random/20260508T045226Z__research_until_25000__lkh_mdmtsp__g02_i10_c50_d4_m20_random__seed_42__223ae93f21e3.json,skip,,customer_count>10
results/runs/research_until_25000/lkh_mdmtsp/research/group_03/g03_i01_c500_d5_m21_random/20260508T045226Z__research_until_25000__lkh_mdmtsp__g03_i01_c500_d5_m21_random__seed_42__1a9e5f398034.json,skip,,customer_count>10
results/runs/research_until_25000/lkh_mdmtsp/research/group_03/g03_i02_c500_d3_m10_random/20260508T045233Z__research_until_25000__lkh_mdmtsp__g03_i02_c500_d3_m10_random__seed_42__df9ecf3a8b03.json,skip,,customer_count>10
results/runs/research_until_25000/lkh_mdmtsp/research/group_03/g03_i03_c500_d3_m12_random/20260508T045239Z__research_until_25000__lkh_mdmtsp__g03_i03_c500_d3_m12_random__seed_42__2e014d000af9.json,skip,,customer_count>10
results/runs/research_until_25000/lkh_mdmtsp/research/group_03/g03_i04_c500_d5_m19_random/20260508T045245Z__research_until_25000__lkh_mdmtsp__g03_i04_c500_d5_m19_random__seed_42__025ed46071f3.json,skip,,customer_count>10
results/runs/research_until_25000/lkh_mdmtsp/research/group_03/g03_i05_c500_d3_m6_random/20260508T045252Z__research_until_25000__lkh_mdmtsp__g03_i05_c500_d3_m6_random__seed_42__6d5501c30adb.json,skip,,customer_count>10
results/runs/research_until_25000/lkh_mdmtsp/research/group_03/g03_i06_c500_d3_m3_random/20260508T045257Z__research_until_25000__lkh_mdmtsp__g03_i06_c500_d3_m3_random__seed_42__15e9b2939940.json,skip,,customer_count>10
results/runs/research_until_25000/lkh_mdmtsp/research/group_03/g03_i07_c500_d5_m20_random/20260508T045302Z__research_until_25000__lkh_mdmtsp__g03_i07_c500_d5_m20_random__seed_42__90fc6ea24c77.json,skip,,customer_count>10
results/runs/research_until_25000/lkh_mdmtsp/research/group_03/g03_i08_c500_d3_m7_random/20260508T045309Z__research_until_25000__lkh_mdmtsp__g03_i08_c500_d3_m7_random__seed_42__459a7821b0a7.json,skip,,customer_count>10
results/runs/research_until_25000/lkh_mdmtsp/research/group_03/g03_i09_c500_d4_m8_random/20260508T045314Z__research_until_25000__lkh_mdmtsp__g03_i09_c500_d4_m8_random__seed_42__8715f82a521f.json,skip,,customer_count>10
results/runs/research_until_25000/lkh_mdmtsp/research/group_03/g03_i10_c500_d5_m18_random/20260508T045320Z__research_until_25000__lkh_mdmtsp__g03_i10_c500_d5_m18_random__seed_42__046155c13030.json,skip,,customer_count>10
results/runs/research_until_25000/lkh_mdmtsp/research/group_03/g03_i11_c500_d4_m12_adversarial/20260508T045327Z__research_until_25000__lkh_mdmtsp__g03_i11_c500_d4_m12_adversarial__seed_42__ea16de6f4b2f.json,skip,,customer_count>10
results/runs/research_until_25000/lkh_mdmtsp/research/group_03/g03_i12_c500_d4_m13_adversarial/20260508T045333Z__research_until_25000__lkh_mdmtsp__g03_i12_c500_d4_m13_adversarial__seed_42__325f116a5ebd.json,skip,,customer_count>10
results/runs/research_until_25000/lkh_mdmtsp/research/group_03/g03_i13_c500_d4_m12_adversarial/20260508T045339Z__research_until_25000__lkh_mdmtsp__g03_i13_c500_d4_m12_adversarial__seed_42__253b6945c8e9.json,skip,,customer_count>10
results/runs/research_until_25000/lkh_mdmtsp/research/group_03/g03_i14_c500_d4_m13_adversarial/20260508T045346Z__research_until_25000__lkh_mdmtsp__g03_i14_c500_d4_m13_adversarial__seed_42__239fd15395f2.json,skip,,customer_count>10
results/runs/research_until_25000/lkh_mdmtsp/research/group_03/g03_i15_c500_d5_m15_adversarial/20260508T045352Z__research_until_25000__lkh_mdmtsp__g03_i15_c500_d5_m15_adversarial__seed_42__5afd0e2d6d5b.json,skip,,customer_count>10
results/runs/research_until_25000/lkh_mdmtsp/research/group_03/g03_i16_c500_d4_m12_adversarial/20260508T045358Z__research_until_25000__lkh_mdmtsp__g03_i16_c500_d4_m12_adversarial__seed_42__fd14f34fd542.json,skip,,customer_count>10
results/runs/research_until_25000/lkh_mdmtsp/research/group_03/g03_i17_c500_d4_m13_adversarial/20260508T045405Z__research_until_25000__lkh_mdmtsp__g03_i17_c500_d4_m13_adversarial__seed_42__75de7fbed02d.json,skip,,customer_count>10
results/runs/research_until_25000/lkh_mdmtsp/research/group_03/g03_i18_c500_d5_m15_adversarial/20260508T045411Z__research_until_25000__lkh_mdmtsp__g03_i18_c500_d5_m15_adversarial__seed_42__232127be5e67.json,skip,,customer_count>10
results/runs/research_until_25000/lkh_mdmtsp/research/group_03/g03_i19_c500_d4_m12_adversarial/20260508T045417Z__research_until_25000__lkh_mdmtsp__g03_i19_c500_d4_m12_adversarial__seed_42__d4dcfa961ecf.json,skip,,customer_count>10
results/runs/research_until_25000/lkh_mdmtsp/research/group_03/g03_i20_c500_d4_m13_adversarial/20260508T045423Z__research_until_25000__lkh_mdmtsp__g03_i20_c500_d4_m13_adversarial__seed_42__6722c65b0cf7.json,skip,,customer_count>10
results/runs/research_until_25000/lkh_mdmtsp/research/group_03/g03_i21_c500_d5_m15_adversarial/20260508T045430Z__research_until_25000__lkh_mdmtsp__g03_i21_c500_d5_m15_adversarial__seed_42__d18ea9ac147f.json,skip,,customer_count>10
results/runs/research_until_25000/lkh_mdmtsp/research/group_03/g03_i22_c500_d4_m12_adversarial/20260508T045436Z__research_until_25000__lkh_mdmtsp__g03_i22_c500_d4_m12_adversarial__seed_42__a1def54d7871.json,skip,,customer_count>10
results/runs/research_until_25000/lkh_mdmtsp/research/group_03/g03_i23_c500_d4_m13_adversarial/20260508T045443Z__research_until_25000__lkh_mdmtsp__g03_i23_c500_d4_m13_adversarial__seed_42__e8244b3e9f99.json,skip,,customer_count>10
results/runs/research_until_25000/lkh_mdmtsp/research/group_03/g03_i24_c500_d5_m15_adversarial/20260508T045449Z__research_until_25000__lkh_mdmtsp__g03_i24_c500_d5_m15_adversarial__seed_42__cbaf564462d8.json,skip,,customer_count>10
results/runs/research_until_25000/lkh_mdmtsp/research/group_03/g03_i25_c500_d4_m12_adversarial/20260508T045456Z__research_until_25000__lkh_mdmtsp__g03_i25_c500_d4_m12_adversarial__seed_42__627556e2076d.json,skip,,customer_count>10
results/runs/research_until_25000/lkh_mdmtsp/research/group_03/g03_i26_c500_d5_m14_adversarial/20260508T045502Z__research_until_25000__lkh_mdmtsp__g03_i26_c500_d5_m14_adversarial__seed_42__bb1c778e4883.json,skip,,customer_count>10
results/runs/research_until_25000/lkh_mdmtsp/research/group_03/g03_i27_c500_d4_m12_adversarial/20260508T045509Z__research_until_25000__lkh_mdmtsp__g03_i27_c500_d4_m12_adversarial__seed_42__5c320a851257.json,skip,,customer_count>10
results/runs/research_until_25000/lkh_mdmtsp/research/group_03/g03_i28_c500_d5_m14_adversarial/20260508T045515Z__research_until_25000__lkh_mdmtsp__g03_i28_c500_d5_m14_adversarial__seed_42__e1b3f4a22e57.json,skip,,customer_count>10
results/runs/research_until_25000/lkh_mdmtsp/research/group_03/g03_i29_c500_d4_m12_adversarial/20260508T045522Z__research_until_25000__lkh_mdmtsp__g03_i29_c500_d4_m12_adversarial__seed_42__027b5bf72e7f.json,skip,,customer_count>10
results/runs/research_until_25000/lkh_mdmtsp/research/group_03/g03_i30_c500_d5_m14_adversarial/20260508T045528Z__research_until_25000__lkh_mdmtsp__g03_i30_c500_d5_m14_adversarial__seed_42__1b45b31d5ceb.json,skip,,customer_count>10
results/runs/research_until_25000/lkh_mdmtsp/research/group_03/g03_i31_c500_d4_m12_adversarial/20260508T045535Z__research_until_25000__lkh_mdmtsp__g03_i31_c500_d4_m12_adversarial__seed_42__efcde5087812.json,skip,,customer_count>10
results/runs/research_until_25000/lkh_mdmtsp/research/group_03/g03_i32_c500_d5_m14_adversarial/20260508T045541Z__research_until_25000__lkh_mdmtsp__g03_i32_c500_d5_m14_adversarial__seed_42__53941b268402.json,skip,,customer_count>10
results/runs/research_until_25000/lkh_mdmtsp/research/group_03/g03_i33_c500_d4_m13_adversarial/20260508T045548Z__research_until_25000__lkh_mdmtsp__g03_i33_c500_d4_m13_adversarial__seed_42__cdca41fb8079.json,skip,,customer_count>10
results/runs/research_until_25000/lkh_mdmtsp/research/group_03/g03_i34_c500_d5_m16_adversarial/20260508T045554Z__research_until_25000__lkh_mdmtsp__g03_i34_c500_d5_m16_adversarial__seed_42__3d192eae50d8.json,skip,,customer_count>10
results/runs/research_until_25000/lkh_mdmtsp/research/group_03/g03_i35_c500_d4_m13_adversarial/20260508T045600Z__research_until_25000__lkh_mdmtsp__g03_i35_c500_d4_m13_adversarial__seed_42__48cd35f8ee7b.json,skip,,customer_count>10
results/runs/research_until_25000/lkh_mdmtsp/research/group_03/g03_i36_c500_d5_m16_adversarial/20260508T045607Z__research_until_25000__lkh_mdmtsp__g03_i36_c500_d5_m16_adversarial__seed_42__34bb1b0daaea.json,skip,,customer_count>10
results/runs/research_until_25000/lkh_mdmtsp/research/group_03/g03_i37_c500_d4_m13_adversarial/20260508T045613Z__research_until_25000__lkh_mdmtsp__g03_i37_c500_d4_m13_adversarial__seed_42__ee8039d66458.json,skip,,customer_count>10
results/runs/research_until_25000/lkh_mdmtsp/research/group_03/g03_i38_c500_d5_m16_adversarial/20260508T045620Z__research_until_25000__lkh_mdmtsp__g03_i38_c500_d5_m16_adversarial__seed_42__a5045db07f71.json,skip,,customer_count>10
results/runs/research_until_25000/lkh_mdmtsp/research/group_03/g03_i39_c500_d4_m13_adversarial/20260508T045626Z__research_until_25000__lkh_mdmtsp__g03_i39_c500_d4_m13_adversarial__seed_42__c0114774c32e.json,skip,,customer_count>10
results/runs/research_until_25000/lkh_mdmtsp/research/group_03/g03_i40_c500_d5_m16_adversarial/20260508T045633Z__research_until_25000__lkh_mdmtsp__g03_i40_c500_d5_m16_adversarial__seed_42__cbffd6af8509.json,skip,,customer_count>10
results/runs/research_until_25000/lkh_mdmtsp/research/group_03/g03_i41_c500_d4_m12_adversarial/20260508T045639Z__research_until_25000__lkh_mdmtsp__g03_i41_c500_d4_m12_adversarial__seed_42__d7b611785816.json,skip,,customer_count>10
results/runs/research_until_25000/lkh_mdmtsp/research/group_03/g03_i42_c500_d5_m14_adversarial/20260508T045645Z__research_until_25000__lkh_mdmtsp__g03_i42_c500_d5_m14_adversarial__seed_42__e83fd6b19197.json,skip,,customer_count>10
results/runs/research_until_25000/lkh_mdmtsp/research/group_03/g03_i43_c500_d4_m12_adversarial/20260508T045652Z__research_until_25000__lkh_mdmtsp__g03_i43_c500_d4_m12_adversarial__seed_42__fd09e6ad41c5.json,skip,,customer_count>10
results/runs/research_until_25000/lkh_mdmtsp/research/group_03/g03_i44_c500_d5_m14_adversarial/20260508T045658Z__research_until_25000__lkh_mdmtsp__g03_i44_c500_d5_m14_adversarial__seed_42__11c5f70b62e6.json,skip,,customer_count>10
results/runs/research_until_25000/lkh_mdmtsp/research/group_03/g03_i45_c500_d4_m12_adversarial/20260508T045705Z__research_until_25000__lkh_mdmtsp__g03_i45_c500_d4_m12_adversarial__seed_42__c87ff2e7e43b.json,skip,,customer_count>10
results/runs/research_until_25000/lkh_mdmtsp/research/group_03/g03_i46_c500_d5_m14_adversarial/20260508T045711Z__research_until_25000__lkh_mdmtsp__g03_i46_c500_d5_m14_adversarial__seed_42__ebff293c368c.json,skip,,customer_count>10
results/runs/research_until_25000/lkh_mdmtsp/research/group_03/g03_i47_c500_d4_m12_adversarial/20260508T045718Z__research_until_25000__lkh_mdmtsp__g03_i47_c500_d4_m12_adversarial__seed_42__2b763e0bbbbd.json,skip,,customer_count>10
results/runs/research_until_25000/lkh_mdmtsp/research/group_03/g03_i48_c500_d4_m13_adversarial/20260508T045724Z__research_until_25000__lkh_mdmtsp__g03_i48_c500_d4_m13_adversarial__seed_42__83cd6dcc0b8d.json,skip,,customer_count>10
results/runs/research_until_25000/lkh_mdmtsp/research/group_03/g03_i49_c500_d5_m15_adversarial/20260508T045730Z__research_until_25000__lkh_mdmtsp__g03_i49_c500_d5_m15_adversarial__seed_42__4e8087c10347.json,skip,,customer_count>10
results/runs/research_until_25000/lkh_mdmtsp/research/group_03/g03_i50_c500_d4_m12_adversarial/20260508T045737Z__research_until_25000__lkh_mdmtsp__g03_i50_c500_d4_m12_adversarial__seed_42__fda51b81a6e0.json,skip,,customer_count>10
results/runs/research_until_25000/lkh_mdmtsp/research/group_03/g03_i51_c500_d4_m13_adversarial/20260508T045743Z__research_until_25000__lkh_mdmtsp__g03_i51_c500_d4_m13_adversarial__seed_42__32ef7b587df2.json,skip,,customer_count>10
results/runs/research_until_25000/lkh_mdmtsp/research/group_03/g03_i52_c500_d5_m15_adversarial/20260508T045749Z__research_until_25000__lkh_mdmtsp__g03_i52_c500_d5_m15_adversarial__seed_42__37bdb2a0c18b.json,skip,,customer_count>10
results/runs/research_until_25000/lkh_mdmtsp/research/group_03_hard/g03h_i01_c500_d3_m5_hard_adversarial/20260508T045756Z__research_until_25000__lkh_mdmtsp__g03h_i01_c500_d3_m5_hard_adversarial__seed_42__7f26f67ab7b9.json,skip,,customer_count>10
results/runs/research_until_25000/lkh_mdmtsp/research/group_03_hard/g03h_i02_c500_d3_m6_hard_adversarial/20260508T045801Z__research_until_25000__lkh_mdmtsp__g03h_i02_c500_d3_m6_hard_adversarial__seed_42__4be698720f78.json,skip,,customer_count>10
results/runs/research_until_25000/lkh_mdmtsp/research/group_03_hard/g03h_i03_c500_d2_m4_hard_adversarial/20260508T045806Z__research_until_25000__lkh_mdmtsp__g03h_i03_c500_d2_m4_hard_adversarial__seed_42__822c40d98d27.json,skip,,customer_count>10
results/runs/research_until_25000/lkh_mdmtsp/research/group_03_hard/g03h_i04_c500_d3_m5_hard_adversarial/20260508T045811Z__research_until_25000__lkh_mdmtsp__g03h_i04_c500_d3_m5_hard_adversarial__seed_42__961ffaf355e2.json,skip,,customer_count>10
results/runs/research_until_25000/lkh_mdmtsp/research/group_03_hard/g03h_i05_c500_d3_m6_hard_adversarial/20260508T045817Z__research_until_25000__lkh_mdmtsp__g03h_i05_c500_d3_m6_hard_adversarial__seed_42__76a86a7ca58c.json,skip,,customer_count>10
results/runs/research_until_25000/lkh_mdmtsp/research/group_03_hard/g03h_i06_c500_d2_m4_hard_adversarial/20260508T045822Z__research_until_25000__lkh_mdmtsp__g03h_i06_c500_d2_m4_hard_adversarial__seed_42__dcbc9afb01db.json,skip,,customer_count>10
results/runs/research_until_25000/lkh_mdmtsp/research/group_03_hard/g03h_i07_c500_d3_m5_hard_adversarial/20260508T045827Z__research_until_25000__lkh_mdmtsp__g03h_i07_c500_d3_m5_hard_adversarial__seed_42__ad3782647224.json,skip,,customer_count>10
results/runs/research_until_25000/lkh_mdmtsp/research/group_03_hard/g03h_i08_c500_d2_m4_hard_adversarial/20260508T045832Z__research_until_25000__lkh_mdmtsp__g03h_i08_c500_d2_m4_hard_adversarial__seed_42__17504a25ac43.json,skip,,customer_count>10
results/runs/research_until_25000/lkh_mdmtsp/research/group_03_hard/g03h_i09_c500_d3_m5_hard_adversarial/20260508T045837Z__research_until_25000__lkh_mdmtsp__g03h_i09_c500_d3_m5_hard_adversarial__seed_42__0494b93699c2.json,skip,,customer_count>10
results/runs/research_until_25000/lkh_mdmtsp/research/group_03_hard/g03h_i10_c500_d2_m4_hard_adversarial/20260508T045842Z__research_until_25000__lkh_mdmtsp__g03h_i10_c500_d2_m4_hard_adversarial__seed_42__2fea8d7cdab6.json,skip,,customer_count>10
results/runs/research_until_25000/lkh_mdmtsp/research/group_03_hard/g03h_i11_c500_d3_m5_hard_adversarial/20260508T045847Z__research_until_25000__lkh_mdmtsp__g03h_i11_c500_d3_m5_hard_adversarial__seed_42__ff4cc183b59e.json,skip,,customer_count>10
results/runs/research_until_25000/lkh_mdmtsp/research/group_03_hard/g03h_i12_c500_d2_m4_hard_adversarial/20260508T045853Z__research_until_25000__lkh_mdmtsp__g03h_i12_c500_d2_m4_hard_adversarial__seed_42__3308a61119b6.json,skip,,customer_count>10
results/runs/research_until_25000/lkh_mdmtsp/research/group_03_hard/g03h_i13_c500_d3_m5_hard_adversarial/20260508T045858Z__research_until_25000__lkh_mdmtsp__g03h_i13_c500_d3_m5_hard_adversarial__seed_42__d6ef9c3e26d1.json,skip,,customer_count>10
results/runs/research_until_25000/lkh_mdmtsp/research/group_03_hard/g03h_i14_c500_d2_m4_hard_adversarial/20260508T045903Z__research_until_25000__lkh_mdmtsp__g03h_i14_c500_d2_m4_hard_adversarial__seed_42__5d95a76a2387.json,skip,,customer_count>10
results/runs/research_until_25000/lkh_mdmtsp/research/group_03_hard/g03h_i15_c500_d3_m5_hard_adversarial/20260508T045908Z__research_until_25000__lkh_mdmtsp__g03h_i15_c500_d3_m5_hard_adversarial__seed_42__00da420af391.json,skip,,customer_count>10
results/runs/research_until_25000/lkh_mdmtsp/research/group_03_hard/g03h_i16_c500_d2_m4_hard_adversarial/20260508T045913Z__research_until_25000__lkh_mdmtsp__g03h_i16_c500_d2_m4_hard_adversarial__seed_42__3562170e7484.json,skip,,customer_count>10
results/runs/research_until_25000/lkh_mdmtsp/research/group_03_hard/g03h_i17_c500_d3_m5_hard_adversarial/20260508T045918Z__research_until_25000__lkh_mdmtsp__g03h_i17_c500_d3_m5_hard_adversarial__seed_42__eb6bcbb4a56f.json,skip,,customer_count>10
results/runs/research_until_25000/lkh_mdmtsp/research/group_03_hard/g03h_i18_c500_d3_m6_hard_adversarial/20260508T045923Z__research_until_25000__lkh_mdmtsp__g03h_i18_c500_d3_m6_hard_adversarial__seed_42__1c9fd2b63924.json,skip,,customer_count>10
results/runs/research_until_25000/lkh_mdmtsp/research/group_03_hard/g03h_i19_c500_d2_m5_hard_adversarial/20260508T045928Z__research_until_25000__lkh_mdmtsp__g03h_i19_c500_d2_m5_hard_adversarial__seed_42__be07ffefb071.json,skip,,customer_count>10
results/runs/research_until_25000/lkh_mdmtsp/research/group_03_hard/g03h_i20_c500_d3_m6_hard_adversarial/20260508T045934Z__research_until_25000__lkh_mdmtsp__g03h_i20_c500_d3_m6_hard_adversarial__seed_42__615fe9adb0e2.json,skip,,customer_count>10
results/runs/research_until_25000/lkh_mdmtsp/research/group_03_hard/g03h_i21_c500_d2_m5_hard_adversarial/20260508T045939Z__research_until_25000__lkh_mdmtsp__g03h_i21_c500_d2_m5_hard_adversarial__seed_42__ae396a1a8213.json,skip,,customer_count>10
results/runs/research_until_25000/lkh_mdmtsp/research/group_03_hard/g03h_i22_c500_d2_m4_hard_adversarial/20260508T045945Z__research_until_25000__lkh_mdmtsp__g03h_i22_c500_d2_m4_hard_adversarial__seed_42__96b5581437a4.json,skip,,customer_count>10
results/runs/research_until_25000/lkh_mdmtsp/research/group_03_hard/g03h_i23_c500_d3_m5_hard_adversarial/20260508T045950Z__research_until_25000__lkh_mdmtsp__g03h_i23_c500_d3_m5_hard_adversarial__seed_42__8636e77786c7.json,skip,,customer_count>10
results/runs/research_until_25000/lkh_mdmtsp/research/group_03_hard/g03h_i24_c500_d2_m4_hard_adversarial/20260508T045955Z__research_until_25000__lkh_mdmtsp__g03h_i24_c500_d2_m4_hard_adversarial__seed_42__44e77e80527a.json,skip,,customer_count>10
results/runs/research_until_25000/lkh_mdmtsp/research/group_03_hard/g03h_i25_c500_d3_m5_hard_adversarial/20260508T050000Z__research_until_25000__lkh_mdmtsp__g03h_i25_c500_d3_m5_hard_adversarial__seed_42__50fff6fc47cb.json,skip,,customer_count>10
results/runs/research_until_25000/lkh_mdmtsp/research/group_03_traps/g03t_i01_c750_d4_m5_trap/20260508T050005Z__research_until_25000__lkh_mdmtsp__g03t_i01_c750_d4_m5_trap__seed_42__dc068f76bc87.json,skip,,customer_count>10
results/runs/research_until_25000/lkh_mdmtsp/research/group_03_traps/g03t_i02_c750_d3_m4_trap/20260508T050022Z__research_until_25000__lkh_mdmtsp__g03t_i02_c750_d3_m4_trap__seed_42__2bdfc60ff22d.json,skip,,customer_count>10
results/runs/research_until_25000/lkh_mdmtsp/research/group_03_traps/g03t_i03_c750_d2_m3_trap/20260508T050038Z__research_until_25000__lkh_mdmtsp__g03t_i03_c750_d2_m3_trap__seed_42__6b036c60a5c4.json,skip,,customer_count>10
results/runs/research_until_25000/lkh_mdmtsp/research/group_03_traps/g03t_i04_c750_d4_m5_trap/20260508T050054Z__research_until_25000__lkh_mdmtsp__g03t_i04_c750_d4_m5_trap__seed_42__c5987172a6e2.json,skip,,customer_count>10
results/runs/research_until_25000/lkh_mdmtsp/research/group_03_traps/g03t_i05_c750_d3_m4_trap/20260508T050111Z__research_until_25000__lkh_mdmtsp__g03t_i05_c750_d3_m4_trap__seed_42__8e3f05e4d074.json,skip,,customer_count>10
results/runs/research_until_25000/lkh_mdmtsp/research/group_03_traps/g03t_i06_c750_d2_m3_trap/20260508T050127Z__research_until_25000__lkh_mdmtsp__g03t_i06_c750_d2_m3_trap__seed_42__9606df62daba.json,skip,,customer_count>10
results/runs/research_until_25000/lkh_mdmtsp/research/group_03_traps/g03t_i07_c750_d4_m5_trap/20260508T050143Z__research_until_25000__lkh_mdmtsp__g03t_i07_c750_d4_m5_trap__seed_42__6d80556d5f6f.json,skip,,customer_count>10
results/runs/research_until_25000/lkh_mdmtsp/research/group_03_traps/g03t_i08_c750_d4_m5_trap/20260508T050200Z__research_until_25000__lkh_mdmtsp__g03t_i08_c750_d4_m5_trap__seed_42__11ddb88bc583.json,skip,,customer_count>10
results/runs/research_until_25000/lkh_mdmtsp/research/group_03_traps/g03t_i09_c750_d3_m4_trap/20260508T050216Z__research_until_25000__lkh_mdmtsp__g03t_i09_c750_d3_m4_trap__seed_42__c4b37a4b30aa.json,skip,,customer_count>10
results/runs/research_until_25000/lkh_mdmtsp/research/group_03_traps/g03t_i10_c750_d2_m3_trap/20260508T050232Z__research_until_25000__lkh_mdmtsp__g03t_i10_c750_d2_m3_trap__seed_42__f12aa6291019.json,skip,,customer_count>10
results/runs/research_until_25000/lkh_mdmtsp/research/group_03_traps/g03t_i11_c750_d4_m5_trap/20260508T050248Z__research_until_25000__lkh_mdmtsp__g03t_i11_c750_d4_m5_trap__seed_42__67e32c0db988.json,skip,,customer_count>10
results/runs/research_until_25000/lkh_mdmtsp/research/group_03_traps/g03t_i12_c750_d3_m4_trap/20260508T050305Z__research_until_25000__lkh_mdmtsp__g03t_i12_c750_d3_m4_trap__seed_42__45ed1b35c929.json,skip,,customer_count>10
results/runs/research_until_25000/lkh_mdmtsp/research/group_03_traps/g03t_i13_c750_d2_m3_trap/20260508T050321Z__research_until_25000__lkh_mdmtsp__g03t_i13_c750_d2_m3_trap__seed_42__aaac55e4cdc4.json,skip,,customer_count>10
results/runs/research_until_25000/lkh_mdmtsp/research/group_03_traps/g03t_i14_c750_d4_m5_trap/20260508T050337Z__research_until_25000__lkh_mdmtsp__g03t_i14_c750_d4_m5_trap__seed_42__4213a08e5b4d.json,skip,,customer_count>10
results/runs/research_until_25000/lkh_mdmtsp/research/group_03_traps/g03t_i15_c750_d3_m4_trap/20260508T050353Z__research_until_25000__lkh_mdmtsp__g03t_i15_c750_d3_m4_trap__seed_42__94f5982ca0f4.json,skip,,customer_count>10
results/runs/research_until_25000/lkh_mdmtsp/research/group_03_traps/g03t_i16_c750_d2_m3_trap/20260508T050410Z__research_until_25000__lkh_mdmtsp__g03t_i16_c750_d2_m3_trap__seed_42__304c86ad90e4.json,skip,,customer_count>10
results/runs/research_until_25000/lkh_mdmtsp/research/group_03_traps/g03t_i17_c750_d4_m5_trap/20260508T050425Z__research_until_25000__lkh_mdmtsp__g03t_i17_c750_d4_m5_trap__seed_42__4cb783b40cf2.json,skip,,customer_count>10
results/runs/research_until_25000/lkh_mdmtsp/research/group_03_traps/g03t_i18_c750_d3_m4_trap/20260508T050442Z__research_until_25000__lkh_mdmtsp__g03t_i18_c750_d3_m4_trap__seed_42__465b0f164146.json,skip,,customer_count>10
results/runs/research_until_25000/lkh_mdmtsp/research/group_03_traps/g03t_i19_c750_d4_m5_trap/20260508T050458Z__research_until_25000__lkh_mdmtsp__g03t_i19_c750_d4_m5_trap__seed_42__f40ccad02baf.json,skip,,customer_count>10
results/runs/research_until_25000/lkh_mdmtsp/research/group_03_traps/g03t_i20_c750_d3_m4_trap/20260508T050515Z__research_until_25000__lkh_mdmtsp__g03t_i20_c750_d3_m4_trap__seed_42__b0f6fffa0e30.json,skip,,customer_count>10
results/runs/research_until_25000/lkh_mdmtsp/research/group_03_traps/g03t_i21_c750_d4_m5_trap/20260508T050531Z__research_until_25000__lkh_mdmtsp__g03t_i21_c750_d4_m5_trap__seed_42__e1c4ff66cb31.json,skip,,customer_count>10
results/runs/research_until_25000/lkh_mdmtsp/research/group_03_traps/g03t_i22_c750_d3_m4_trap/20260508T050548Z__research_until_25000__lkh_mdmtsp__g03t_i22_c750_d3_m4_trap__seed_42__87d8265bd10e.json,skip,,customer_count>10
results/runs/research_until_25000/lkh_mdmtsp/research/group_03_traps/g03t_i23_c750_d4_m5_trap/20260508T050604Z__research_until_25000__lkh_mdmtsp__g03t_i23_c750_d4_m5_trap__seed_42__3d5ee7f52c84.json,skip,,customer_count>10
results/runs/research_until_25000/lkh_mdmtsp/research/group_03_traps/g03t_i24_c750_d3_m4_trap/20260508T050620Z__research_until_25000__lkh_mdmtsp__g03t_i24_c750_d3_m4_trap__seed_42__0b6fe47edab0.json,skip,,customer_count>10
results/runs/research_until_25000/lkh_mdmtsp/research/group_03_traps/g03t_i25_c750_d2_m3_trap/20260508T050636Z__research_until_25000__lkh_mdmtsp__g03t_i25_c750_d2_m3_trap__seed_42__97d6f86e6fc6.json,skip,,customer_count>10
results/runs/research_until_25000/lkh_mdmtsp/research/group_04/g04_i01_c1000_d6_m11_random/20260508T050652Z__research_until_25000__lkh_mdmtsp__g04_i01_c1000_d6_m11_random__seed_42__45d54c32fd82.json,skip,,customer_count>10
results/runs/research_until_25000/lkh_mdmtsp/research/group_04/g04_i02_c1000_d5_m19_random/20260508T050735Z__research_until_25000__lkh_mdmtsp__g04_i02_c1000_d5_m19_random__seed_42__3d567d9470ee.json,skip,,customer_count>10
results/runs/research_until_25000/lkh_mdmtsp_v2/research/group_01/g01_i01_c10_d1_m3_random/20260508T053830Z__research_until_25000__lkh_mdmtsp_v2__g01_i01_c10_d1_m3_random__seed_42__2faa9f64edf7.json,rendered,results/plots/solutions/research_until_25000/lkh_mdmtsp_v2/research/group_01/g01_i01_c10_d1_m3_random/20260508T053830Z__research_until_25000__lkh_mdmtsp_v2__g01_i01_c10_d1_m3_random__seed_42__2faa9f64edf7.png,
results/runs/research_until_25000/lkh_mdmtsp_v2/research/group_01/g01_i02_c10_d1_m3_random/20260508T053830Z__research_until_25000__lkh_mdmtsp_v2__g01_i02_c10_d1_m3_random__seed_42__4ead6488bf96.json,rendered,results/plots/solutions/research_until_25000/lkh_mdmtsp_v2/research/group_01/g01_i02_c10_d1_m3_random/20260508T053830Z__research_until_25000__lkh_mdmtsp_v2__g01_i02_c10_d1_m3_random__seed_42__4ead6488bf96.png,
results/runs/research_until_25000/lkh_mdmtsp_v2/research/group_01/g01_i03_c10_d2_m6_random/20260508T053830Z__research_until_25000__lkh_mdmtsp_v2__g01_i03_c10_d2_m6_random__seed_42__1459cdbc25ad.json,rendered,results/plots/solutions/research_until_25000/lkh_mdmtsp_v2/research/group_01/g01_i03_c10_d2_m6_random/20260508T053830Z__research_until_25000__lkh_mdmtsp_v2__g01_i03_c10_d2_m6_random__seed_42__1459cdbc25ad.png,
results/runs/research_until_25000/lkh_mdmtsp_v2/research/group_01/g01_i04_c10_d2_m5_random/20260508T053830Z__research_until_25000__lkh_mdmtsp_v2__g01_i04_c10_d2_m5_random__seed_42__ed6b65a18e02.json,rendered,results/plots/solutions/research_until_25000/lkh_mdmtsp_v2/research/group_01/g01_i04_c10_d2_m5_random/20260508T053830Z__research_until_25000__lkh_mdmtsp_v2__g01_i04_c10_d2_m5_random__seed_42__ed6b65a18e02.png,
results/runs/research_until_25000/lkh_mdmtsp_v2/research/group_01/g01_i05_c10_d2_m4_random/20260508T053830Z__research_until_25000__lkh_mdmtsp_v2__g01_i05_c10_d2_m4_random__seed_42__1e9e89cfdf05.json,rendered,results/plots/solutions/research_until_25000/lkh_mdmtsp_v2/research/group_01/g01_i05_c10_d2_m4_random/20260508T053830Z__research_until_25000__lkh_mdmtsp_v2__g01_i05_c10_d2_m4_random__seed_42__1e9e89cfdf05.png,
results/runs/research_until_25000/lkh_mdmtsp_v2/research/group_01/g01_i06_c10_d3_m4_random/20260508T053830Z__research_until_25000__lkh_mdmtsp_v2__g01_i06_c10_d3_m4_random__seed_42__5e7655a35789.json,rendered,results/plots/solutions/research_until_25000/lkh_mdmtsp_v2/research/group_01/g01_i06_c10_d3_m4_random/20260508T053830Z__research_until_25000__lkh_mdmtsp_v2__g01_i06_c10_d3_m4_random__seed_42__5e7655a35789.png,
results/runs/research_until_25000/lkh_mdmtsp_v2/research/group_01/g01_i07_c10_d3_m5_random/20260508T053830Z__research_until_25000__lkh_mdmtsp_v2__g01_i07_c10_d3_m5_random__seed_42__a2a03c5da00b.json,rendered,results/plots/solutions/research_until_25000/lkh_mdmtsp_v2/research/group_01/g01_i07_c10_d3_m5_random/20260508T053830Z__research_until_25000__lkh_mdmtsp_v2__g01_i07_c10_d3_m5_random__seed_42__a2a03c5da00b.png,
results/runs/research_until_25000/lkh_mdmtsp_v2/research/group_01/g01_i08_c10_d2_m2_random/20260508T053830Z__research_until_25000__lkh_mdmtsp_v2__g01_i08_c10_d2_m2_random__seed_42__40160aa42efa.json,rendered,results/plots/solutions/research_until_25000/lkh_mdmtsp_v2/research/group_01/g01_i08_c10_d2_m2_random/20260508T053830Z__research_until_25000__lkh_mdmtsp_v2__g01_i08_c10_d2_m2_random__seed_42__40160aa42efa.png,
results/runs/research_until_25000/lkh_mdmtsp_v2/research/group_01/g01_i09_c10_d3_m3_random/20260508T053830Z__research_until_25000__lkh_mdmtsp_v2__g01_i09_c10_d3_m3_random__seed_42__b304cd2982b3.json,rendered,results/plots/solutions/research_until_25000/lkh_mdmtsp_v2/research/group_01/g01_i09_c10_d3_m3_random/20260508T053830Z__research_until_25000__lkh_mdmtsp_v2__g01_i09_c10_d3_m3_random__seed_42__b304cd2982b3.png,
results/runs/research_until_25000/lkh_mdmtsp_v2/research/group_01/g01_i10_c10_d1_m1_random/20260508T053830Z__research_until_25000__lkh_mdmtsp_v2__g01_i10_c10_d1_m1_random__seed_42__dc0adc86e2ff.json,rendered,results/plots/solutions/research_until_25000/lkh_mdmtsp_v2/research/group_01/g01_i10_c10_d1_m1_random/20260508T053830Z__research_until_25000__lkh_mdmtsp_v2__g01_i10_c10_d1_m1_random__seed_42__dc0adc86e2ff.png,
results/runs/research_until_25000/lkh_mdmtsp_v2/research/group_02/g02_i01_c50_d5_m23_random/20260508T053830Z__research_until_25000__lkh_mdmtsp_v2__g02_i01_c50_d5_m23_random__seed_42__bf2c0aeb81d5.json,skip,,customer_count>10
results/runs/research_until_25000/lkh_mdmtsp_v2/research/group_02/g02_i02_c50_d3_m3_random/20260508T053831Z__research_until_25000__lkh_mdmtsp_v2__g02_i02_c50_d3_m3_random__seed_42__f9d40dc7f085.json,skip,,customer_count>10
results/runs/research_until_25000/lkh_mdmtsp_v2/research/group_02/g02_i03_c50_d4_m19_random/20260508T053831Z__research_until_25000__lkh_mdmtsp_v2__g02_i03_c50_d4_m19_random__seed_42__5f625a4bdb5d.json,skip,,customer_count>10
results/runs/research_until_25000/lkh_mdmtsp_v2/research/group_02/g02_i04_c50_d4_m10_random/20260508T053831Z__research_until_25000__lkh_mdmtsp_v2__g02_i04_c50_d4_m10_random__seed_42__0caae230a20d.json,skip,,customer_count>10
results/runs/research_until_25000/lkh_mdmtsp_v2/research/group_02/g02_i05_c50_d3_m7_random/20260508T053831Z__research_until_25000__lkh_mdmtsp_v2__g02_i05_c50_d3_m7_random__seed_42__3c0dc0ecf4db.json,skip,,customer_count>10
results/runs/research_until_25000/lkh_mdmtsp_v2/research/group_02/g02_i06_c50_d4_m6_random/20260508T053831Z__research_until_25000__lkh_mdmtsp_v2__g02_i06_c50_d4_m6_random__seed_42__563b27fdc110.json,skip,,customer_count>10
results/runs/research_until_25000/lkh_mdmtsp_v2/research/group_02/g02_i07_c50_d4_m5_random/20260508T053831Z__research_until_25000__lkh_mdmtsp_v2__g02_i07_c50_d4_m5_random__seed_42__e6129667491f.json,skip,,customer_count>10
results/runs/research_until_25000/lkh_mdmtsp_v2/research/group_02/g02_i08_c50_d4_m11_random/20260508T053831Z__research_until_25000__lkh_mdmtsp_v2__g02_i08_c50_d4_m11_random__seed_42__5a960d21382c.json,skip,,customer_count>10
results/runs/research_until_25000/lkh_mdmtsp_v2/research/group_02/g02_i09_c50_d5_m10_random/20260508T053831Z__research_until_25000__lkh_mdmtsp_v2__g02_i09_c50_d5_m10_random__seed_42__b3fb61c77da5.json,skip,,customer_count>10
results/runs/research_until_25000/lkh_mdmtsp_v2/research/group_02/g02_i10_c50_d4_m20_random/20260508T053831Z__research_until_25000__lkh_mdmtsp_v2__g02_i10_c50_d4_m20_random__seed_42__4e1fbd4031dd.json,skip,,customer_count>10
results/runs/research_until_25000/lkh_mdmtsp_v2/research/group_03/g03_i01_c500_d5_m21_random/20260508T053831Z__research_until_25000__lkh_mdmtsp_v2__g03_i01_c500_d5_m21_random__seed_42__4f04ed6bbfe8.json,skip,,customer_count>10
results/runs/research_until_25000/lkh_mdmtsp_v2/research/group_03/g03_i02_c500_d3_m10_random/20260508T053837Z__research_until_25000__lkh_mdmtsp_v2__g03_i02_c500_d3_m10_random__seed_42__aee57a502043.json,skip,,customer_count>10
results/runs/research_until_25000/lkh_mdmtsp_v2/research/group_03/g03_i03_c500_d3_m12_random/20260508T053843Z__research_until_25000__lkh_mdmtsp_v2__g03_i03_c500_d3_m12_random__seed_42__829e00508da9.json,skip,,customer_count>10
results/runs/research_until_25000/lkh_mdmtsp_v2/research/group_03/g03_i04_c500_d5_m19_random/20260508T053849Z__research_until_25000__lkh_mdmtsp_v2__g03_i04_c500_d5_m19_random__seed_42__969c543a6c5d.json,skip,,customer_count>10
results/runs/research_until_25000/lkh_mdmtsp_v2/research/group_03/g03_i05_c500_d3_m6_random/20260508T053856Z__research_until_25000__lkh_mdmtsp_v2__g03_i05_c500_d3_m6_random__seed_42__4605125bbb1e.json,skip,,customer_count>10
results/runs/research_until_25000/lkh_mdmtsp_v2/research/group_03/g03_i06_c500_d3_m3_random/20260508T053901Z__research_until_25000__lkh_mdmtsp_v2__g03_i06_c500_d3_m3_random__seed_42__79a8c4036929.json,skip,,customer_count>10
results/runs/research_until_25000/lkh_mdmtsp_v2/research/group_03/g03_i07_c500_d5_m20_random/20260508T053906Z__research_until_25000__lkh_mdmtsp_v2__g03_i07_c500_d5_m20_random__seed_42__e5b78c37f6cd.json,skip,,customer_count>10
results/runs/research_until_25000/lkh_mdmtsp_v2/research/group_03/g03_i08_c500_d3_m7_random/20260508T053912Z__research_until_25000__lkh_mdmtsp_v2__g03_i08_c500_d3_m7_random__seed_42__b760a6558a63.json,skip,,customer_count>10
results/runs/research_until_25000/lkh_mdmtsp_v2/research/group_03/g03_i09_c500_d4_m8_random/20260508T053918Z__research_until_25000__lkh_mdmtsp_v2__g03_i09_c500_d4_m8_random__seed_42__dab724bf9e7e.json,skip,,customer_count>10
results/runs/research_until_25000/lkh_mdmtsp_v2/research/group_03/g03_i10_c500_d5_m18_random/20260508T053924Z__research_until_25000__lkh_mdmtsp_v2__g03_i10_c500_d5_m18_random__seed_42__fa16e7f4c8e4.json,skip,,customer_count>10
results/runs/research_until_25000/lkh_mdmtsp_v2/research/group_03/g03_i11_c500_d4_m12_adversarial/20260508T053930Z__research_until_25000__lkh_mdmtsp_v2__g03_i11_c500_d4_m12_adversarial__seed_42__8672095cdacf.json,skip,,customer_count>10
results/runs/research_until_25000/lkh_mdmtsp_v2/research/group_03/g03_i12_c500_d4_m13_adversarial/20260508T053937Z__research_until_25000__lkh_mdmtsp_v2__g03_i12_c500_d4_m13_adversarial__seed_42__0a7318cd10f8.json,skip,,customer_count>10
results/runs/research_until_25000/lkh_mdmtsp_v2/research/group_03/g03_i13_c500_d4_m12_adversarial/20260508T053943Z__research_until_25000__lkh_mdmtsp_v2__g03_i13_c500_d4_m12_adversarial__seed_42__14ddc66b28f9.json,skip,,customer_count>10
results/runs/research_until_25000/lkh_mdmtsp_v2/research/group_03/g03_i14_c500_d4_m13_adversarial/20260508T053949Z__research_until_25000__lkh_mdmtsp_v2__g03_i14_c500_d4_m13_adversarial__seed_42__1ad2dfba0044.json,skip,,customer_count>10
results/runs/research_until_25000/lkh_mdmtsp_v2/research/group_03/g03_i15_c500_d5_m15_adversarial/20260508T053955Z__research_until_25000__lkh_mdmtsp_v2__g03_i15_c500_d5_m15_adversarial__seed_42__5a9f9a769174.json,skip,,customer_count>10
results/runs/research_until_25000/lkh_mdmtsp_v2/research/group_03/g03_i16_c500_d4_m12_adversarial/20260508T054002Z__research_until_25000__lkh_mdmtsp_v2__g03_i16_c500_d4_m12_adversarial__seed_42__f43b803f9a6c.json,skip,,customer_count>10
results/runs/research_until_25000/lkh_mdmtsp_v2/research/group_03/g03_i17_c500_d4_m13_adversarial/20260508T054008Z__research_until_25000__lkh_mdmtsp_v2__g03_i17_c500_d4_m13_adversarial__seed_42__5eac51157d8f.json,skip,,customer_count>10
results/runs/research_until_25000/lkh_mdmtsp_v2/research/group_03/g03_i18_c500_d5_m15_adversarial/20260508T054014Z__research_until_25000__lkh_mdmtsp_v2__g03_i18_c500_d5_m15_adversarial__seed_42__13c7ca9f77e3.json,skip,,customer_count>10
results/runs/research_until_25000/lkh_mdmtsp_v2/research/group_03/g03_i19_c500_d4_m12_adversarial/20260508T054021Z__research_until_25000__lkh_mdmtsp_v2__g03_i19_c500_d4_m12_adversarial__seed_42__5866d0e4c487.json,skip,,customer_count>10
results/runs/research_until_25000/lkh_mdmtsp_v2/research/group_03/g03_i20_c500_d4_m13_adversarial/20260508T054027Z__research_until_25000__lkh_mdmtsp_v2__g03_i20_c500_d4_m13_adversarial__seed_42__b74acf067068.json,skip,,customer_count>10
results/runs/research_until_25000/lkh_mdmtsp_v2/research/group_03/g03_i21_c500_d5_m15_adversarial/20260508T054033Z__research_until_25000__lkh_mdmtsp_v2__g03_i21_c500_d5_m15_adversarial__seed_42__ba77a65fe32b.json,skip,,customer_count>10
results/runs/research_until_25000/lkh_mdmtsp_v2/research/group_03/g03_i22_c500_d4_m12_adversarial/20260508T054040Z__research_until_25000__lkh_mdmtsp_v2__g03_i22_c500_d4_m12_adversarial__seed_42__37c6203da464.json,skip,,customer_count>10
results/runs/research_until_25000/lkh_mdmtsp_v2/research/group_03/g03_i23_c500_d4_m13_adversarial/20260508T054046Z__research_until_25000__lkh_mdmtsp_v2__g03_i23_c500_d4_m13_adversarial__seed_42__33f78ea9792a.json,skip,,customer_count>10
results/runs/research_until_25000/lkh_mdmtsp_v2/research/group_03/g03_i24_c500_d5_m15_adversarial/20260508T054052Z__research_until_25000__lkh_mdmtsp_v2__g03_i24_c500_d5_m15_adversarial__seed_42__f58b5743fb6b.json,skip,,customer_count>10
results/runs/research_until_25000/lkh_mdmtsp_v2/research/group_03/g03_i25_c500_d4_m12_adversarial/20260508T054058Z__research_until_25000__lkh_mdmtsp_v2__g03_i25_c500_d4_m12_adversarial__seed_42__f1875ce1a0e4.json,skip,,customer_count>10
results/runs/research_until_25000/lkh_mdmtsp_v2/research/group_03/g03_i26_c500_d5_m14_adversarial/20260508T054105Z__research_until_25000__lkh_mdmtsp_v2__g03_i26_c500_d5_m14_adversarial__seed_42__bfddb8d2d9c5.json,skip,,customer_count>10
results/runs/research_until_25000/lkh_mdmtsp_v2/research/group_03/g03_i27_c500_d4_m12_adversarial/20260508T054111Z__research_until_25000__lkh_mdmtsp_v2__g03_i27_c500_d4_m12_adversarial__seed_42__ee51e7dda750.json,skip,,customer_count>10
results/runs/research_until_25000/lkh_mdmtsp_v2/research/group_03/g03_i28_c500_d5_m14_adversarial/20260508T054118Z__research_until_25000__lkh_mdmtsp_v2__g03_i28_c500_d5_m14_adversarial__seed_42__b29ae024d223.json,skip,,customer_count>10
results/runs/research_until_25000/lkh_mdmtsp_v2/research/group_03/g03_i29_c500_d4_m12_adversarial/20260508T054124Z__research_until_25000__lkh_mdmtsp_v2__g03_i29_c500_d4_m12_adversarial__seed_42__2032285de3e0.json,skip,,customer_count>10
results/runs/research_until_25000/lkh_mdmtsp_v2/research/group_03/g03_i30_c500_d5_m14_adversarial/20260508T054130Z__research_until_25000__lkh_mdmtsp_v2__g03_i30_c500_d5_m14_adversarial__seed_42__35f00bace888.json,skip,,customer_count>10
results/runs/research_until_25000/lkh_mdmtsp_v2/research/group_03/g03_i31_c500_d4_m12_adversarial/20260508T054137Z__research_until_25000__lkh_mdmtsp_v2__g03_i31_c500_d4_m12_adversarial__seed_42__b5296805b128.json,skip,,customer_count>10
results/runs/research_until_25000/lkh_mdmtsp_v2/research/group_03/g03_i32_c500_d5_m14_adversarial/20260508T054143Z__research_until_25000__lkh_mdmtsp_v2__g03_i32_c500_d5_m14_adversarial__seed_42__025c61b49230.json,skip,,customer_count>10
results/runs/research_until_25000/lkh_mdmtsp_v2/research/group_03/g03_i33_c500_d4_m13_adversarial/20260508T054150Z__research_until_25000__lkh_mdmtsp_v2__g03_i33_c500_d4_m13_adversarial__seed_42__1ff712d438cb.json,skip,,customer_count>10
results/runs/research_until_25000/lkh_mdmtsp_v2/research/group_03/g03_i34_c500_d5_m16_adversarial/20260508T054156Z__research_until_25000__lkh_mdmtsp_v2__g03_i34_c500_d5_m16_adversarial__seed_42__abc473e30180.json,skip,,customer_count>10
results/runs/research_until_25000/lkh_mdmtsp_v2/research/group_03/g03_i35_c500_d4_m13_adversarial/20260508T054202Z__research_until_25000__lkh_mdmtsp_v2__g03_i35_c500_d4_m13_adversarial__seed_42__e399580d6e63.json,skip,,customer_count>10
results/runs/research_until_25000/lkh_mdmtsp_v2/research/group_03/g03_i36_c500_d5_m16_adversarial/20260508T054209Z__research_until_25000__lkh_mdmtsp_v2__g03_i36_c500_d5_m16_adversarial__seed_42__0a6ef0b13139.json,skip,,customer_count>10
results/runs/research_until_25000/lkh_mdmtsp_v2/research/group_03/g03_i37_c500_d4_m13_adversarial/20260508T054215Z__research_until_25000__lkh_mdmtsp_v2__g03_i37_c500_d4_m13_adversarial__seed_42__18eb399a5f67.json,skip,,customer_count>10
results/runs/research_until_25000/lkh_mdmtsp_v2/research/group_03/g03_i38_c500_d5_m16_adversarial/20260508T054222Z__research_until_25000__lkh_mdmtsp_v2__g03_i38_c500_d5_m16_adversarial__seed_42__baac61af2f68.json,skip,,customer_count>10
results/runs/research_until_25000/lkh_mdmtsp_v2/research/group_03/g03_i39_c500_d4_m13_adversarial/20260508T054228Z__research_until_25000__lkh_mdmtsp_v2__g03_i39_c500_d4_m13_adversarial__seed_42__a3c054b2c7f3.json,skip,,customer_count>10
results/runs/research_until_25000/lkh_mdmtsp_v2/research/group_03/g03_i40_c500_d5_m16_adversarial/20260508T054235Z__research_until_25000__lkh_mdmtsp_v2__g03_i40_c500_d5_m16_adversarial__seed_42__62c784650554.json,skip,,customer_count>10
results/runs/research_until_25000/lkh_mdmtsp_v2/research/group_03/g03_i41_c500_d4_m12_adversarial/20260508T054241Z__research_until_25000__lkh_mdmtsp_v2__g03_i41_c500_d4_m12_adversarial__seed_42__4111bad4adb4.json,skip,,customer_count>10
results/runs/research_until_25000/lkh_mdmtsp_v2/research/group_03/g03_i42_c500_d5_m14_adversarial/20260508T054247Z__research_until_25000__lkh_mdmtsp_v2__g03_i42_c500_d5_m14_adversarial__seed_42__8152ce5625b2.json,skip,,customer_count>10
results/runs/research_until_25000/lkh_mdmtsp_v2/research/group_03/g03_i43_c500_d4_m12_adversarial/20260508T054254Z__research_until_25000__lkh_mdmtsp_v2__g03_i43_c500_d4_m12_adversarial__seed_42__eb0b3a829217.json,skip,,customer_count>10
results/runs/research_until_25000/lkh_mdmtsp_v2/research/group_03/g03_i44_c500_d5_m14_adversarial/20260508T054300Z__research_until_25000__lkh_mdmtsp_v2__g03_i44_c500_d5_m14_adversarial__seed_42__ffab7779f7d7.json,skip,,customer_count>10
results/runs/research_until_25000/lkh_mdmtsp_v2/research/group_03/g03_i45_c500_d4_m12_adversarial/20260508T054306Z__research_until_25000__lkh_mdmtsp_v2__g03_i45_c500_d4_m12_adversarial__seed_42__ca166ce2c464.json,skip,,customer_count>10
results/runs/research_until_25000/lkh_mdmtsp_v2/research/group_03/g03_i46_c500_d5_m14_adversarial/20260508T054312Z__research_until_25000__lkh_mdmtsp_v2__g03_i46_c500_d5_m14_adversarial__seed_42__5323a73caea0.json,skip,,customer_count>10
results/runs/research_until_25000/lkh_mdmtsp_v2/research/group_03/g03_i47_c500_d4_m12_adversarial/20260508T054318Z__research_until_25000__lkh_mdmtsp_v2__g03_i47_c500_d4_m12_adversarial__seed_42__1a789e2a6854.json,skip,,customer_count>10
results/runs/research_until_25000/lkh_mdmtsp_v2/research/group_03/g03_i48_c500_d4_m13_adversarial/20260508T054324Z__research_until_25000__lkh_mdmtsp_v2__g03_i48_c500_d4_m13_adversarial__seed_42__261943a00e48.json,skip,,customer_count>10
results/runs/research_until_25000/lkh_mdmtsp_v2/research/group_03/g03_i49_c500_d5_m15_adversarial/20260508T054330Z__research_until_25000__lkh_mdmtsp_v2__g03_i49_c500_d5_m15_adversarial__seed_42__ae810cfc422d.json,skip,,customer_count>10
results/runs/research_until_25000/lkh_mdmtsp_v2/research/group_03/g03_i50_c500_d4_m12_adversarial/20260508T054337Z__research_until_25000__lkh_mdmtsp_v2__g03_i50_c500_d4_m12_adversarial__seed_42__0a952ec9f27f.json,skip,,customer_count>10
results/runs/research_until_25000/lkh_mdmtsp_v2/research/group_03/g03_i51_c500_d4_m13_adversarial/20260508T054343Z__research_until_25000__lkh_mdmtsp_v2__g03_i51_c500_d4_m13_adversarial__seed_42__4838d9121bee.json,skip,,customer_count>10
results/runs/research_until_25000/lkh_mdmtsp_v2/research/group_03/g03_i52_c500_d5_m15_adversarial/20260508T054349Z__research_until_25000__lkh_mdmtsp_v2__g03_i52_c500_d5_m15_adversarial__seed_42__5e269e607c1a.json,skip,,customer_count>10
results/runs/research_until_25000/lkh_mdmtsp_v2/research/group_03_hard/g03h_i01_c500_d3_m5_hard_adversarial/20260508T054355Z__research_until_25000__lkh_mdmtsp_v2__g03h_i01_c500_d3_m5_hard_adversarial__seed_42__24aba9c354d0.json,skip,,customer_count>10
results/runs/research_until_25000/lkh_mdmtsp_v2/research/group_03_hard/g03h_i02_c500_d3_m6_hard_adversarial/20260508T054400Z__research_until_25000__lkh_mdmtsp_v2__g03h_i02_c500_d3_m6_hard_adversarial__seed_42__fa2c9f903851.json,skip,,customer_count>10
results/runs/research_until_25000/lkh_mdmtsp_v2/research/group_03_hard/g03h_i03_c500_d2_m4_hard_adversarial/20260508T054406Z__research_until_25000__lkh_mdmtsp_v2__g03h_i03_c500_d2_m4_hard_adversarial__seed_42__8c99a89f8f89.json,skip,,customer_count>10
results/runs/research_until_25000/lkh_mdmtsp_v2/research/group_03_hard/g03h_i04_c500_d3_m5_hard_adversarial/20260508T054411Z__research_until_25000__lkh_mdmtsp_v2__g03h_i04_c500_d3_m5_hard_adversarial__seed_42__86aa823d4a8e.json,skip,,customer_count>10
results/runs/research_until_25000/lkh_mdmtsp_v2/research/group_03_hard/g03h_i05_c500_d3_m6_hard_adversarial/20260508T054416Z__research_until_25000__lkh_mdmtsp_v2__g03h_i05_c500_d3_m6_hard_adversarial__seed_42__9eef72876bd1.json,skip,,customer_count>10
results/runs/research_until_25000/lkh_mdmtsp_v2/research/group_03_hard/g03h_i06_c500_d2_m4_hard_adversarial/20260508T054421Z__research_until_25000__lkh_mdmtsp_v2__g03h_i06_c500_d2_m4_hard_adversarial__seed_42__64450cc3b928.json,skip,,customer_count>10
results/runs/research_until_25000/lkh_mdmtsp_v2/research/group_03_hard/g03h_i07_c500_d3_m5_hard_adversarial/20260508T054426Z__research_until_25000__lkh_mdmtsp_v2__g03h_i07_c500_d3_m5_hard_adversarial__seed_42__78d170a7c5bd.json,skip,,customer_count>10
results/runs/research_until_25000/lkh_mdmtsp_v2/research/group_03_hard/g03h_i08_c500_d2_m4_hard_adversarial/20260508T054432Z__research_until_25000__lkh_mdmtsp_v2__g03h_i08_c500_d2_m4_hard_adversarial__seed_42__d3b507ba54b1.json,skip,,customer_count>10
results/runs/research_until_25000/lkh_mdmtsp_v2/research/group_03_hard/g03h_i09_c500_d3_m5_hard_adversarial/20260508T054437Z__research_until_25000__lkh_mdmtsp_v2__g03h_i09_c500_d3_m5_hard_adversarial__seed_42__36ba55184138.json,skip,,customer_count>10
results/runs/research_until_25000/lkh_mdmtsp_v2/research/group_03_hard/g03h_i10_c500_d2_m4_hard_adversarial/20260508T054442Z__research_until_25000__lkh_mdmtsp_v2__g03h_i10_c500_d2_m4_hard_adversarial__seed_42__8c5d2ed68ba2.json,skip,,customer_count>10
results/runs/research_until_25000/lkh_mdmtsp_v2/research/group_03_hard/g03h_i11_c500_d3_m5_hard_adversarial/20260508T054447Z__research_until_25000__lkh_mdmtsp_v2__g03h_i11_c500_d3_m5_hard_adversarial__seed_42__2db4ede21c15.json,skip,,customer_count>10
results/runs/research_until_25000/lkh_mdmtsp_v2/research/group_03_hard/g03h_i12_c500_d2_m4_hard_adversarial/20260508T054453Z__research_until_25000__lkh_mdmtsp_v2__g03h_i12_c500_d2_m4_hard_adversarial__seed_42__3c9361f1bfbd.json,skip,,customer_count>10
results/runs/research_until_25000/lkh_mdmtsp_v2/research/group_03_hard/g03h_i13_c500_d3_m5_hard_adversarial/20260508T054458Z__research_until_25000__lkh_mdmtsp_v2__g03h_i13_c500_d3_m5_hard_adversarial__seed_42__b71de457df05.json,skip,,customer_count>10
results/runs/research_until_25000/lkh_mdmtsp_v2/research/group_03_hard/g03h_i14_c500_d2_m4_hard_adversarial/20260508T054503Z__research_until_25000__lkh_mdmtsp_v2__g03h_i14_c500_d2_m4_hard_adversarial__seed_42__9ed74c191245.json,skip,,customer_count>10
results/runs/research_until_25000/lkh_mdmtsp_v2/research/group_03_hard/g03h_i15_c500_d3_m5_hard_adversarial/20260508T054508Z__research_until_25000__lkh_mdmtsp_v2__g03h_i15_c500_d3_m5_hard_adversarial__seed_42__df8513f1e74e.json,skip,,customer_count>10
results/runs/research_until_25000/lkh_mdmtsp_v2/research/group_03_hard/g03h_i16_c500_d2_m4_hard_adversarial/20260508T054513Z__research_until_25000__lkh_mdmtsp_v2__g03h_i16_c500_d2_m4_hard_adversarial__seed_42__cf90e151c88c.json,skip,,customer_count>10
results/runs/research_until_25000/lkh_mdmtsp_v2/research/group_03_hard/g03h_i17_c500_d3_m5_hard_adversarial/20260508T054518Z__research_until_25000__lkh_mdmtsp_v2__g03h_i17_c500_d3_m5_hard_adversarial__seed_42__36e2fe2bc990.json,skip,,customer_count>10
results/runs/research_until_25000/lkh_mdmtsp_v2/research/group_03_hard/g03h_i18_c500_d3_m6_hard_adversarial/20260508T054523Z__research_until_25000__lkh_mdmtsp_v2__g03h_i18_c500_d3_m6_hard_adversarial__seed_42__133874d208b3.json,skip,,customer_count>10
results/runs/research_until_25000/lkh_mdmtsp_v2/research/group_03_hard/g03h_i19_c500_d2_m5_hard_adversarial/20260508T054528Z__research_until_25000__lkh_mdmtsp_v2__g03h_i19_c500_d2_m5_hard_adversarial__seed_42__87a8c294b98d.json,skip,,customer_count>10
results/runs/research_until_25000/lkh_mdmtsp_v2/research/group_03_hard/g03h_i20_c500_d3_m6_hard_adversarial/20260508T054534Z__research_until_25000__lkh_mdmtsp_v2__g03h_i20_c500_d3_m6_hard_adversarial__seed_42__ff7164b088aa.json,skip,,customer_count>10
results/runs/research_until_25000/lkh_mdmtsp_v2/research/group_03_hard/g03h_i21_c500_d2_m5_hard_adversarial/20260508T054539Z__research_until_25000__lkh_mdmtsp_v2__g03h_i21_c500_d2_m5_hard_adversarial__seed_42__0dabbf0a312c.json,skip,,customer_count>10
results/runs/research_until_25000/lkh_mdmtsp_v2/research/group_03_hard/g03h_i22_c500_d2_m4_hard_adversarial/20260508T054544Z__research_until_25000__lkh_mdmtsp_v2__g03h_i22_c500_d2_m4_hard_adversarial__seed_42__ac9f136fee5b.json,skip,,customer_count>10
results/runs/research_until_25000/lkh_mdmtsp_v2/research/group_03_hard/g03h_i23_c500_d3_m5_hard_adversarial/20260508T054550Z__research_until_25000__lkh_mdmtsp_v2__g03h_i23_c500_d3_m5_hard_adversarial__seed_42__93f6df6ebaf8.json,skip,,customer_count>10
results/runs/research_until_25000/lkh_mdmtsp_v2/research/group_03_hard/g03h_i24_c500_d2_m4_hard_adversarial/20260508T054555Z__research_until_25000__lkh_mdmtsp_v2__g03h_i24_c500_d2_m4_hard_adversarial__seed_42__6d357f16c442.json,skip,,customer_count>10
results/runs/research_until_25000/lkh_mdmtsp_v2/research/group_03_hard/g03h_i25_c500_d3_m5_hard_adversarial/20260508T054600Z__research_until_25000__lkh_mdmtsp_v2__g03h_i25_c500_d3_m5_hard_adversarial__seed_42__d63acd8b2f8e.json,skip,,customer_count>10
results/runs/research_until_25000/lkh_mdmtsp_v2/research/group_03_traps/g03t_i01_c750_d4_m5_trap/20260508T054605Z__research_until_25000__lkh_mdmtsp_v2__g03t_i01_c750_d4_m5_trap__seed_42__aadffcbf32d4.json,skip,,customer_count>10
results/runs/research_until_25000/lkh_mdmtsp_v2/research/group_03_traps/g03t_i02_c750_d3_m4_trap/20260508T054622Z__research_until_25000__lkh_mdmtsp_v2__g03t_i02_c750_d3_m4_trap__seed_42__ae96cf2bc4a2.json,skip,,customer_count>10
results/runs/research_until_25000/lkh_mdmtsp_v2/research/group_03_traps/g03t_i03_c750_d2_m3_trap/20260508T054639Z__research_until_25000__lkh_mdmtsp_v2__g03t_i03_c750_d2_m3_trap__seed_42__4f82cad72cba.json,skip,,customer_count>10
results/runs/research_until_25000/lkh_mdmtsp_v2/research/group_03_traps/g03t_i04_c750_d4_m5_trap/20260508T054655Z__research_until_25000__lkh_mdmtsp_v2__g03t_i04_c750_d4_m5_trap__seed_42__0cecbee3270a.json,skip,,customer_count>10
results/runs/research_until_25000/lkh_mdmtsp_v2/research/group_03_traps/g03t_i05_c750_d3_m4_trap/20260508T054712Z__research_until_25000__lkh_mdmtsp_v2__g03t_i05_c750_d3_m4_trap__seed_42__aa9410c437eb.json,skip,,customer_count>10
results/runs/research_until_25000/lkh_mdmtsp_v2/research/group_03_traps/g03t_i06_c750_d2_m3_trap/20260508T054727Z__research_until_25000__lkh_mdmtsp_v2__g03t_i06_c750_d2_m3_trap__seed_42__966a3cd5782e.json,skip,,customer_count>10
results/runs/research_until_25000/lkh_mdmtsp_v2/research/group_03_traps/g03t_i07_c750_d4_m5_trap/20260508T054743Z__research_until_25000__lkh_mdmtsp_v2__g03t_i07_c750_d4_m5_trap__seed_42__f1fb338336f7.json,skip,,customer_count>10
results/runs/research_until_25000/lkh_mdmtsp_v2/research/group_03_traps/g03t_i08_c750_d4_m5_trap/20260508T054800Z__research_until_25000__lkh_mdmtsp_v2__g03t_i08_c750_d4_m5_trap__seed_42__919c15e59a31.json,skip,,customer_count>10
results/runs/research_until_25000/lkh_mdmtsp_v2/research/group_03_traps/g03t_i09_c750_d3_m4_trap/20260508T054816Z__research_until_25000__lkh_mdmtsp_v2__g03t_i09_c750_d3_m4_trap__seed_42__a5273a2de420.json,skip,,customer_count>10
results/runs/research_until_25000/lkh_mdmtsp_v2/research/group_03_traps/g03t_i10_c750_d2_m3_trap/20260508T054832Z__research_until_25000__lkh_mdmtsp_v2__g03t_i10_c750_d2_m3_trap__seed_42__1ef0b2cbc48c.json,skip,,customer_count>10
results/runs/research_until_25000/lkh_mdmtsp_v2/research/group_03_traps/g03t_i11_c750_d4_m5_trap/20260508T054848Z__research_until_25000__lkh_mdmtsp_v2__g03t_i11_c750_d4_m5_trap__seed_42__79f23507e25e.json,skip,,customer_count>10
results/runs/research_until_25000/lkh_mdmtsp_v2/research/group_03_traps/g03t_i12_c750_d3_m4_trap/20260508T054904Z__research_until_25000__lkh_mdmtsp_v2__g03t_i12_c750_d3_m4_trap__seed_42__d96e69fb1913.json,skip,,customer_count>10
results/runs/research_until_25000/lkh_mdmtsp_v2/research/group_03_traps/g03t_i13_c750_d2_m3_trap/20260508T054920Z__research_until_25000__lkh_mdmtsp_v2__g03t_i13_c750_d2_m3_trap__seed_42__06ec34050e32.json,skip,,customer_count>10
results/runs/research_until_25000/lkh_mdmtsp_v2/research/group_03_traps/g03t_i14_c750_d4_m5_trap/20260508T054935Z__research_until_25000__lkh_mdmtsp_v2__g03t_i14_c750_d4_m5_trap__seed_42__2aad920dfe48.json,skip,,customer_count>10
results/runs/research_until_25000/lkh_mdmtsp_v2/research/group_03_traps/g03t_i15_c750_d3_m4_trap/20260508T054952Z__research_until_25000__lkh_mdmtsp_v2__g03t_i15_c750_d3_m4_trap__seed_42__b44446ce5cb3.json,skip,,customer_count>10
results/runs/research_until_25000/lkh_mdmtsp_v2/research/group_03_traps/g03t_i16_c750_d2_m3_trap/20260508T055008Z__research_until_25000__lkh_mdmtsp_v2__g03t_i16_c750_d2_m3_trap__seed_42__e886267b6500.json,skip,,customer_count>10
results/runs/research_until_25000/lkh_mdmtsp_v2/research/group_03_traps/g03t_i17_c750_d4_m5_trap/20260508T055024Z__research_until_25000__lkh_mdmtsp_v2__g03t_i17_c750_d4_m5_trap__seed_42__089d922ff022.json,skip,,customer_count>10
results/runs/research_until_25000/lkh_mdmtsp_v2/research/group_03_traps/g03t_i18_c750_d3_m4_trap/20260508T055041Z__research_until_25000__lkh_mdmtsp_v2__g03t_i18_c750_d3_m4_trap__seed_42__09be49d25fb5.json,skip,,customer_count>10
results/runs/research_until_25000/lkh_mdmtsp_v2/research/group_03_traps/g03t_i19_c750_d4_m5_trap/20260508T055057Z__research_until_25000__lkh_mdmtsp_v2__g03t_i19_c750_d4_m5_trap__seed_42__4aa394068709.json,skip,,customer_count>10
results/runs/research_until_25000/lkh_mdmtsp_v2/research/group_03_traps/g03t_i20_c750_d3_m4_trap/20260508T055114Z__research_until_25000__lkh_mdmtsp_v2__g03t_i20_c750_d3_m4_trap__seed_42__0dfba9a3636b.json,skip,,customer_count>10
results/runs/research_until_25000/lkh_mdmtsp_v2/research/group_03_traps/g03t_i21_c750_d4_m5_trap/20260508T055130Z__research_until_25000__lkh_mdmtsp_v2__g03t_i21_c750_d4_m5_trap__seed_42__f9c16a79a584.json,skip,,customer_count>10
results/runs/research_until_25000/lkh_mdmtsp_v2/research/group_03_traps/g03t_i22_c750_d3_m4_trap/20260508T055146Z__research_until_25000__lkh_mdmtsp_v2__g03t_i22_c750_d3_m4_trap__seed_42__811e54d22671.json,skip,,customer_count>10
results/runs/research_until_25000/lkh_mdmtsp_v2/research/group_03_traps/g03t_i23_c750_d4_m5_trap/20260508T055202Z__research_until_25000__lkh_mdmtsp_v2__g03t_i23_c750_d4_m5_trap__seed_42__c560a1576ffa.json,skip,,customer_count>10
results/runs/research_until_25000/lkh_mdmtsp_v2/research/group_03_traps/g03t_i24_c750_d3_m4_trap/20260508T055219Z__research_until_25000__lkh_mdmtsp_v2__g03t_i24_c750_d3_m4_trap__seed_42__ea3b47de734c.json,skip,,customer_count>10
results/runs/research_until_25000/lkh_mdmtsp_v2/research/group_03_traps/g03t_i25_c750_d2_m3_trap/20260508T055235Z__research_until_25000__lkh_mdmtsp_v2__g03t_i25_c750_d2_m3_trap__seed_42__ece91ff61a38.json,skip,,customer_count>10
results/runs/research_until_25000/lkh_mdmtsp_v3/research/group_01/g01_i01_c10_d1_m3_random/20260508T070800Z__research_until_25000__lkh_mdmtsp_v3__g01_i01_c10_d1_m3_random__seed_42__2de38e005b47.json,rendered,results/plots/solutions/research_until_25000/lkh_mdmtsp_v3/research/group_01/g01_i01_c10_d1_m3_random/20260508T070800Z__research_until_25000__lkh_mdmtsp_v3__g01_i01_c10_d1_m3_random__seed_42__2de38e005b47.png,
results/runs/research_until_25000/lkh_mdmtsp_v3/research/group_01/g01_i02_c10_d1_m3_random/20260508T070800Z__research_until_25000__lkh_mdmtsp_v3__g01_i02_c10_d1_m3_random__seed_42__dbc59a8c0e81.json,rendered,results/plots/solutions/research_until_25000/lkh_mdmtsp_v3/research/group_01/g01_i02_c10_d1_m3_random/20260508T070800Z__research_until_25000__lkh_mdmtsp_v3__g01_i02_c10_d1_m3_random__seed_42__dbc59a8c0e81.png,
results/runs/research_until_25000/lkh_mdmtsp_v3/research/group_01/g01_i03_c10_d2_m6_random/20260508T070800Z__research_until_25000__lkh_mdmtsp_v3__g01_i03_c10_d2_m6_random__seed_42__7363045ff003.json,rendered,results/plots/solutions/research_until_25000/lkh_mdmtsp_v3/research/group_01/g01_i03_c10_d2_m6_random/20260508T070800Z__research_until_25000__lkh_mdmtsp_v3__g01_i03_c10_d2_m6_random__seed_42__7363045ff003.png,
results/runs/research_until_25000/lkh_mdmtsp_v3/research/group_01/g01_i04_c10_d2_m5_random/20260508T070800Z__research_until_25000__lkh_mdmtsp_v3__g01_i04_c10_d2_m5_random__seed_42__a0878fd9ca64.json,rendered,results/plots/solutions/research_until_25000/lkh_mdmtsp_v3/research/group_01/g01_i04_c10_d2_m5_random/20260508T070800Z__research_until_25000__lkh_mdmtsp_v3__g01_i04_c10_d2_m5_random__seed_42__a0878fd9ca64.png,
results/runs/research_until_25000/lkh_mdmtsp_v3/research/group_01/g01_i05_c10_d2_m4_random/20260508T070800Z__research_until_25000__lkh_mdmtsp_v3__g01_i05_c10_d2_m4_random__seed_42__2c4cdc9718ff.json,rendered,results/plots/solutions/research_until_25000/lkh_mdmtsp_v3/research/group_01/g01_i05_c10_d2_m4_random/20260508T070800Z__research_until_25000__lkh_mdmtsp_v3__g01_i05_c10_d2_m4_random__seed_42__2c4cdc9718ff.png,
results/runs/research_until_25000/lkh_mdmtsp_v3/research/group_01/g01_i06_c10_d3_m4_random/20260508T070800Z__research_until_25000__lkh_mdmtsp_v3__g01_i06_c10_d3_m4_random__seed_42__2130e3814cee.json,rendered,results/plots/solutions/research_until_25000/lkh_mdmtsp_v3/research/group_01/g01_i06_c10_d3_m4_random/20260508T070800Z__research_until_25000__lkh_mdmtsp_v3__g01_i06_c10_d3_m4_random__seed_42__2130e3814cee.png,
results/runs/research_until_25000/lkh_mdmtsp_v3/research/group_01/g01_i07_c10_d3_m5_random/20260508T070800Z__research_until_25000__lkh_mdmtsp_v3__g01_i07_c10_d3_m5_random__seed_42__9c4c3b508c1b.json,rendered,results/plots/solutions/research_until_25000/lkh_mdmtsp_v3/research/group_01/g01_i07_c10_d3_m5_random/20260508T070800Z__research_until_25000__lkh_mdmtsp_v3__g01_i07_c10_d3_m5_random__seed_42__9c4c3b508c1b.png,
results/runs/research_until_25000/lkh_mdmtsp_v3/research/group_01/g01_i08_c10_d2_m2_random/20260508T070800Z__research_until_25000__lkh_mdmtsp_v3__g01_i08_c10_d2_m2_random__seed_42__9fadbc6b49f5.json,rendered,results/plots/solutions/research_until_25000/lkh_mdmtsp_v3/research/group_01/g01_i08_c10_d2_m2_random/20260508T070800Z__research_until_25000__lkh_mdmtsp_v3__g01_i08_c10_d2_m2_random__seed_42__9fadbc6b49f5.png,
results/runs/research_until_25000/lkh_mdmtsp_v3/research/group_01/g01_i09_c10_d3_m3_random/20260508T070800Z__research_until_25000__lkh_mdmtsp_v3__g01_i09_c10_d3_m3_random__seed_42__48cee9f17c02.json,rendered,results/plots/solutions/research_until_25000/lkh_mdmtsp_v3/research/group_01/g01_i09_c10_d3_m3_random/20260508T070800Z__research_until_25000__lkh_mdmtsp_v3__g01_i09_c10_d3_m3_random__seed_42__48cee9f17c02.png,
results/runs/research_until_25000/lkh_mdmtsp_v3/research/group_01/g01_i10_c10_d1_m1_random/20260508T070800Z__research_until_25000__lkh_mdmtsp_v3__g01_i10_c10_d1_m1_random__seed_42__092412a6717e.json,rendered,results/plots/solutions/research_until_25000/lkh_mdmtsp_v3/research/group_01/g01_i10_c10_d1_m1_random/20260508T070800Z__research_until_25000__lkh_mdmtsp_v3__g01_i10_c10_d1_m1_random__seed_42__092412a6717e.png,
results/runs/research_until_25000/lkh_mdmtsp_v3/research/group_02/g02_i01_c50_d5_m23_random/20260508T070800Z__research_until_25000__lkh_mdmtsp_v3__g02_i01_c50_d5_m23_random__seed_42__fff0ca772db3.json,skip,,customer_count>10
results/runs/research_until_25000/lkh_mdmtsp_v3/research/group_02/g02_i02_c50_d3_m3_random/20260508T070800Z__research_until_25000__lkh_mdmtsp_v3__g02_i02_c50_d3_m3_random__seed_42__9dc4f80c5173.json,skip,,customer_count>10
results/runs/research_until_25000/lkh_mdmtsp_v3/research/group_02/g02_i03_c50_d4_m19_random/20260508T070800Z__research_until_25000__lkh_mdmtsp_v3__g02_i03_c50_d4_m19_random__seed_42__c0a881e2c3bd.json,skip,,customer_count>10
results/runs/research_until_25000/lkh_mdmtsp_v3/research/group_02/g02_i04_c50_d4_m10_random/20260508T070800Z__research_until_25000__lkh_mdmtsp_v3__g02_i04_c50_d4_m10_random__seed_42__8600bf1ec423.json,skip,,customer_count>10
results/runs/research_until_25000/lkh_mdmtsp_v3/research/group_02/g02_i05_c50_d3_m7_random/20260508T070800Z__research_until_25000__lkh_mdmtsp_v3__g02_i05_c50_d3_m7_random__seed_42__4bbc600f711d.json,skip,,customer_count>10
results/runs/research_until_25000/lkh_mdmtsp_v3/research/group_02/g02_i06_c50_d4_m6_random/20260508T070800Z__research_until_25000__lkh_mdmtsp_v3__g02_i06_c50_d4_m6_random__seed_42__6fe0c1fb82aa.json,skip,,customer_count>10
results/runs/research_until_25000/lkh_mdmtsp_v3/research/group_02/g02_i07_c50_d4_m5_random/20260508T070800Z__research_until_25000__lkh_mdmtsp_v3__g02_i07_c50_d4_m5_random__seed_42__974736c6449b.json,skip,,customer_count>10
results/runs/research_until_25000/lkh_mdmtsp_v3/research/group_02/g02_i08_c50_d4_m11_random/20260508T070800Z__research_until_25000__lkh_mdmtsp_v3__g02_i08_c50_d4_m11_random__seed_42__9756bc39e407.json,skip,,customer_count>10
results/runs/research_until_25000/lkh_mdmtsp_v3/research/group_02/g02_i09_c50_d5_m10_random/20260508T070800Z__research_until_25000__lkh_mdmtsp_v3__g02_i09_c50_d5_m10_random__seed_42__0d866000eed6.json,skip,,customer_count>10
results/runs/research_until_25000/lkh_mdmtsp_v3/research/group_02/g02_i10_c50_d4_m20_random/20260508T070800Z__research_until_25000__lkh_mdmtsp_v3__g02_i10_c50_d4_m20_random__seed_42__e01353f77599.json,skip,,customer_count>10
results/runs/research_until_25000/lkh_mdmtsp_v3/research/group_03/g03_i01_c500_d5_m21_random/20260508T070800Z__research_until_25000__lkh_mdmtsp_v3__g03_i01_c500_d5_m21_random__seed_42__8ee337f0ce07.json,skip,,customer_count>10
results/runs/research_until_25000/lkh_mdmtsp_v3/research/group_03/g03_i02_c500_d3_m10_random/20260508T070807Z__research_until_25000__lkh_mdmtsp_v3__g03_i02_c500_d3_m10_random__seed_42__97fdd7a5e728.json,skip,,customer_count>10
results/runs/research_until_25000/lkh_mdmtsp_v3/research/group_03/g03_i03_c500_d3_m12_random/20260508T070813Z__research_until_25000__lkh_mdmtsp_v3__g03_i03_c500_d3_m12_random__seed_42__30175f209a23.json,skip,,customer_count>10
results/runs/research_until_25000/lkh_mdmtsp_v3/research/group_03/g03_i04_c500_d5_m19_random/20260508T070819Z__research_until_25000__lkh_mdmtsp_v3__g03_i04_c500_d5_m19_random__seed_42__360c22af257e.json,skip,,customer_count>10
results/runs/research_until_25000/lkh_mdmtsp_v3/research/group_03/g03_i05_c500_d3_m6_random/20260508T070826Z__research_until_25000__lkh_mdmtsp_v3__g03_i05_c500_d3_m6_random__seed_42__c71f2765c74d.json,skip,,customer_count>10
results/runs/research_until_25000/lkh_mdmtsp_v3/research/group_03/g03_i06_c500_d3_m3_random/20260508T070831Z__research_until_25000__lkh_mdmtsp_v3__g03_i06_c500_d3_m3_random__seed_42__2780e5b1b98b.json,skip,,customer_count>10
results/runs/research_until_25000/lkh_mdmtsp_v3/research/group_03/g03_i07_c500_d5_m20_random/20260508T070836Z__research_until_25000__lkh_mdmtsp_v3__g03_i07_c500_d5_m20_random__seed_42__b7d4324b4d4b.json,skip,,customer_count>10
results/runs/research_until_25000/lkh_mdmtsp_v3/research/group_03/g03_i08_c500_d3_m7_random/20260508T070843Z__research_until_25000__lkh_mdmtsp_v3__g03_i08_c500_d3_m7_random__seed_42__3f7f0af29f8d.json,skip,,customer_count>10
results/runs/research_until_25000/lkh_mdmtsp_v3/research/group_03/g03_i09_c500_d4_m8_random/20260508T070848Z__research_until_25000__lkh_mdmtsp_v3__g03_i09_c500_d4_m8_random__seed_42__a797d816e8d7.json,skip,,customer_count>10
results/runs/research_until_25000/lkh_mdmtsp_v3/research/group_03/g03_i10_c500_d5_m18_random/20260508T070853Z__research_until_25000__lkh_mdmtsp_v3__g03_i10_c500_d5_m18_random__seed_42__561ae5aa2807.json,skip,,customer_count>10
results/runs/research_until_25000/lkh_mdmtsp_v3/research/group_03/g03_i11_c500_d4_m12_adversarial/20260508T070900Z__research_until_25000__lkh_mdmtsp_v3__g03_i11_c500_d4_m12_adversarial__seed_42__e1902c118041.json,skip,,customer_count>10
results/runs/research_until_25000/lkh_mdmtsp_v3/research/group_03/g03_i12_c500_d4_m13_adversarial/20260508T070906Z__research_until_25000__lkh_mdmtsp_v3__g03_i12_c500_d4_m13_adversarial__seed_42__94fbeb33e487.json,skip,,customer_count>10
results/runs/research_until_25000/lkh_mdmtsp_v3/research/group_03/g03_i13_c500_d4_m12_adversarial/20260508T070912Z__research_until_25000__lkh_mdmtsp_v3__g03_i13_c500_d4_m12_adversarial__seed_42__c756c6666896.json,skip,,customer_count>10
results/runs/research_until_25000/lkh_mdmtsp_v3/research/group_03/g03_i14_c500_d4_m13_adversarial/20260508T070918Z__research_until_25000__lkh_mdmtsp_v3__g03_i14_c500_d4_m13_adversarial__seed_42__67211add64ef.json,skip,,customer_count>10
results/runs/research_until_25000/lkh_mdmtsp_v3/research/group_03/g03_i15_c500_d5_m15_adversarial/20260508T070924Z__research_until_25000__lkh_mdmtsp_v3__g03_i15_c500_d5_m15_adversarial__seed_42__00a2453b214e.json,skip,,customer_count>10
results/runs/research_until_25000/lkh_mdmtsp_v3/research/group_03/g03_i16_c500_d4_m12_adversarial/20260508T070930Z__research_until_25000__lkh_mdmtsp_v3__g03_i16_c500_d4_m12_adversarial__seed_42__4d4fbcd19a5e.json,skip,,customer_count>10
results/runs/research_until_25000/lkh_mdmtsp_v3/research/group_03/g03_i17_c500_d4_m13_adversarial/20260508T070936Z__research_until_25000__lkh_mdmtsp_v3__g03_i17_c500_d4_m13_adversarial__seed_42__9d28f37f8d50.json,skip,,customer_count>10
results/runs/research_until_25000/lkh_mdmtsp_v3/research/group_03/g03_i18_c500_d5_m15_adversarial/20260508T070942Z__research_until_25000__lkh_mdmtsp_v3__g03_i18_c500_d5_m15_adversarial__seed_42__8ec2687fcfb6.json,skip,,customer_count>10
results/runs/research_until_25000/lkh_mdmtsp_v3/research/group_03/g03_i19_c500_d4_m12_adversarial/20260508T070948Z__research_until_25000__lkh_mdmtsp_v3__g03_i19_c500_d4_m12_adversarial__seed_42__47d253b71141.json,skip,,customer_count>10
results/runs/research_until_25000/lkh_mdmtsp_v3/research/group_03/g03_i20_c500_d4_m13_adversarial/20260508T070954Z__research_until_25000__lkh_mdmtsp_v3__g03_i20_c500_d4_m13_adversarial__seed_42__058a8737ddb7.json,skip,,customer_count>10
results/runs/research_until_25000/lkh_mdmtsp_v3/research/group_03/g03_i21_c500_d5_m15_adversarial/20260508T071000Z__research_until_25000__lkh_mdmtsp_v3__g03_i21_c500_d5_m15_adversarial__seed_42__09af14d467bc.json,skip,,customer_count>10
results/runs/research_until_25000/lkh_mdmtsp_v3/research/group_03/g03_i22_c500_d4_m12_adversarial/20260508T071006Z__research_until_25000__lkh_mdmtsp_v3__g03_i22_c500_d4_m12_adversarial__seed_42__c26bb0e38b09.json,skip,,customer_count>10
results/runs/research_until_25000/lkh_mdmtsp_v3/research/group_03/g03_i23_c500_d4_m13_adversarial/20260508T071012Z__research_until_25000__lkh_mdmtsp_v3__g03_i23_c500_d4_m13_adversarial__seed_42__2263d9cede1b.json,skip,,customer_count>10
results/runs/research_until_25000/lkh_mdmtsp_v3/research/group_03/g03_i24_c500_d5_m15_adversarial/20260508T071017Z__research_until_25000__lkh_mdmtsp_v3__g03_i24_c500_d5_m15_adversarial__seed_42__4b2ce8054485.json,skip,,customer_count>10
results/runs/research_until_25000/lkh_mdmtsp_v3/research/group_03/g03_i25_c500_d4_m12_adversarial/20260508T071024Z__research_until_25000__lkh_mdmtsp_v3__g03_i25_c500_d4_m12_adversarial__seed_42__eebf0c572ee9.json,skip,,customer_count>10
results/runs/research_until_25000/lkh_mdmtsp_v3/research/group_03/g03_i26_c500_d5_m14_adversarial/20260508T071029Z__research_until_25000__lkh_mdmtsp_v3__g03_i26_c500_d5_m14_adversarial__seed_42__f06d61de5abc.json,skip,,customer_count>10
results/runs/research_until_25000/lkh_mdmtsp_v3/research/group_03/g03_i27_c500_d4_m12_adversarial/20260508T071035Z__research_until_25000__lkh_mdmtsp_v3__g03_i27_c500_d4_m12_adversarial__seed_42__9e1fb858e513.json,skip,,customer_count>10
results/runs/research_until_25000/lkh_mdmtsp_v3/research/group_03/g03_i28_c500_d5_m14_adversarial/20260508T071041Z__research_until_25000__lkh_mdmtsp_v3__g03_i28_c500_d5_m14_adversarial__seed_42__f5fe86796ed1.json,skip,,customer_count>10
results/runs/research_until_25000/lkh_mdmtsp_v3/research/group_03/g03_i29_c500_d4_m12_adversarial/20260508T071047Z__research_until_25000__lkh_mdmtsp_v3__g03_i29_c500_d4_m12_adversarial__seed_42__91a9d4c99174.json,skip,,customer_count>10
results/runs/research_until_25000/lkh_mdmtsp_v3/research/group_03/g03_i30_c500_d5_m14_adversarial/20260508T071053Z__research_until_25000__lkh_mdmtsp_v3__g03_i30_c500_d5_m14_adversarial__seed_42__528e21fbeebf.json,skip,,customer_count>10
results/runs/research_until_25000/lkh_mdmtsp_v3/research/group_03/g03_i31_c500_d4_m12_adversarial/20260508T071059Z__research_until_25000__lkh_mdmtsp_v3__g03_i31_c500_d4_m12_adversarial__seed_42__b1d0548c65eb.json,skip,,customer_count>10
results/runs/research_until_25000/lkh_mdmtsp_v3/research/group_03/g03_i32_c500_d5_m14_adversarial/20260508T071105Z__research_until_25000__lkh_mdmtsp_v3__g03_i32_c500_d5_m14_adversarial__seed_42__1b5045e45102.json,skip,,customer_count>10
results/runs/research_until_25000/lkh_mdmtsp_v3/research/group_03/g03_i33_c500_d4_m13_adversarial/20260508T071111Z__research_until_25000__lkh_mdmtsp_v3__g03_i33_c500_d4_m13_adversarial__seed_42__1a69920fe487.json,skip,,customer_count>10
results/runs/research_until_25000/lkh_mdmtsp_v3/research/group_03/g03_i34_c500_d5_m16_adversarial/20260508T071117Z__research_until_25000__lkh_mdmtsp_v3__g03_i34_c500_d5_m16_adversarial__seed_42__80e88c24fc90.json,skip,,customer_count>10
results/runs/research_until_25000/lkh_mdmtsp_v3/research/group_03/g03_i35_c500_d4_m13_adversarial/20260508T071123Z__research_until_25000__lkh_mdmtsp_v3__g03_i35_c500_d4_m13_adversarial__seed_42__87150ad71731.json,skip,,customer_count>10
results/runs/research_until_25000/lkh_mdmtsp_v3/research/group_03/g03_i36_c500_d5_m16_adversarial/20260508T071129Z__research_until_25000__lkh_mdmtsp_v3__g03_i36_c500_d5_m16_adversarial__seed_42__d6e8d2c3cac2.json,skip,,customer_count>10
results/runs/research_until_25000/lkh_mdmtsp_v3/research/group_03/g03_i37_c500_d4_m13_adversarial/20260508T071135Z__research_until_25000__lkh_mdmtsp_v3__g03_i37_c500_d4_m13_adversarial__seed_42__d8d0f2ec31d5.json,skip,,customer_count>10
results/runs/research_until_25000/lkh_mdmtsp_v3/research/group_03/g03_i38_c500_d5_m16_adversarial/20260508T071141Z__research_until_25000__lkh_mdmtsp_v3__g03_i38_c500_d5_m16_adversarial__seed_42__b83d73a26f06.json,skip,,customer_count>10
results/runs/research_until_25000/lkh_mdmtsp_v3/research/group_03/g03_i39_c500_d4_m13_adversarial/20260508T071148Z__research_until_25000__lkh_mdmtsp_v3__g03_i39_c500_d4_m13_adversarial__seed_42__447491de639f.json,skip,,customer_count>10
results/runs/research_until_25000/lkh_mdmtsp_v3/research/group_03/g03_i40_c500_d5_m16_adversarial/20260508T071154Z__research_until_25000__lkh_mdmtsp_v3__g03_i40_c500_d5_m16_adversarial__seed_42__2846c518bc8e.json,skip,,customer_count>10
results/runs/research_until_25000/lkh_mdmtsp_v3/research/group_03/g03_i41_c500_d4_m12_adversarial/20260508T071200Z__research_until_25000__lkh_mdmtsp_v3__g03_i41_c500_d4_m12_adversarial__seed_42__73b4903c2459.json,skip,,customer_count>10
results/runs/research_until_25000/lkh_mdmtsp_v3/research/group_03/g03_i42_c500_d5_m14_adversarial/20260508T071206Z__research_until_25000__lkh_mdmtsp_v3__g03_i42_c500_d5_m14_adversarial__seed_42__9ad524e695f4.json,skip,,customer_count>10
results/runs/research_until_25000/lkh_mdmtsp_v3/research/group_03/g03_i43_c500_d4_m12_adversarial/20260508T071212Z__research_until_25000__lkh_mdmtsp_v3__g03_i43_c500_d4_m12_adversarial__seed_42__83eb3f9bf92f.json,skip,,customer_count>10
results/runs/research_until_25000/lkh_mdmtsp_v3/research/group_03/g03_i44_c500_d5_m14_adversarial/20260508T071218Z__research_until_25000__lkh_mdmtsp_v3__g03_i44_c500_d5_m14_adversarial__seed_42__2bc2750d79d0.json,skip,,customer_count>10
results/runs/research_until_25000/lkh_mdmtsp_v3/research/group_03/g03_i45_c500_d4_m12_adversarial/20260508T071224Z__research_until_25000__lkh_mdmtsp_v3__g03_i45_c500_d4_m12_adversarial__seed_42__b184348339fc.json,skip,,customer_count>10
results/runs/research_until_25000/lkh_mdmtsp_v3/research/group_03/g03_i46_c500_d5_m14_adversarial/20260508T071229Z__research_until_25000__lkh_mdmtsp_v3__g03_i46_c500_d5_m14_adversarial__seed_42__fc44bb1aa6f5.json,skip,,customer_count>10
results/runs/research_until_25000/lkh_mdmtsp_v3/research/group_03/g03_i47_c500_d4_m12_adversarial/20260508T071235Z__research_until_25000__lkh_mdmtsp_v3__g03_i47_c500_d4_m12_adversarial__seed_42__62fae5eda722.json,skip,,customer_count>10
results/runs/research_until_25000/lkh_mdmtsp_v3/research/group_03/g03_i48_c500_d4_m13_adversarial/20260508T071241Z__research_until_25000__lkh_mdmtsp_v3__g03_i48_c500_d4_m13_adversarial__seed_42__1e1e30d4ec83.json,skip,,customer_count>10
results/runs/research_until_25000/lkh_mdmtsp_v3/research/group_03/g03_i49_c500_d5_m15_adversarial/20260508T071247Z__research_until_25000__lkh_mdmtsp_v3__g03_i49_c500_d5_m15_adversarial__seed_42__347d7e226a49.json,skip,,customer_count>10
results/runs/research_until_25000/lkh_mdmtsp_v3/research/group_03/g03_i50_c500_d4_m12_adversarial/20260508T071253Z__research_until_25000__lkh_mdmtsp_v3__g03_i50_c500_d4_m12_adversarial__seed_42__40cc32089700.json,skip,,customer_count>10
results/runs/research_until_25000/lkh_mdmtsp_v3/research/group_03/g03_i51_c500_d4_m13_adversarial/20260508T071259Z__research_until_25000__lkh_mdmtsp_v3__g03_i51_c500_d4_m13_adversarial__seed_42__a4da25f8a83c.json,skip,,customer_count>10
results/runs/research_until_25000/lkh_mdmtsp_v3/research/group_03/g03_i52_c500_d5_m15_adversarial/20260508T071304Z__research_until_25000__lkh_mdmtsp_v3__g03_i52_c500_d5_m15_adversarial__seed_42__d4e677833ec9.json,skip,,customer_count>10
results/runs/research_until_25000/lkh_mdmtsp_v3/research/group_03_hard/g03h_i01_c500_d3_m5_hard_adversarial/20260508T071311Z__research_until_25000__lkh_mdmtsp_v3__g03h_i01_c500_d3_m5_hard_adversarial__seed_42__232b43e07060.json,skip,,customer_count>10
results/runs/research_until_25000/lkh_mdmtsp_v3/research/group_03_hard/g03h_i02_c500_d3_m6_hard_adversarial/20260508T071316Z__research_until_25000__lkh_mdmtsp_v3__g03h_i02_c500_d3_m6_hard_adversarial__seed_42__797f17666da0.json,skip,,customer_count>10
results/runs/research_until_25000/lkh_mdmtsp_v3/research/group_03_hard/g03h_i03_c500_d2_m4_hard_adversarial/20260508T071321Z__research_until_25000__lkh_mdmtsp_v3__g03h_i03_c500_d2_m4_hard_adversarial__seed_42__023b9cad3ee5.json,skip,,customer_count>10
results/runs/research_until_25000/lkh_mdmtsp_v3/research/group_03_hard/g03h_i04_c500_d3_m5_hard_adversarial/20260508T071326Z__research_until_25000__lkh_mdmtsp_v3__g03h_i04_c500_d3_m5_hard_adversarial__seed_42__36be9327b516.json,skip,,customer_count>10
results/runs/research_until_25000/lkh_mdmtsp_v3/research/group_03_hard/g03h_i05_c500_d3_m6_hard_adversarial/20260508T071331Z__research_until_25000__lkh_mdmtsp_v3__g03h_i05_c500_d3_m6_hard_adversarial__seed_42__9adbf1ef86f3.json,skip,,customer_count>10
results/runs/research_until_25000/lkh_mdmtsp_v3/research/group_03_hard/g03h_i06_c500_d2_m4_hard_adversarial/20260508T071336Z__research_until_25000__lkh_mdmtsp_v3__g03h_i06_c500_d2_m4_hard_adversarial__seed_42__6a142fb3f09a.json,skip,,customer_count>10
results/runs/research_until_25000/lkh_mdmtsp_v3/research/group_03_hard/g03h_i07_c500_d3_m5_hard_adversarial/20260508T071341Z__research_until_25000__lkh_mdmtsp_v3__g03h_i07_c500_d3_m5_hard_adversarial__seed_42__3735967fa2d7.json,skip,,customer_count>10
results/runs/research_until_25000/lkh_mdmtsp_v3/research/group_03_hard/g03h_i08_c500_d2_m4_hard_adversarial/20260508T071346Z__research_until_25000__lkh_mdmtsp_v3__g03h_i08_c500_d2_m4_hard_adversarial__seed_42__6aed4a9089c1.json,skip,,customer_count>10
results/runs/research_until_25000/lkh_mdmtsp_v3/research/group_03_hard/g03h_i09_c500_d3_m5_hard_adversarial/20260508T071351Z__research_until_25000__lkh_mdmtsp_v3__g03h_i09_c500_d3_m5_hard_adversarial__seed_42__1966b82020d5.json,skip,,customer_count>10
results/runs/research_until_25000/lkh_mdmtsp_v3/research/group_03_hard/g03h_i10_c500_d2_m4_hard_adversarial/20260508T071356Z__research_until_25000__lkh_mdmtsp_v3__g03h_i10_c500_d2_m4_hard_adversarial__seed_42__45a0d3cf7566.json,skip,,customer_count>10
results/runs/research_until_25000/lkh_mdmtsp_v3/research/group_03_hard/g03h_i11_c500_d3_m5_hard_adversarial/20260508T071401Z__research_until_25000__lkh_mdmtsp_v3__g03h_i11_c500_d3_m5_hard_adversarial__seed_42__1249e7a3dba9.json,skip,,customer_count>10
results/runs/research_until_25000/lkh_mdmtsp_v3/research/group_03_hard/g03h_i12_c500_d2_m4_hard_adversarial/20260508T071406Z__research_until_25000__lkh_mdmtsp_v3__g03h_i12_c500_d2_m4_hard_adversarial__seed_42__8baddb6a4f7f.json,skip,,customer_count>10
results/runs/research_until_25000/lkh_mdmtsp_v3/research/group_03_hard/g03h_i13_c500_d3_m5_hard_adversarial/20260508T071411Z__research_until_25000__lkh_mdmtsp_v3__g03h_i13_c500_d3_m5_hard_adversarial__seed_42__0ea8554ffb7b.json,skip,,customer_count>10
results/runs/research_until_25000/lkh_mdmtsp_v3/research/group_03_hard/g03h_i14_c500_d2_m4_hard_adversarial/20260508T071416Z__research_until_25000__lkh_mdmtsp_v3__g03h_i14_c500_d2_m4_hard_adversarial__seed_42__62631fe97c1b.json,skip,,customer_count>10
results/runs/research_until_25000/lkh_mdmtsp_v3/research/group_03_hard/g03h_i15_c500_d3_m5_hard_adversarial/20260508T071420Z__research_until_25000__lkh_mdmtsp_v3__g03h_i15_c500_d3_m5_hard_adversarial__seed_42__4ff03cd7029d.json,skip,,customer_count>10
results/runs/research_until_25000/lkh_mdmtsp_v3/research/group_03_hard/g03h_i16_c500_d2_m4_hard_adversarial/20260508T071425Z__research_until_25000__lkh_mdmtsp_v3__g03h_i16_c500_d2_m4_hard_adversarial__seed_42__7f0403d68a20.json,skip,,customer_count>10
results/runs/research_until_25000/lkh_mdmtsp_v3/research/group_03_hard/g03h_i17_c500_d3_m5_hard_adversarial/20260508T071430Z__research_until_25000__lkh_mdmtsp_v3__g03h_i17_c500_d3_m5_hard_adversarial__seed_42__48b7786f5adb.json,skip,,customer_count>10
results/runs/research_until_25000/lkh_mdmtsp_v3/research/group_03_hard/g03h_i18_c500_d3_m6_hard_adversarial/20260508T071435Z__research_until_25000__lkh_mdmtsp_v3__g03h_i18_c500_d3_m6_hard_adversarial__seed_42__ac833d99bca5.json,skip,,customer_count>10
results/runs/research_until_25000/lkh_mdmtsp_v3/research/group_03_hard/g03h_i19_c500_d2_m5_hard_adversarial/20260508T071441Z__research_until_25000__lkh_mdmtsp_v3__g03h_i19_c500_d2_m5_hard_adversarial__seed_42__380c276ec8b4.json,skip,,customer_count>10
results/runs/research_until_25000/lkh_mdmtsp_v3/research/group_03_hard/g03h_i20_c500_d3_m6_hard_adversarial/20260508T071445Z__research_until_25000__lkh_mdmtsp_v3__g03h_i20_c500_d3_m6_hard_adversarial__seed_42__4e4f22462595.json,skip,,customer_count>10
results/runs/research_until_25000/lkh_mdmtsp_v3/research/group_03_hard/g03h_i21_c500_d2_m5_hard_adversarial/20260508T071450Z__research_until_25000__lkh_mdmtsp_v3__g03h_i21_c500_d2_m5_hard_adversarial__seed_42__cfe9378c8607.json,skip,,customer_count>10
results/runs/research_until_25000/lkh_mdmtsp_v3/research/group_03_hard/g03h_i22_c500_d2_m4_hard_adversarial/20260508T071455Z__research_until_25000__lkh_mdmtsp_v3__g03h_i22_c500_d2_m4_hard_adversarial__seed_42__d1c6dbf9a571.json,skip,,customer_count>10
results/runs/research_until_25000/lkh_mdmtsp_v3/research/group_03_hard/g03h_i23_c500_d3_m5_hard_adversarial/20260508T071500Z__research_until_25000__lkh_mdmtsp_v3__g03h_i23_c500_d3_m5_hard_adversarial__seed_42__f44b6f4bd044.json,skip,,customer_count>10
results/runs/research_until_25000/lkh_mdmtsp_v3/research/group_03_hard/g03h_i24_c500_d2_m4_hard_adversarial/20260508T071505Z__research_until_25000__lkh_mdmtsp_v3__g03h_i24_c500_d2_m4_hard_adversarial__seed_42__8dcd538a5639.json,skip,,customer_count>10
results/runs/research_until_25000/lkh_mdmtsp_v3/research/group_03_hard/g03h_i25_c500_d3_m5_hard_adversarial/20260508T071510Z__research_until_25000__lkh_mdmtsp_v3__g03h_i25_c500_d3_m5_hard_adversarial__seed_42__9976ef20490e.json,skip,,customer_count>10
results/runs/research_until_25000/lkh_mdmtsp_v3/research/group_03_traps/g03t_i01_c750_d4_m5_trap/20260508T071515Z__research_until_25000__lkh_mdmtsp_v3__g03t_i01_c750_d4_m5_trap__seed_42__35dfad811119.json,skip,,customer_count>10
results/runs/research_until_25000/lkh_mdmtsp_v3/research/group_03_traps/g03t_i02_c750_d3_m4_trap/20260508T071532Z__research_until_25000__lkh_mdmtsp_v3__g03t_i02_c750_d3_m4_trap__seed_42__00864e8581bd.json,skip,,customer_count>10
results/runs/research_until_25000/lkh_mdmtsp_v3/research/group_03_traps/g03t_i03_c750_d2_m3_trap/20260508T071548Z__research_until_25000__lkh_mdmtsp_v3__g03t_i03_c750_d2_m3_trap__seed_42__36159adb5369.json,skip,,customer_count>10
results/runs/research_until_25000/lkh_mdmtsp_v3/research/group_03_traps/g03t_i04_c750_d4_m5_trap/20260508T071604Z__research_until_25000__lkh_mdmtsp_v3__g03t_i04_c750_d4_m5_trap__seed_42__d27613959e82.json,skip,,customer_count>10
results/runs/research_until_25000/lkh_mdmtsp_v3/research/group_03_traps/g03t_i05_c750_d3_m4_trap/20260508T071621Z__research_until_25000__lkh_mdmtsp_v3__g03t_i05_c750_d3_m4_trap__seed_42__de3e716c1266.json,skip,,customer_count>10
results/runs/research_until_25000/lkh_mdmtsp_v3/research/group_03_traps/g03t_i06_c750_d2_m3_trap/20260508T071637Z__research_until_25000__lkh_mdmtsp_v3__g03t_i06_c750_d2_m3_trap__seed_42__6aeed96be799.json,skip,,customer_count>10
results/runs/research_until_25000/lkh_mdmtsp_v3/research/group_03_traps/g03t_i07_c750_d4_m5_trap/20260508T071653Z__research_until_25000__lkh_mdmtsp_v3__g03t_i07_c750_d4_m5_trap__seed_42__6eb8bcf8df0d.json,skip,,customer_count>10
results/runs/research_until_25000/lkh_mdmtsp_v3/research/group_03_traps/g03t_i08_c750_d4_m5_trap/20260508T071709Z__research_until_25000__lkh_mdmtsp_v3__g03t_i08_c750_d4_m5_trap__seed_42__05e5c4ba0a65.json,skip,,customer_count>10
results/runs/research_until_25000/lkh_mdmtsp_v3/research/group_03_traps/g03t_i09_c750_d3_m4_trap/20260508T071725Z__research_until_25000__lkh_mdmtsp_v3__g03t_i09_c750_d3_m4_trap__seed_42__54bdcedac3bc.json,skip,,customer_count>10
results/runs/research_until_25000/lkh_mdmtsp_v3/research/group_03_traps/g03t_i10_c750_d2_m3_trap/20260508T071741Z__research_until_25000__lkh_mdmtsp_v3__g03t_i10_c750_d2_m3_trap__seed_42__01d0cd3038e3.json,skip,,customer_count>10
results/runs/research_until_25000/lkh_mdmtsp_v3/research/group_03_traps/g03t_i11_c750_d4_m5_trap/20260508T071757Z__research_until_25000__lkh_mdmtsp_v3__g03t_i11_c750_d4_m5_trap__seed_42__3268c641a855.json,skip,,customer_count>10
results/runs/research_until_25000/lkh_mdmtsp_v3/research/group_03_traps/g03t_i12_c750_d3_m4_trap/20260508T071813Z__research_until_25000__lkh_mdmtsp_v3__g03t_i12_c750_d3_m4_trap__seed_42__500b1fa38573.json,skip,,customer_count>10
results/runs/research_until_25000/lkh_mdmtsp_v3/research/group_03_traps/g03t_i13_c750_d2_m3_trap/20260508T071829Z__research_until_25000__lkh_mdmtsp_v3__g03t_i13_c750_d2_m3_trap__seed_42__b98e2e362e01.json,skip,,customer_count>10
results/runs/research_until_25000/lkh_mdmtsp_v3/research/group_03_traps/g03t_i14_c750_d4_m5_trap/20260508T071844Z__research_until_25000__lkh_mdmtsp_v3__g03t_i14_c750_d4_m5_trap__seed_42__df335f8e0dc6.json,skip,,customer_count>10
results/runs/research_until_25000/lkh_mdmtsp_v3/research/group_03_traps/g03t_i15_c750_d3_m4_trap/20260508T071901Z__research_until_25000__lkh_mdmtsp_v3__g03t_i15_c750_d3_m4_trap__seed_42__be1e213dee1d.json,skip,,customer_count>10
results/runs/research_until_25000/lkh_mdmtsp_v3/research/group_03_traps/g03t_i16_c750_d2_m3_trap/20260508T071917Z__research_until_25000__lkh_mdmtsp_v3__g03t_i16_c750_d2_m3_trap__seed_42__7e241dc08c37.json,skip,,customer_count>10
results/runs/research_until_25000/lkh_mdmtsp_v3/research/group_03_traps/g03t_i17_c750_d4_m5_trap/20260508T071933Z__research_until_25000__lkh_mdmtsp_v3__g03t_i17_c750_d4_m5_trap__seed_42__f2b2d5d29fdf.json,skip,,customer_count>10
results/runs/research_until_25000/lkh_mdmtsp_v3/research/group_03_traps/g03t_i18_c750_d3_m4_trap/20260508T071949Z__research_until_25000__lkh_mdmtsp_v3__g03t_i18_c750_d3_m4_trap__seed_42__d7aef9192324.json,skip,,customer_count>10
results/runs/research_until_25000/lkh_mdmtsp_v3/research/group_03_traps/g03t_i19_c750_d4_m5_trap/20260508T072005Z__research_until_25000__lkh_mdmtsp_v3__g03t_i19_c750_d4_m5_trap__seed_42__41fa12fd8191.json,skip,,customer_count>10
results/runs/research_until_25000/lkh_mdmtsp_v3/research/group_03_traps/g03t_i20_c750_d3_m4_trap/20260508T072022Z__research_until_25000__lkh_mdmtsp_v3__g03t_i20_c750_d3_m4_trap__seed_42__a9e4edbe2acd.json,skip,,customer_count>10
results/runs/research_until_25000/lkh_mdmtsp_v3/research/group_03_traps/g03t_i21_c750_d4_m5_trap/20260508T072038Z__research_until_25000__lkh_mdmtsp_v3__g03t_i21_c750_d4_m5_trap__seed_42__cf01cc15a518.json,skip,,customer_count>10
results/runs/research_until_25000/lkh_mdmtsp_v3/research/group_03_traps/g03t_i22_c750_d3_m4_trap/20260508T072054Z__research_until_25000__lkh_mdmtsp_v3__g03t_i22_c750_d3_m4_trap__seed_42__ed6f73843f36.json,skip,,customer_count>10
results/runs/research_until_25000/lkh_mdmtsp_v3/research/group_03_traps/g03t_i23_c750_d4_m5_trap/20260508T072110Z__research_until_25000__lkh_mdmtsp_v3__g03t_i23_c750_d4_m5_trap__seed_42__ed3b7be89412.json,skip,,customer_count>10
results/runs/research_until_25000/lkh_mdmtsp_v3/research/group_03_traps/g03t_i24_c750_d3_m4_trap/20260508T072127Z__research_until_25000__lkh_mdmtsp_v3__g03t_i24_c750_d3_m4_trap__seed_42__b6858041d0d4.json,skip,,customer_count>10
results/runs/research_until_25000/lkh_mdmtsp_v3/research/group_03_traps/g03t_i25_c750_d2_m3_trap/20260508T072143Z__research_until_25000__lkh_mdmtsp_v3__g03t_i25_c750_d2_m3_trap__seed_42__a3fae2a9e9c3.json,skip,,customer_count>10
results/runs/research_until_25000/lkh_mdmtsp_v3/research/group_04/g04_i01_c1000_d6_m11_random/20260508T072159Z__research_until_25000__lkh_mdmtsp_v3__g04_i01_c1000_d6_m11_random__seed_42__d3066501c387.json,skip,,customer_count>10
results/runs/research_until_25000/lkh_mdmtsp_v3/research/group_04/g04_i02_c1000_d5_m19_random/20260508T072242Z__research_until_25000__lkh_mdmtsp_v3__g04_i02_c1000_d5_m19_random__seed_42__4c9ed609ce36.json,skip,,customer_count>10
results/runs/research_until_25000/lkh_mdmtsp_v3/research/group_04/g04_i03_c1000_d7_m19_random/20260508T072327Z__research_until_25000__lkh_mdmtsp_v3__g04_i03_c1000_d7_m19_random__seed_42__891c3c4af325.json,skip,,customer_count>10
results/runs/research_until_25000/lkh_mdmtsp_v3/research/group_04/g04_i04_c1000_d7_m12_random/20260508T072413Z__research_until_25000__lkh_mdmtsp_v3__g04_i04_c1000_d7_m12_random__seed_42__eba1372f3ac8.json,skip,,customer_count>10
results/runs/research_until_25000/lkh_mdmtsp_v3/research/group_04/g04_i05_c1000_d10_m23_random/20260508T072455Z__research_until_25000__lkh_mdmtsp_v3__g04_i05_c1000_d10_m23_random__seed_42__4c38efc5c6a2.json,skip,,customer_count>10
results/runs/research_until_25000/lkh_mdmtsp_v4_portfolio/research/group_01/g01_i01_c10_d1_m3_random/20260508T154841Z__research_until_25000__lkh_mdmtsp_v4_portfolio__g01_i01_c10_d1_m3_random__seed_42__a2a7f2a789c7.json,rendered,results/plots/solutions/research_until_25000/lkh_mdmtsp_v4_portfolio/research/group_01/g01_i01_c10_d1_m3_random/20260508T154841Z__research_until_25000__lkh_mdmtsp_v4_portfolio__g01_i01_c10_d1_m3_random__seed_42__a2a7f2a789c7.png,
results/runs/research_until_25000/lkh_mdmtsp_v4_portfolio/research/group_01/g01_i02_c10_d1_m3_random/20260508T154842Z__research_until_25000__lkh_mdmtsp_v4_portfolio__g01_i02_c10_d1_m3_random__seed_42__96e15e72ebd2.json,rendered,results/plots/solutions/research_until_25000/lkh_mdmtsp_v4_portfolio/research/group_01/g01_i02_c10_d1_m3_random/20260508T154842Z__research_until_25000__lkh_mdmtsp_v4_portfolio__g01_i02_c10_d1_m3_random__seed_42__96e15e72ebd2.png,
results/runs/research_until_25000/lkh_mdmtsp_v4_portfolio/research/group_01/g01_i03_c10_d2_m6_random/20260508T154842Z__research_until_25000__lkh_mdmtsp_v4_portfolio__g01_i03_c10_d2_m6_random__seed_42__e5ffd510cd0c.json,rendered,results/plots/solutions/research_until_25000/lkh_mdmtsp_v4_portfolio/research/group_01/g01_i03_c10_d2_m6_random/20260508T154842Z__research_until_25000__lkh_mdmtsp_v4_portfolio__g01_i03_c10_d2_m6_random__seed_42__e5ffd510cd0c.png,
results/runs/research_until_25000/lkh_mdmtsp_v4_portfolio/research/group_01/g01_i04_c10_d2_m5_random/20260508T154842Z__research_until_25000__lkh_mdmtsp_v4_portfolio__g01_i04_c10_d2_m5_random__seed_42__5cd11ba8569f.json,rendered,results/plots/solutions/research_until_25000/lkh_mdmtsp_v4_portfolio/research/group_01/g01_i04_c10_d2_m5_random/20260508T154842Z__research_until_25000__lkh_mdmtsp_v4_portfolio__g01_i04_c10_d2_m5_random__seed_42__5cd11ba8569f.png,
results/runs/research_until_25000/lkh_mdmtsp_v4_portfolio/research/group_01/g01_i05_c10_d2_m4_random/20260508T154842Z__research_until_25000__lkh_mdmtsp_v4_portfolio__g01_i05_c10_d2_m4_random__seed_42__6af0ec978ef5.json,rendered,results/plots/solutions/research_until_25000/lkh_mdmtsp_v4_portfolio/research/group_01/g01_i05_c10_d2_m4_random/20260508T154842Z__research_until_25000__lkh_mdmtsp_v4_portfolio__g01_i05_c10_d2_m4_random__seed_42__6af0ec978ef5.png,
results/runs/research_until_25000/lkh_mdmtsp_v4_portfolio/research/group_01/g01_i06_c10_d3_m4_random/20260508T154842Z__research_until_25000__lkh_mdmtsp_v4_portfolio__g01_i06_c10_d3_m4_random__seed_42__3e9f26bd6a05.json,rendered,results/plots/solutions/research_until_25000/lkh_mdmtsp_v4_portfolio/research/group_01/g01_i06_c10_d3_m4_random/20260508T154842Z__research_until_25000__lkh_mdmtsp_v4_portfolio__g01_i06_c10_d3_m4_random__seed_42__3e9f26bd6a05.png,
results/runs/research_until_25000/lkh_mdmtsp_v4_portfolio/research/group_01/g01_i07_c10_d3_m5_random/20260508T154842Z__research_until_25000__lkh_mdmtsp_v4_portfolio__g01_i07_c10_d3_m5_random__seed_42__576e27f85a8a.json,rendered,results/plots/solutions/research_until_25000/lkh_mdmtsp_v4_portfolio/research/group_01/g01_i07_c10_d3_m5_random/20260508T154842Z__research_until_25000__lkh_mdmtsp_v4_portfolio__g01_i07_c10_d3_m5_random__seed_42__576e27f85a8a.png,
results/runs/research_until_25000/lkh_mdmtsp_v4_portfolio/research/group_01/g01_i08_c10_d2_m2_random/20260508T154842Z__research_until_25000__lkh_mdmtsp_v4_portfolio__g01_i08_c10_d2_m2_random__seed_42__fd1cc0b522b6.json,rendered,results/plots/solutions/research_until_25000/lkh_mdmtsp_v4_portfolio/research/group_01/g01_i08_c10_d2_m2_random/20260508T154842Z__research_until_25000__lkh_mdmtsp_v4_portfolio__g01_i08_c10_d2_m2_random__seed_42__fd1cc0b522b6.png,
results/runs/research_until_25000/lkh_mdmtsp_v4_portfolio/research/group_01/g01_i09_c10_d3_m3_random/20260508T154842Z__research_until_25000__lkh_mdmtsp_v4_portfolio__g01_i09_c10_d3_m3_random__seed_42__d57cd0f3eaf5.json,rendered,results/plots/solutions/research_until_25000/lkh_mdmtsp_v4_portfolio/research/group_01/g01_i09_c10_d3_m3_random/20260508T154842Z__research_until_25000__lkh_mdmtsp_v4_portfolio__g01_i09_c10_d3_m3_random__seed_42__d57cd0f3eaf5.png,
results/runs/research_until_25000/lkh_mdmtsp_v4_portfolio/research/group_01/g01_i10_c10_d1_m1_random/20260508T154842Z__research_until_25000__lkh_mdmtsp_v4_portfolio__g01_i10_c10_d1_m1_random__seed_42__364444d8fb69.json,rendered,results/plots/solutions/research_until_25000/lkh_mdmtsp_v4_portfolio/research/group_01/g01_i10_c10_d1_m1_random/20260508T154842Z__research_until_25000__lkh_mdmtsp_v4_portfolio__g01_i10_c10_d1_m1_random__seed_42__364444d8fb69.png,
results/runs/research_until_25000/lkh_mdmtsp_v4_portfolio/research/group_02/g02_i01_c50_d5_m23_random/20260508T154842Z__research_until_25000__lkh_mdmtsp_v4_portfolio__g02_i01_c50_d5_m23_random__seed_42__188151ab3e75.json,skip,,customer_count>10
results/runs/research_until_25000/lkh_mdmtsp_v4_portfolio/research/group_02/g02_i02_c50_d3_m3_random/20260508T154842Z__research_until_25000__lkh_mdmtsp_v4_portfolio__g02_i02_c50_d3_m3_random__seed_42__acfc717a0268.json,skip,,customer_count>10
results/runs/research_until_25000/lkh_mdmtsp_v4_portfolio/research/group_02/g02_i03_c50_d4_m19_random/20260508T154842Z__research_until_25000__lkh_mdmtsp_v4_portfolio__g02_i03_c50_d4_m19_random__seed_42__dd73d9b508ae.json,skip,,customer_count>10
results/runs/research_until_25000/lkh_mdmtsp_v4_portfolio/research/group_02/g02_i04_c50_d4_m10_random/20260508T154842Z__research_until_25000__lkh_mdmtsp_v4_portfolio__g02_i04_c50_d4_m10_random__seed_42__3652664b371d.json,skip,,customer_count>10
results/runs/research_until_25000/lkh_mdmtsp_v4_portfolio/research/group_02/g02_i05_c50_d3_m7_random/20260508T154842Z__research_until_25000__lkh_mdmtsp_v4_portfolio__g02_i05_c50_d3_m7_random__seed_42__60341abbe939.json,skip,,customer_count>10
results/runs/research_until_25000/lkh_mdmtsp_v4_portfolio/research/group_02/g02_i06_c50_d4_m6_random/20260508T154842Z__research_until_25000__lkh_mdmtsp_v4_portfolio__g02_i06_c50_d4_m6_random__seed_42__75409c7c3793.json,skip,,customer_count>10
results/runs/research_until_25000/lkh_mdmtsp_v4_portfolio/research/group_02/g02_i07_c50_d4_m5_random/20260508T154842Z__research_until_25000__lkh_mdmtsp_v4_portfolio__g02_i07_c50_d4_m5_random__seed_42__7a41a8bd450c.json,skip,,customer_count>10
results/runs/research_until_25000/lkh_mdmtsp_v4_portfolio/research/group_02/g02_i08_c50_d4_m11_random/20260508T154842Z__research_until_25000__lkh_mdmtsp_v4_portfolio__g02_i08_c50_d4_m11_random__seed_42__c72c528cadd1.json,skip,,customer_count>10
results/runs/research_until_25000/lkh_mdmtsp_v4_portfolio/research/group_02/g02_i09_c50_d5_m10_random/20260508T154842Z__research_until_25000__lkh_mdmtsp_v4_portfolio__g02_i09_c50_d5_m10_random__seed_42__1eddada6a91c.json,skip,,customer_count>10
results/runs/research_until_25000/lkh_mdmtsp_v4_portfolio/research/group_02/g02_i10_c50_d4_m20_random/20260508T154843Z__research_until_25000__lkh_mdmtsp_v4_portfolio__g02_i10_c50_d4_m20_random__seed_42__7ccad0be8581.json,skip,,customer_count>10
results/runs/research_until_25000/lkh_mdmtsp_v4_portfolio/research/group_03/g03_i01_c500_d5_m21_random/20260508T154843Z__research_until_25000__lkh_mdmtsp_v4_portfolio__g03_i01_c500_d5_m21_random__seed_42__e031be917ea9.json,skip,,customer_count>10
results/runs/research_until_25000/lkh_mdmtsp_v4_portfolio/research/group_03/g03_i02_c500_d3_m10_random/20260508T154937Z__research_until_25000__lkh_mdmtsp_v4_portfolio__g03_i02_c500_d3_m10_random__seed_42__7088b5ab37cb.json,skip,,customer_count>10
results/runs/research_until_25000/lkh_mdmtsp_v4_portfolio/research/group_03/g03_i03_c500_d3_m12_random/20260508T155022Z__research_until_25000__lkh_mdmtsp_v4_portfolio__g03_i03_c500_d3_m12_random__seed_42__d3bb5f29f785.json,skip,,customer_count>10
results/runs/research_until_25000/lkh_mdmtsp_v4_portfolio/research/group_03/g03_i04_c500_d5_m19_random/20260508T155109Z__research_until_25000__lkh_mdmtsp_v4_portfolio__g03_i04_c500_d5_m19_random__seed_42__669f12855e26.json,skip,,customer_count>10
results/runs/research_until_25000/lkh_mdmtsp_v4_portfolio/research/group_03/g03_i05_c500_d3_m6_random/20260508T155202Z__research_until_25000__lkh_mdmtsp_v4_portfolio__g03_i05_c500_d3_m6_random__seed_42__e8342ed9637a.json,skip,,customer_count>10
results/runs/research_until_25000/lkh_mdmtsp_v4_portfolio/research/group_03/g03_i06_c500_d3_m3_random/20260508T155243Z__research_until_25000__lkh_mdmtsp_v4_portfolio__g03_i06_c500_d3_m3_random__seed_42__2a5a9e2e2b40.json,skip,,customer_count>10
results/runs/research_until_25000/lkh_mdmtsp_v4_portfolio/research/group_03/g03_i07_c500_d5_m20_random/20260508T155322Z__research_until_25000__lkh_mdmtsp_v4_portfolio__g03_i07_c500_d5_m20_random__seed_42__61fe26d81517.json,skip,,customer_count>10
results/runs/research_until_25000/lkh_mdmtsp_v4_portfolio/research/group_03/g03_i08_c500_d3_m7_random/20260508T155415Z__research_until_25000__lkh_mdmtsp_v4_portfolio__g03_i08_c500_d3_m7_random__seed_42__79a3064d7ab4.json,skip,,customer_count>10
results/runs/research_until_25000/lkh_mdmtsp_v4_portfolio/research/group_03/g03_i09_c500_d4_m8_random/20260508T155436Z__research_until_25000__lkh_mdmtsp_v4_portfolio__g03_i09_c500_d4_m8_random__seed_42__dc41cb1dee85.json,skip,,customer_count>10
results/runs/research_until_25000/lkh_mdmtsp_v4_portfolio/research/group_03/g03_i10_c500_d5_m18_random/20260508T155520Z__research_until_25000__lkh_mdmtsp_v4_portfolio__g03_i10_c500_d5_m18_random__seed_42__7ebbe580c682.json,skip,,customer_count>10
results/runs/research_until_25000/lkh_mdmtsp_v4_portfolio/research/group_03/g03_i11_c500_d4_m12_adversarial/20260508T155612Z__research_until_25000__lkh_mdmtsp_v4_portfolio__g03_i11_c500_d4_m12_adversarial__seed_42__be18080ebcaa.json,skip,,customer_count>10
results/runs/research_until_25000/lkh_mdmtsp_v4_portfolio/research/group_03/g03_i12_c500_d4_m13_adversarial/20260508T155658Z__research_until_25000__lkh_mdmtsp_v4_portfolio__g03_i12_c500_d4_m13_adversarial__seed_42__49225949e94f.json,skip,,customer_count>10
results/runs/research_until_25000/lkh_mdmtsp_v4_portfolio/research/group_03/g03_i13_c500_d4_m12_adversarial/20260508T155721Z__research_until_25000__lkh_mdmtsp_v4_portfolio__g03_i13_c500_d4_m12_adversarial__seed_42__975b981be696.json,skip,,customer_count>10
results/runs/research_until_25000/lkh_mdmtsp_v4_portfolio/research/group_03/g03_i14_c500_d4_m13_adversarial/20260508T155807Z__research_until_25000__lkh_mdmtsp_v4_portfolio__g03_i14_c500_d4_m13_adversarial__seed_42__99b7d72cce2d.json,skip,,customer_count>10
results/runs/research_until_25000/lkh_mdmtsp_v4_portfolio/research/group_03/g03_i15_c500_d5_m15_adversarial/20260508T155831Z__research_until_25000__lkh_mdmtsp_v4_portfolio__g03_i15_c500_d5_m15_adversarial__seed_42__81eb5f45e51c.json,skip,,customer_count>10
results/runs/research_until_25000/lkh_mdmtsp_v4_portfolio/research/group_03/g03_i16_c500_d4_m12_adversarial/20260508T155920Z__research_until_25000__lkh_mdmtsp_v4_portfolio__g03_i16_c500_d4_m12_adversarial__seed_42__7fd0e1e18770.json,skip,,customer_count>10
results/runs/research_until_25000/lkh_mdmtsp_v4_portfolio/research/group_03/g03_i17_c500_d4_m13_adversarial/20260508T160006Z__research_until_25000__lkh_mdmtsp_v4_portfolio__g03_i17_c500_d4_m13_adversarial__seed_42__7f11c4c67b8e.json,skip,,customer_count>10
results/runs/research_until_25000/lkh_mdmtsp_v4_portfolio/research/group_03/g03_i18_c500_d5_m15_adversarial/20260508T160053Z__research_until_25000__lkh_mdmtsp_v4_portfolio__g03_i18_c500_d5_m15_adversarial__seed_42__edce326cc538.json,skip,,customer_count>10
results/runs/research_until_25000/lkh_mdmtsp_v4_portfolio/research/group_03/g03_i19_c500_d4_m12_adversarial/20260508T160142Z__research_until_25000__lkh_mdmtsp_v4_portfolio__g03_i19_c500_d4_m12_adversarial__seed_42__9e7413bf7f18.json,skip,,customer_count>10
results/runs/research_until_25000/lkh_mdmtsp_v4_portfolio/research/group_03/g03_i20_c500_d4_m13_adversarial/20260508T160228Z__research_until_25000__lkh_mdmtsp_v4_portfolio__g03_i20_c500_d4_m13_adversarial__seed_42__69abb84d1968.json,skip,,customer_count>10
results/runs/research_until_25000/lkh_mdmtsp_v4_portfolio/research/group_03/g03_i21_c500_d5_m15_adversarial/20260508T160315Z__research_until_25000__lkh_mdmtsp_v4_portfolio__g03_i21_c500_d5_m15_adversarial__seed_42__e291a8f6902a.json,skip,,customer_count>10
results/runs/research_until_25000/lkh_mdmtsp_v4_portfolio/research/group_03/g03_i22_c500_d4_m12_adversarial/20260508T160405Z__research_until_25000__lkh_mdmtsp_v4_portfolio__g03_i22_c500_d4_m12_adversarial__seed_42__bcbe6b1f656b.json,skip,,customer_count>10
results/runs/research_until_25000/lkh_mdmtsp_v4_portfolio/research/group_03/g03_i23_c500_d4_m13_adversarial/20260508T160450Z__research_until_25000__lkh_mdmtsp_v4_portfolio__g03_i23_c500_d4_m13_adversarial__seed_42__194eb40984a5.json,skip,,customer_count>10
results/runs/research_until_25000/lkh_mdmtsp_v4_portfolio/research/group_03/g03_i24_c500_d5_m15_adversarial/20260508T160537Z__research_until_25000__lkh_mdmtsp_v4_portfolio__g03_i24_c500_d5_m15_adversarial__seed_42__e2c9bba6a956.json,skip,,customer_count>10
results/runs/research_until_25000/lkh_mdmtsp_v4_portfolio/research/group_03/g03_i25_c500_d4_m12_adversarial/20260508T160626Z__research_until_25000__lkh_mdmtsp_v4_portfolio__g03_i25_c500_d4_m12_adversarial__seed_42__2d047240aed8.json,skip,,customer_count>10
results/runs/research_until_25000/lkh_mdmtsp_v4_portfolio/research/group_03/g03_i26_c500_d5_m14_adversarial/20260508T160650Z__research_until_25000__lkh_mdmtsp_v4_portfolio__g03_i26_c500_d5_m14_adversarial__seed_42__0ed39f26c1d6.json,skip,,customer_count>10
results/runs/research_until_25000/lkh_mdmtsp_v4_portfolio/research/group_03/g03_i27_c500_d4_m12_adversarial/20260508T160738Z__research_until_25000__lkh_mdmtsp_v4_portfolio__g03_i27_c500_d4_m12_adversarial__seed_42__a3bbf5a09975.json,skip,,customer_count>10
results/runs/research_until_25000/lkh_mdmtsp_v4_portfolio/research/group_03/g03_i28_c500_d5_m14_adversarial/20260508T160824Z__research_until_25000__lkh_mdmtsp_v4_portfolio__g03_i28_c500_d5_m14_adversarial__seed_42__92ad67f8c5e2.json,skip,,customer_count>10
results/runs/research_until_25000/lkh_mdmtsp_v4_portfolio/research/group_03/g03_i29_c500_d4_m12_adversarial/20260508T160912Z__research_until_25000__lkh_mdmtsp_v4_portfolio__g03_i29_c500_d4_m12_adversarial__seed_42__1fb76d9ec072.json,skip,,customer_count>10
results/runs/research_until_25000/lkh_mdmtsp_v4_portfolio/research/group_03/g03_i30_c500_d5_m14_adversarial/20260508T160935Z__research_until_25000__lkh_mdmtsp_v4_portfolio__g03_i30_c500_d5_m14_adversarial__seed_42__625bb54778df.json,skip,,customer_count>10
results/runs/research_until_25000/lkh_mdmtsp_v4_portfolio/research/group_03/g03_i31_c500_d4_m12_adversarial/20260508T161024Z__research_until_25000__lkh_mdmtsp_v4_portfolio__g03_i31_c500_d4_m12_adversarial__seed_42__0b6839d8155e.json,skip,,customer_count>10
results/runs/research_until_25000/lkh_mdmtsp_v4_portfolio/research/group_03/g03_i32_c500_d5_m14_adversarial/20260508T161111Z__research_until_25000__lkh_mdmtsp_v4_portfolio__g03_i32_c500_d5_m14_adversarial__seed_42__299bfb930b59.json,skip,,customer_count>10
results/runs/research_until_25000/lkh_mdmtsp_v4_portfolio/research/group_03/g03_i33_c500_d4_m13_adversarial/20260508T161159Z__research_until_25000__lkh_mdmtsp_v4_portfolio__g03_i33_c500_d4_m13_adversarial__seed_42__cfdb233dff0d.json,skip,,customer_count>10
results/runs/research_until_25000/lkh_mdmtsp_v4_portfolio/research/group_03/g03_i34_c500_d5_m16_adversarial/20260508T161246Z__research_until_25000__lkh_mdmtsp_v4_portfolio__g03_i34_c500_d5_m16_adversarial__seed_42__a5986edbfa45.json,skip,,customer_count>10
results/runs/research_until_25000/lkh_mdmtsp_v4_portfolio/research/group_03/g03_i35_c500_d4_m13_adversarial/20260508T161336Z__research_until_25000__lkh_mdmtsp_v4_portfolio__g03_i35_c500_d4_m13_adversarial__seed_42__c114a7e8af1f.json,skip,,customer_count>10
results/runs/research_until_25000/lkh_mdmtsp_v4_portfolio/research/group_03/g03_i36_c500_d5_m16_adversarial/20260508T161423Z__research_until_25000__lkh_mdmtsp_v4_portfolio__g03_i36_c500_d5_m16_adversarial__seed_42__bf48582be9df.json,skip,,customer_count>10
results/runs/research_until_25000/lkh_mdmtsp_v4_portfolio/research/group_03/g03_i37_c500_d4_m13_adversarial/20260508T161512Z__research_until_25000__lkh_mdmtsp_v4_portfolio__g03_i37_c500_d4_m13_adversarial__seed_42__f54576451e54.json,skip,,customer_count>10
results/runs/research_until_25000/lkh_mdmtsp_v4_portfolio/research/group_03/g03_i38_c500_d5_m16_adversarial/20260508T161559Z__research_until_25000__lkh_mdmtsp_v4_portfolio__g03_i38_c500_d5_m16_adversarial__seed_42__0c4494efc4ab.json,skip,,customer_count>10
results/runs/research_until_25000/lkh_mdmtsp_v4_portfolio/research/group_03/g03_i39_c500_d4_m13_adversarial/20260508T161648Z__research_until_25000__lkh_mdmtsp_v4_portfolio__g03_i39_c500_d4_m13_adversarial__seed_42__c16fc7b93057.json,skip,,customer_count>10
results/runs/research_until_25000/lkh_mdmtsp_v4_portfolio/research/group_03/g03_i40_c500_d5_m16_adversarial/20260508T161736Z__research_until_25000__lkh_mdmtsp_v4_portfolio__g03_i40_c500_d5_m16_adversarial__seed_42__be5cce4e7f51.json,skip,,customer_count>10
results/runs/research_until_25000/lkh_mdmtsp_v4_portfolio/research/group_03/g03_i41_c500_d4_m12_adversarial/20260508T161825Z__research_until_25000__lkh_mdmtsp_v4_portfolio__g03_i41_c500_d4_m12_adversarial__seed_42__f038f569a9aa.json,skip,,customer_count>10
results/runs/research_until_25000/lkh_mdmtsp_v4_portfolio/research/group_03/g03_i42_c500_d5_m14_adversarial/20260508T161848Z__research_until_25000__lkh_mdmtsp_v4_portfolio__g03_i42_c500_d5_m14_adversarial__seed_42__77f5fd005baf.json,skip,,customer_count>10
results/runs/research_until_25000/lkh_mdmtsp_v4_portfolio/research/group_03/g03_i43_c500_d4_m12_adversarial/20260508T161911Z__research_until_25000__lkh_mdmtsp_v4_portfolio__g03_i43_c500_d4_m12_adversarial__seed_42__49afd30918dd.json,skip,,customer_count>10
results/runs/research_until_25000/lkh_mdmtsp_v4_portfolio/research/group_03/g03_i44_c500_d5_m14_adversarial/20260508T161956Z__research_until_25000__lkh_mdmtsp_v4_portfolio__g03_i44_c500_d5_m14_adversarial__seed_42__45c1bcc4d805.json,skip,,customer_count>10
results/runs/research_until_25000/lkh_mdmtsp_v4_portfolio/research/group_03/g03_i45_c500_d4_m12_adversarial/20260508T162043Z__research_until_25000__lkh_mdmtsp_v4_portfolio__g03_i45_c500_d4_m12_adversarial__seed_42__c6c1998d0c26.json,skip,,customer_count>10
results/runs/research_until_25000/lkh_mdmtsp_v4_portfolio/research/group_03/g03_i46_c500_d5_m14_adversarial/20260508T162128Z__research_until_25000__lkh_mdmtsp_v4_portfolio__g03_i46_c500_d5_m14_adversarial__seed_42__9c6271fd79fa.json,skip,,customer_count>10
results/runs/research_until_25000/lkh_mdmtsp_v4_portfolio/research/group_03/g03_i47_c500_d4_m12_adversarial/20260508T162152Z__research_until_25000__lkh_mdmtsp_v4_portfolio__g03_i47_c500_d4_m12_adversarial__seed_42__d246fd464f80.json,skip,,customer_count>10
results/runs/research_until_25000/lkh_mdmtsp_v4_portfolio/research/group_03/g03_i48_c500_d4_m13_adversarial/20260508T162214Z__research_until_25000__lkh_mdmtsp_v4_portfolio__g03_i48_c500_d4_m13_adversarial__seed_42__00fad65f3f99.json,skip,,customer_count>10
results/runs/research_until_25000/lkh_mdmtsp_v4_portfolio/research/group_03/g03_i49_c500_d5_m15_adversarial/20260508T162237Z__research_until_25000__lkh_mdmtsp_v4_portfolio__g03_i49_c500_d5_m15_adversarial__seed_42__cc08f58952ee.json,skip,,customer_count>10
results/runs/research_until_25000/lkh_mdmtsp_v4_portfolio/research/group_03/g03_i50_c500_d4_m12_adversarial/20260508T162325Z__research_until_25000__lkh_mdmtsp_v4_portfolio__g03_i50_c500_d4_m12_adversarial__seed_42__10e0efb172d4.json,skip,,customer_count>10
results/runs/research_until_25000/lkh_mdmtsp_v4_portfolio/research/group_03/g03_i51_c500_d4_m13_adversarial/20260508T162347Z__research_until_25000__lkh_mdmtsp_v4_portfolio__g03_i51_c500_d4_m13_adversarial__seed_42__4fa9b9306f6e.json,skip,,customer_count>10
results/runs/research_until_25000/lkh_mdmtsp_v4_portfolio/research/group_03/g03_i52_c500_d5_m15_adversarial/20260508T162433Z__research_until_25000__lkh_mdmtsp_v4_portfolio__g03_i52_c500_d5_m15_adversarial__seed_42__49526f850008.json,skip,,customer_count>10
results/runs/research_until_25000/lkh_mdmtsp_v4_portfolio/research/group_03_hard/g03h_i01_c500_d3_m5_hard_adversarial/20260508T162520Z__research_until_25000__lkh_mdmtsp_v4_portfolio__g03h_i01_c500_d3_m5_hard_adversarial__seed_42__5955f1fe49b3.json,skip,,customer_count>10
results/runs/research_until_25000/lkh_mdmtsp_v4_portfolio/research/group_03_hard/g03h_i02_c500_d3_m6_hard_adversarial/20260508T162600Z__research_until_25000__lkh_mdmtsp_v4_portfolio__g03h_i02_c500_d3_m6_hard_adversarial__seed_42__93d6eb0d863d.json,skip,,customer_count>10
results/runs/research_until_25000/lkh_mdmtsp_v4_portfolio/research/group_03_hard/g03h_i03_c500_d2_m4_hard_adversarial/20260508T162642Z__research_until_25000__lkh_mdmtsp_v4_portfolio__g03h_i03_c500_d2_m4_hard_adversarial__seed_42__ee4138f3fde9.json,skip,,customer_count>10
results/runs/research_until_25000/lkh_mdmtsp_v4_portfolio/research/group_03_hard/g03h_i04_c500_d3_m5_hard_adversarial/20260508T162720Z__research_until_25000__lkh_mdmtsp_v4_portfolio__g03h_i04_c500_d3_m5_hard_adversarial__seed_42__259aeeba7c4c.json,skip,,customer_count>10
results/runs/research_until_25000/lkh_mdmtsp_v4_portfolio/research/group_03_hard/g03h_i05_c500_d3_m6_hard_adversarial/20260508T162800Z__research_until_25000__lkh_mdmtsp_v4_portfolio__g03h_i05_c500_d3_m6_hard_adversarial__seed_42__7d0964101191.json,skip,,customer_count>10
results/runs/research_until_25000/lkh_mdmtsp_v4_portfolio/research/group_03_hard/g03h_i06_c500_d2_m4_hard_adversarial/20260508T162841Z__research_until_25000__lkh_mdmtsp_v4_portfolio__g03h_i06_c500_d2_m4_hard_adversarial__seed_42__98f1ad512c23.json,skip,,customer_count>10
results/runs/research_until_25000/lkh_mdmtsp_v4_portfolio/research/group_03_hard/g03h_i07_c500_d3_m5_hard_adversarial/20260508T162920Z__research_until_25000__lkh_mdmtsp_v4_portfolio__g03h_i07_c500_d3_m5_hard_adversarial__seed_42__4b71d22b52e2.json,skip,,customer_count>10
results/runs/research_until_25000/lkh_mdmtsp_v4_portfolio/research/group_03_hard/g03h_i08_c500_d2_m4_hard_adversarial/20260508T163000Z__research_until_25000__lkh_mdmtsp_v4_portfolio__g03h_i08_c500_d2_m4_hard_adversarial__seed_42__31ab451be2ca.json,skip,,customer_count>10
results/runs/research_until_25000/lkh_mdmtsp_v4_portfolio/research/group_03_hard/g03h_i09_c500_d3_m5_hard_adversarial/20260508T163019Z__research_until_25000__lkh_mdmtsp_v4_portfolio__g03h_i09_c500_d3_m5_hard_adversarial__seed_42__495e91fe17ab.json,skip,,customer_count>10
results/runs/research_until_25000/lkh_mdmtsp_v4_portfolio/research/group_03_hard/g03h_i10_c500_d2_m4_hard_adversarial/20260508T163040Z__research_until_25000__lkh_mdmtsp_v4_portfolio__g03h_i10_c500_d2_m4_hard_adversarial__seed_42__9ff3d909e6e9.json,skip,,customer_count>10
results/runs/research_until_25000/lkh_mdmtsp_v4_portfolio/research/group_03_hard/g03h_i11_c500_d3_m5_hard_adversarial/20260508T163059Z__research_until_25000__lkh_mdmtsp_v4_portfolio__g03h_i11_c500_d3_m5_hard_adversarial__seed_42__52c8bd9b7404.json,skip,,customer_count>10
results/runs/research_until_25000/lkh_mdmtsp_v4_portfolio/research/group_03_hard/g03h_i12_c500_d2_m4_hard_adversarial/20260508T163139Z__research_until_25000__lkh_mdmtsp_v4_portfolio__g03h_i12_c500_d2_m4_hard_adversarial__seed_42__f1b46df41118.json,skip,,customer_count>10
results/runs/research_until_25000/lkh_mdmtsp_v4_portfolio/research/group_03_hard/g03h_i13_c500_d3_m5_hard_adversarial/20260508T163158Z__research_until_25000__lkh_mdmtsp_v4_portfolio__g03h_i13_c500_d3_m5_hard_adversarial__seed_42__031aeaf7395a.json,skip,,customer_count>10
results/runs/research_until_25000/lkh_mdmtsp_v4_portfolio/research/group_03_hard/g03h_i14_c500_d2_m4_hard_adversarial/20260508T163238Z__research_until_25000__lkh_mdmtsp_v4_portfolio__g03h_i14_c500_d2_m4_hard_adversarial__seed_42__c946030a2cfb.json,skip,,customer_count>10
results/runs/research_until_25000/lkh_mdmtsp_v4_portfolio/research/group_03_hard/g03h_i15_c500_d3_m5_hard_adversarial/20260508T163317Z__research_until_25000__lkh_mdmtsp_v4_portfolio__g03h_i15_c500_d3_m5_hard_adversarial__seed_42__97f8259fd59f.json,skip,,customer_count>10
results/runs/research_until_25000/lkh_mdmtsp_v4_portfolio/research/group_03_hard/g03h_i16_c500_d2_m4_hard_adversarial/20260508T163358Z__research_until_25000__lkh_mdmtsp_v4_portfolio__g03h_i16_c500_d2_m4_hard_adversarial__seed_42__cf43a8cc49eb.json,skip,,customer_count>10
results/runs/research_until_25000/lkh_mdmtsp_v4_portfolio/research/group_03_hard/g03h_i17_c500_d3_m5_hard_adversarial/20260508T163417Z__research_until_25000__lkh_mdmtsp_v4_portfolio__g03h_i17_c500_d3_m5_hard_adversarial__seed_42__c858f404ac1c.json,skip,,customer_count>10
results/runs/research_until_25000/lkh_mdmtsp_v4_portfolio/research/group_03_hard/g03h_i18_c500_d3_m6_hard_adversarial/20260508T163456Z__research_until_25000__lkh_mdmtsp_v4_portfolio__g03h_i18_c500_d3_m6_hard_adversarial__seed_42__78e2ba3cb309.json,skip,,customer_count>10
results/runs/research_until_25000/lkh_mdmtsp_v4_portfolio/research/group_03_hard/g03h_i19_c500_d2_m5_hard_adversarial/20260508T163537Z__research_until_25000__lkh_mdmtsp_v4_portfolio__g03h_i19_c500_d2_m5_hard_adversarial__seed_42__5fba8641b5f6.json,skip,,customer_count>10
results/runs/research_until_25000/lkh_mdmtsp_v4_portfolio/research/group_03_hard/g03h_i20_c500_d3_m6_hard_adversarial/20260508T163616Z__research_until_25000__lkh_mdmtsp_v4_portfolio__g03h_i20_c500_d3_m6_hard_adversarial__seed_42__bc989b663e8d.json,skip,,customer_count>10
results/runs/research_until_25000/lkh_mdmtsp_v4_portfolio/research/group_03_hard/g03h_i21_c500_d2_m5_hard_adversarial/20260508T163655Z__research_until_25000__lkh_mdmtsp_v4_portfolio__g03h_i21_c500_d2_m5_hard_adversarial__seed_42__d5aa0f8bf9e4.json,skip,,customer_count>10
results/runs/research_until_25000/lkh_mdmtsp_v4_portfolio/research/group_03_hard/g03h_i22_c500_d2_m4_hard_adversarial/20260508T163735Z__research_until_25000__lkh_mdmtsp_v4_portfolio__g03h_i22_c500_d2_m4_hard_adversarial__seed_42__fae90af989ec.json,skip,,customer_count>10
results/runs/research_until_25000/lkh_mdmtsp_v4_portfolio/research/group_03_hard/g03h_i23_c500_d3_m5_hard_adversarial/20260508T163813Z__research_until_25000__lkh_mdmtsp_v4_portfolio__g03h_i23_c500_d3_m5_hard_adversarial__seed_42__4840b09fa1c1.json,skip,,customer_count>10
results/runs/research_until_25000/lkh_mdmtsp_v4_portfolio/research/group_03_hard/g03h_i24_c500_d2_m4_hard_adversarial/20260508T163852Z__research_until_25000__lkh_mdmtsp_v4_portfolio__g03h_i24_c500_d2_m4_hard_adversarial__seed_42__c06183ac7e37.json,skip,,customer_count>10
results/runs/research_until_25000/lkh_mdmtsp_v4_portfolio/research/group_03_hard/g03h_i25_c500_d3_m5_hard_adversarial/20260508T163931Z__research_until_25000__lkh_mdmtsp_v4_portfolio__g03h_i25_c500_d3_m5_hard_adversarial__seed_42__c1eeda0090e5.json,skip,,customer_count>10
results/runs/research_until_25000/lkh_mdmtsp_v4_portfolio/research/group_03_traps/g03t_i01_c750_d4_m5_trap/20260508T164010Z__research_until_25000__lkh_mdmtsp_v4_portfolio__g03t_i01_c750_d4_m5_trap__seed_42__8d4e3784d0a9.json,skip,,customer_count>10
results/runs/research_until_25000/lkh_mdmtsp_v4_portfolio/research/group_03_traps/g03t_i02_c750_d3_m4_trap/20260508T164221Z__research_until_25000__lkh_mdmtsp_v4_portfolio__g03t_i02_c750_d3_m4_trap__seed_42__7095736ee417.json,skip,,customer_count>10
results/runs/research_until_25000/lkh_mdmtsp_v4_portfolio/research/group_03_traps/g03t_i03_c750_d2_m3_trap/20260508T164429Z__research_until_25000__lkh_mdmtsp_v4_portfolio__g03t_i03_c750_d2_m3_trap__seed_42__c53d98789cf6.json,skip,,customer_count>10
results/runs/research_until_25000/lkh_mdmtsp_v4_portfolio/research/group_03_traps/g03t_i04_c750_d4_m5_trap/20260508T164633Z__research_until_25000__lkh_mdmtsp_v4_portfolio__g03t_i04_c750_d4_m5_trap__seed_42__ba298f8456b0.json,skip,,customer_count>10
results/runs/research_until_25000/lkh_mdmtsp_v4_portfolio/research/group_03_traps/g03t_i05_c750_d3_m4_trap/20260508T164844Z__research_until_25000__lkh_mdmtsp_v4_portfolio__g03t_i05_c750_d3_m4_trap__seed_42__b40b4a1009d3.json,skip,,customer_count>10
results/runs/research_until_25000/lkh_mdmtsp_v4_portfolio/research/group_03_traps/g03t_i06_c750_d2_m3_trap/20260508T165052Z__research_until_25000__lkh_mdmtsp_v4_portfolio__g03t_i06_c750_d2_m3_trap__seed_42__3c0f4fe135c3.json,skip,,customer_count>10
results/runs/research_until_25000/lkh_mdmtsp_v4_portfolio/research/group_03_traps/g03t_i07_c750_d4_m5_trap/20260508T165255Z__research_until_25000__lkh_mdmtsp_v4_portfolio__g03t_i07_c750_d4_m5_trap__seed_42__1c3f05150c65.json,skip,,customer_count>10
results/runs/research_until_25000/lkh_mdmtsp_v4_portfolio/research/group_03_traps/g03t_i08_c750_d4_m5_trap/20260508T165505Z__research_until_25000__lkh_mdmtsp_v4_portfolio__g03t_i08_c750_d4_m5_trap__seed_42__30687b410c3e.json,skip,,customer_count>10
results/runs/research_until_25000/lkh_mdmtsp_v4_portfolio/research/group_03_traps/g03t_i09_c750_d3_m4_trap/20260508T165715Z__research_until_25000__lkh_mdmtsp_v4_portfolio__g03t_i09_c750_d3_m4_trap__seed_42__37b003abf5b1.json,skip,,customer_count>10
results/runs/research_until_25000/lkh_mdmtsp_v4_portfolio/research/group_03_traps/g03t_i10_c750_d2_m3_trap/20260508T165922Z__research_until_25000__lkh_mdmtsp_v4_portfolio__g03t_i10_c750_d2_m3_trap__seed_42__4f9aee47df34.json,skip,,customer_count>10
results/runs/research_until_25000/lkh_mdmtsp_v4_portfolio/research/group_03_traps/g03t_i11_c750_d4_m5_trap/20260508T170126Z__research_until_25000__lkh_mdmtsp_v4_portfolio__g03t_i11_c750_d4_m5_trap__seed_42__fa6fdd0789a3.json,skip,,customer_count>10
results/runs/research_until_25000/lkh_mdmtsp_v4_portfolio/research/group_03_traps/g03t_i12_c750_d3_m4_trap/20260508T170337Z__research_until_25000__lkh_mdmtsp_v4_portfolio__g03t_i12_c750_d3_m4_trap__seed_42__c49bd6171edd.json,skip,,customer_count>10
results/runs/research_until_25000/lkh_mdmtsp_v4_portfolio/research/group_03_traps/g03t_i13_c750_d2_m3_trap/20260508T170543Z__research_until_25000__lkh_mdmtsp_v4_portfolio__g03t_i13_c750_d2_m3_trap__seed_42__d864805727d3.json,skip,,customer_count>10
results/runs/research_until_25000/lkh_mdmtsp_v4_portfolio/research/group_03_traps/g03t_i14_c750_d4_m5_trap/20260508T170746Z__research_until_25000__lkh_mdmtsp_v4_portfolio__g03t_i14_c750_d4_m5_trap__seed_42__02226cc2ee7b.json,skip,,customer_count>10
results/runs/research_until_25000/lkh_mdmtsp_v4_portfolio/research/group_03_traps/g03t_i15_c750_d3_m4_trap/20260508T170954Z__research_until_25000__lkh_mdmtsp_v4_portfolio__g03t_i15_c750_d3_m4_trap__seed_42__fd83fbb68ea2.json,skip,,customer_count>10
results/runs/research_until_25000/lkh_mdmtsp_v4_portfolio/research/group_03_traps/g03t_i16_c750_d2_m3_trap/20260508T171200Z__research_until_25000__lkh_mdmtsp_v4_portfolio__g03t_i16_c750_d2_m3_trap__seed_42__e77bf8297e9d.json,skip,,customer_count>10
results/runs/research_until_25000/lkh_mdmtsp_v4_portfolio/research/group_03_traps/g03t_i17_c750_d4_m5_trap/20260508T171402Z__research_until_25000__lkh_mdmtsp_v4_portfolio__g03t_i17_c750_d4_m5_trap__seed_42__d98bf1dba45a.json,skip,,customer_count>10
results/runs/research_until_25000/lkh_mdmtsp_v4_portfolio/research/group_03_traps/g03t_i18_c750_d3_m4_trap/20260508T171612Z__research_until_25000__lkh_mdmtsp_v4_portfolio__g03t_i18_c750_d3_m4_trap__seed_42__d89d5178c1e0.json,skip,,customer_count>10
results/runs/research_until_25000/lkh_mdmtsp_v4_portfolio/research/group_03_traps/g03t_i19_c750_d4_m5_trap/20260508T171818Z__research_until_25000__lkh_mdmtsp_v4_portfolio__g03t_i19_c750_d4_m5_trap__seed_42__f77eca93ce25.json,skip,,customer_count>10
results/runs/research_until_25000/lkh_mdmtsp_v4_portfolio/research/group_03_traps/g03t_i20_c750_d3_m4_trap/20260508T172027Z__research_until_25000__lkh_mdmtsp_v4_portfolio__g03t_i20_c750_d3_m4_trap__seed_42__70829d0f091c.json,skip,,customer_count>10
results/runs/research_until_25000/lkh_mdmtsp_v4_portfolio/research/group_03_traps/g03t_i21_c750_d4_m5_trap/20260508T172236Z__research_until_25000__lkh_mdmtsp_v4_portfolio__g03t_i21_c750_d4_m5_trap__seed_42__f1f4936a78a1.json,skip,,customer_count>10
results/runs/research_until_25000/lkh_mdmtsp_v4_portfolio/research/group_03_traps/g03t_i22_c750_d3_m4_trap/20260508T172445Z__research_until_25000__lkh_mdmtsp_v4_portfolio__g03t_i22_c750_d3_m4_trap__seed_42__6ffd1e15344a.json,skip,,customer_count>10
results/runs/research_until_25000/lkh_mdmtsp_v4_portfolio/research/group_03_traps/g03t_i23_c750_d4_m5_trap/20260508T172653Z__research_until_25000__lkh_mdmtsp_v4_portfolio__g03t_i23_c750_d4_m5_trap__seed_42__91b6c0ddb3f4.json,skip,,customer_count>10
results/runs/research_until_25000/lkh_mdmtsp_v4_portfolio/research/group_03_traps/g03t_i24_c750_d3_m4_trap/20260508T172904Z__research_until_25000__lkh_mdmtsp_v4_portfolio__g03t_i24_c750_d3_m4_trap__seed_42__861ec4b4554f.json,skip,,customer_count>10
results/runs/research_until_25000/lkh_mdmtsp_v4_portfolio/research/group_03_traps/g03t_i25_c750_d2_m3_trap/20260508T173110Z__research_until_25000__lkh_mdmtsp_v4_portfolio__g03t_i25_c750_d2_m3_trap__seed_42__e4b37a56d2da.json,skip,,customer_count>10
results/runs/research_until_25000/lkh_mdmtsp_v5_portfolio/research/group_01/g01_i01_c10_d1_m3_random/20260508T235446Z__research_until_25000__lkh_mdmtsp_v5_portfolio__g01_i01_c10_d1_m3_random__seed_42__7655be55270d.json,rendered,results/plots/solutions/research_until_25000/lkh_mdmtsp_v5_portfolio/research/group_01/g01_i01_c10_d1_m3_random/20260508T235446Z__research_until_25000__lkh_mdmtsp_v5_portfolio__g01_i01_c10_d1_m3_random__seed_42__7655be55270d.png,
results/runs/research_until_25000/lkh_mdmtsp_v5_portfolio/research/group_01/g01_i01_c10_d1_m3_random/20260509T000847Z__research_until_25000__lkh_mdmtsp_v5_portfolio__g01_i01_c10_d1_m3_random__seed_42__45c256fb65ed.json,rendered,results/plots/solutions/research_until_25000/lkh_mdmtsp_v5_portfolio/research/group_01/g01_i01_c10_d1_m3_random/20260509T000847Z__research_until_25000__lkh_mdmtsp_v5_portfolio__g01_i01_c10_d1_m3_random__seed_42__45c256fb65ed.png,
results/runs/research_until_25000/lkh_mdmtsp_v5_portfolio/research/group_01/g01_i02_c10_d1_m3_random/20260508T235446Z__research_until_25000__lkh_mdmtsp_v5_portfolio__g01_i02_c10_d1_m3_random__seed_42__f6546f2bd236.json,rendered,results/plots/solutions/research_until_25000/lkh_mdmtsp_v5_portfolio/research/group_01/g01_i02_c10_d1_m3_random/20260508T235446Z__research_until_25000__lkh_mdmtsp_v5_portfolio__g01_i02_c10_d1_m3_random__seed_42__f6546f2bd236.png,
results/runs/research_until_25000/lkh_mdmtsp_v5_portfolio/research/group_01/g01_i02_c10_d1_m3_random/20260509T000848Z__research_until_25000__lkh_mdmtsp_v5_portfolio__g01_i02_c10_d1_m3_random__seed_42__2858fec14468.json,rendered,results/plots/solutions/research_until_25000/lkh_mdmtsp_v5_portfolio/research/group_01/g01_i02_c10_d1_m3_random/20260509T000848Z__research_until_25000__lkh_mdmtsp_v5_portfolio__g01_i02_c10_d1_m3_random__seed_42__2858fec14468.png,
results/runs/research_until_25000/lkh_mdmtsp_v5_portfolio/research/group_01/g01_i03_c10_d2_m6_random/20260508T235446Z__research_until_25000__lkh_mdmtsp_v5_portfolio__g01_i03_c10_d2_m6_random__seed_42__68825f4aed5c.json,rendered,results/plots/solutions/research_until_25000/lkh_mdmtsp_v5_portfolio/research/group_01/g01_i03_c10_d2_m6_random/20260508T235446Z__research_until_25000__lkh_mdmtsp_v5_portfolio__g01_i03_c10_d2_m6_random__seed_42__68825f4aed5c.png,
results/runs/research_until_25000/lkh_mdmtsp_v5_portfolio/research/group_01/g01_i03_c10_d2_m6_random/20260509T000848Z__research_until_25000__lkh_mdmtsp_v5_portfolio__g01_i03_c10_d2_m6_random__seed_42__2fff6119bbfc.json,rendered,results/plots/solutions/research_until_25000/lkh_mdmtsp_v5_portfolio/research/group_01/g01_i03_c10_d2_m6_random/20260509T000848Z__research_until_25000__lkh_mdmtsp_v5_portfolio__g01_i03_c10_d2_m6_random__seed_42__2fff6119bbfc.png,
results/runs/research_until_25000/lkh_mdmtsp_v5_portfolio/research/group_01/g01_i04_c10_d2_m5_random/20260508T235446Z__research_until_25000__lkh_mdmtsp_v5_portfolio__g01_i04_c10_d2_m5_random__seed_42__e9892f72a1ee.json,rendered,results/plots/solutions/research_until_25000/lkh_mdmtsp_v5_portfolio/research/group_01/g01_i04_c10_d2_m5_random/20260508T235446Z__research_until_25000__lkh_mdmtsp_v5_portfolio__g01_i04_c10_d2_m5_random__seed_42__e9892f72a1ee.png,
results/runs/research_until_25000/lkh_mdmtsp_v5_portfolio/research/group_01/g01_i04_c10_d2_m5_random/20260509T000848Z__research_until_25000__lkh_mdmtsp_v5_portfolio__g01_i04_c10_d2_m5_random__seed_42__b11a359bdd50.json,rendered,results/plots/solutions/research_until_25000/lkh_mdmtsp_v5_portfolio/research/group_01/g01_i04_c10_d2_m5_random/20260509T000848Z__research_until_25000__lkh_mdmtsp_v5_portfolio__g01_i04_c10_d2_m5_random__seed_42__b11a359bdd50.png,
results/runs/research_until_25000/lkh_mdmtsp_v5_portfolio/research/group_01/g01_i05_c10_d2_m4_random/20260508T235446Z__research_until_25000__lkh_mdmtsp_v5_portfolio__g01_i05_c10_d2_m4_random__seed_42__4b9ca7ca8cc7.json,rendered,results/plots/solutions/research_until_25000/lkh_mdmtsp_v5_portfolio/research/group_01/g01_i05_c10_d2_m4_random/20260508T235446Z__research_until_25000__lkh_mdmtsp_v5_portfolio__g01_i05_c10_d2_m4_random__seed_42__4b9ca7ca8cc7.png,
results/runs/research_until_25000/lkh_mdmtsp_v5_portfolio/research/group_01/g01_i05_c10_d2_m4_random/20260509T000848Z__research_until_25000__lkh_mdmtsp_v5_portfolio__g01_i05_c10_d2_m4_random__seed_42__3ffb57405f06.json,rendered,results/plots/solutions/research_until_25000/lkh_mdmtsp_v5_portfolio/research/group_01/g01_i05_c10_d2_m4_random/20260509T000848Z__research_until_25000__lkh_mdmtsp_v5_portfolio__g01_i05_c10_d2_m4_random__seed_42__3ffb57405f06.png,
results/runs/research_until_25000/lkh_mdmtsp_v5_portfolio/research/group_01/g01_i06_c10_d3_m4_random/20260508T235446Z__research_until_25000__lkh_mdmtsp_v5_portfolio__g01_i06_c10_d3_m4_random__seed_42__f0a9e8df9d3c.json,rendered,results/plots/solutions/research_until_25000/lkh_mdmtsp_v5_portfolio/research/group_01/g01_i06_c10_d3_m4_random/20260508T235446Z__research_until_25000__lkh_mdmtsp_v5_portfolio__g01_i06_c10_d3_m4_random__seed_42__f0a9e8df9d3c.png,
results/runs/research_until_25000/lkh_mdmtsp_v5_portfolio/research/group_01/g01_i06_c10_d3_m4_random/20260509T000848Z__research_until_25000__lkh_mdmtsp_v5_portfolio__g01_i06_c10_d3_m4_random__seed_42__afac98153c02.json,rendered,results/plots/solutions/research_until_25000/lkh_mdmtsp_v5_portfolio/research/group_01/g01_i06_c10_d3_m4_random/20260509T000848Z__research_until_25000__lkh_mdmtsp_v5_portfolio__g01_i06_c10_d3_m4_random__seed_42__afac98153c02.png,
results/runs/research_until_25000/lkh_mdmtsp_v5_portfolio/research/group_01/g01_i07_c10_d3_m5_random/20260508T235446Z__research_until_25000__lkh_mdmtsp_v5_portfolio__g01_i07_c10_d3_m5_random__seed_42__073eef72bfb9.json,rendered,results/plots/solutions/research_until_25000/lkh_mdmtsp_v5_portfolio/research/group_01/g01_i07_c10_d3_m5_random/20260508T235446Z__research_until_25000__lkh_mdmtsp_v5_portfolio__g01_i07_c10_d3_m5_random__seed_42__073eef72bfb9.png,
results/runs/research_until_25000/lkh_mdmtsp_v5_portfolio/research/group_01/g01_i07_c10_d3_m5_random/20260509T000848Z__research_until_25000__lkh_mdmtsp_v5_portfolio__g01_i07_c10_d3_m5_random__seed_42__62fc6e5dab58.json,rendered,results/plots/solutions/research_until_25000/lkh_mdmtsp_v5_portfolio/research/group_01/g01_i07_c10_d3_m5_random/20260509T000848Z__research_until_25000__lkh_mdmtsp_v5_portfolio__g01_i07_c10_d3_m5_random__seed_42__62fc6e5dab58.png,
results/runs/research_until_25000/lkh_mdmtsp_v5_portfolio/research/group_01/g01_i08_c10_d2_m2_random/20260508T235446Z__research_until_25000__lkh_mdmtsp_v5_portfolio__g01_i08_c10_d2_m2_random__seed_42__ef31e40abd88.json,rendered,results/plots/solutions/research_until_25000/lkh_mdmtsp_v5_portfolio/research/group_01/g01_i08_c10_d2_m2_random/20260508T235446Z__research_until_25000__lkh_mdmtsp_v5_portfolio__g01_i08_c10_d2_m2_random__seed_42__ef31e40abd88.png,
results/runs/research_until_25000/lkh_mdmtsp_v5_portfolio/research/group_01/g01_i08_c10_d2_m2_random/20260509T000848Z__research_until_25000__lkh_mdmtsp_v5_portfolio__g01_i08_c10_d2_m2_random__seed_42__7db9531813b4.json,rendered,results/plots/solutions/research_until_25000/lkh_mdmtsp_v5_portfolio/research/group_01/g01_i08_c10_d2_m2_random/20260509T000848Z__research_until_25000__lkh_mdmtsp_v5_portfolio__g01_i08_c10_d2_m2_random__seed_42__7db9531813b4.png,
results/runs/research_until_25000/lkh_mdmtsp_v5_portfolio/research/group_01/g01_i09_c10_d3_m3_random/20260508T235446Z__research_until_25000__lkh_mdmtsp_v5_portfolio__g01_i09_c10_d3_m3_random__seed_42__99a1c17a3296.json,rendered,results/plots/solutions/research_until_25000/lkh_mdmtsp_v5_portfolio/research/group_01/g01_i09_c10_d3_m3_random/20260508T235446Z__research_until_25000__lkh_mdmtsp_v5_portfolio__g01_i09_c10_d3_m3_random__seed_42__99a1c17a3296.png,
results/runs/research_until_25000/lkh_mdmtsp_v5_portfolio/research/group_01/g01_i09_c10_d3_m3_random/20260509T000848Z__research_until_25000__lkh_mdmtsp_v5_portfolio__g01_i09_c10_d3_m3_random__seed_42__48981dfd7fac.json,rendered,results/plots/solutions/research_until_25000/lkh_mdmtsp_v5_portfolio/research/group_01/g01_i09_c10_d3_m3_random/20260509T000848Z__research_until_25000__lkh_mdmtsp_v5_portfolio__g01_i09_c10_d3_m3_random__seed_42__48981dfd7fac.png,
results/runs/research_until_25000/lkh_mdmtsp_v5_portfolio/research/group_01/g01_i10_c10_d1_m1_random/20260508T235446Z__research_until_25000__lkh_mdmtsp_v5_portfolio__g01_i10_c10_d1_m1_random__seed_42__ba335bf3f7f8.json,rendered,results/plots/solutions/research_until_25000/lkh_mdmtsp_v5_portfolio/research/group_01/g01_i10_c10_d1_m1_random/20260508T235446Z__research_until_25000__lkh_mdmtsp_v5_portfolio__g01_i10_c10_d1_m1_random__seed_42__ba335bf3f7f8.png,
results/runs/research_until_25000/lkh_mdmtsp_v5_portfolio/research/group_01/g01_i10_c10_d1_m1_random/20260509T000848Z__research_until_25000__lkh_mdmtsp_v5_portfolio__g01_i10_c10_d1_m1_random__seed_42__ae9a87eba6ee.json,rendered,results/plots/solutions/research_until_25000/lkh_mdmtsp_v5_portfolio/research/group_01/g01_i10_c10_d1_m1_random/20260509T000848Z__research_until_25000__lkh_mdmtsp_v5_portfolio__g01_i10_c10_d1_m1_random__seed_42__ae9a87eba6ee.png,
results/runs/research_until_25000/lkh_mdmtsp_v5_portfolio/research/group_02/g02_i01_c50_d5_m23_random/20260508T235446Z__research_until_25000__lkh_mdmtsp_v5_portfolio__g02_i01_c50_d5_m23_random__seed_42__54414acccc40.json,skip,,customer_count>10
results/runs/research_until_25000/lkh_mdmtsp_v5_portfolio/research/group_02/g02_i01_c50_d5_m23_random/20260509T000848Z__research_until_25000__lkh_mdmtsp_v5_portfolio__g02_i01_c50_d5_m23_random__seed_42__de0cfbb84391.json,skip,,customer_count>10
results/runs/research_until_25000/lkh_mdmtsp_v5_portfolio/research/group_02/g02_i02_c50_d3_m3_random/20260508T235513Z__research_until_25000__lkh_mdmtsp_v5_portfolio__g02_i02_c50_d3_m3_random__seed_42__56c91f815c24.json,skip,,customer_count>10
results/runs/research_until_25000/lkh_mdmtsp_v5_portfolio/research/group_02/g02_i02_c50_d3_m3_random/20260509T000848Z__research_until_25000__lkh_mdmtsp_v5_portfolio__g02_i02_c50_d3_m3_random__seed_42__6d2db112fa3c.json,skip,,customer_count>10
results/runs/research_until_25000/lkh_mdmtsp_v5_portfolio/research/group_02/g02_i03_c50_d4_m19_random/20260508T235514Z__research_until_25000__lkh_mdmtsp_v5_portfolio__g02_i03_c50_d4_m19_random__seed_42__1cbbd7eb4d10.json,skip,,customer_count>10
results/runs/research_until_25000/lkh_mdmtsp_v5_portfolio/research/group_02/g02_i03_c50_d4_m19_random/20260509T000848Z__research_until_25000__lkh_mdmtsp_v5_portfolio__g02_i03_c50_d4_m19_random__seed_42__28ab68275141.json,skip,,customer_count>10
results/runs/research_until_25000/lkh_mdmtsp_v5_portfolio/research/group_02/g02_i04_c50_d4_m10_random/20260508T235522Z__research_until_25000__lkh_mdmtsp_v5_portfolio__g02_i04_c50_d4_m10_random__seed_42__c39ea829987f.json,skip,,customer_count>10
results/runs/research_until_25000/lkh_mdmtsp_v5_portfolio/research/group_02/g02_i04_c50_d4_m10_random/20260509T000848Z__research_until_25000__lkh_mdmtsp_v5_portfolio__g02_i04_c50_d4_m10_random__seed_42__85794f50c82c.json,skip,,customer_count>10
results/runs/research_until_25000/lkh_mdmtsp_v5_portfolio/research/group_02/g02_i05_c50_d3_m7_random/20260508T235532Z__research_until_25000__lkh_mdmtsp_v5_portfolio__g02_i05_c50_d3_m7_random__seed_42__a2d67a5e4dda.json,skip,,customer_count>10
results/runs/research_until_25000/lkh_mdmtsp_v5_portfolio/research/group_02/g02_i05_c50_d3_m7_random/20260509T000848Z__research_until_25000__lkh_mdmtsp_v5_portfolio__g02_i05_c50_d3_m7_random__seed_42__e78e4027137a.json,skip,,customer_count>10
results/runs/research_until_25000/lkh_mdmtsp_v5_portfolio/research/group_02/g02_i06_c50_d4_m6_random/20260508T235532Z__research_until_25000__lkh_mdmtsp_v5_portfolio__g02_i06_c50_d4_m6_random__seed_42__f6847a7e55bd.json,skip,,customer_count>10
results/runs/research_until_25000/lkh_mdmtsp_v5_portfolio/research/group_02/g02_i06_c50_d4_m6_random/20260509T000848Z__research_until_25000__lkh_mdmtsp_v5_portfolio__g02_i06_c50_d4_m6_random__seed_42__894938d699b5.json,skip,,customer_count>10
results/runs/research_until_25000/lkh_mdmtsp_v5_portfolio/research/group_02/g02_i07_c50_d4_m5_random/20260508T235535Z__research_until_25000__lkh_mdmtsp_v5_portfolio__g02_i07_c50_d4_m5_random__seed_42__ba50122eed2a.json,skip,,customer_count>10
results/runs/research_until_25000/lkh_mdmtsp_v5_portfolio/research/group_02/g02_i07_c50_d4_m5_random/20260509T000848Z__research_until_25000__lkh_mdmtsp_v5_portfolio__g02_i07_c50_d4_m5_random__seed_42__c25a2cadcf3a.json,skip,,customer_count>10
results/runs/research_until_25000/lkh_mdmtsp_v5_portfolio/research/group_02/g02_i08_c50_d4_m11_random/20260508T235552Z__research_until_25000__lkh_mdmtsp_v5_portfolio__g02_i08_c50_d4_m11_random__seed_42__cffb7f3ee1e4.json,skip,,customer_count>10
results/runs/research_until_25000/lkh_mdmtsp_v5_portfolio/research/group_02/g02_i08_c50_d4_m11_random/20260509T000848Z__research_until_25000__lkh_mdmtsp_v5_portfolio__g02_i08_c50_d4_m11_random__seed_42__40942c0d80c1.json,skip,,customer_count>10
results/runs/research_until_25000/lkh_mdmtsp_v5_portfolio/research/group_02/g02_i09_c50_d5_m10_random/20260508T235601Z__research_until_25000__lkh_mdmtsp_v5_portfolio__g02_i09_c50_d5_m10_random__seed_42__374c109f8ba1.json,skip,,customer_count>10
results/runs/research_until_25000/lkh_mdmtsp_v5_portfolio/research/group_02/g02_i09_c50_d5_m10_random/20260509T000848Z__research_until_25000__lkh_mdmtsp_v5_portfolio__g02_i09_c50_d5_m10_random__seed_42__c16e7608da9a.json,skip,,customer_count>10
results/runs/research_until_25000/lkh_mdmtsp_v5_portfolio/research/group_02/g02_i10_c50_d4_m20_random/20260508T235619Z__research_until_25000__lkh_mdmtsp_v5_portfolio__g02_i10_c50_d4_m20_random__seed_42__019c64802c2b.json,skip,,customer_count>10
results/runs/research_until_25000/lkh_mdmtsp_v5_portfolio/research/group_02/g02_i10_c50_d4_m20_random/20260509T000848Z__research_until_25000__lkh_mdmtsp_v5_portfolio__g02_i10_c50_d4_m20_random__seed_42__bc8de4f4d933.json,skip,,customer_count>10
results/runs/research_until_25000/lkh_mdmtsp_v5_portfolio/research/group_03/g03_i01_c500_d5_m21_random/20260509T000848Z__research_until_25000__lkh_mdmtsp_v5_portfolio__g03_i01_c500_d5_m21_random__seed_42__c664fbf769ca.json,skip,,customer_count>10
results/runs/research_until_25000/lkh_mdmtsp_v5_portfolio/research/group_03/g03_i02_c500_d3_m10_random/20260509T000901Z__research_until_25000__lkh_mdmtsp_v5_portfolio__g03_i02_c500_d3_m10_random__seed_42__1695250d069e.json,skip,,customer_count>10
results/runs/research_until_25000/lkh_mdmtsp_v5_portfolio/research/group_03/g03_i03_c500_d3_m12_random/20260509T000912Z__research_until_25000__lkh_mdmtsp_v5_portfolio__g03_i03_c500_d3_m12_random__seed_42__7fcddde01b83.json,skip,,customer_count>10
results/runs/research_until_25000/lkh_mdmtsp_v5_portfolio/research/group_03/g03_i04_c500_d5_m19_random/20260509T000923Z__research_until_25000__lkh_mdmtsp_v5_portfolio__g03_i04_c500_d5_m19_random__seed_42__6e999ee9852e.json,skip,,customer_count>10
results/runs/research_until_25000/lkh_mdmtsp_v5_portfolio/research/group_03/g03_i05_c500_d3_m6_random/20260509T000936Z__research_until_25000__lkh_mdmtsp_v5_portfolio__g03_i05_c500_d3_m6_random__seed_42__d75b5878ee8c.json,skip,,customer_count>10
results/runs/research_until_25000/lkh_mdmtsp_v5_portfolio/research/group_03/g03_i06_c500_d3_m3_random/20260509T000946Z__research_until_25000__lkh_mdmtsp_v5_portfolio__g03_i06_c500_d3_m3_random__seed_42__c6c19087d238.json,skip,,customer_count>10
results/runs/research_until_25000/lkh_mdmtsp_v5_portfolio/research/group_03/g03_i07_c500_d5_m20_random/20260509T000956Z__research_until_25000__lkh_mdmtsp_v5_portfolio__g03_i07_c500_d5_m20_random__seed_42__2ee32b3a7a72.json,skip,,customer_count>10
results/runs/research_until_25000/lkh_mdmtsp_v5_portfolio/research/group_03/g03_i08_c500_d3_m7_random/20260509T001009Z__research_until_25000__lkh_mdmtsp_v5_portfolio__g03_i08_c500_d3_m7_random__seed_42__e35c6fdb6090.json,skip,,customer_count>10
results/runs/research_until_25000/lkh_mdmtsp_v5_portfolio/research/group_03/g03_i09_c500_d4_m8_random/20260509T001017Z__research_until_25000__lkh_mdmtsp_v5_portfolio__g03_i09_c500_d4_m8_random__seed_42__fc64a189f673.json,skip,,customer_count>10
results/runs/research_until_25000/lkh_mdmtsp_v5_portfolio/research/group_03/g03_i10_c500_d5_m18_random/20260509T001028Z__research_until_25000__lkh_mdmtsp_v5_portfolio__g03_i10_c500_d5_m18_random__seed_42__659b88e33498.json,skip,,customer_count>10
results/runs/research_until_25000/lkh_mdmtsp_v5_portfolio/research/group_03/g03_i11_c500_d4_m12_adversarial/20260509T001041Z__research_until_25000__lkh_mdmtsp_v5_portfolio__g03_i11_c500_d4_m12_adversarial__seed_42__6e26c28f3d9f.json,skip,,customer_count>10
results/runs/research_until_25000/lkh_mdmtsp_v5_portfolio/research/group_03/g03_i12_c500_d4_m13_adversarial/20260509T001052Z__research_until_25000__lkh_mdmtsp_v5_portfolio__g03_i12_c500_d4_m13_adversarial__seed_42__d79ec94a5b4d.json,skip,,customer_count>10
results/runs/research_until_25000/lkh_mdmtsp_v5_portfolio/research/group_03/g03_i13_c500_d4_m12_adversarial/20260509T001101Z__research_until_25000__lkh_mdmtsp_v5_portfolio__g03_i13_c500_d4_m12_adversarial__seed_42__9eb3b21ddb4d.json,skip,,customer_count>10
results/runs/research_until_25000/lkh_mdmtsp_v5_portfolio/research/group_03/g03_i14_c500_d4_m13_adversarial/20260509T001113Z__research_until_25000__lkh_mdmtsp_v5_portfolio__g03_i14_c500_d4_m13_adversarial__seed_42__3e2fc6b44fdf.json,skip,,customer_count>10
results/runs/research_until_25000/lkh_mdmtsp_v5_portfolio/research/group_03/g03_i15_c500_d5_m15_adversarial/20260509T001122Z__research_until_25000__lkh_mdmtsp_v5_portfolio__g03_i15_c500_d5_m15_adversarial__seed_42__6908c1ef5008.json,skip,,customer_count>10
results/runs/research_until_25000/lkh_mdmtsp_v5_portfolio/research/group_03/g03_i16_c500_d4_m12_adversarial/20260509T001134Z__research_until_25000__lkh_mdmtsp_v5_portfolio__g03_i16_c500_d4_m12_adversarial__seed_42__e213f3b180aa.json,skip,,customer_count>10
results/runs/research_until_25000/lkh_mdmtsp_v5_portfolio/research/group_03/g03_i17_c500_d4_m13_adversarial/20260509T001145Z__research_until_25000__lkh_mdmtsp_v5_portfolio__g03_i17_c500_d4_m13_adversarial__seed_42__08c4fe2ce6c2.json,skip,,customer_count>10
results/runs/research_until_25000/lkh_mdmtsp_v5_portfolio/research/group_03/g03_i18_c500_d5_m15_adversarial/20260509T001157Z__research_until_25000__lkh_mdmtsp_v5_portfolio__g03_i18_c500_d5_m15_adversarial__seed_42__f573766f81ab.json,skip,,customer_count>10
results/runs/research_until_25000/lkh_mdmtsp_v5_portfolio/research/group_03/g03_i19_c500_d4_m12_adversarial/20260509T001209Z__research_until_25000__lkh_mdmtsp_v5_portfolio__g03_i19_c500_d4_m12_adversarial__seed_42__54199da99774.json,skip,,customer_count>10
results/runs/research_until_25000/lkh_mdmtsp_v5_portfolio/research/group_03/g03_i20_c500_d4_m13_adversarial/20260509T001221Z__research_until_25000__lkh_mdmtsp_v5_portfolio__g03_i20_c500_d4_m13_adversarial__seed_42__400530ba80b6.json,skip,,customer_count>10
results/runs/research_until_25000/lkh_mdmtsp_v5_portfolio/research/group_03/g03_i21_c500_d5_m15_adversarial/20260509T001233Z__research_until_25000__lkh_mdmtsp_v5_portfolio__g03_i21_c500_d5_m15_adversarial__seed_42__28a4097b6df5.json,skip,,customer_count>10
results/runs/research_until_25000/lkh_mdmtsp_v5_portfolio/research/group_03/g03_i22_c500_d4_m12_adversarial/20260509T001245Z__research_until_25000__lkh_mdmtsp_v5_portfolio__g03_i22_c500_d4_m12_adversarial__seed_42__f26a13415352.json,skip,,customer_count>10
results/runs/research_until_25000/lkh_mdmtsp_v5_portfolio/research/group_03/g03_i23_c500_d4_m13_adversarial/20260509T001256Z__research_until_25000__lkh_mdmtsp_v5_portfolio__g03_i23_c500_d4_m13_adversarial__seed_42__7aa7cd0a28f0.json,skip,,customer_count>10
results/runs/research_until_25000/lkh_mdmtsp_v5_portfolio/research/group_03/g03_i24_c500_d5_m15_adversarial/20260509T001308Z__research_until_25000__lkh_mdmtsp_v5_portfolio__g03_i24_c500_d5_m15_adversarial__seed_42__05ab3fcee55e.json,skip,,customer_count>10
results/runs/research_until_25000/lkh_mdmtsp_v5_portfolio/research/group_03/g03_i25_c500_d4_m12_adversarial/20260509T001321Z__research_until_25000__lkh_mdmtsp_v5_portfolio__g03_i25_c500_d4_m12_adversarial__seed_42__44d6778a4b91.json,skip,,customer_count>10
results/runs/research_until_25000/lkh_mdmtsp_v5_portfolio/research/group_03/g03_i26_c500_d5_m14_adversarial/20260509T001330Z__research_until_25000__lkh_mdmtsp_v5_portfolio__g03_i26_c500_d5_m14_adversarial__seed_42__f8588bf544c9.json,skip,,customer_count>10
results/runs/research_until_25000/lkh_mdmtsp_v5_portfolio/research/group_03/g03_i27_c500_d4_m12_adversarial/20260509T001342Z__research_until_25000__lkh_mdmtsp_v5_portfolio__g03_i27_c500_d4_m12_adversarial__seed_42__2405bcd1b18a.json,skip,,customer_count>10
results/runs/research_until_25000/lkh_mdmtsp_v5_portfolio/research/group_03/g03_i28_c500_d5_m14_adversarial/20260509T001353Z__research_until_25000__lkh_mdmtsp_v5_portfolio__g03_i28_c500_d5_m14_adversarial__seed_42__a78fb466dde2.json,skip,,customer_count>10
results/runs/research_until_25000/lkh_mdmtsp_v5_portfolio/research/group_03/g03_i29_c500_d4_m12_adversarial/20260509T001405Z__research_until_25000__lkh_mdmtsp_v5_portfolio__g03_i29_c500_d4_m12_adversarial__seed_42__8ae39aaf5a7b.json,skip,,customer_count>10
results/runs/research_until_25000/lkh_mdmtsp_v5_portfolio/research/group_03/g03_i30_c500_d5_m14_adversarial/20260509T001414Z__research_until_25000__lkh_mdmtsp_v5_portfolio__g03_i30_c500_d5_m14_adversarial__seed_42__82904631c398.json,skip,,customer_count>10
results/runs/research_until_25000/lkh_mdmtsp_v5_portfolio/research/group_03/g03_i31_c500_d4_m12_adversarial/20260509T001426Z__research_until_25000__lkh_mdmtsp_v5_portfolio__g03_i31_c500_d4_m12_adversarial__seed_42__12c2541ed924.json,skip,,customer_count>10
results/runs/research_until_25000/lkh_mdmtsp_v5_portfolio/research/group_03/g03_i32_c500_d5_m14_adversarial/20260509T001437Z__research_until_25000__lkh_mdmtsp_v5_portfolio__g03_i32_c500_d5_m14_adversarial__seed_42__6f2d9fd0875b.json,skip,,customer_count>10
results/runs/research_until_25000/lkh_mdmtsp_v5_portfolio/research/group_03/g03_i33_c500_d4_m13_adversarial/20260509T001449Z__research_until_25000__lkh_mdmtsp_v5_portfolio__g03_i33_c500_d4_m13_adversarial__seed_42__d0be06745cb2.json,skip,,customer_count>10
results/runs/research_until_25000/lkh_mdmtsp_v5_portfolio/research/group_03/g03_i34_c500_d5_m16_adversarial/20260509T001501Z__research_until_25000__lkh_mdmtsp_v5_portfolio__g03_i34_c500_d5_m16_adversarial__seed_42__6d25e537e5e8.json,skip,,customer_count>10
results/runs/research_until_25000/lkh_mdmtsp_v5_portfolio/research/group_03/g03_i35_c500_d4_m13_adversarial/20260509T001514Z__research_until_25000__lkh_mdmtsp_v5_portfolio__g03_i35_c500_d4_m13_adversarial__seed_42__18f89535d365.json,skip,,customer_count>10
results/runs/research_until_25000/lkh_mdmtsp_v5_portfolio/research/group_03/g03_i36_c500_d5_m16_adversarial/20260509T001525Z__research_until_25000__lkh_mdmtsp_v5_portfolio__g03_i36_c500_d5_m16_adversarial__seed_42__5a69be9997c2.json,skip,,customer_count>10
results/runs/research_until_25000/lkh_mdmtsp_v5_portfolio/research/group_03/g03_i37_c500_d4_m13_adversarial/20260509T001538Z__research_until_25000__lkh_mdmtsp_v5_portfolio__g03_i37_c500_d4_m13_adversarial__seed_42__3dcc720aeef2.json,skip,,customer_count>10
results/runs/research_until_25000/lkh_mdmtsp_v5_portfolio/research/group_03/g03_i38_c500_d5_m16_adversarial/20260509T001549Z__research_until_25000__lkh_mdmtsp_v5_portfolio__g03_i38_c500_d5_m16_adversarial__seed_42__9ce82cdcc72b.json,skip,,customer_count>10
results/runs/research_until_25000/lkh_mdmtsp_v5_portfolio/research/group_03/g03_i39_c500_d4_m13_adversarial/20260509T001602Z__research_until_25000__lkh_mdmtsp_v5_portfolio__g03_i39_c500_d4_m13_adversarial__seed_42__07ce46e0f653.json,skip,,customer_count>10
results/runs/research_until_25000/lkh_mdmtsp_v5_portfolio/research/group_03/g03_i40_c500_d5_m16_adversarial/20260509T001613Z__research_until_25000__lkh_mdmtsp_v5_portfolio__g03_i40_c500_d5_m16_adversarial__seed_42__0a4f00c0e00b.json,skip,,customer_count>10
results/runs/research_until_25000/lkh_mdmtsp_v5_portfolio/research/group_03/g03_i41_c500_d4_m12_adversarial/20260509T001626Z__research_until_25000__lkh_mdmtsp_v5_portfolio__g03_i41_c500_d4_m12_adversarial__seed_42__390a72051c84.json,skip,,customer_count>10
results/runs/research_until_25000/lkh_mdmtsp_v5_portfolio/research/group_03/g03_i42_c500_d5_m14_adversarial/20260509T001634Z__research_until_25000__lkh_mdmtsp_v5_portfolio__g03_i42_c500_d5_m14_adversarial__seed_42__33ecb53ff36a.json,skip,,customer_count>10
results/runs/research_until_25000/lkh_mdmtsp_v5_portfolio/research/group_03/g03_i43_c500_d4_m12_adversarial/20260509T001643Z__research_until_25000__lkh_mdmtsp_v5_portfolio__g03_i43_c500_d4_m12_adversarial__seed_42__34e63f0589ad.json,skip,,customer_count>10
results/runs/research_until_25000/lkh_mdmtsp_v5_portfolio/research/group_03/g03_i44_c500_d5_m14_adversarial/20260509T001654Z__research_until_25000__lkh_mdmtsp_v5_portfolio__g03_i44_c500_d5_m14_adversarial__seed_42__dcee49643db8.json,skip,,customer_count>10
results/runs/research_until_25000/lkh_mdmtsp_v5_portfolio/research/group_03/g03_i45_c500_d4_m12_adversarial/20260509T001706Z__research_until_25000__lkh_mdmtsp_v5_portfolio__g03_i45_c500_d4_m12_adversarial__seed_42__ab6c7bcf9d83.json,skip,,customer_count>10
results/runs/research_until_25000/lkh_mdmtsp_v5_portfolio/research/group_03/g03_i46_c500_d5_m14_adversarial/20260509T001717Z__research_until_25000__lkh_mdmtsp_v5_portfolio__g03_i46_c500_d5_m14_adversarial__seed_42__2d6913deaacd.json,skip,,customer_count>10
results/runs/research_until_25000/lkh_mdmtsp_v5_portfolio/research/group_03/g03_i47_c500_d4_m12_adversarial/20260509T001726Z__research_until_25000__lkh_mdmtsp_v5_portfolio__g03_i47_c500_d4_m12_adversarial__seed_42__7d3874ef8847.json,skip,,customer_count>10
results/runs/research_until_25000/lkh_mdmtsp_v5_portfolio/research/group_03/g03_i48_c500_d4_m13_adversarial/20260509T001734Z__research_until_25000__lkh_mdmtsp_v5_portfolio__g03_i48_c500_d4_m13_adversarial__seed_42__a813585a4ced.json,skip,,customer_count>10
results/runs/research_until_25000/lkh_mdmtsp_v5_portfolio/research/group_03/g03_i49_c500_d5_m15_adversarial/20260509T001743Z__research_until_25000__lkh_mdmtsp_v5_portfolio__g03_i49_c500_d5_m15_adversarial__seed_42__05c48bae7469.json,skip,,customer_count>10
results/runs/research_until_25000/lkh_mdmtsp_v5_portfolio/research/group_03/g03_i50_c500_d4_m12_adversarial/20260509T001755Z__research_until_25000__lkh_mdmtsp_v5_portfolio__g03_i50_c500_d4_m12_adversarial__seed_42__6c4600f24c45.json,skip,,customer_count>10
results/runs/research_until_25000/lkh_mdmtsp_v5_portfolio/research/group_03/g03_i51_c500_d4_m13_adversarial/20260509T001803Z__research_until_25000__lkh_mdmtsp_v5_portfolio__g03_i51_c500_d4_m13_adversarial__seed_42__ff7983e38fc9.json,skip,,customer_count>10
results/runs/research_until_25000/lkh_mdmtsp_v5_portfolio/research/group_03/g03_i52_c500_d5_m15_adversarial/20260509T001814Z__research_until_25000__lkh_mdmtsp_v5_portfolio__g03_i52_c500_d5_m15_adversarial__seed_42__84ceebb0aa06.json,skip,,customer_count>10
results/runs/research_until_25000/lkh_mdmtsp_v5_portfolio/research/group_03_hard/g03h_i01_c500_d3_m5_hard_adversarial/20260509T001826Z__research_until_25000__lkh_mdmtsp_v5_portfolio__g03h_i01_c500_d3_m5_hard_adversarial__seed_42__bd3068a57840.json,skip,,customer_count>10
results/runs/research_until_25000/lkh_mdmtsp_v5_portfolio/research/group_03_hard/g03h_i02_c500_d3_m6_hard_adversarial/20260509T001836Z__research_until_25000__lkh_mdmtsp_v5_portfolio__g03h_i02_c500_d3_m6_hard_adversarial__seed_42__b90c82d5a621.json,skip,,customer_count>10
results/runs/research_until_25000/lkh_mdmtsp_v5_portfolio/research/group_03_hard/g03h_i03_c500_d2_m4_hard_adversarial/20260509T001846Z__research_until_25000__lkh_mdmtsp_v5_portfolio__g03h_i03_c500_d2_m4_hard_adversarial__seed_42__1ea080100ceb.json,skip,,customer_count>10
results/runs/research_until_25000/lkh_mdmtsp_v5_portfolio/research/group_03_hard/g03h_i04_c500_d3_m5_hard_adversarial/20260509T001856Z__research_until_25000__lkh_mdmtsp_v5_portfolio__g03h_i04_c500_d3_m5_hard_adversarial__seed_42__63c524813336.json,skip,,customer_count>10
results/runs/research_until_25000/lkh_mdmtsp_v5_portfolio/research/group_03_hard/g03h_i05_c500_d3_m6_hard_adversarial/20260509T001906Z__research_until_25000__lkh_mdmtsp_v5_portfolio__g03h_i05_c500_d3_m6_hard_adversarial__seed_42__c1bfc32a8809.json,skip,,customer_count>10
results/runs/research_until_25000/lkh_mdmtsp_v5_portfolio/research/group_03_hard/g03h_i06_c500_d2_m4_hard_adversarial/20260509T001916Z__research_until_25000__lkh_mdmtsp_v5_portfolio__g03h_i06_c500_d2_m4_hard_adversarial__seed_42__4abadf7738a7.json,skip,,customer_count>10
results/runs/research_until_25000/lkh_mdmtsp_v5_portfolio/research/group_03_hard/g03h_i07_c500_d3_m5_hard_adversarial/20260509T001925Z__research_until_25000__lkh_mdmtsp_v5_portfolio__g03h_i07_c500_d3_m5_hard_adversarial__seed_42__d2c56f3720cb.json,skip,,customer_count>10
results/runs/research_until_25000/lkh_mdmtsp_v5_portfolio/research/group_03_hard/g03h_i08_c500_d2_m4_hard_adversarial/20260509T001935Z__research_until_25000__lkh_mdmtsp_v5_portfolio__g03h_i08_c500_d2_m4_hard_adversarial__seed_42__8ff15337820e.json,skip,,customer_count>10
results/runs/research_until_25000/lkh_mdmtsp_v5_portfolio/research/group_03_hard/g03h_i09_c500_d3_m5_hard_adversarial/20260509T001942Z__research_until_25000__lkh_mdmtsp_v5_portfolio__g03h_i09_c500_d3_m5_hard_adversarial__seed_42__523865dfb10b.json,skip,,customer_count>10
results/runs/research_until_25000/lkh_mdmtsp_v5_portfolio/research/group_03_hard/g03h_i10_c500_d2_m4_hard_adversarial/20260509T001950Z__research_until_25000__lkh_mdmtsp_v5_portfolio__g03h_i10_c500_d2_m4_hard_adversarial__seed_42__d5145498899c.json,skip,,customer_count>10
results/runs/research_until_25000/lkh_mdmtsp_v5_portfolio/research/group_03_hard/g03h_i11_c500_d3_m5_hard_adversarial/20260509T001957Z__research_until_25000__lkh_mdmtsp_v5_portfolio__g03h_i11_c500_d3_m5_hard_adversarial__seed_42__1d64e2a4a18e.json,skip,,customer_count>10
results/runs/research_until_25000/lkh_mdmtsp_v5_portfolio/research/group_03_hard/g03h_i12_c500_d2_m4_hard_adversarial/20260509T002007Z__research_until_25000__lkh_mdmtsp_v5_portfolio__g03h_i12_c500_d2_m4_hard_adversarial__seed_42__c23dd30e722a.json,skip,,customer_count>10
results/runs/research_until_25000/lkh_mdmtsp_v5_portfolio/research/group_03_hard/g03h_i13_c500_d3_m5_hard_adversarial/20260509T002014Z__research_until_25000__lkh_mdmtsp_v5_portfolio__g03h_i13_c500_d3_m5_hard_adversarial__seed_42__4580f2c150ed.json,skip,,customer_count>10
results/runs/research_until_25000/lkh_mdmtsp_v5_portfolio/research/group_03_hard/g03h_i14_c500_d2_m4_hard_adversarial/20260509T002024Z__research_until_25000__lkh_mdmtsp_v5_portfolio__g03h_i14_c500_d2_m4_hard_adversarial__seed_42__698f0f47bdbf.json,skip,,customer_count>10
results/runs/research_until_25000/lkh_mdmtsp_v5_portfolio/research/group_03_hard/g03h_i15_c500_d3_m5_hard_adversarial/20260509T002033Z__research_until_25000__lkh_mdmtsp_v5_portfolio__g03h_i15_c500_d3_m5_hard_adversarial__seed_42__e47f35bdf8a3.json,skip,,customer_count>10
results/runs/research_until_25000/lkh_mdmtsp_v5_portfolio/research/group_03_hard/g03h_i16_c500_d2_m4_hard_adversarial/20260509T002043Z__research_until_25000__lkh_mdmtsp_v5_portfolio__g03h_i16_c500_d2_m4_hard_adversarial__seed_42__0e66b88b3f15.json,skip,,customer_count>10
results/runs/research_until_25000/lkh_mdmtsp_v5_portfolio/research/group_03_hard/g03h_i17_c500_d3_m5_hard_adversarial/20260509T002050Z__research_until_25000__lkh_mdmtsp_v5_portfolio__g03h_i17_c500_d3_m5_hard_adversarial__seed_42__6e762b982667.json,skip,,customer_count>10
results/runs/research_until_25000/lkh_mdmtsp_v5_portfolio/research/group_03_hard/g03h_i18_c500_d3_m6_hard_adversarial/20260509T002100Z__research_until_25000__lkh_mdmtsp_v5_portfolio__g03h_i18_c500_d3_m6_hard_adversarial__seed_42__2f113b1b608a.json,skip,,customer_count>10
results/runs/research_until_25000/lkh_mdmtsp_v5_portfolio/research/group_03_hard/g03h_i19_c500_d2_m5_hard_adversarial/20260509T002110Z__research_until_25000__lkh_mdmtsp_v5_portfolio__g03h_i19_c500_d2_m5_hard_adversarial__seed_42__892ad6a92b8a.json,skip,,customer_count>10
results/runs/research_until_25000/lkh_mdmtsp_v5_portfolio/research/group_03_hard/g03h_i20_c500_d3_m6_hard_adversarial/20260509T002120Z__research_until_25000__lkh_mdmtsp_v5_portfolio__g03h_i20_c500_d3_m6_hard_adversarial__seed_42__2b92c3280cd3.json,skip,,customer_count>10
results/runs/research_until_25000/lkh_mdmtsp_v5_portfolio/research/group_03_hard/g03h_i21_c500_d2_m5_hard_adversarial/20260509T002130Z__research_until_25000__lkh_mdmtsp_v5_portfolio__g03h_i21_c500_d2_m5_hard_adversarial__seed_42__801c4a5dd71b.json,skip,,customer_count>10
results/runs/research_until_25000/lkh_mdmtsp_v5_portfolio/research/group_03_hard/g03h_i22_c500_d2_m4_hard_adversarial/20260509T002140Z__research_until_25000__lkh_mdmtsp_v5_portfolio__g03h_i22_c500_d2_m4_hard_adversarial__seed_42__e2a4280c1d74.json,skip,,customer_count>10
results/runs/research_until_25000/lkh_mdmtsp_v5_portfolio/research/group_03_hard/g03h_i23_c500_d3_m5_hard_adversarial/20260509T002149Z__research_until_25000__lkh_mdmtsp_v5_portfolio__g03h_i23_c500_d3_m5_hard_adversarial__seed_42__44ba984904ad.json,skip,,customer_count>10
results/runs/research_until_25000/lkh_mdmtsp_v5_portfolio/research/group_03_hard/g03h_i24_c500_d2_m4_hard_adversarial/20260509T002159Z__research_until_25000__lkh_mdmtsp_v5_portfolio__g03h_i24_c500_d2_m4_hard_adversarial__seed_42__b55eae928d8a.json,skip,,customer_count>10
results/runs/research_until_25000/lkh_mdmtsp_v5_portfolio/research/group_03_hard/g03h_i25_c500_d3_m5_hard_adversarial/20260509T002208Z__research_until_25000__lkh_mdmtsp_v5_portfolio__g03h_i25_c500_d3_m5_hard_adversarial__seed_42__cb44551b4748.json,skip,,customer_count>10
results/runs/research_until_25000/lkh_mdmtsp_v5_portfolio/research/group_03_traps/g03t_i01_c750_d4_m5_trap/20260509T002218Z__research_until_25000__lkh_mdmtsp_v5_portfolio__g03t_i01_c750_d4_m5_trap__seed_42__08b17bac7044.json,skip,,customer_count>10
results/runs/research_until_25000/lkh_mdmtsp_v5_portfolio/research/group_03_traps/g03t_i02_c750_d3_m4_trap/20260509T002250Z__research_until_25000__lkh_mdmtsp_v5_portfolio__g03t_i02_c750_d3_m4_trap__seed_42__8ae7139396b1.json,skip,,customer_count>10
results/runs/research_until_25000/lkh_mdmtsp_v5_portfolio/research/group_03_traps/g03t_i03_c750_d2_m3_trap/20260509T002321Z__research_until_25000__lkh_mdmtsp_v5_portfolio__g03t_i03_c750_d2_m3_trap__seed_42__ab1fb783d54d.json,skip,,customer_count>10
results/runs/research_until_25000/lkh_mdmtsp_v5_portfolio/research/group_03_traps/g03t_i04_c750_d4_m5_trap/20260509T002352Z__research_until_25000__lkh_mdmtsp_v5_portfolio__g03t_i04_c750_d4_m5_trap__seed_42__931978f30580.json,skip,,customer_count>10
results/runs/research_until_25000/lkh_mdmtsp_v5_portfolio/research/group_03_traps/g03t_i05_c750_d3_m4_trap/20260509T002425Z__research_until_25000__lkh_mdmtsp_v5_portfolio__g03t_i05_c750_d3_m4_trap__seed_42__b31f7755ea63.json,skip,,customer_count>10
results/runs/research_until_25000/lkh_mdmtsp_v5_portfolio/research/group_03_traps/g03t_i06_c750_d2_m3_trap/20260509T002457Z__research_until_25000__lkh_mdmtsp_v5_portfolio__g03t_i06_c750_d2_m3_trap__seed_42__e23c94366326.json,skip,,customer_count>10
results/runs/research_until_25000/lkh_mdmtsp_v5_portfolio/research/group_03_traps/g03t_i07_c750_d4_m5_trap/20260509T002527Z__research_until_25000__lkh_mdmtsp_v5_portfolio__g03t_i07_c750_d4_m5_trap__seed_42__fd9cb5d375bf.json,skip,,customer_count>10
results/runs/research_until_25000/lkh_mdmtsp_v5_portfolio/research/group_03_traps/g03t_i08_c750_d4_m5_trap/20260509T002600Z__research_until_25000__lkh_mdmtsp_v5_portfolio__g03t_i08_c750_d4_m5_trap__seed_42__7da26669cb8e.json,skip,,customer_count>10
results/runs/research_until_25000/lkh_mdmtsp_v5_portfolio/research/group_03_traps/g03t_i09_c750_d3_m4_trap/20260509T002632Z__research_until_25000__lkh_mdmtsp_v5_portfolio__g03t_i09_c750_d3_m4_trap__seed_42__ee5e8702e2aa.json,skip,,customer_count>10
results/runs/research_until_25000/lkh_mdmtsp_v5_portfolio/research/group_03_traps/g03t_i10_c750_d2_m3_trap/20260509T002704Z__research_until_25000__lkh_mdmtsp_v5_portfolio__g03t_i10_c750_d2_m3_trap__seed_42__a9420d32626e.json,skip,,customer_count>10
results/runs/research_until_25000/lkh_mdmtsp_v5_portfolio/research/group_03_traps/g03t_i11_c750_d4_m5_trap/20260509T002734Z__research_until_25000__lkh_mdmtsp_v5_portfolio__g03t_i11_c750_d4_m5_trap__seed_42__291fde6f66d5.json,skip,,customer_count>10
results/runs/research_until_25000/lkh_mdmtsp_v5_portfolio/research/group_03_traps/g03t_i12_c750_d3_m4_trap/20260509T002807Z__research_until_25000__lkh_mdmtsp_v5_portfolio__g03t_i12_c750_d3_m4_trap__seed_42__8635ce680f41.json,skip,,customer_count>10
results/runs/research_until_25000/lkh_mdmtsp_v5_portfolio/research/group_03_traps/g03t_i13_c750_d2_m3_trap/20260509T002838Z__research_until_25000__lkh_mdmtsp_v5_portfolio__g03t_i13_c750_d2_m3_trap__seed_42__6ca7e9dc996b.json,skip,,customer_count>10
results/runs/research_until_25000/lkh_mdmtsp_v5_portfolio/research/group_03_traps/g03t_i14_c750_d4_m5_trap/20260509T002908Z__research_until_25000__lkh_mdmtsp_v5_portfolio__g03t_i14_c750_d4_m5_trap__seed_42__2bfcca1047f7.json,skip,,customer_count>10
results/runs/research_until_25000/lkh_mdmtsp_v5_portfolio/research/group_03_traps/g03t_i15_c750_d3_m4_trap/20260509T002940Z__research_until_25000__lkh_mdmtsp_v5_portfolio__g03t_i15_c750_d3_m4_trap__seed_42__1e0eeca23847.json,skip,,customer_count>10
results/runs/research_until_25000/lkh_mdmtsp_v5_portfolio/research/group_03_traps/g03t_i16_c750_d2_m3_trap/20260509T003012Z__research_until_25000__lkh_mdmtsp_v5_portfolio__g03t_i16_c750_d2_m3_trap__seed_42__2b20d2bbcaa2.json,skip,,customer_count>10
results/runs/research_until_25000/lkh_mdmtsp_v5_portfolio/research/group_03_traps/g03t_i17_c750_d4_m5_trap/20260509T003043Z__research_until_25000__lkh_mdmtsp_v5_portfolio__g03t_i17_c750_d4_m5_trap__seed_42__f434c142eafb.json,skip,,customer_count>10
results/runs/research_until_25000/lkh_mdmtsp_v5_portfolio/research/group_03_traps/g03t_i18_c750_d3_m4_trap/20260509T003115Z__research_until_25000__lkh_mdmtsp_v5_portfolio__g03t_i18_c750_d3_m4_trap__seed_42__9523c9f3c86d.json,skip,,customer_count>10
results/runs/research_until_25000/lkh_mdmtsp_v5_portfolio/research/group_03_traps/g03t_i19_c750_d4_m5_trap/20260509T003146Z__research_until_25000__lkh_mdmtsp_v5_portfolio__g03t_i19_c750_d4_m5_trap__seed_42__7f9c2623a961.json,skip,,customer_count>10
results/runs/research_until_25000/lkh_mdmtsp_v5_portfolio/research/group_03_traps/g03t_i20_c750_d3_m4_trap/20260509T003218Z__research_until_25000__lkh_mdmtsp_v5_portfolio__g03t_i20_c750_d3_m4_trap__seed_42__c65ee76b7039.json,skip,,customer_count>10
results/runs/research_until_25000/lkh_mdmtsp_v5_portfolio/research/group_03_traps/g03t_i21_c750_d4_m5_trap/20260509T003249Z__research_until_25000__lkh_mdmtsp_v5_portfolio__g03t_i21_c750_d4_m5_trap__seed_42__dd1635c18758.json,skip,,customer_count>10
results/runs/research_until_25000/lkh_mdmtsp_v5_portfolio/research/group_03_traps/g03t_i22_c750_d3_m4_trap/20260509T003321Z__research_until_25000__lkh_mdmtsp_v5_portfolio__g03t_i22_c750_d3_m4_trap__seed_42__fc4a5337aec9.json,skip,,customer_count>10
results/runs/research_until_25000/lkh_mdmtsp_v5_portfolio/research/group_03_traps/g03t_i23_c750_d4_m5_trap/20260509T003353Z__research_until_25000__lkh_mdmtsp_v5_portfolio__g03t_i23_c750_d4_m5_trap__seed_42__fe8e4680200c.json,skip,,customer_count>10
results/runs/research_until_25000/lkh_mdmtsp_v5_portfolio/research/group_03_traps/g03t_i24_c750_d3_m4_trap/20260509T003424Z__research_until_25000__lkh_mdmtsp_v5_portfolio__g03t_i24_c750_d3_m4_trap__seed_42__89711d669438.json,skip,,customer_count>10
results/runs/research_until_25000/lkh_mdmtsp_v5_portfolio/research/group_03_traps/g03t_i25_c750_d2_m3_trap/20260509T003456Z__research_until_25000__lkh_mdmtsp_v5_portfolio__g03t_i25_c750_d2_m3_trap__seed_42__dbdfb460ab56.json,skip,,customer_count>10
results/runs/research_until_25000/lkh_mdmtsp_v5_portfolio/research/group_04/g04_i01_c1000_d6_m11_random/20260509T003527Z__research_until_25000__lkh_mdmtsp_v5_portfolio__g04_i01_c1000_d6_m11_random__seed_42__87f9a196e069.json,skip,,customer_count>10
results/runs/research_until_25000/lkh_mdmtsp_v5_portfolio/research/group_04/g04_i02_c1000_d5_m19_random/20260509T003649Z__research_until_25000__lkh_mdmtsp_v5_portfolio__g04_i02_c1000_d5_m19_random__seed_42__09bba120c3d0.json,skip,,customer_count>10
results/runs/research_until_25000/lkh_mdmtsp_v5_portfolio/research/group_04/g04_i03_c1000_d7_m19_random/20260509T003817Z__research_until_25000__lkh_mdmtsp_v5_portfolio__g04_i03_c1000_d7_m19_random__seed_42__83457d701c61.json,skip,,customer_count>10
results/runs/research_until_25000/lkh_mdmtsp_v5_portfolio/research/group_04/g04_i04_c1000_d7_m12_random/20260509T003946Z__research_until_25000__lkh_mdmtsp_v5_portfolio__g04_i04_c1000_d7_m12_random__seed_42__86157c6871a9.json,skip,,customer_count>10
results/runs/research_until_25000/lkh_mdmtsp_v5_portfolio/research/group_04/g04_i05_c1000_d10_m23_random/20260509T004108Z__research_until_25000__lkh_mdmtsp_v5_portfolio__g04_i05_c1000_d10_m23_random__seed_42__3185653a0fe8.json,skip,,customer_count>10
results/runs/research_until_25000/lkh_mdmtsp_v5_portfolio/research/group_05/g05_i01_c10000_d1_m6_random/20260509T004242Z__research_until_25000__lkh_mdmtsp_v5_portfolio__g05_i01_c10000_d1_m6_random__seed_42__a4b786bea5c0.json,skip,,customer_count>10
results/runs/research_until_25000/lkh_mdmtsp_v5_portfolio/research/group_05/g05_i02_c10000_d2_m9_random/20260509T004243Z__research_until_25000__lkh_mdmtsp_v5_portfolio__g05_i02_c10000_d2_m9_random__seed_42__d86143737e49.json,skip,,customer_count>10
results/runs/research_until_25000/lkh_mdmtsp_v5_portfolio/research/group_05/g05_i03_c10000_d3_m18_random/20260509T004244Z__research_until_25000__lkh_mdmtsp_v5_portfolio__g05_i03_c10000_d3_m18_random__seed_42__37f7a513d654.json,skip,,customer_count>10
results/runs/research_until_25000/lkh_mdmtsp_v5_portfolio/research/group_05/g05_i04_c10000_d1_m8_random/20260509T004246Z__research_until_25000__lkh_mdmtsp_v5_portfolio__g05_i04_c10000_d1_m8_random__seed_42__527877a3adec.json,skip,,customer_count>10
results/runs/research_until_25000/lkh_mdmtsp_v5_portfolio/research/group_05/g05_i05_c10000_d2_m9_random/20260509T004247Z__research_until_25000__lkh_mdmtsp_v5_portfolio__g05_i05_c10000_d2_m9_random__seed_42__942916abf4b3.json,skip,,customer_count>10
results/runs/research_until_25000/lkh_mdmtsp_v5_portfolio/research/group_06/g06_i01_c10000_d7_m16_clustered/20260509T004248Z__research_until_25000__lkh_mdmtsp_v5_portfolio__g06_i01_c10000_d7_m16_clustered__seed_42__aa935d7e533b.json,skip,,customer_count>10
results/runs/research_until_25000/lkh_mdmtsp_v5_portfolio/research/group_06/g06_i02_c10000_d6_m41_clustered/20260509T004250Z__research_until_25000__lkh_mdmtsp_v5_portfolio__g06_i02_c10000_d6_m41_clustered__seed_42__abf9d27cd58e.json,skip,,customer_count>10
results/runs/research_until_25000/lkh_mdmtsp_v5_portfolio/research/group_06/g06_i03_c10000_d10_m79_grid/20260509T004252Z__research_until_25000__lkh_mdmtsp_v5_portfolio__g06_i03_c10000_d10_m79_grid__seed_42__7d078d0e8e9c.json,skip,,customer_count>10
results/runs/research_until_25000/lkh_mdmtsp_v5_portfolio/research/group_06/g06_i04_c10000_d7_m15_grid/20260509T004253Z__research_until_25000__lkh_mdmtsp_v5_portfolio__g06_i04_c10000_d7_m15_grid__seed_42__94721bdceffb.json,skip,,customer_count>10
results/runs/research_until_25000/lkh_mdmtsp_v5_portfolio/research/group_06/g06_i05_c10000_d7_m15_adversarial/20260509T004255Z__research_until_25000__lkh_mdmtsp_v5_portfolio__g06_i05_c10000_d7_m15_adversarial__seed_42__189a7a2b89fd.json,skip,,customer_count>10
results/runs/research_until_25000/lkh_mdmtsp_v5_portfolio/research/group_06/g06_i06_c10000_d7_m33_adversarial/20260509T004257Z__research_until_25000__lkh_mdmtsp_v5_portfolio__g06_i06_c10000_d7_m33_adversarial__seed_42__7c66613efe86.json,skip,,customer_count>10
results/runs/research_until_25000/lkh_mdmtsp_v5_portfolio/research/group_06/g06_i07_c10000_d10_m70_line/20260509T004258Z__research_until_25000__lkh_mdmtsp_v5_portfolio__g06_i07_c10000_d10_m70_line__seed_42__e48336b8f4d2.json,skip,,customer_count>10
results/runs/research_until_25000/lkh_mdmtsp_v5_portfolio/research/group_06/g06_i08_c10000_d7_m45_line/20260509T004301Z__research_until_25000__lkh_mdmtsp_v5_portfolio__g06_i08_c10000_d7_m45_line__seed_42__fa2f99502e93.json,skip,,customer_count>10
results/runs/research_until_25000/lkh_mdmtsp_v5_portfolio/research/group_07/g07_i01_c25000_d9_m20_random/20260509T004303Z__research_until_25000__lkh_mdmtsp_v5_portfolio__g07_i01_c25000_d9_m20_random__seed_42__b6727bb846a0.json,skip,,customer_count>10
results/runs/research_until_25000/nearest_neighbour/research/group_01/g01_i01_c10_d1_m3_random/20260506T005728Z__research_until_25000__nearest_neighbour__g01_i01_c10_d1_m3_random__seed_42__3c6f54ee967a.json,rendered,results/plots/solutions/research_until_25000/nearest_neighbour/research/group_01/g01_i01_c10_d1_m3_random/20260506T005728Z__research_until_25000__nearest_neighbour__g01_i01_c10_d1_m3_random__seed_42__3c6f54ee967a.png,
results/runs/research_until_25000/nearest_neighbour/research/group_01/g01_i02_c10_d1_m3_random/20260506T005729Z__research_until_25000__nearest_neighbour__g01_i02_c10_d1_m3_random__seed_42__98fa1ddb3ac8.json,rendered,results/plots/solutions/research_until_25000/nearest_neighbour/research/group_01/g01_i02_c10_d1_m3_random/20260506T005729Z__research_until_25000__nearest_neighbour__g01_i02_c10_d1_m3_random__seed_42__98fa1ddb3ac8.png,
results/runs/research_until_25000/nearest_neighbour/research/group_01/g01_i03_c10_d2_m6_random/20260506T005729Z__research_until_25000__nearest_neighbour__g01_i03_c10_d2_m6_random__seed_42__6df58036e153.json,rendered,results/plots/solutions/research_until_25000/nearest_neighbour/research/group_01/g01_i03_c10_d2_m6_random/20260506T005729Z__research_until_25000__nearest_neighbour__g01_i03_c10_d2_m6_random__seed_42__6df58036e153.png,
results/runs/research_until_25000/nearest_neighbour/research/group_01/g01_i04_c10_d2_m5_random/20260506T005729Z__research_until_25000__nearest_neighbour__g01_i04_c10_d2_m5_random__seed_42__99441b762cec.json,rendered,results/plots/solutions/research_until_25000/nearest_neighbour/research/group_01/g01_i04_c10_d2_m5_random/20260506T005729Z__research_until_25000__nearest_neighbour__g01_i04_c10_d2_m5_random__seed_42__99441b762cec.png,
results/runs/research_until_25000/nearest_neighbour/research/group_01/g01_i05_c10_d2_m4_random/20260506T005729Z__research_until_25000__nearest_neighbour__g01_i05_c10_d2_m4_random__seed_42__cc709894ca10.json,rendered,results/plots/solutions/research_until_25000/nearest_neighbour/research/group_01/g01_i05_c10_d2_m4_random/20260506T005729Z__research_until_25000__nearest_neighbour__g01_i05_c10_d2_m4_random__seed_42__cc709894ca10.png,
results/runs/research_until_25000/nearest_neighbour/research/group_01/g01_i06_c10_d3_m4_random/20260506T005729Z__research_until_25000__nearest_neighbour__g01_i06_c10_d3_m4_random__seed_42__30779c289c94.json,rendered,results/plots/solutions/research_until_25000/nearest_neighbour/research/group_01/g01_i06_c10_d3_m4_random/20260506T005729Z__research_until_25000__nearest_neighbour__g01_i06_c10_d3_m4_random__seed_42__30779c289c94.png,
results/runs/research_until_25000/nearest_neighbour/research/group_01/g01_i07_c10_d3_m5_random/20260506T005729Z__research_until_25000__nearest_neighbour__g01_i07_c10_d3_m5_random__seed_42__2002bdb72fd1.json,rendered,results/plots/solutions/research_until_25000/nearest_neighbour/research/group_01/g01_i07_c10_d3_m5_random/20260506T005729Z__research_until_25000__nearest_neighbour__g01_i07_c10_d3_m5_random__seed_42__2002bdb72fd1.png,
results/runs/research_until_25000/nearest_neighbour/research/group_01/g01_i08_c10_d2_m2_random/20260506T005729Z__research_until_25000__nearest_neighbour__g01_i08_c10_d2_m2_random__seed_42__6a077f246743.json,rendered,results/plots/solutions/research_until_25000/nearest_neighbour/research/group_01/g01_i08_c10_d2_m2_random/20260506T005729Z__research_until_25000__nearest_neighbour__g01_i08_c10_d2_m2_random__seed_42__6a077f246743.png,
results/runs/research_until_25000/nearest_neighbour/research/group_01/g01_i09_c10_d3_m3_random/20260506T005729Z__research_until_25000__nearest_neighbour__g01_i09_c10_d3_m3_random__seed_42__6a981815843a.json,rendered,results/plots/solutions/research_until_25000/nearest_neighbour/research/group_01/g01_i09_c10_d3_m3_random/20260506T005729Z__research_until_25000__nearest_neighbour__g01_i09_c10_d3_m3_random__seed_42__6a981815843a.png,
results/runs/research_until_25000/nearest_neighbour/research/group_01/g01_i10_c10_d1_m1_random/20260506T005729Z__research_until_25000__nearest_neighbour__g01_i10_c10_d1_m1_random__seed_42__7adcdea62257.json,rendered,results/plots/solutions/research_until_25000/nearest_neighbour/research/group_01/g01_i10_c10_d1_m1_random/20260506T005729Z__research_until_25000__nearest_neighbour__g01_i10_c10_d1_m1_random__seed_42__7adcdea62257.png,
results/runs/research_until_25000/nearest_neighbour/research/group_02/g02_i01_c50_d5_m23_random/20260506T005729Z__research_until_25000__nearest_neighbour__g02_i01_c50_d5_m23_random__seed_42__a8bff66ee14e.json,skip,,customer_count>10
results/runs/research_until_25000/nearest_neighbour/research/group_02/g02_i02_c50_d3_m3_random/20260506T005729Z__research_until_25000__nearest_neighbour__g02_i02_c50_d3_m3_random__seed_42__4e09bbf38f2a.json,skip,,customer_count>10
results/runs/research_until_25000/nearest_neighbour/research/group_02/g02_i03_c50_d4_m19_random/20260506T005729Z__research_until_25000__nearest_neighbour__g02_i03_c50_d4_m19_random__seed_42__79e220c97ab2.json,skip,,customer_count>10
results/runs/research_until_25000/nearest_neighbour/research/group_02/g02_i04_c50_d4_m10_random/20260506T005729Z__research_until_25000__nearest_neighbour__g02_i04_c50_d4_m10_random__seed_42__caa4312edf9b.json,skip,,customer_count>10
results/runs/research_until_25000/nearest_neighbour/research/group_02/g02_i05_c50_d3_m7_random/20260506T005729Z__research_until_25000__nearest_neighbour__g02_i05_c50_d3_m7_random__seed_42__173d77551ed4.json,skip,,customer_count>10
results/runs/research_until_25000/nearest_neighbour/research/group_02/g02_i06_c50_d4_m6_random/20260506T005729Z__research_until_25000__nearest_neighbour__g02_i06_c50_d4_m6_random__seed_42__2e36dc932d47.json,skip,,customer_count>10
results/runs/research_until_25000/nearest_neighbour/research/group_02/g02_i07_c50_d4_m5_random/20260506T005729Z__research_until_25000__nearest_neighbour__g02_i07_c50_d4_m5_random__seed_42__1a0307118195.json,skip,,customer_count>10
results/runs/research_until_25000/nearest_neighbour/research/group_02/g02_i08_c50_d4_m11_random/20260506T005729Z__research_until_25000__nearest_neighbour__g02_i08_c50_d4_m11_random__seed_42__0fe0db5b56b4.json,skip,,customer_count>10
results/runs/research_until_25000/nearest_neighbour/research/group_02/g02_i09_c50_d5_m10_random/20260506T005729Z__research_until_25000__nearest_neighbour__g02_i09_c50_d5_m10_random__seed_42__0e3b48fe0832.json,skip,,customer_count>10
results/runs/research_until_25000/nearest_neighbour/research/group_02/g02_i10_c50_d4_m20_random/20260506T005729Z__research_until_25000__nearest_neighbour__g02_i10_c50_d4_m20_random__seed_42__0b70180f0759.json,skip,,customer_count>10
results/runs/research_until_25000/nearest_neighbour/research/group_03/g03_i01_c500_d5_m21_random/20260506T005729Z__research_until_25000__nearest_neighbour__g03_i01_c500_d5_m21_random__seed_42__93003c0d4bd7.json,skip,,customer_count>10
results/runs/research_until_25000/nearest_neighbour/research/group_03/g03_i02_c500_d3_m10_random/20260506T005729Z__research_until_25000__nearest_neighbour__g03_i02_c500_d3_m10_random__seed_42__38679b1479c3.json,skip,,customer_count>10
results/runs/research_until_25000/nearest_neighbour/research/group_03/g03_i03_c500_d3_m12_random/20260506T005729Z__research_until_25000__nearest_neighbour__g03_i03_c500_d3_m12_random__seed_42__af94df4f3107.json,skip,,customer_count>10
results/runs/research_until_25000/nearest_neighbour/research/group_03/g03_i04_c500_d5_m19_random/20260506T005729Z__research_until_25000__nearest_neighbour__g03_i04_c500_d5_m19_random__seed_42__3c76dced826a.json,skip,,customer_count>10
results/runs/research_until_25000/nearest_neighbour/research/group_03/g03_i05_c500_d3_m6_random/20260506T005729Z__research_until_25000__nearest_neighbour__g03_i05_c500_d3_m6_random__seed_42__c5f2404a9293.json,skip,,customer_count>10
results/runs/research_until_25000/nearest_neighbour/research/group_03/g03_i06_c500_d3_m3_random/20260506T005729Z__research_until_25000__nearest_neighbour__g03_i06_c500_d3_m3_random__seed_42__4cf0f18e16c1.json,skip,,customer_count>10
results/runs/research_until_25000/nearest_neighbour/research/group_03/g03_i07_c500_d5_m20_random/20260506T005729Z__research_until_25000__nearest_neighbour__g03_i07_c500_d5_m20_random__seed_42__5fe68b5f2835.json,skip,,customer_count>10
results/runs/research_until_25000/nearest_neighbour/research/group_03/g03_i08_c500_d3_m7_random/20260506T005729Z__research_until_25000__nearest_neighbour__g03_i08_c500_d3_m7_random__seed_42__757135793dd9.json,skip,,customer_count>10
results/runs/research_until_25000/nearest_neighbour/research/group_03/g03_i09_c500_d4_m8_random/20260506T005729Z__research_until_25000__nearest_neighbour__g03_i09_c500_d4_m8_random__seed_42__2c1f67f087d3.json,skip,,customer_count>10
results/runs/research_until_25000/nearest_neighbour/research/group_03/g03_i10_c500_d5_m18_random/20260506T005729Z__research_until_25000__nearest_neighbour__g03_i10_c500_d5_m18_random__seed_42__e0bab6c64f75.json,skip,,customer_count>10
results/runs/research_until_25000/nearest_neighbour/research/group_04/g04_i01_c1000_d6_m11_random/20260506T005729Z__research_until_25000__nearest_neighbour__g04_i01_c1000_d6_m11_random__seed_42__d81ff50494d7.json,skip,,customer_count>10
results/runs/research_until_25000/nearest_neighbour/research/group_04/g04_i02_c1000_d5_m19_random/20260506T005729Z__research_until_25000__nearest_neighbour__g04_i02_c1000_d5_m19_random__seed_42__404015c0fa92.json,skip,,customer_count>10
results/runs/research_until_25000/nearest_neighbour/research/group_04/g04_i03_c1000_d7_m19_random/20260506T005729Z__research_until_25000__nearest_neighbour__g04_i03_c1000_d7_m19_random__seed_42__ad24bc5a3a2f.json,skip,,customer_count>10
results/runs/research_until_25000/nearest_neighbour/research/group_04/g04_i04_c1000_d7_m12_random/20260506T005729Z__research_until_25000__nearest_neighbour__g04_i04_c1000_d7_m12_random__seed_42__39dbf43e5039.json,skip,,customer_count>10
results/runs/research_until_25000/nearest_neighbour/research/group_04/g04_i05_c1000_d10_m23_random/20260506T005729Z__research_until_25000__nearest_neighbour__g04_i05_c1000_d10_m23_random__seed_42__9f086d719873.json,skip,,customer_count>10
results/runs/research_until_25000/nearest_neighbour/research/group_05/g05_i01_c10000_d1_m6_random/20260506T005729Z__research_until_25000__nearest_neighbour__g05_i01_c10000_d1_m6_random__seed_42__61a4b77b3162.json,skip,,customer_count>10
results/runs/research_until_25000/nearest_neighbour/research/group_05/g05_i02_c10000_d2_m9_random/20260506T005730Z__research_until_25000__nearest_neighbour__g05_i02_c10000_d2_m9_random__seed_42__43017b9bd3a5.json,skip,,customer_count>10
results/runs/research_until_25000/nearest_neighbour/research/group_05/g05_i03_c10000_d3_m18_random/20260506T005730Z__research_until_25000__nearest_neighbour__g05_i03_c10000_d3_m18_random__seed_42__443b7fd3569e.json,skip,,customer_count>10
results/runs/research_until_25000/nearest_neighbour/research/group_05/g05_i04_c10000_d1_m8_random/20260506T005730Z__research_until_25000__nearest_neighbour__g05_i04_c10000_d1_m8_random__seed_42__e5072bdc796a.json,skip,,customer_count>10
results/runs/research_until_25000/nearest_neighbour/research/group_05/g05_i05_c10000_d2_m9_random/20260506T005731Z__research_until_25000__nearest_neighbour__g05_i05_c10000_d2_m9_random__seed_42__fa21df6a5d15.json,skip,,customer_count>10
results/runs/research_until_25000/nearest_neighbour/research/group_06/g06_i01_c10000_d7_m16_clustered/20260506T005731Z__research_until_25000__nearest_neighbour__g06_i01_c10000_d7_m16_clustered__seed_42__94accbe03c36.json,skip,,customer_count>10
results/runs/research_until_25000/nearest_neighbour/research/group_06/g06_i02_c10000_d6_m41_clustered/20260506T005732Z__research_until_25000__nearest_neighbour__g06_i02_c10000_d6_m41_clustered__seed_42__226b54c7ae26.json,skip,,customer_count>10
results/runs/research_until_25000/nearest_neighbour/research/group_06/g06_i03_c10000_d10_m79_grid/20260506T005732Z__research_until_25000__nearest_neighbour__g06_i03_c10000_d10_m79_grid__seed_42__c29e5fb8410e.json,skip,,customer_count>10
results/runs/research_until_25000/nearest_neighbour/research/group_06/g06_i04_c10000_d7_m15_grid/20260506T005733Z__research_until_25000__nearest_neighbour__g06_i04_c10000_d7_m15_grid__seed_42__ab983a58756c.json,skip,,customer_count>10
results/runs/research_until_25000/nearest_neighbour/research/group_06/g06_i05_c10000_d7_m15_adversarial/20260506T005733Z__research_until_25000__nearest_neighbour__g06_i05_c10000_d7_m15_adversarial__seed_42__562832796539.json,skip,,customer_count>10
results/runs/research_until_25000/nearest_neighbour/research/group_06/g06_i06_c10000_d7_m33_adversarial/20260506T005733Z__research_until_25000__nearest_neighbour__g06_i06_c10000_d7_m33_adversarial__seed_42__1e612ea41c38.json,skip,,customer_count>10
results/runs/research_until_25000/nearest_neighbour/research/group_06/g06_i07_c10000_d10_m70_line/20260506T005734Z__research_until_25000__nearest_neighbour__g06_i07_c10000_d10_m70_line__seed_42__619abd7a7dc8.json,skip,,customer_count>10
results/runs/research_until_25000/nearest_neighbour/research/group_06/g06_i08_c10000_d7_m45_line/20260506T005734Z__research_until_25000__nearest_neighbour__g06_i08_c10000_d7_m45_line__seed_42__05d22bb69fb1.json,skip,,customer_count>10
results/runs/research_until_25000/nearest_neighbour/research/group_07/g07_i01_c25000_d9_m20_random/20260506T005735Z__research_until_25000__nearest_neighbour__g07_i01_c25000_d9_m20_random__seed_42__593c2d864dfc.json,skip,,customer_count>10
results/runs/research_until_25000/nearest_neighbour/research/group_07/g07_i02_c25000_d5_m26_random/20260506T005740Z__research_until_25000__nearest_neighbour__g07_i02_c25000_d5_m26_random__seed_42__4fdd45a3320c.json,skip,,customer_count>10
results/runs/research_until_25000/nearest_neighbour_2opt/research/group_01/g01_i01_c10_d1_m3_random/20260507T213427Z__research_until_25000__nearest_neighbour_2opt__g01_i01_c10_d1_m3_random__seed_42__8286a263234e.json,rendered,results/plots/solutions/research_until_25000/nearest_neighbour_2opt/research/group_01/g01_i01_c10_d1_m3_random/20260507T213427Z__research_until_25000__nearest_neighbour_2opt__g01_i01_c10_d1_m3_random__seed_42__8286a263234e.png,
results/runs/research_until_25000/nearest_neighbour_2opt/research/group_01/g01_i01_c10_d1_m3_random/20260507T214045Z__research_until_25000__nearest_neighbour_2opt__g01_i01_c10_d1_m3_random__seed_42__217fbd80a2f4.json,rendered,results/plots/solutions/research_until_25000/nearest_neighbour_2opt/research/group_01/g01_i01_c10_d1_m3_random/20260507T214045Z__research_until_25000__nearest_neighbour_2opt__g01_i01_c10_d1_m3_random__seed_42__217fbd80a2f4.png,
results/runs/research_until_25000/nearest_neighbour_2opt/research/group_01/g01_i02_c10_d1_m3_random/20260507T213428Z__research_until_25000__nearest_neighbour_2opt__g01_i02_c10_d1_m3_random__seed_42__8bd22fa550bb.json,rendered,results/plots/solutions/research_until_25000/nearest_neighbour_2opt/research/group_01/g01_i02_c10_d1_m3_random/20260507T213428Z__research_until_25000__nearest_neighbour_2opt__g01_i02_c10_d1_m3_random__seed_42__8bd22fa550bb.png,
results/runs/research_until_25000/nearest_neighbour_2opt/research/group_01/g01_i02_c10_d1_m3_random/20260507T214045Z__research_until_25000__nearest_neighbour_2opt__g01_i02_c10_d1_m3_random__seed_42__6b22db8bf475.json,rendered,results/plots/solutions/research_until_25000/nearest_neighbour_2opt/research/group_01/g01_i02_c10_d1_m3_random/20260507T214045Z__research_until_25000__nearest_neighbour_2opt__g01_i02_c10_d1_m3_random__seed_42__6b22db8bf475.png,
results/runs/research_until_25000/nearest_neighbour_2opt/research/group_01/g01_i03_c10_d2_m6_random/20260507T213428Z__research_until_25000__nearest_neighbour_2opt__g01_i03_c10_d2_m6_random__seed_42__5e0ad1497447.json,rendered,results/plots/solutions/research_until_25000/nearest_neighbour_2opt/research/group_01/g01_i03_c10_d2_m6_random/20260507T213428Z__research_until_25000__nearest_neighbour_2opt__g01_i03_c10_d2_m6_random__seed_42__5e0ad1497447.png,
results/runs/research_until_25000/nearest_neighbour_2opt/research/group_01/g01_i03_c10_d2_m6_random/20260507T214045Z__research_until_25000__nearest_neighbour_2opt__g01_i03_c10_d2_m6_random__seed_42__b8bdf25e7207.json,rendered,results/plots/solutions/research_until_25000/nearest_neighbour_2opt/research/group_01/g01_i03_c10_d2_m6_random/20260507T214045Z__research_until_25000__nearest_neighbour_2opt__g01_i03_c10_d2_m6_random__seed_42__b8bdf25e7207.png,
results/runs/research_until_25000/nearest_neighbour_2opt/research/group_01/g01_i04_c10_d2_m5_random/20260507T213428Z__research_until_25000__nearest_neighbour_2opt__g01_i04_c10_d2_m5_random__seed_42__59e94d737b29.json,rendered,results/plots/solutions/research_until_25000/nearest_neighbour_2opt/research/group_01/g01_i04_c10_d2_m5_random/20260507T213428Z__research_until_25000__nearest_neighbour_2opt__g01_i04_c10_d2_m5_random__seed_42__59e94d737b29.png,
results/runs/research_until_25000/nearest_neighbour_2opt/research/group_01/g01_i04_c10_d2_m5_random/20260507T214045Z__research_until_25000__nearest_neighbour_2opt__g01_i04_c10_d2_m5_random__seed_42__7fabc2c746bf.json,rendered,results/plots/solutions/research_until_25000/nearest_neighbour_2opt/research/group_01/g01_i04_c10_d2_m5_random/20260507T214045Z__research_until_25000__nearest_neighbour_2opt__g01_i04_c10_d2_m5_random__seed_42__7fabc2c746bf.png,
results/runs/research_until_25000/nearest_neighbour_2opt/research/group_01/g01_i05_c10_d2_m4_random/20260507T213428Z__research_until_25000__nearest_neighbour_2opt__g01_i05_c10_d2_m4_random__seed_42__a5eaef252aae.json,rendered,results/plots/solutions/research_until_25000/nearest_neighbour_2opt/research/group_01/g01_i05_c10_d2_m4_random/20260507T213428Z__research_until_25000__nearest_neighbour_2opt__g01_i05_c10_d2_m4_random__seed_42__a5eaef252aae.png,
results/runs/research_until_25000/nearest_neighbour_2opt/research/group_01/g01_i05_c10_d2_m4_random/20260507T214045Z__research_until_25000__nearest_neighbour_2opt__g01_i05_c10_d2_m4_random__seed_42__f50968e9b5ad.json,rendered,results/plots/solutions/research_until_25000/nearest_neighbour_2opt/research/group_01/g01_i05_c10_d2_m4_random/20260507T214045Z__research_until_25000__nearest_neighbour_2opt__g01_i05_c10_d2_m4_random__seed_42__f50968e9b5ad.png,
results/runs/research_until_25000/nearest_neighbour_2opt/research/group_01/g01_i06_c10_d3_m4_random/20260507T214045Z__research_until_25000__nearest_neighbour_2opt__g01_i06_c10_d3_m4_random__seed_42__8ac28ab02998.json,rendered,results/plots/solutions/research_until_25000/nearest_neighbour_2opt/research/group_01/g01_i06_c10_d3_m4_random/20260507T214045Z__research_until_25000__nearest_neighbour_2opt__g01_i06_c10_d3_m4_random__seed_42__8ac28ab02998.png,
results/runs/research_until_25000/nearest_neighbour_2opt/research/group_01/g01_i07_c10_d3_m5_random/20260507T214045Z__research_until_25000__nearest_neighbour_2opt__g01_i07_c10_d3_m5_random__seed_42__edf395f76c52.json,rendered,results/plots/solutions/research_until_25000/nearest_neighbour_2opt/research/group_01/g01_i07_c10_d3_m5_random/20260507T214045Z__research_until_25000__nearest_neighbour_2opt__g01_i07_c10_d3_m5_random__seed_42__edf395f76c52.png,
results/runs/research_until_25000/nearest_neighbour_2opt/research/group_01/g01_i08_c10_d2_m2_random/20260507T214045Z__research_until_25000__nearest_neighbour_2opt__g01_i08_c10_d2_m2_random__seed_42__171af18ee627.json,rendered,results/plots/solutions/research_until_25000/nearest_neighbour_2opt/research/group_01/g01_i08_c10_d2_m2_random/20260507T214045Z__research_until_25000__nearest_neighbour_2opt__g01_i08_c10_d2_m2_random__seed_42__171af18ee627.png,
results/runs/research_until_25000/nearest_neighbour_2opt/research/group_01/g01_i09_c10_d3_m3_random/20260507T214045Z__research_until_25000__nearest_neighbour_2opt__g01_i09_c10_d3_m3_random__seed_42__ead9c3b08358.json,rendered,results/plots/solutions/research_until_25000/nearest_neighbour_2opt/research/group_01/g01_i09_c10_d3_m3_random/20260507T214045Z__research_until_25000__nearest_neighbour_2opt__g01_i09_c10_d3_m3_random__seed_42__ead9c3b08358.png,
results/runs/research_until_25000/nearest_neighbour_2opt/research/group_01/g01_i10_c10_d1_m1_random/20260507T214045Z__research_until_25000__nearest_neighbour_2opt__g01_i10_c10_d1_m1_random__seed_42__5a22b2867bd0.json,rendered,results/plots/solutions/research_until_25000/nearest_neighbour_2opt/research/group_01/g01_i10_c10_d1_m1_random/20260507T214045Z__research_until_25000__nearest_neighbour_2opt__g01_i10_c10_d1_m1_random__seed_42__5a22b2867bd0.png,
results/runs/research_until_25000/nearest_neighbour_2opt/research/group_02/g02_i01_c50_d5_m23_random/20260507T214045Z__research_until_25000__nearest_neighbour_2opt__g02_i01_c50_d5_m23_random__seed_42__c044fa3f86d4.json,skip,,customer_count>10
results/runs/research_until_25000/nearest_neighbour_2opt/research/group_02/g02_i02_c50_d3_m3_random/20260507T214045Z__research_until_25000__nearest_neighbour_2opt__g02_i02_c50_d3_m3_random__seed_42__32ccf434a013.json,skip,,customer_count>10
results/runs/research_until_25000/nearest_neighbour_2opt/research/group_02/g02_i03_c50_d4_m19_random/20260507T214045Z__research_until_25000__nearest_neighbour_2opt__g02_i03_c50_d4_m19_random__seed_42__861467566e4e.json,skip,,customer_count>10
results/runs/research_until_25000/nearest_neighbour_2opt/research/group_02/g02_i04_c50_d4_m10_random/20260507T214045Z__research_until_25000__nearest_neighbour_2opt__g02_i04_c50_d4_m10_random__seed_42__691f680f0423.json,skip,,customer_count>10
results/runs/research_until_25000/nearest_neighbour_2opt/research/group_02/g02_i05_c50_d3_m7_random/20260507T214045Z__research_until_25000__nearest_neighbour_2opt__g02_i05_c50_d3_m7_random__seed_42__ed14a2b8f2fc.json,skip,,customer_count>10
results/runs/research_until_25000/nearest_neighbour_2opt/research/group_02/g02_i06_c50_d4_m6_random/20260507T214045Z__research_until_25000__nearest_neighbour_2opt__g02_i06_c50_d4_m6_random__seed_42__7cad5a2ed287.json,skip,,customer_count>10
results/runs/research_until_25000/nearest_neighbour_2opt/research/group_02/g02_i07_c50_d4_m5_random/20260507T214045Z__research_until_25000__nearest_neighbour_2opt__g02_i07_c50_d4_m5_random__seed_42__c8c5e71a8b5a.json,skip,,customer_count>10
results/runs/research_until_25000/nearest_neighbour_2opt/research/group_02/g02_i08_c50_d4_m11_random/20260507T214045Z__research_until_25000__nearest_neighbour_2opt__g02_i08_c50_d4_m11_random__seed_42__1409169e73f3.json,skip,,customer_count>10
results/runs/research_until_25000/nearest_neighbour_2opt/research/group_02/g02_i09_c50_d5_m10_random/20260507T214045Z__research_until_25000__nearest_neighbour_2opt__g02_i09_c50_d5_m10_random__seed_42__40e413f14b13.json,skip,,customer_count>10
results/runs/research_until_25000/nearest_neighbour_2opt/research/group_02/g02_i10_c50_d4_m20_random/20260507T214045Z__research_until_25000__nearest_neighbour_2opt__g02_i10_c50_d4_m20_random__seed_42__a9ba35ec7d85.json,skip,,customer_count>10
results/runs/research_until_25000/nearest_neighbour_2opt/research/group_03/g03_i01_c500_d5_m21_random/20260507T214045Z__research_until_25000__nearest_neighbour_2opt__g03_i01_c500_d5_m21_random__seed_42__cafb2c22458a.json,skip,,customer_count>10
results/runs/research_until_25000/nearest_neighbour_2opt/research/group_03/g03_i02_c500_d3_m10_random/20260507T214045Z__research_until_25000__nearest_neighbour_2opt__g03_i02_c500_d3_m10_random__seed_42__764b6d9e5251.json,skip,,customer_count>10
results/runs/research_until_25000/nearest_neighbour_2opt/research/group_03/g03_i03_c500_d3_m12_random/20260507T214045Z__research_until_25000__nearest_neighbour_2opt__g03_i03_c500_d3_m12_random__seed_42__aa3b580d67fa.json,skip,,customer_count>10
results/runs/research_until_25000/nearest_neighbour_2opt/research/group_03/g03_i04_c500_d5_m19_random/20260507T214045Z__research_until_25000__nearest_neighbour_2opt__g03_i04_c500_d5_m19_random__seed_42__6ed5d96139c1.json,skip,,customer_count>10
results/runs/research_until_25000/nearest_neighbour_2opt/research/group_03/g03_i05_c500_d3_m6_random/20260507T214045Z__research_until_25000__nearest_neighbour_2opt__g03_i05_c500_d3_m6_random__seed_42__f8aeba4eef71.json,skip,,customer_count>10
results/runs/research_until_25000/nearest_neighbour_2opt/research/group_03/g03_i06_c500_d3_m3_random/20260507T214045Z__research_until_25000__nearest_neighbour_2opt__g03_i06_c500_d3_m3_random__seed_42__bc1452ac49ef.json,skip,,customer_count>10
results/runs/research_until_25000/nearest_neighbour_2opt/research/group_03/g03_i07_c500_d5_m20_random/20260507T214045Z__research_until_25000__nearest_neighbour_2opt__g03_i07_c500_d5_m20_random__seed_42__2da064f4103c.json,skip,,customer_count>10
results/runs/research_until_25000/nearest_neighbour_2opt/research/group_03/g03_i08_c500_d3_m7_random/20260507T214045Z__research_until_25000__nearest_neighbour_2opt__g03_i08_c500_d3_m7_random__seed_42__988fdd93e0bb.json,skip,,customer_count>10
results/runs/research_until_25000/nearest_neighbour_2opt/research/group_03/g03_i09_c500_d4_m8_random/20260507T214045Z__research_until_25000__nearest_neighbour_2opt__g03_i09_c500_d4_m8_random__seed_42__ee599a812cc2.json,skip,,customer_count>10
results/runs/research_until_25000/nearest_neighbour_2opt/research/group_03/g03_i10_c500_d5_m18_random/20260507T214045Z__research_until_25000__nearest_neighbour_2opt__g03_i10_c500_d5_m18_random__seed_42__d9dc2f119d1e.json,skip,,customer_count>10
results/runs/research_until_25000/nearest_neighbour_2opt/research/group_04/g04_i01_c1000_d6_m11_random/20260507T214045Z__research_until_25000__nearest_neighbour_2opt__g04_i01_c1000_d6_m11_random__seed_42__e77220d910a2.json,skip,,customer_count>10
results/runs/research_until_25000/nearest_neighbour_2opt/research/group_04/g04_i02_c1000_d5_m19_random/20260507T214045Z__research_until_25000__nearest_neighbour_2opt__g04_i02_c1000_d5_m19_random__seed_42__055211db27e7.json,skip,,customer_count>10
results/runs/research_until_25000/nearest_neighbour_2opt/research/group_04/g04_i03_c1000_d7_m19_random/20260507T214045Z__research_until_25000__nearest_neighbour_2opt__g04_i03_c1000_d7_m19_random__seed_42__b153f4fd42b5.json,skip,,customer_count>10
results/runs/research_until_25000/nearest_neighbour_2opt/research/group_04/g04_i04_c1000_d7_m12_random/20260507T214045Z__research_until_25000__nearest_neighbour_2opt__g04_i04_c1000_d7_m12_random__seed_42__abd15adcd1bc.json,skip,,customer_count>10
results/runs/research_until_25000/nearest_neighbour_2opt/research/group_04/g04_i05_c1000_d10_m23_random/20260507T214045Z__research_until_25000__nearest_neighbour_2opt__g04_i05_c1000_d10_m23_random__seed_42__f4a7bdd77472.json,skip,,customer_count>10
results/runs/research_until_25000/nearest_neighbour_2opt/research/group_05/g05_i01_c10000_d1_m6_random/20260507T214045Z__research_until_25000__nearest_neighbour_2opt__g05_i01_c10000_d1_m6_random__seed_42__7cd4e26e5b13.json,skip,,customer_count>10
results/runs/research_until_25000/nearest_neighbour_2opt/research/group_05/g05_i02_c10000_d2_m9_random/20260507T214046Z__research_until_25000__nearest_neighbour_2opt__g05_i02_c10000_d2_m9_random__seed_42__02430627cd1d.json,skip,,customer_count>10
results/runs/research_until_25000/nearest_neighbour_2opt/research/group_05/g05_i03_c10000_d3_m18_random/20260507T214047Z__research_until_25000__nearest_neighbour_2opt__g05_i03_c10000_d3_m18_random__seed_42__97cd099b8d3d.json,skip,,customer_count>10
results/runs/research_until_25000/nearest_neighbour_2opt/research/group_05/g05_i04_c10000_d1_m8_random/20260507T214048Z__research_until_25000__nearest_neighbour_2opt__g05_i04_c10000_d1_m8_random__seed_42__d378d1747ca0.json,skip,,customer_count>10
results/runs/research_until_25000/nearest_neighbour_2opt/research/group_05/g05_i05_c10000_d2_m9_random/20260507T214049Z__research_until_25000__nearest_neighbour_2opt__g05_i05_c10000_d2_m9_random__seed_42__a7d6fadf6a87.json,skip,,customer_count>10
results/runs/research_until_25000/nearest_neighbour_2opt/research/group_06/g06_i01_c10000_d7_m16_clustered/20260507T214049Z__research_until_25000__nearest_neighbour_2opt__g06_i01_c10000_d7_m16_clustered__seed_42__3039310446ff.json,skip,,customer_count>10
results/runs/research_until_25000/nearest_neighbour_2opt/research/group_06/g06_i02_c10000_d6_m41_clustered/20260507T214050Z__research_until_25000__nearest_neighbour_2opt__g06_i02_c10000_d6_m41_clustered__seed_42__7e11a9ad03ef.json,skip,,customer_count>10
results/runs/research_until_25000/nearest_neighbour_2opt/research/group_06/g06_i03_c10000_d10_m79_grid/20260507T214051Z__research_until_25000__nearest_neighbour_2opt__g06_i03_c10000_d10_m79_grid__seed_42__36317d8eef14.json,skip,,customer_count>10
results/runs/research_until_25000/nearest_neighbour_2opt/research/group_06/g06_i04_c10000_d7_m15_grid/20260507T214052Z__research_until_25000__nearest_neighbour_2opt__g06_i04_c10000_d7_m15_grid__seed_42__af6b9a46c405.json,skip,,customer_count>10
results/runs/research_until_25000/nearest_neighbour_2opt/research/group_06/g06_i05_c10000_d7_m15_adversarial/20260507T214053Z__research_until_25000__nearest_neighbour_2opt__g06_i05_c10000_d7_m15_adversarial__seed_42__9b465984302c.json,skip,,customer_count>10
results/runs/research_until_25000/nearest_neighbour_2opt/research/group_06/g06_i06_c10000_d7_m33_adversarial/20260507T214053Z__research_until_25000__nearest_neighbour_2opt__g06_i06_c10000_d7_m33_adversarial__seed_42__595f8e78359a.json,skip,,customer_count>10
results/runs/research_until_25000/nearest_neighbour_2opt/research/group_06/g06_i07_c10000_d10_m70_line/20260507T214054Z__research_until_25000__nearest_neighbour_2opt__g06_i07_c10000_d10_m70_line__seed_42__4d43907ea833.json,skip,,customer_count>10
results/runs/research_until_25000/nearest_neighbour_2opt/research/group_06/g06_i08_c10000_d7_m45_line/20260507T214055Z__research_until_25000__nearest_neighbour_2opt__g06_i08_c10000_d7_m45_line__seed_42__fd3da2d0f639.json,skip,,customer_count>10
results/runs/research_until_25000/nearest_neighbour_2opt/research/group_07/g07_i01_c25000_d9_m20_random/20260507T214056Z__research_until_25000__nearest_neighbour_2opt__g07_i01_c25000_d9_m20_random__seed_42__4db65bd7b7d0.json,skip,,customer_count>10
results/runs/research_until_25000/nearest_neighbour_2opt/research/group_07/g07_i02_c25000_d5_m26_random/20260507T214104Z__research_until_25000__nearest_neighbour_2opt__g07_i02_c25000_d5_m26_random__seed_42__018cf169b6b1.json,skip,,customer_count>10
results/runs/research_until_25000/nearest_neighbour_2opt_v2/research/group_01/g01_i01_c10_d1_m3_random/20260507T215601Z__research_until_25000__nearest_neighbour_2opt_v2__g01_i01_c10_d1_m3_random__seed_42__a172cf20c8c9.json,rendered,results/plots/solutions/research_until_25000/nearest_neighbour_2opt_v2/research/group_01/g01_i01_c10_d1_m3_random/20260507T215601Z__research_until_25000__nearest_neighbour_2opt_v2__g01_i01_c10_d1_m3_random__seed_42__a172cf20c8c9.png,
results/runs/research_until_25000/nearest_neighbour_2opt_v2/research/group_01/g01_i02_c10_d1_m3_random/20260507T215601Z__research_until_25000__nearest_neighbour_2opt_v2__g01_i02_c10_d1_m3_random__seed_42__30a07c762d16.json,rendered,results/plots/solutions/research_until_25000/nearest_neighbour_2opt_v2/research/group_01/g01_i02_c10_d1_m3_random/20260507T215601Z__research_until_25000__nearest_neighbour_2opt_v2__g01_i02_c10_d1_m3_random__seed_42__30a07c762d16.png,
results/runs/research_until_25000/nearest_neighbour_2opt_v2/research/group_01/g01_i03_c10_d2_m6_random/20260507T215601Z__research_until_25000__nearest_neighbour_2opt_v2__g01_i03_c10_d2_m6_random__seed_42__9f45dc6232b3.json,rendered,results/plots/solutions/research_until_25000/nearest_neighbour_2opt_v2/research/group_01/g01_i03_c10_d2_m6_random/20260507T215601Z__research_until_25000__nearest_neighbour_2opt_v2__g01_i03_c10_d2_m6_random__seed_42__9f45dc6232b3.png,
results/runs/research_until_25000/nearest_neighbour_2opt_v2/research/group_01/g01_i04_c10_d2_m5_random/20260507T215601Z__research_until_25000__nearest_neighbour_2opt_v2__g01_i04_c10_d2_m5_random__seed_42__2a798bc585d3.json,rendered,results/plots/solutions/research_until_25000/nearest_neighbour_2opt_v2/research/group_01/g01_i04_c10_d2_m5_random/20260507T215601Z__research_until_25000__nearest_neighbour_2opt_v2__g01_i04_c10_d2_m5_random__seed_42__2a798bc585d3.png,
results/runs/research_until_25000/nearest_neighbour_2opt_v2/research/group_01/g01_i05_c10_d2_m4_random/20260507T215601Z__research_until_25000__nearest_neighbour_2opt_v2__g01_i05_c10_d2_m4_random__seed_42__9aa23f83cdf1.json,rendered,results/plots/solutions/research_until_25000/nearest_neighbour_2opt_v2/research/group_01/g01_i05_c10_d2_m4_random/20260507T215601Z__research_until_25000__nearest_neighbour_2opt_v2__g01_i05_c10_d2_m4_random__seed_42__9aa23f83cdf1.png,
results/runs/research_until_25000/nearest_neighbour_2opt_v2/research/group_01/g01_i06_c10_d3_m4_random/20260507T215601Z__research_until_25000__nearest_neighbour_2opt_v2__g01_i06_c10_d3_m4_random__seed_42__e6f6d8175883.json,rendered,results/plots/solutions/research_until_25000/nearest_neighbour_2opt_v2/research/group_01/g01_i06_c10_d3_m4_random/20260507T215601Z__research_until_25000__nearest_neighbour_2opt_v2__g01_i06_c10_d3_m4_random__seed_42__e6f6d8175883.png,
results/runs/research_until_25000/nearest_neighbour_2opt_v2/research/group_01/g01_i07_c10_d3_m5_random/20260507T215601Z__research_until_25000__nearest_neighbour_2opt_v2__g01_i07_c10_d3_m5_random__seed_42__ee632eaf600c.json,rendered,results/plots/solutions/research_until_25000/nearest_neighbour_2opt_v2/research/group_01/g01_i07_c10_d3_m5_random/20260507T215601Z__research_until_25000__nearest_neighbour_2opt_v2__g01_i07_c10_d3_m5_random__seed_42__ee632eaf600c.png,
results/runs/research_until_25000/nearest_neighbour_2opt_v2/research/group_01/g01_i08_c10_d2_m2_random/20260507T215601Z__research_until_25000__nearest_neighbour_2opt_v2__g01_i08_c10_d2_m2_random__seed_42__76c4acc41357.json,rendered,results/plots/solutions/research_until_25000/nearest_neighbour_2opt_v2/research/group_01/g01_i08_c10_d2_m2_random/20260507T215601Z__research_until_25000__nearest_neighbour_2opt_v2__g01_i08_c10_d2_m2_random__seed_42__76c4acc41357.png,
results/runs/research_until_25000/nearest_neighbour_2opt_v2/research/group_01/g01_i09_c10_d3_m3_random/20260507T215601Z__research_until_25000__nearest_neighbour_2opt_v2__g01_i09_c10_d3_m3_random__seed_42__642660e35b81.json,rendered,results/plots/solutions/research_until_25000/nearest_neighbour_2opt_v2/research/group_01/g01_i09_c10_d3_m3_random/20260507T215601Z__research_until_25000__nearest_neighbour_2opt_v2__g01_i09_c10_d3_m3_random__seed_42__642660e35b81.png,
results/runs/research_until_25000/nearest_neighbour_2opt_v2/research/group_01/g01_i10_c10_d1_m1_random/20260507T215601Z__research_until_25000__nearest_neighbour_2opt_v2__g01_i10_c10_d1_m1_random__seed_42__b7f473b15eb4.json,rendered,results/plots/solutions/research_until_25000/nearest_neighbour_2opt_v2/research/group_01/g01_i10_c10_d1_m1_random/20260507T215601Z__research_until_25000__nearest_neighbour_2opt_v2__g01_i10_c10_d1_m1_random__seed_42__b7f473b15eb4.png,
results/runs/research_until_25000/nearest_neighbour_2opt_v2/research/group_02/g02_i01_c50_d5_m23_random/20260507T215601Z__research_until_25000__nearest_neighbour_2opt_v2__g02_i01_c50_d5_m23_random__seed_42__38dbf7c789ac.json,skip,,customer_count>10
results/runs/research_until_25000/nearest_neighbour_2opt_v2/research/group_02/g02_i02_c50_d3_m3_random/20260507T215601Z__research_until_25000__nearest_neighbour_2opt_v2__g02_i02_c50_d3_m3_random__seed_42__a1b54445616f.json,skip,,customer_count>10
results/runs/research_until_25000/nearest_neighbour_2opt_v2/research/group_02/g02_i03_c50_d4_m19_random/20260507T215601Z__research_until_25000__nearest_neighbour_2opt_v2__g02_i03_c50_d4_m19_random__seed_42__7ef972fa037f.json,skip,,customer_count>10
results/runs/research_until_25000/nearest_neighbour_2opt_v2/research/group_02/g02_i04_c50_d4_m10_random/20260507T215601Z__research_until_25000__nearest_neighbour_2opt_v2__g02_i04_c50_d4_m10_random__seed_42__96e01cc7423b.json,skip,,customer_count>10
results/runs/research_until_25000/nearest_neighbour_2opt_v2/research/group_02/g02_i05_c50_d3_m7_random/20260507T215601Z__research_until_25000__nearest_neighbour_2opt_v2__g02_i05_c50_d3_m7_random__seed_42__679ec3882088.json,skip,,customer_count>10
results/runs/research_until_25000/nearest_neighbour_2opt_v2/research/group_02/g02_i06_c50_d4_m6_random/20260507T215601Z__research_until_25000__nearest_neighbour_2opt_v2__g02_i06_c50_d4_m6_random__seed_42__d97ab8349713.json,skip,,customer_count>10
results/runs/research_until_25000/nearest_neighbour_2opt_v2/research/group_02/g02_i07_c50_d4_m5_random/20260507T215601Z__research_until_25000__nearest_neighbour_2opt_v2__g02_i07_c50_d4_m5_random__seed_42__b49bb313f92b.json,skip,,customer_count>10
results/runs/research_until_25000/nearest_neighbour_2opt_v2/research/group_02/g02_i08_c50_d4_m11_random/20260507T215601Z__research_until_25000__nearest_neighbour_2opt_v2__g02_i08_c50_d4_m11_random__seed_42__c750c6bd5d0e.json,skip,,customer_count>10
results/runs/research_until_25000/nearest_neighbour_2opt_v2/research/group_02/g02_i09_c50_d5_m10_random/20260507T215601Z__research_until_25000__nearest_neighbour_2opt_v2__g02_i09_c50_d5_m10_random__seed_42__2fd2c9837e33.json,skip,,customer_count>10
results/runs/research_until_25000/nearest_neighbour_2opt_v2/research/group_02/g02_i10_c50_d4_m20_random/20260507T215601Z__research_until_25000__nearest_neighbour_2opt_v2__g02_i10_c50_d4_m20_random__seed_42__13ec2f938d65.json,skip,,customer_count>10
results/runs/research_until_25000/nearest_neighbour_2opt_v2/research/group_03/g03_i01_c500_d5_m21_random/20260507T215601Z__research_until_25000__nearest_neighbour_2opt_v2__g03_i01_c500_d5_m21_random__seed_42__f335ec31200a.json,skip,,customer_count>10
results/runs/research_until_25000/nearest_neighbour_2opt_v2/research/group_03/g03_i02_c500_d3_m10_random/20260507T215601Z__research_until_25000__nearest_neighbour_2opt_v2__g03_i02_c500_d3_m10_random__seed_42__2ec8dea2275c.json,skip,,customer_count>10
results/runs/research_until_25000/nearest_neighbour_2opt_v2/research/group_03/g03_i03_c500_d3_m12_random/20260507T215601Z__research_until_25000__nearest_neighbour_2opt_v2__g03_i03_c500_d3_m12_random__seed_42__f47e8dd06735.json,skip,,customer_count>10
results/runs/research_until_25000/nearest_neighbour_2opt_v2/research/group_03/g03_i04_c500_d5_m19_random/20260507T215601Z__research_until_25000__nearest_neighbour_2opt_v2__g03_i04_c500_d5_m19_random__seed_42__32ee974ccd7d.json,skip,,customer_count>10
results/runs/research_until_25000/nearest_neighbour_2opt_v2/research/group_03/g03_i05_c500_d3_m6_random/20260507T215601Z__research_until_25000__nearest_neighbour_2opt_v2__g03_i05_c500_d3_m6_random__seed_42__a1cf1cab0af1.json,skip,,customer_count>10
results/runs/research_until_25000/nearest_neighbour_2opt_v2/research/group_03/g03_i06_c500_d3_m3_random/20260507T215601Z__research_until_25000__nearest_neighbour_2opt_v2__g03_i06_c500_d3_m3_random__seed_42__81f75b386b5f.json,skip,,customer_count>10
results/runs/research_until_25000/nearest_neighbour_2opt_v2/research/group_03/g03_i07_c500_d5_m20_random/20260507T215601Z__research_until_25000__nearest_neighbour_2opt_v2__g03_i07_c500_d5_m20_random__seed_42__a7d12612caf9.json,skip,,customer_count>10
results/runs/research_until_25000/nearest_neighbour_2opt_v2/research/group_03/g03_i08_c500_d3_m7_random/20260507T215601Z__research_until_25000__nearest_neighbour_2opt_v2__g03_i08_c500_d3_m7_random__seed_42__d0a21c2adcc6.json,skip,,customer_count>10
results/runs/research_until_25000/nearest_neighbour_2opt_v2/research/group_03/g03_i09_c500_d4_m8_random/20260507T215601Z__research_until_25000__nearest_neighbour_2opt_v2__g03_i09_c500_d4_m8_random__seed_42__c8291f5f31e9.json,skip,,customer_count>10
results/runs/research_until_25000/nearest_neighbour_2opt_v2/research/group_03/g03_i10_c500_d5_m18_random/20260507T215601Z__research_until_25000__nearest_neighbour_2opt_v2__g03_i10_c500_d5_m18_random__seed_42__26684f05a148.json,skip,,customer_count>10
results/runs/research_until_25000/nearest_neighbour_2opt_v2/research/group_04/g04_i01_c1000_d6_m11_random/20260507T215601Z__research_until_25000__nearest_neighbour_2opt_v2__g04_i01_c1000_d6_m11_random__seed_42__106c4daf8f82.json,skip,,customer_count>10
results/runs/research_until_25000/nearest_neighbour_2opt_v2/research/group_04/g04_i02_c1000_d5_m19_random/20260507T215601Z__research_until_25000__nearest_neighbour_2opt_v2__g04_i02_c1000_d5_m19_random__seed_42__02f3441614a7.json,skip,,customer_count>10
results/runs/research_until_25000/nearest_neighbour_2opt_v2/research/group_04/g04_i03_c1000_d7_m19_random/20260507T215601Z__research_until_25000__nearest_neighbour_2opt_v2__g04_i03_c1000_d7_m19_random__seed_42__8a1e0b3c83de.json,skip,,customer_count>10
results/runs/research_until_25000/nearest_neighbour_2opt_v2/research/group_04/g04_i04_c1000_d7_m12_random/20260507T215601Z__research_until_25000__nearest_neighbour_2opt_v2__g04_i04_c1000_d7_m12_random__seed_42__65772543958a.json,skip,,customer_count>10
results/runs/research_until_25000/nearest_neighbour_2opt_v2/research/group_04/g04_i05_c1000_d10_m23_random/20260507T215601Z__research_until_25000__nearest_neighbour_2opt_v2__g04_i05_c1000_d10_m23_random__seed_42__646f95815634.json,skip,,customer_count>10
results/runs/research_until_25000/nearest_neighbour_2opt_v2/research/group_05/g05_i01_c10000_d1_m6_random/20260507T215601Z__research_until_25000__nearest_neighbour_2opt_v2__g05_i01_c10000_d1_m6_random__seed_42__d0151e1b5f7c.json,skip,,customer_count>10
results/runs/research_until_25000/nearest_neighbour_2opt_v2/research/group_05/g05_i02_c10000_d2_m9_random/20260507T215602Z__research_until_25000__nearest_neighbour_2opt_v2__g05_i02_c10000_d2_m9_random__seed_42__702554173432.json,skip,,customer_count>10
results/runs/research_until_25000/nearest_neighbour_2opt_v2/research/group_05/g05_i03_c10000_d3_m18_random/20260507T215603Z__research_until_25000__nearest_neighbour_2opt_v2__g05_i03_c10000_d3_m18_random__seed_42__14aff432dd62.json,skip,,customer_count>10
results/runs/research_until_25000/nearest_neighbour_2opt_v2/research/group_05/g05_i04_c10000_d1_m8_random/20260507T215604Z__research_until_25000__nearest_neighbour_2opt_v2__g05_i04_c10000_d1_m8_random__seed_42__5daf6ba252f0.json,skip,,customer_count>10
results/runs/research_until_25000/nearest_neighbour_2opt_v2/research/group_05/g05_i05_c10000_d2_m9_random/20260507T215605Z__research_until_25000__nearest_neighbour_2opt_v2__g05_i05_c10000_d2_m9_random__seed_42__ea7eed189812.json,skip,,customer_count>10
results/runs/research_until_25000/nearest_neighbour_2opt_v2/research/group_06/g06_i01_c10000_d7_m16_clustered/20260507T215606Z__research_until_25000__nearest_neighbour_2opt_v2__g06_i01_c10000_d7_m16_clustered__seed_42__9c8932827d6e.json,skip,,customer_count>10
results/runs/research_until_25000/nearest_neighbour_2opt_v2/research/group_06/g06_i02_c10000_d6_m41_clustered/20260507T215606Z__research_until_25000__nearest_neighbour_2opt_v2__g06_i02_c10000_d6_m41_clustered__seed_42__c720e6733210.json,skip,,customer_count>10
results/runs/research_until_25000/nearest_neighbour_2opt_v2/research/group_06/g06_i03_c10000_d10_m79_grid/20260507T215607Z__research_until_25000__nearest_neighbour_2opt_v2__g06_i03_c10000_d10_m79_grid__seed_42__115d0c590d6d.json,skip,,customer_count>10
results/runs/research_until_25000/nearest_neighbour_2opt_v2/research/group_06/g06_i04_c10000_d7_m15_grid/20260507T215608Z__research_until_25000__nearest_neighbour_2opt_v2__g06_i04_c10000_d7_m15_grid__seed_42__cd431da94be4.json,skip,,customer_count>10
results/runs/research_until_25000/nearest_neighbour_2opt_v2/research/group_06/g06_i05_c10000_d7_m15_adversarial/20260507T215609Z__research_until_25000__nearest_neighbour_2opt_v2__g06_i05_c10000_d7_m15_adversarial__seed_42__ada3ec757b69.json,skip,,customer_count>10
results/runs/research_until_25000/nearest_neighbour_2opt_v2/research/group_06/g06_i06_c10000_d7_m33_adversarial/20260507T215610Z__research_until_25000__nearest_neighbour_2opt_v2__g06_i06_c10000_d7_m33_adversarial__seed_42__40dbe94e6818.json,skip,,customer_count>10
results/runs/research_until_25000/nearest_neighbour_2opt_v2/research/group_06/g06_i07_c10000_d10_m70_line/20260507T215610Z__research_until_25000__nearest_neighbour_2opt_v2__g06_i07_c10000_d10_m70_line__seed_42__2145306589c9.json,skip,,customer_count>10
results/runs/research_until_25000/nearest_neighbour_2opt_v2/research/group_06/g06_i08_c10000_d7_m45_line/20260507T215611Z__research_until_25000__nearest_neighbour_2opt_v2__g06_i08_c10000_d7_m45_line__seed_42__9cdf36cea8f9.json,skip,,customer_count>10
results/runs/research_until_25000/nearest_neighbour_2opt_v2/research/group_07/g07_i01_c25000_d9_m20_random/20260507T215612Z__research_until_25000__nearest_neighbour_2opt_v2__g07_i01_c25000_d9_m20_random__seed_42__288e074c6ca5.json,skip,,customer_count>10
results/runs/research_until_25000/nearest_neighbour_2opt_v2/research/group_07/g07_i02_c25000_d5_m26_random/20260507T215623Z__research_until_25000__nearest_neighbour_2opt_v2__g07_i02_c25000_d5_m26_random__seed_42__2c7f2e661791.json,skip,,customer_count>10
results/runs/research_until_25000/simulated_annealing_v1/research/group_01/g01_i01_c10_d1_m3_random/20260509T013323Z__research_until_25000__simulated_annealing_v1__g01_i01_c10_d1_m3_random__seed_42__606c23a7ebfd.json,rendered,results/plots/solutions/research_until_25000/simulated_annealing_v1/research/group_01/g01_i01_c10_d1_m3_random/20260509T013323Z__research_until_25000__simulated_annealing_v1__g01_i01_c10_d1_m3_random__seed_42__606c23a7ebfd.png,
results/runs/research_until_25000/simulated_annealing_v1/research/group_01/g01_i01_c10_d1_m3_random/20260509T014258Z__research_until_25000__simulated_annealing_v1__g01_i01_c10_d1_m3_random__seed_42__dce717e46454.json,rendered,results/plots/solutions/research_until_25000/simulated_annealing_v1/research/group_01/g01_i01_c10_d1_m3_random/20260509T014258Z__research_until_25000__simulated_annealing_v1__g01_i01_c10_d1_m3_random__seed_42__dce717e46454.png,
results/runs/research_until_25000/simulated_annealing_v1/research/group_01/g01_i02_c10_d1_m3_random/20260509T013323Z__research_until_25000__simulated_annealing_v1__g01_i02_c10_d1_m3_random__seed_42__27743fe9389b.json,rendered,results/plots/solutions/research_until_25000/simulated_annealing_v1/research/group_01/g01_i02_c10_d1_m3_random/20260509T013323Z__research_until_25000__simulated_annealing_v1__g01_i02_c10_d1_m3_random__seed_42__27743fe9389b.png,
results/runs/research_until_25000/simulated_annealing_v1/research/group_01/g01_i02_c10_d1_m3_random/20260509T014258Z__research_until_25000__simulated_annealing_v1__g01_i02_c10_d1_m3_random__seed_42__84db83d72879.json,rendered,results/plots/solutions/research_until_25000/simulated_annealing_v1/research/group_01/g01_i02_c10_d1_m3_random/20260509T014258Z__research_until_25000__simulated_annealing_v1__g01_i02_c10_d1_m3_random__seed_42__84db83d72879.png,
results/runs/research_until_25000/simulated_annealing_v1/research/group_01/g01_i03_c10_d2_m6_random/20260509T013323Z__research_until_25000__simulated_annealing_v1__g01_i03_c10_d2_m6_random__seed_42__61409dd8c5fa.json,rendered,results/plots/solutions/research_until_25000/simulated_annealing_v1/research/group_01/g01_i03_c10_d2_m6_random/20260509T013323Z__research_until_25000__simulated_annealing_v1__g01_i03_c10_d2_m6_random__seed_42__61409dd8c5fa.png,
results/runs/research_until_25000/simulated_annealing_v1/research/group_01/g01_i03_c10_d2_m6_random/20260509T014258Z__research_until_25000__simulated_annealing_v1__g01_i03_c10_d2_m6_random__seed_42__a2132f2fed8a.json,rendered,results/plots/solutions/research_until_25000/simulated_annealing_v1/research/group_01/g01_i03_c10_d2_m6_random/20260509T014258Z__research_until_25000__simulated_annealing_v1__g01_i03_c10_d2_m6_random__seed_42__a2132f2fed8a.png,
results/runs/research_until_25000/simulated_annealing_v1/research/group_01/g01_i04_c10_d2_m5_random/20260509T013323Z__research_until_25000__simulated_annealing_v1__g01_i04_c10_d2_m5_random__seed_42__024b2c4cd7cc.json,rendered,results/plots/solutions/research_until_25000/simulated_annealing_v1/research/group_01/g01_i04_c10_d2_m5_random/20260509T013323Z__research_until_25000__simulated_annealing_v1__g01_i04_c10_d2_m5_random__seed_42__024b2c4cd7cc.png,
results/runs/research_until_25000/simulated_annealing_v1/research/group_01/g01_i04_c10_d2_m5_random/20260509T014258Z__research_until_25000__simulated_annealing_v1__g01_i04_c10_d2_m5_random__seed_42__2e71a16b8d84.json,rendered,results/plots/solutions/research_until_25000/simulated_annealing_v1/research/group_01/g01_i04_c10_d2_m5_random/20260509T014258Z__research_until_25000__simulated_annealing_v1__g01_i04_c10_d2_m5_random__seed_42__2e71a16b8d84.png,
results/runs/research_until_25000/simulated_annealing_v1/research/group_01/g01_i05_c10_d2_m4_random/20260509T013323Z__research_until_25000__simulated_annealing_v1__g01_i05_c10_d2_m4_random__seed_42__efa67b41f6e3.json,rendered,results/plots/solutions/research_until_25000/simulated_annealing_v1/research/group_01/g01_i05_c10_d2_m4_random/20260509T013323Z__research_until_25000__simulated_annealing_v1__g01_i05_c10_d2_m4_random__seed_42__efa67b41f6e3.png,
results/runs/research_until_25000/simulated_annealing_v1/research/group_01/g01_i05_c10_d2_m4_random/20260509T014258Z__research_until_25000__simulated_annealing_v1__g01_i05_c10_d2_m4_random__seed_42__8d814bc529f1.json,rendered,results/plots/solutions/research_until_25000/simulated_annealing_v1/research/group_01/g01_i05_c10_d2_m4_random/20260509T014258Z__research_until_25000__simulated_annealing_v1__g01_i05_c10_d2_m4_random__seed_42__8d814bc529f1.png,
results/runs/research_until_25000/simulated_annealing_v1/research/group_01/g01_i06_c10_d3_m4_random/20260509T013323Z__research_until_25000__simulated_annealing_v1__g01_i06_c10_d3_m4_random__seed_42__a9a830f2a134.json,rendered,results/plots/solutions/research_until_25000/simulated_annealing_v1/research/group_01/g01_i06_c10_d3_m4_random/20260509T013323Z__research_until_25000__simulated_annealing_v1__g01_i06_c10_d3_m4_random__seed_42__a9a830f2a134.png,
results/runs/research_until_25000/simulated_annealing_v1/research/group_01/g01_i06_c10_d3_m4_random/20260509T014258Z__research_until_25000__simulated_annealing_v1__g01_i06_c10_d3_m4_random__seed_42__925bb103483c.json,rendered,results/plots/solutions/research_until_25000/simulated_annealing_v1/research/group_01/g01_i06_c10_d3_m4_random/20260509T014258Z__research_until_25000__simulated_annealing_v1__g01_i06_c10_d3_m4_random__seed_42__925bb103483c.png,
results/runs/research_until_25000/simulated_annealing_v1/research/group_01/g01_i07_c10_d3_m5_random/20260509T013323Z__research_until_25000__simulated_annealing_v1__g01_i07_c10_d3_m5_random__seed_42__f4382dcfd1c3.json,rendered,results/plots/solutions/research_until_25000/simulated_annealing_v1/research/group_01/g01_i07_c10_d3_m5_random/20260509T013323Z__research_until_25000__simulated_annealing_v1__g01_i07_c10_d3_m5_random__seed_42__f4382dcfd1c3.png,
results/runs/research_until_25000/simulated_annealing_v1/research/group_01/g01_i07_c10_d3_m5_random/20260509T014258Z__research_until_25000__simulated_annealing_v1__g01_i07_c10_d3_m5_random__seed_42__e540512f0e2e.json,rendered,results/plots/solutions/research_until_25000/simulated_annealing_v1/research/group_01/g01_i07_c10_d3_m5_random/20260509T014258Z__research_until_25000__simulated_annealing_v1__g01_i07_c10_d3_m5_random__seed_42__e540512f0e2e.png,
results/runs/research_until_25000/simulated_annealing_v1/research/group_01/g01_i08_c10_d2_m2_random/20260509T013323Z__research_until_25000__simulated_annealing_v1__g01_i08_c10_d2_m2_random__seed_42__0bc1313389c6.json,rendered,results/plots/solutions/research_until_25000/simulated_annealing_v1/research/group_01/g01_i08_c10_d2_m2_random/20260509T013323Z__research_until_25000__simulated_annealing_v1__g01_i08_c10_d2_m2_random__seed_42__0bc1313389c6.png,
results/runs/research_until_25000/simulated_annealing_v1/research/group_01/g01_i08_c10_d2_m2_random/20260509T014258Z__research_until_25000__simulated_annealing_v1__g01_i08_c10_d2_m2_random__seed_42__f838896cd40f.json,rendered,results/plots/solutions/research_until_25000/simulated_annealing_v1/research/group_01/g01_i08_c10_d2_m2_random/20260509T014258Z__research_until_25000__simulated_annealing_v1__g01_i08_c10_d2_m2_random__seed_42__f838896cd40f.png,
results/runs/research_until_25000/simulated_annealing_v1/research/group_01/g01_i09_c10_d3_m3_random/20260509T013323Z__research_until_25000__simulated_annealing_v1__g01_i09_c10_d3_m3_random__seed_42__6d2b6f696dfa.json,rendered,results/plots/solutions/research_until_25000/simulated_annealing_v1/research/group_01/g01_i09_c10_d3_m3_random/20260509T013323Z__research_until_25000__simulated_annealing_v1__g01_i09_c10_d3_m3_random__seed_42__6d2b6f696dfa.png,
results/runs/research_until_25000/simulated_annealing_v1/research/group_01/g01_i09_c10_d3_m3_random/20260509T014258Z__research_until_25000__simulated_annealing_v1__g01_i09_c10_d3_m3_random__seed_42__a0fb2a197933.json,rendered,results/plots/solutions/research_until_25000/simulated_annealing_v1/research/group_01/g01_i09_c10_d3_m3_random/20260509T014258Z__research_until_25000__simulated_annealing_v1__g01_i09_c10_d3_m3_random__seed_42__a0fb2a197933.png,
results/runs/research_until_25000/simulated_annealing_v1/research/group_01/g01_i10_c10_d1_m1_random/20260509T013323Z__research_until_25000__simulated_annealing_v1__g01_i10_c10_d1_m1_random__seed_42__d76b6607e4ec.json,rendered,results/plots/solutions/research_until_25000/simulated_annealing_v1/research/group_01/g01_i10_c10_d1_m1_random/20260509T013323Z__research_until_25000__simulated_annealing_v1__g01_i10_c10_d1_m1_random__seed_42__d76b6607e4ec.png,
results/runs/research_until_25000/simulated_annealing_v1/research/group_01/g01_i10_c10_d1_m1_random/20260509T014258Z__research_until_25000__simulated_annealing_v1__g01_i10_c10_d1_m1_random__seed_42__ec2bb3254310.json,rendered,results/plots/solutions/research_until_25000/simulated_annealing_v1/research/group_01/g01_i10_c10_d1_m1_random/20260509T014258Z__research_until_25000__simulated_annealing_v1__g01_i10_c10_d1_m1_random__seed_42__ec2bb3254310.png,
results/runs/research_until_25000/simulated_annealing_v1/research/group_02/g02_i01_c50_d5_m23_random/20260509T013323Z__research_until_25000__simulated_annealing_v1__g02_i01_c50_d5_m23_random__seed_42__6b7e35aaa30a.json,skip,,customer_count>10
results/runs/research_until_25000/simulated_annealing_v1/research/group_02/g02_i01_c50_d5_m23_random/20260509T014258Z__research_until_25000__simulated_annealing_v1__g02_i01_c50_d5_m23_random__seed_42__a92a221a2d40.json,skip,,customer_count>10
results/runs/research_until_25000/simulated_annealing_v1/research/group_02/g02_i02_c50_d3_m3_random/20260509T013323Z__research_until_25000__simulated_annealing_v1__g02_i02_c50_d3_m3_random__seed_42__64c72e24f389.json,skip,,customer_count>10
results/runs/research_until_25000/simulated_annealing_v1/research/group_02/g02_i02_c50_d3_m3_random/20260509T014259Z__research_until_25000__simulated_annealing_v1__g02_i02_c50_d3_m3_random__seed_42__7a2dfdb09930.json,skip,,customer_count>10
results/runs/research_until_25000/simulated_annealing_v1/research/group_02/g02_i03_c50_d4_m19_random/20260509T013323Z__research_until_25000__simulated_annealing_v1__g02_i03_c50_d4_m19_random__seed_42__a48178482cba.json,skip,,customer_count>10
results/runs/research_until_25000/simulated_annealing_v1/research/group_02/g02_i03_c50_d4_m19_random/20260509T014259Z__research_until_25000__simulated_annealing_v1__g02_i03_c50_d4_m19_random__seed_42__92991caa9f83.json,skip,,customer_count>10
results/runs/research_until_25000/simulated_annealing_v1/research/group_02/g02_i04_c50_d4_m10_random/20260509T013324Z__research_until_25000__simulated_annealing_v1__g02_i04_c50_d4_m10_random__seed_42__0722558f6531.json,skip,,customer_count>10
results/runs/research_until_25000/simulated_annealing_v1/research/group_02/g02_i04_c50_d4_m10_random/20260509T014259Z__research_until_25000__simulated_annealing_v1__g02_i04_c50_d4_m10_random__seed_42__6079d8224b75.json,skip,,customer_count>10
results/runs/research_until_25000/simulated_annealing_v1/research/group_02/g02_i05_c50_d3_m7_random/20260509T013324Z__research_until_25000__simulated_annealing_v1__g02_i05_c50_d3_m7_random__seed_42__1bab3a83929e.json,skip,,customer_count>10
results/runs/research_until_25000/simulated_annealing_v1/research/group_02/g02_i05_c50_d3_m7_random/20260509T014259Z__research_until_25000__simulated_annealing_v1__g02_i05_c50_d3_m7_random__seed_42__204e0988f0c9.json,skip,,customer_count>10
results/runs/research_until_25000/simulated_annealing_v1/research/group_02/g02_i06_c50_d4_m6_random/20260509T013324Z__research_until_25000__simulated_annealing_v1__g02_i06_c50_d4_m6_random__seed_42__32fd8d64b138.json,skip,,customer_count>10
results/runs/research_until_25000/simulated_annealing_v1/research/group_02/g02_i06_c50_d4_m6_random/20260509T014259Z__research_until_25000__simulated_annealing_v1__g02_i06_c50_d4_m6_random__seed_42__b2f35e5d2c4c.json,skip,,customer_count>10
results/runs/research_until_25000/simulated_annealing_v1/research/group_02/g02_i07_c50_d4_m5_random/20260509T013324Z__research_until_25000__simulated_annealing_v1__g02_i07_c50_d4_m5_random__seed_42__78a5b7312eb9.json,skip,,customer_count>10
results/runs/research_until_25000/simulated_annealing_v1/research/group_02/g02_i07_c50_d4_m5_random/20260509T014300Z__research_until_25000__simulated_annealing_v1__g02_i07_c50_d4_m5_random__seed_42__e3586fa155df.json,skip,,customer_count>10
results/runs/research_until_25000/simulated_annealing_v1/research/group_02/g02_i08_c50_d4_m11_random/20260509T013324Z__research_until_25000__simulated_annealing_v1__g02_i08_c50_d4_m11_random__seed_42__232b5b2d0da1.json,skip,,customer_count>10
results/runs/research_until_25000/simulated_annealing_v1/research/group_02/g02_i08_c50_d4_m11_random/20260509T014300Z__research_until_25000__simulated_annealing_v1__g02_i08_c50_d4_m11_random__seed_42__f3577f08b5e1.json,skip,,customer_count>10
results/runs/research_until_25000/simulated_annealing_v1/research/group_02/g02_i09_c50_d5_m10_random/20260509T013324Z__research_until_25000__simulated_annealing_v1__g02_i09_c50_d5_m10_random__seed_42__165f8e1254b4.json,skip,,customer_count>10
results/runs/research_until_25000/simulated_annealing_v1/research/group_02/g02_i09_c50_d5_m10_random/20260509T014300Z__research_until_25000__simulated_annealing_v1__g02_i09_c50_d5_m10_random__seed_42__0d8a1cc9f0eb.json,skip,,customer_count>10
results/runs/research_until_25000/simulated_annealing_v1/research/group_02/g02_i10_c50_d4_m20_random/20260509T013324Z__research_until_25000__simulated_annealing_v1__g02_i10_c50_d4_m20_random__seed_42__9ee8d1558d74.json,skip,,customer_count>10
results/runs/research_until_25000/simulated_annealing_v1/research/group_02/g02_i10_c50_d4_m20_random/20260509T014301Z__research_until_25000__simulated_annealing_v1__g02_i10_c50_d4_m20_random__seed_42__a968369e3c39.json,skip,,customer_count>10
results/runs/research_until_25000/simulated_annealing_v1/research/group_03/g03_i01_c500_d5_m21_random/20260509T014301Z__research_until_25000__simulated_annealing_v1__g03_i01_c500_d5_m21_random__seed_42__f4ed9e814ca1.json,skip,,customer_count>10
results/runs/research_until_25000/simulated_annealing_v1/research/group_03/g03_i02_c500_d3_m10_random/20260509T014301Z__research_until_25000__simulated_annealing_v1__g03_i02_c500_d3_m10_random__seed_42__bb5bacc5762a.json,skip,,customer_count>10
results/runs/research_until_25000/simulated_annealing_v1/research/group_03/g03_i03_c500_d3_m12_random/20260509T014302Z__research_until_25000__simulated_annealing_v1__g03_i03_c500_d3_m12_random__seed_42__ee53fe2227a9.json,skip,,customer_count>10
results/runs/research_until_25000/simulated_annealing_v1/research/group_03/g03_i04_c500_d5_m19_random/20260509T014302Z__research_until_25000__simulated_annealing_v1__g03_i04_c500_d5_m19_random__seed_42__30342749480d.json,skip,,customer_count>10
results/runs/research_until_25000/simulated_annealing_v1/research/group_03/g03_i05_c500_d3_m6_random/20260509T014303Z__research_until_25000__simulated_annealing_v1__g03_i05_c500_d3_m6_random__seed_42__6a832f87af25.json,skip,,customer_count>10
results/runs/research_until_25000/simulated_annealing_v1/research/group_03/g03_i06_c500_d3_m3_random/20260509T014303Z__research_until_25000__simulated_annealing_v1__g03_i06_c500_d3_m3_random__seed_42__a7555c33ec16.json,skip,,customer_count>10
results/runs/research_until_25000/simulated_annealing_v1/research/group_03/g03_i07_c500_d5_m20_random/20260509T014303Z__research_until_25000__simulated_annealing_v1__g03_i07_c500_d5_m20_random__seed_42__87195c043e4c.json,skip,,customer_count>10
results/runs/research_until_25000/simulated_annealing_v1/research/group_03/g03_i08_c500_d3_m7_random/20260509T014303Z__research_until_25000__simulated_annealing_v1__g03_i08_c500_d3_m7_random__seed_42__6129343ea3ae.json,skip,,customer_count>10
results/runs/research_until_25000/simulated_annealing_v1/research/group_03/g03_i09_c500_d4_m8_random/20260509T014303Z__research_until_25000__simulated_annealing_v1__g03_i09_c500_d4_m8_random__seed_42__5cb02e7a1ad6.json,skip,,customer_count>10
results/runs/research_until_25000/simulated_annealing_v1/research/group_03/g03_i10_c500_d5_m18_random/20260509T014304Z__research_until_25000__simulated_annealing_v1__g03_i10_c500_d5_m18_random__seed_42__4632b205c44f.json,skip,,customer_count>10
results/runs/research_until_25000/simulated_annealing_v1/research/group_03/g03_i11_c500_d4_m12_adversarial/20260509T014304Z__research_until_25000__simulated_annealing_v1__g03_i11_c500_d4_m12_adversarial__seed_42__d5237ddfcd10.json,skip,,customer_count>10
results/runs/research_until_25000/simulated_annealing_v1/research/group_03/g03_i12_c500_d4_m13_adversarial/20260509T014304Z__research_until_25000__simulated_annealing_v1__g03_i12_c500_d4_m13_adversarial__seed_42__e55a29f5f9cf.json,skip,,customer_count>10
results/runs/research_until_25000/simulated_annealing_v1/research/group_03/g03_i13_c500_d4_m12_adversarial/20260509T014304Z__research_until_25000__simulated_annealing_v1__g03_i13_c500_d4_m12_adversarial__seed_42__7fa3b54504c2.json,skip,,customer_count>10
results/runs/research_until_25000/simulated_annealing_v1/research/group_03/g03_i14_c500_d4_m13_adversarial/20260509T014305Z__research_until_25000__simulated_annealing_v1__g03_i14_c500_d4_m13_adversarial__seed_42__564825981d60.json,skip,,customer_count>10
results/runs/research_until_25000/simulated_annealing_v1/research/group_03/g03_i15_c500_d5_m15_adversarial/20260509T014305Z__research_until_25000__simulated_annealing_v1__g03_i15_c500_d5_m15_adversarial__seed_42__deef0ecd60ea.json,skip,,customer_count>10
results/runs/research_until_25000/simulated_annealing_v1/research/group_03/g03_i16_c500_d4_m12_adversarial/20260509T014306Z__research_until_25000__simulated_annealing_v1__g03_i16_c500_d4_m12_adversarial__seed_42__e2b4bc7d6f6a.json,skip,,customer_count>10
results/runs/research_until_25000/simulated_annealing_v1/research/group_03/g03_i17_c500_d4_m13_adversarial/20260509T014306Z__research_until_25000__simulated_annealing_v1__g03_i17_c500_d4_m13_adversarial__seed_42__fac6e1d89d3b.json,skip,,customer_count>10
results/runs/research_until_25000/simulated_annealing_v1/research/group_03/g03_i18_c500_d5_m15_adversarial/20260509T014307Z__research_until_25000__simulated_annealing_v1__g03_i18_c500_d5_m15_adversarial__seed_42__d63719d22cd2.json,skip,,customer_count>10
results/runs/research_until_25000/simulated_annealing_v1/research/group_03/g03_i19_c500_d4_m12_adversarial/20260509T014307Z__research_until_25000__simulated_annealing_v1__g03_i19_c500_d4_m12_adversarial__seed_42__4ba7aa68680c.json,skip,,customer_count>10
results/runs/research_until_25000/simulated_annealing_v1/research/group_03/g03_i20_c500_d4_m13_adversarial/20260509T014308Z__research_until_25000__simulated_annealing_v1__g03_i20_c500_d4_m13_adversarial__seed_42__7eb16b5305f8.json,skip,,customer_count>10
results/runs/research_until_25000/simulated_annealing_v1/research/group_03/g03_i21_c500_d5_m15_adversarial/20260509T014309Z__research_until_25000__simulated_annealing_v1__g03_i21_c500_d5_m15_adversarial__seed_42__f13d794ee235.json,skip,,customer_count>10
results/runs/research_until_25000/simulated_annealing_v1/research/group_03/g03_i22_c500_d4_m12_adversarial/20260509T014309Z__research_until_25000__simulated_annealing_v1__g03_i22_c500_d4_m12_adversarial__seed_42__7b9fc6d3a718.json,skip,,customer_count>10
results/runs/research_until_25000/simulated_annealing_v1/research/group_03/g03_i23_c500_d4_m13_adversarial/20260509T014309Z__research_until_25000__simulated_annealing_v1__g03_i23_c500_d4_m13_adversarial__seed_42__34a410e117ac.json,skip,,customer_count>10
results/runs/research_until_25000/simulated_annealing_v1/research/group_03/g03_i24_c500_d5_m15_adversarial/20260509T014310Z__research_until_25000__simulated_annealing_v1__g03_i24_c500_d5_m15_adversarial__seed_42__5396ee7fcb66.json,skip,,customer_count>10
results/runs/research_until_25000/simulated_annealing_v1/research/group_03/g03_i25_c500_d4_m12_adversarial/20260509T014310Z__research_until_25000__simulated_annealing_v1__g03_i25_c500_d4_m12_adversarial__seed_42__738d2e7dc83b.json,skip,,customer_count>10
results/runs/research_until_25000/simulated_annealing_v1/research/group_03/g03_i26_c500_d5_m14_adversarial/20260509T014310Z__research_until_25000__simulated_annealing_v1__g03_i26_c500_d5_m14_adversarial__seed_42__7f913c1f1690.json,skip,,customer_count>10
results/runs/research_until_25000/simulated_annealing_v1/research/group_03/g03_i27_c500_d4_m12_adversarial/20260509T014311Z__research_until_25000__simulated_annealing_v1__g03_i27_c500_d4_m12_adversarial__seed_42__949368b5c388.json,skip,,customer_count>10
results/runs/research_until_25000/simulated_annealing_v1/research/group_03/g03_i28_c500_d5_m14_adversarial/20260509T014311Z__research_until_25000__simulated_annealing_v1__g03_i28_c500_d5_m14_adversarial__seed_42__9a0f01aa4a83.json,skip,,customer_count>10
results/runs/research_until_25000/simulated_annealing_v1/research/group_03/g03_i29_c500_d4_m12_adversarial/20260509T014311Z__research_until_25000__simulated_annealing_v1__g03_i29_c500_d4_m12_adversarial__seed_42__d5f526804aaa.json,skip,,customer_count>10
results/runs/research_until_25000/simulated_annealing_v1/research/group_03/g03_i30_c500_d5_m14_adversarial/20260509T014311Z__research_until_25000__simulated_annealing_v1__g03_i30_c500_d5_m14_adversarial__seed_42__af17fdac80cd.json,skip,,customer_count>10
results/runs/research_until_25000/simulated_annealing_v1/research/group_03/g03_i31_c500_d4_m12_adversarial/20260509T014312Z__research_until_25000__simulated_annealing_v1__g03_i31_c500_d4_m12_adversarial__seed_42__e1f7d5dd1dbf.json,skip,,customer_count>10
results/runs/research_until_25000/simulated_annealing_v1/research/group_03/g03_i32_c500_d5_m14_adversarial/20260509T014312Z__research_until_25000__simulated_annealing_v1__g03_i32_c500_d5_m14_adversarial__seed_42__5c4402b26df9.json,skip,,customer_count>10
results/runs/research_until_25000/simulated_annealing_v1/research/group_03/g03_i33_c500_d4_m13_adversarial/20260509T014313Z__research_until_25000__simulated_annealing_v1__g03_i33_c500_d4_m13_adversarial__seed_42__038e8c42706c.json,skip,,customer_count>10
results/runs/research_until_25000/simulated_annealing_v1/research/group_03/g03_i34_c500_d5_m16_adversarial/20260509T014313Z__research_until_25000__simulated_annealing_v1__g03_i34_c500_d5_m16_adversarial__seed_42__68e039b92f15.json,skip,,customer_count>10
results/runs/research_until_25000/simulated_annealing_v1/research/group_03/g03_i35_c500_d4_m13_adversarial/20260509T014313Z__research_until_25000__simulated_annealing_v1__g03_i35_c500_d4_m13_adversarial__seed_42__8b55ec6bc283.json,skip,,customer_count>10
results/runs/research_until_25000/simulated_annealing_v1/research/group_03/g03_i36_c500_d5_m16_adversarial/20260509T014314Z__research_until_25000__simulated_annealing_v1__g03_i36_c500_d5_m16_adversarial__seed_42__017a68cc03bf.json,skip,,customer_count>10
results/runs/research_until_25000/simulated_annealing_v1/research/group_03/g03_i37_c500_d4_m13_adversarial/20260509T014314Z__research_until_25000__simulated_annealing_v1__g03_i37_c500_d4_m13_adversarial__seed_42__9fa72ceb1bfd.json,skip,,customer_count>10
results/runs/research_until_25000/simulated_annealing_v1/research/group_03/g03_i38_c500_d5_m16_adversarial/20260509T014314Z__research_until_25000__simulated_annealing_v1__g03_i38_c500_d5_m16_adversarial__seed_42__7b92ea9561b2.json,skip,,customer_count>10
results/runs/research_until_25000/simulated_annealing_v1/research/group_03/g03_i39_c500_d4_m13_adversarial/20260509T014315Z__research_until_25000__simulated_annealing_v1__g03_i39_c500_d4_m13_adversarial__seed_42__ae720282dd53.json,skip,,customer_count>10
results/runs/research_until_25000/simulated_annealing_v1/research/group_03/g03_i40_c500_d5_m16_adversarial/20260509T014315Z__research_until_25000__simulated_annealing_v1__g03_i40_c500_d5_m16_adversarial__seed_42__4e7ee44a7426.json,skip,,customer_count>10
results/runs/research_until_25000/simulated_annealing_v1/research/group_03/g03_i41_c500_d4_m12_adversarial/20260509T014316Z__research_until_25000__simulated_annealing_v1__g03_i41_c500_d4_m12_adversarial__seed_42__8e996ba5e1f6.json,skip,,customer_count>10
results/runs/research_until_25000/simulated_annealing_v1/research/group_03/g03_i42_c500_d5_m14_adversarial/20260509T014316Z__research_until_25000__simulated_annealing_v1__g03_i42_c500_d5_m14_adversarial__seed_42__7131d6bb8e62.json,skip,,customer_count>10
results/runs/research_until_25000/simulated_annealing_v1/research/group_03/g03_i43_c500_d4_m12_adversarial/20260509T014316Z__research_until_25000__simulated_annealing_v1__g03_i43_c500_d4_m12_adversarial__seed_42__8dd91728e5e8.json,skip,,customer_count>10
results/runs/research_until_25000/simulated_annealing_v1/research/group_03/g03_i44_c500_d5_m14_adversarial/20260509T014316Z__research_until_25000__simulated_annealing_v1__g03_i44_c500_d5_m14_adversarial__seed_42__22000750730c.json,skip,,customer_count>10
results/runs/research_until_25000/simulated_annealing_v1/research/group_03/g03_i45_c500_d4_m12_adversarial/20260509T014317Z__research_until_25000__simulated_annealing_v1__g03_i45_c500_d4_m12_adversarial__seed_42__93de2b770c6d.json,skip,,customer_count>10
results/runs/research_until_25000/simulated_annealing_v1/research/group_03/g03_i46_c500_d5_m14_adversarial/20260509T014317Z__research_until_25000__simulated_annealing_v1__g03_i46_c500_d5_m14_adversarial__seed_42__1b97de659b8b.json,skip,,customer_count>10
results/runs/research_until_25000/simulated_annealing_v1/research/group_03/g03_i47_c500_d4_m12_adversarial/20260509T014317Z__research_until_25000__simulated_annealing_v1__g03_i47_c500_d4_m12_adversarial__seed_42__a4e8cae695c1.json,skip,,customer_count>10
results/runs/research_until_25000/simulated_annealing_v1/research/group_03/g03_i48_c500_d4_m13_adversarial/20260509T014317Z__research_until_25000__simulated_annealing_v1__g03_i48_c500_d4_m13_adversarial__seed_42__13d3d5aa9eaf.json,skip,,customer_count>10
results/runs/research_until_25000/simulated_annealing_v1/research/group_03/g03_i49_c500_d5_m15_adversarial/20260509T014318Z__research_until_25000__simulated_annealing_v1__g03_i49_c500_d5_m15_adversarial__seed_42__99fa306e3e12.json,skip,,customer_count>10
results/runs/research_until_25000/simulated_annealing_v1/research/group_03/g03_i50_c500_d4_m12_adversarial/20260509T014318Z__research_until_25000__simulated_annealing_v1__g03_i50_c500_d4_m12_adversarial__seed_42__fec82d0be9ee.json,skip,,customer_count>10
results/runs/research_until_25000/simulated_annealing_v1/research/group_03/g03_i51_c500_d4_m13_adversarial/20260509T014318Z__research_until_25000__simulated_annealing_v1__g03_i51_c500_d4_m13_adversarial__seed_42__c85c14aad8d3.json,skip,,customer_count>10
results/runs/research_until_25000/simulated_annealing_v1/research/group_03/g03_i52_c500_d5_m15_adversarial/20260509T014319Z__research_until_25000__simulated_annealing_v1__g03_i52_c500_d5_m15_adversarial__seed_42__add5ae272527.json,skip,,customer_count>10
results/runs/research_until_25000/simulated_annealing_v1/research/group_03_hard/g03h_i01_c500_d3_m5_hard_adversarial/20260509T014319Z__research_until_25000__simulated_annealing_v1__g03h_i01_c500_d3_m5_hard_adversarial__seed_42__11a87e739d4c.json,skip,,customer_count>10
results/runs/research_until_25000/simulated_annealing_v1/research/group_03_hard/g03h_i02_c500_d3_m6_hard_adversarial/20260509T014320Z__research_until_25000__simulated_annealing_v1__g03h_i02_c500_d3_m6_hard_adversarial__seed_42__a3c08ad9b672.json,skip,,customer_count>10
results/runs/research_until_25000/simulated_annealing_v1/research/group_03_hard/g03h_i03_c500_d2_m4_hard_adversarial/20260509T014320Z__research_until_25000__simulated_annealing_v1__g03h_i03_c500_d2_m4_hard_adversarial__seed_42__2007157a2471.json,skip,,customer_count>10
results/runs/research_until_25000/simulated_annealing_v1/research/group_03_hard/g03h_i04_c500_d3_m5_hard_adversarial/20260509T014320Z__research_until_25000__simulated_annealing_v1__g03h_i04_c500_d3_m5_hard_adversarial__seed_42__acf553512454.json,skip,,customer_count>10
results/runs/research_until_25000/simulated_annealing_v1/research/group_03_hard/g03h_i05_c500_d3_m6_hard_adversarial/20260509T014320Z__research_until_25000__simulated_annealing_v1__g03h_i05_c500_d3_m6_hard_adversarial__seed_42__389976238374.json,skip,,customer_count>10
results/runs/research_until_25000/simulated_annealing_v1/research/group_03_hard/g03h_i06_c500_d2_m4_hard_adversarial/20260509T014320Z__research_until_25000__simulated_annealing_v1__g03h_i06_c500_d2_m4_hard_adversarial__seed_42__d4a7997b42f2.json,skip,,customer_count>10
results/runs/research_until_25000/simulated_annealing_v1/research/group_03_hard/g03h_i07_c500_d3_m5_hard_adversarial/20260509T014320Z__research_until_25000__simulated_annealing_v1__g03h_i07_c500_d3_m5_hard_adversarial__seed_42__84e987b86024.json,skip,,customer_count>10
results/runs/research_until_25000/simulated_annealing_v1/research/group_03_hard/g03h_i08_c500_d2_m4_hard_adversarial/20260509T014321Z__research_until_25000__simulated_annealing_v1__g03h_i08_c500_d2_m4_hard_adversarial__seed_42__034cacee763e.json,skip,,customer_count>10
results/runs/research_until_25000/simulated_annealing_v1/research/group_03_hard/g03h_i09_c500_d3_m5_hard_adversarial/20260509T014321Z__research_until_25000__simulated_annealing_v1__g03h_i09_c500_d3_m5_hard_adversarial__seed_42__a2d46c60ceb5.json,skip,,customer_count>10
results/runs/research_until_25000/simulated_annealing_v1/research/group_03_hard/g03h_i10_c500_d2_m4_hard_adversarial/20260509T014321Z__research_until_25000__simulated_annealing_v1__g03h_i10_c500_d2_m4_hard_adversarial__seed_42__967a5fd4c00f.json,skip,,customer_count>10
results/runs/research_until_25000/simulated_annealing_v1/research/group_03_hard/g03h_i11_c500_d3_m5_hard_adversarial/20260509T014321Z__research_until_25000__simulated_annealing_v1__g03h_i11_c500_d3_m5_hard_adversarial__seed_42__12f728706644.json,skip,,customer_count>10
results/runs/research_until_25000/simulated_annealing_v1/research/group_03_hard/g03h_i12_c500_d2_m4_hard_adversarial/20260509T014321Z__research_until_25000__simulated_annealing_v1__g03h_i12_c500_d2_m4_hard_adversarial__seed_42__13e08a4eb866.json,skip,,customer_count>10
results/runs/research_until_25000/simulated_annealing_v1/research/group_03_hard/g03h_i13_c500_d3_m5_hard_adversarial/20260509T014321Z__research_until_25000__simulated_annealing_v1__g03h_i13_c500_d3_m5_hard_adversarial__seed_42__b21864beef2d.json,skip,,customer_count>10
results/runs/research_until_25000/simulated_annealing_v1/research/group_03_hard/g03h_i14_c500_d2_m4_hard_adversarial/20260509T014321Z__research_until_25000__simulated_annealing_v1__g03h_i14_c500_d2_m4_hard_adversarial__seed_42__47ead0057d7a.json,skip,,customer_count>10
results/runs/research_until_25000/simulated_annealing_v1/research/group_03_hard/g03h_i15_c500_d3_m5_hard_adversarial/20260509T014321Z__research_until_25000__simulated_annealing_v1__g03h_i15_c500_d3_m5_hard_adversarial__seed_42__d848b1aa06f3.json,skip,,customer_count>10
results/runs/research_until_25000/simulated_annealing_v1/research/group_03_hard/g03h_i16_c500_d2_m4_hard_adversarial/20260509T014321Z__research_until_25000__simulated_annealing_v1__g03h_i16_c500_d2_m4_hard_adversarial__seed_42__6490054e9ac8.json,skip,,customer_count>10
results/runs/research_until_25000/simulated_annealing_v1/research/group_03_hard/g03h_i17_c500_d3_m5_hard_adversarial/20260509T014321Z__research_until_25000__simulated_annealing_v1__g03h_i17_c500_d3_m5_hard_adversarial__seed_42__32b065f55887.json,skip,,customer_count>10
results/runs/research_until_25000/simulated_annealing_v1/research/group_03_hard/g03h_i18_c500_d3_m6_hard_adversarial/20260509T014321Z__research_until_25000__simulated_annealing_v1__g03h_i18_c500_d3_m6_hard_adversarial__seed_42__dd66473d6d4e.json,skip,,customer_count>10
results/runs/research_until_25000/simulated_annealing_v1/research/group_03_hard/g03h_i19_c500_d2_m5_hard_adversarial/20260509T014321Z__research_until_25000__simulated_annealing_v1__g03h_i19_c500_d2_m5_hard_adversarial__seed_42__c8f24d28f399.json,skip,,customer_count>10
results/runs/research_until_25000/simulated_annealing_v1/research/group_03_hard/g03h_i20_c500_d3_m6_hard_adversarial/20260509T014322Z__research_until_25000__simulated_annealing_v1__g03h_i20_c500_d3_m6_hard_adversarial__seed_42__94a4ffd4051b.json,skip,,customer_count>10
results/runs/research_until_25000/simulated_annealing_v1/research/group_03_hard/g03h_i21_c500_d2_m5_hard_adversarial/20260509T014322Z__research_until_25000__simulated_annealing_v1__g03h_i21_c500_d2_m5_hard_adversarial__seed_42__df109326adcc.json,skip,,customer_count>10
results/runs/research_until_25000/simulated_annealing_v1/research/group_03_hard/g03h_i22_c500_d2_m4_hard_adversarial/20260509T014323Z__research_until_25000__simulated_annealing_v1__g03h_i22_c500_d2_m4_hard_adversarial__seed_42__7d3e8db697e8.json,skip,,customer_count>10
results/runs/research_until_25000/simulated_annealing_v1/research/group_03_hard/g03h_i23_c500_d3_m5_hard_adversarial/20260509T014323Z__research_until_25000__simulated_annealing_v1__g03h_i23_c500_d3_m5_hard_adversarial__seed_42__bf20981552b2.json,skip,,customer_count>10
results/runs/research_until_25000/simulated_annealing_v1/research/group_03_hard/g03h_i24_c500_d2_m4_hard_adversarial/20260509T014323Z__research_until_25000__simulated_annealing_v1__g03h_i24_c500_d2_m4_hard_adversarial__seed_42__36e360bb5879.json,skip,,customer_count>10
results/runs/research_until_25000/simulated_annealing_v1/research/group_03_hard/g03h_i25_c500_d3_m5_hard_adversarial/20260509T014323Z__research_until_25000__simulated_annealing_v1__g03h_i25_c500_d3_m5_hard_adversarial__seed_42__6a2a315e443e.json,skip,,customer_count>10
results/runs/research_until_25000/simulated_annealing_v1/research/group_03_traps/g03t_i01_c750_d4_m5_trap/20260509T014323Z__research_until_25000__simulated_annealing_v1__g03t_i01_c750_d4_m5_trap__seed_42__5c223b02a867.json,skip,,customer_count>10
results/runs/research_until_25000/simulated_annealing_v1/research/group_03_traps/g03t_i02_c750_d3_m4_trap/20260509T014323Z__research_until_25000__simulated_annealing_v1__g03t_i02_c750_d3_m4_trap__seed_42__512634c7b4f2.json,skip,,customer_count>10
results/runs/research_until_25000/simulated_annealing_v1/research/group_03_traps/g03t_i03_c750_d2_m3_trap/20260509T014324Z__research_until_25000__simulated_annealing_v1__g03t_i03_c750_d2_m3_trap__seed_42__a248e1eb9050.json,skip,,customer_count>10
results/runs/research_until_25000/simulated_annealing_v1/research/group_03_traps/g03t_i04_c750_d4_m5_trap/20260509T014324Z__research_until_25000__simulated_annealing_v1__g03t_i04_c750_d4_m5_trap__seed_42__f62826f055c9.json,skip,,customer_count>10
results/runs/research_until_25000/simulated_annealing_v1/research/group_03_traps/g03t_i05_c750_d3_m4_trap/20260509T014324Z__research_until_25000__simulated_annealing_v1__g03t_i05_c750_d3_m4_trap__seed_42__88e42f7cba0b.json,skip,,customer_count>10
results/runs/research_until_25000/simulated_annealing_v1/research/group_03_traps/g03t_i06_c750_d2_m3_trap/20260509T014324Z__research_until_25000__simulated_annealing_v1__g03t_i06_c750_d2_m3_trap__seed_42__78250ec43c71.json,skip,,customer_count>10
results/runs/research_until_25000/simulated_annealing_v1/research/group_03_traps/g03t_i07_c750_d4_m5_trap/20260509T014324Z__research_until_25000__simulated_annealing_v1__g03t_i07_c750_d4_m5_trap__seed_42__8ae4f82c00f5.json,skip,,customer_count>10
results/runs/research_until_25000/simulated_annealing_v1/research/group_03_traps/g03t_i08_c750_d4_m5_trap/20260509T014325Z__research_until_25000__simulated_annealing_v1__g03t_i08_c750_d4_m5_trap__seed_42__2fbb7e67a8cb.json,skip,,customer_count>10
results/runs/research_until_25000/simulated_annealing_v1/research/group_03_traps/g03t_i09_c750_d3_m4_trap/20260509T014325Z__research_until_25000__simulated_annealing_v1__g03t_i09_c750_d3_m4_trap__seed_42__cfea0ef71c2e.json,skip,,customer_count>10
results/runs/research_until_25000/simulated_annealing_v1/research/group_03_traps/g03t_i10_c750_d2_m3_trap/20260509T014325Z__research_until_25000__simulated_annealing_v1__g03t_i10_c750_d2_m3_trap__seed_42__2ac59ba4da9d.json,skip,,customer_count>10
results/runs/research_until_25000/simulated_annealing_v1/research/group_03_traps/g03t_i11_c750_d4_m5_trap/20260509T014325Z__research_until_25000__simulated_annealing_v1__g03t_i11_c750_d4_m5_trap__seed_42__bed08b738b04.json,skip,,customer_count>10
results/runs/research_until_25000/simulated_annealing_v1/research/group_03_traps/g03t_i12_c750_d3_m4_trap/20260509T014326Z__research_until_25000__simulated_annealing_v1__g03t_i12_c750_d3_m4_trap__seed_42__e4e6dfd5aba9.json,skip,,customer_count>10
results/runs/research_until_25000/simulated_annealing_v1/research/group_03_traps/g03t_i13_c750_d2_m3_trap/20260509T014326Z__research_until_25000__simulated_annealing_v1__g03t_i13_c750_d2_m3_trap__seed_42__13e94d51631d.json,skip,,customer_count>10
results/runs/research_until_25000/simulated_annealing_v1/research/group_03_traps/g03t_i14_c750_d4_m5_trap/20260509T014326Z__research_until_25000__simulated_annealing_v1__g03t_i14_c750_d4_m5_trap__seed_42__66e2a0e38f7a.json,skip,,customer_count>10
results/runs/research_until_25000/simulated_annealing_v1/research/group_03_traps/g03t_i15_c750_d3_m4_trap/20260509T014326Z__research_until_25000__simulated_annealing_v1__g03t_i15_c750_d3_m4_trap__seed_42__9525b60b3446.json,skip,,customer_count>10
results/runs/research_until_25000/simulated_annealing_v1/research/group_03_traps/g03t_i16_c750_d2_m3_trap/20260509T014327Z__research_until_25000__simulated_annealing_v1__g03t_i16_c750_d2_m3_trap__seed_42__8cd963d14e79.json,skip,,customer_count>10
results/runs/research_until_25000/simulated_annealing_v1/research/group_03_traps/g03t_i17_c750_d4_m5_trap/20260509T014327Z__research_until_25000__simulated_annealing_v1__g03t_i17_c750_d4_m5_trap__seed_42__38297e245867.json,skip,,customer_count>10
results/runs/research_until_25000/simulated_annealing_v1/research/group_03_traps/g03t_i18_c750_d3_m4_trap/20260509T014327Z__research_until_25000__simulated_annealing_v1__g03t_i18_c750_d3_m4_trap__seed_42__eef23084936d.json,skip,,customer_count>10
results/runs/research_until_25000/simulated_annealing_v1/research/group_03_traps/g03t_i19_c750_d4_m5_trap/20260509T014327Z__research_until_25000__simulated_annealing_v1__g03t_i19_c750_d4_m5_trap__seed_42__e058b23a20e9.json,skip,,customer_count>10
results/runs/research_until_25000/simulated_annealing_v1/research/group_03_traps/g03t_i20_c750_d3_m4_trap/20260509T014327Z__research_until_25000__simulated_annealing_v1__g03t_i20_c750_d3_m4_trap__seed_42__c7667cb575c1.json,skip,,customer_count>10
results/runs/research_until_25000/simulated_annealing_v1/research/group_03_traps/g03t_i21_c750_d4_m5_trap/20260509T014328Z__research_until_25000__simulated_annealing_v1__g03t_i21_c750_d4_m5_trap__seed_42__8377c72c2779.json,skip,,customer_count>10
results/runs/research_until_25000/simulated_annealing_v1/research/group_03_traps/g03t_i22_c750_d3_m4_trap/20260509T014328Z__research_until_25000__simulated_annealing_v1__g03t_i22_c750_d3_m4_trap__seed_42__25f1d47c455f.json,skip,,customer_count>10
results/runs/research_until_25000/simulated_annealing_v1/research/group_03_traps/g03t_i23_c750_d4_m5_trap/20260509T014328Z__research_until_25000__simulated_annealing_v1__g03t_i23_c750_d4_m5_trap__seed_42__5c847bc5308b.json,skip,,customer_count>10
results/runs/research_until_25000/simulated_annealing_v1/research/group_03_traps/g03t_i24_c750_d3_m4_trap/20260509T014329Z__research_until_25000__simulated_annealing_v1__g03t_i24_c750_d3_m4_trap__seed_42__9a37e7817217.json,skip,,customer_count>10
results/runs/research_until_25000/simulated_annealing_v1/research/group_03_traps/g03t_i25_c750_d2_m3_trap/20260509T014329Z__research_until_25000__simulated_annealing_v1__g03t_i25_c750_d2_m3_trap__seed_42__00d95a35271e.json,skip,,customer_count>10
results/runs/research_until_25000/simulated_annealing_v1/research/group_04/g04_i01_c1000_d6_m11_random/20260509T014329Z__research_until_25000__simulated_annealing_v1__g04_i01_c1000_d6_m11_random__seed_42__d06c04c80862.json,skip,,customer_count>10
results/runs/research_until_25000/simulated_annealing_v1/research/group_04/g04_i02_c1000_d5_m19_random/20260509T014330Z__research_until_25000__simulated_annealing_v1__g04_i02_c1000_d5_m19_random__seed_42__bde6ff2f9ab7.json,skip,,customer_count>10
results/runs/research_until_25000/simulated_annealing_v1/research/group_04/g04_i03_c1000_d7_m19_random/20260509T014332Z__research_until_25000__simulated_annealing_v1__g04_i03_c1000_d7_m19_random__seed_42__9279dd81e094.json,skip,,customer_count>10
results/runs/research_until_25000/simulated_annealing_v1/research/group_04/g04_i04_c1000_d7_m12_random/20260509T014333Z__research_until_25000__simulated_annealing_v1__g04_i04_c1000_d7_m12_random__seed_42__78057593c3c6.json,skip,,customer_count>10
results/runs/research_until_25000/simulated_annealing_v1/research/group_04/g04_i05_c1000_d10_m23_random/20260509T014334Z__research_until_25000__simulated_annealing_v1__g04_i05_c1000_d10_m23_random__seed_42__08ed6d8298ea.json,skip,,customer_count>10
results/runs/research_until_25000/simulated_annealing_v1/research/group_05/g05_i01_c10000_d1_m6_random/20260509T014335Z__research_until_25000__simulated_annealing_v1__g05_i01_c10000_d1_m6_random__seed_42__c6248e644350.json,skip,,customer_count>10
results/runs/research_until_25000/simulated_annealing_v1/research/group_05/g05_i02_c10000_d2_m9_random/20260509T014336Z__research_until_25000__simulated_annealing_v1__g05_i02_c10000_d2_m9_random__seed_42__19091f2bc6ee.json,skip,,customer_count>10
results/runs/research_until_25000/simulated_annealing_v1/research/group_05/g05_i03_c10000_d3_m18_random/20260509T014347Z__research_until_25000__simulated_annealing_v1__g05_i03_c10000_d3_m18_random__seed_42__8c4617463f2c.json,skip,,customer_count>10
results/runs/research_until_25000/simulated_annealing_v1/research/group_05/g05_i04_c10000_d1_m8_random/20260509T014354Z__research_until_25000__simulated_annealing_v1__g05_i04_c10000_d1_m8_random__seed_42__b0e41aeedfdd.json,skip,,customer_count>10
results/runs/research_until_25000/simulated_annealing_v1/research/group_05/g05_i05_c10000_d2_m9_random/20260509T014355Z__research_until_25000__simulated_annealing_v1__g05_i05_c10000_d2_m9_random__seed_42__713719961398.json,skip,,customer_count>10
results/runs/research_until_25000/simulated_annealing_v1/research/group_06/g06_i01_c10000_d7_m16_clustered/20260509T014358Z__research_until_25000__simulated_annealing_v1__g06_i01_c10000_d7_m16_clustered__seed_42__d52e0505275c.json,skip,,customer_count>10
results/runs/research_until_25000/simulated_annealing_v1/research/group_06/g06_i02_c10000_d6_m41_clustered/20260509T014416Z__research_until_25000__simulated_annealing_v1__g06_i02_c10000_d6_m41_clustered__seed_42__de07dba93518.json,skip,,customer_count>10
results/runs/research_until_25000/simulated_annealing_v1/research/group_06/g06_i03_c10000_d10_m79_grid/20260509T014423Z__research_until_25000__simulated_annealing_v1__g06_i03_c10000_d10_m79_grid__seed_42__6b7f371a096a.json,skip,,customer_count>10
results/runs/research_until_25000/simulated_annealing_v1/research/group_06/g06_i04_c10000_d7_m15_grid/20260509T014436Z__research_until_25000__simulated_annealing_v1__g06_i04_c10000_d7_m15_grid__seed_42__a44a103e0030.json,skip,,customer_count>10
results/runs/research_until_25000/simulated_annealing_v1/research/group_06/g06_i05_c10000_d7_m15_adversarial/20260509T014442Z__research_until_25000__simulated_annealing_v1__g06_i05_c10000_d7_m15_adversarial__seed_42__534f05ff38a8.json,skip,,customer_count>10
results/runs/research_until_25000/simulated_annealing_v1/research/group_06/g06_i06_c10000_d7_m33_adversarial/20260509T014519Z__research_until_25000__simulated_annealing_v1__g06_i06_c10000_d7_m33_adversarial__seed_42__6e6d370bdd55.json,skip,,customer_count>10
results/runs/research_until_25000/simulated_annealing_v1/research/group_06/g06_i07_c10000_d10_m70_line/20260509T014554Z__research_until_25000__simulated_annealing_v1__g06_i07_c10000_d10_m70_line__seed_42__6bf7d9a7a1a7.json,skip,,customer_count>10
results/runs/research_until_25000/simulated_annealing_v1/research/group_06/g06_i08_c10000_d7_m45_line/20260509T014643Z__research_until_25000__simulated_annealing_v1__g06_i08_c10000_d7_m45_line__seed_42__541fbdf4fa52.json,skip,,customer_count>10
results/runs/research_until_25000/simulated_annealing_v1/research/group_07/g07_i01_c25000_d9_m20_random/20260509T014649Z__research_until_25000__simulated_annealing_v1__g07_i01_c25000_d9_m20_random__seed_42__0278cf2bc156.json,skip,,customer_count>10
results/runs/research_until_25000/simulated_annealing_v1/research/group_07/g07_i02_c25000_d5_m26_random/20260509T020030Z__research_until_25000__simulated_annealing_v1__g07_i02_c25000_d5_m26_random__seed_42__6b893d1d0265.json,skip,,customer_count>10
results/runs/research_until_25000/simulated_annealing_v2/research/group_01/g01_i01_c10_d1_m3_random/20260509T210402Z__research_until_25000__simulated_annealing_v2__g01_i01_c10_d1_m3_random__seed_42__526a49af8f52.json,rendered,results/plots/solutions/research_until_25000/simulated_annealing_v2/research/group_01/g01_i01_c10_d1_m3_random/20260509T210402Z__research_until_25000__simulated_annealing_v2__g01_i01_c10_d1_m3_random__seed_42__526a49af8f52.png,
results/runs/research_until_25000/simulated_annealing_v2/research/group_01/g01_i02_c10_d1_m3_random/20260509T210402Z__research_until_25000__simulated_annealing_v2__g01_i02_c10_d1_m3_random__seed_42__0051ef0e37e7.json,rendered,results/plots/solutions/research_until_25000/simulated_annealing_v2/research/group_01/g01_i02_c10_d1_m3_random/20260509T210402Z__research_until_25000__simulated_annealing_v2__g01_i02_c10_d1_m3_random__seed_42__0051ef0e37e7.png,
results/runs/research_until_25000/simulated_annealing_v2/research/group_01/g01_i03_c10_d2_m6_random/20260509T210402Z__research_until_25000__simulated_annealing_v2__g01_i03_c10_d2_m6_random__seed_42__8b79cada532b.json,rendered,results/plots/solutions/research_until_25000/simulated_annealing_v2/research/group_01/g01_i03_c10_d2_m6_random/20260509T210402Z__research_until_25000__simulated_annealing_v2__g01_i03_c10_d2_m6_random__seed_42__8b79cada532b.png,
results/runs/research_until_25000/simulated_annealing_v2/research/group_01/g01_i04_c10_d2_m5_random/20260509T210402Z__research_until_25000__simulated_annealing_v2__g01_i04_c10_d2_m5_random__seed_42__e6d69083b545.json,rendered,results/plots/solutions/research_until_25000/simulated_annealing_v2/research/group_01/g01_i04_c10_d2_m5_random/20260509T210402Z__research_until_25000__simulated_annealing_v2__g01_i04_c10_d2_m5_random__seed_42__e6d69083b545.png,
results/runs/research_until_25000/simulated_annealing_v2/research/group_01/g01_i05_c10_d2_m4_random/20260509T210402Z__research_until_25000__simulated_annealing_v2__g01_i05_c10_d2_m4_random__seed_42__9f5b387d22b4.json,rendered,results/plots/solutions/research_until_25000/simulated_annealing_v2/research/group_01/g01_i05_c10_d2_m4_random/20260509T210402Z__research_until_25000__simulated_annealing_v2__g01_i05_c10_d2_m4_random__seed_42__9f5b387d22b4.png,
results/runs/research_until_25000/simulated_annealing_v2/research/group_01/g01_i06_c10_d3_m4_random/20260509T210402Z__research_until_25000__simulated_annealing_v2__g01_i06_c10_d3_m4_random__seed_42__def370044612.json,rendered,results/plots/solutions/research_until_25000/simulated_annealing_v2/research/group_01/g01_i06_c10_d3_m4_random/20260509T210402Z__research_until_25000__simulated_annealing_v2__g01_i06_c10_d3_m4_random__seed_42__def370044612.png,
results/runs/research_until_25000/simulated_annealing_v2/research/group_01/g01_i07_c10_d3_m5_random/20260509T210402Z__research_until_25000__simulated_annealing_v2__g01_i07_c10_d3_m5_random__seed_42__dba4725fa11b.json,rendered,results/plots/solutions/research_until_25000/simulated_annealing_v2/research/group_01/g01_i07_c10_d3_m5_random/20260509T210402Z__research_until_25000__simulated_annealing_v2__g01_i07_c10_d3_m5_random__seed_42__dba4725fa11b.png,
results/runs/research_until_25000/simulated_annealing_v2/research/group_01/g01_i08_c10_d2_m2_random/20260509T210402Z__research_until_25000__simulated_annealing_v2__g01_i08_c10_d2_m2_random__seed_42__dfd7b9f572b6.json,rendered,results/plots/solutions/research_until_25000/simulated_annealing_v2/research/group_01/g01_i08_c10_d2_m2_random/20260509T210402Z__research_until_25000__simulated_annealing_v2__g01_i08_c10_d2_m2_random__seed_42__dfd7b9f572b6.png,
results/runs/research_until_25000/simulated_annealing_v2/research/group_01/g01_i09_c10_d3_m3_random/20260509T210402Z__research_until_25000__simulated_annealing_v2__g01_i09_c10_d3_m3_random__seed_42__8d8f60355815.json,rendered,results/plots/solutions/research_until_25000/simulated_annealing_v2/research/group_01/g01_i09_c10_d3_m3_random/20260509T210402Z__research_until_25000__simulated_annealing_v2__g01_i09_c10_d3_m3_random__seed_42__8d8f60355815.png,
results/runs/research_until_25000/simulated_annealing_v2/research/group_01/g01_i10_c10_d1_m1_random/20260509T210402Z__research_until_25000__simulated_annealing_v2__g01_i10_c10_d1_m1_random__seed_42__a03f5f3f2182.json,rendered,results/plots/solutions/research_until_25000/simulated_annealing_v2/research/group_01/g01_i10_c10_d1_m1_random/20260509T210402Z__research_until_25000__simulated_annealing_v2__g01_i10_c10_d1_m1_random__seed_42__a03f5f3f2182.png,
results/runs/research_until_25000/simulated_annealing_v2/research/group_02/g02_i01_c50_d5_m23_random/20260509T210402Z__research_until_25000__simulated_annealing_v2__g02_i01_c50_d5_m23_random__seed_42__ca5c31c03d17.json,skip,,customer_count>10
results/runs/research_until_25000/simulated_annealing_v2/research/group_02/g02_i02_c50_d3_m3_random/20260509T210402Z__research_until_25000__simulated_annealing_v2__g02_i02_c50_d3_m3_random__seed_42__5a4c2cb27f8e.json,skip,,customer_count>10
results/runs/research_until_25000/simulated_annealing_v2/research/group_02/g02_i03_c50_d4_m19_random/20260509T210402Z__research_until_25000__simulated_annealing_v2__g02_i03_c50_d4_m19_random__seed_42__6670d0099a11.json,skip,,customer_count>10
results/runs/research_until_25000/simulated_annealing_v2/research/group_02/g02_i04_c50_d4_m10_random/20260509T210402Z__research_until_25000__simulated_annealing_v2__g02_i04_c50_d4_m10_random__seed_42__3683cdf9f62c.json,skip,,customer_count>10
results/runs/research_until_25000/simulated_annealing_v2/research/group_02/g02_i05_c50_d3_m7_random/20260509T210402Z__research_until_25000__simulated_annealing_v2__g02_i05_c50_d3_m7_random__seed_42__ceac09fe5c8c.json,skip,,customer_count>10
results/runs/research_until_25000/simulated_annealing_v2/research/group_02/g02_i06_c50_d4_m6_random/20260509T210402Z__research_until_25000__simulated_annealing_v2__g02_i06_c50_d4_m6_random__seed_42__8c649b2d8d9e.json,skip,,customer_count>10
results/runs/research_until_25000/simulated_annealing_v2/research/group_02/g02_i07_c50_d4_m5_random/20260509T210402Z__research_until_25000__simulated_annealing_v2__g02_i07_c50_d4_m5_random__seed_42__f47bba79299b.json,skip,,customer_count>10
results/runs/research_until_25000/simulated_annealing_v2/research/group_02/g02_i08_c50_d4_m11_random/20260509T210402Z__research_until_25000__simulated_annealing_v2__g02_i08_c50_d4_m11_random__seed_42__9caf79821679.json,skip,,customer_count>10
results/runs/research_until_25000/simulated_annealing_v2/research/group_02/g02_i09_c50_d5_m10_random/20260509T210403Z__research_until_25000__simulated_annealing_v2__g02_i09_c50_d5_m10_random__seed_42__2719f3b7a65c.json,skip,,customer_count>10
results/runs/research_until_25000/simulated_annealing_v2/research/group_02/g02_i10_c50_d4_m20_random/20260509T210403Z__research_until_25000__simulated_annealing_v2__g02_i10_c50_d4_m20_random__seed_42__b099798c9563.json,skip,,customer_count>10
results/runs/research_until_25000/simulated_annealing_v2/research/group_03/g03_i01_c500_d5_m21_random/20260509T210403Z__research_until_25000__simulated_annealing_v2__g03_i01_c500_d5_m21_random__seed_42__6c9d29132a38.json,skip,,customer_count>10
results/runs/research_until_25000/simulated_annealing_v2/research/group_03/g03_i02_c500_d3_m10_random/20260509T210410Z__research_until_25000__simulated_annealing_v2__g03_i02_c500_d3_m10_random__seed_42__feea89225c24.json,skip,,customer_count>10
results/runs/research_until_25000/simulated_annealing_v2/research/group_03/g03_i03_c500_d3_m12_random/20260509T210413Z__research_until_25000__simulated_annealing_v2__g03_i03_c500_d3_m12_random__seed_42__e0c2400eb3f2.json,skip,,customer_count>10
results/runs/research_until_25000/simulated_annealing_v2/research/group_03/g03_i04_c500_d5_m19_random/20260509T210419Z__research_until_25000__simulated_annealing_v2__g03_i04_c500_d5_m19_random__seed_42__98df6fc6d2f1.json,skip,,customer_count>10
results/runs/research_until_25000/simulated_annealing_v2/research/group_03/g03_i05_c500_d3_m6_random/20260509T210422Z__research_until_25000__simulated_annealing_v2__g03_i05_c500_d3_m6_random__seed_42__3f52eafb367e.json,skip,,customer_count>10
results/runs/research_until_25000/simulated_annealing_v2/research/group_03/g03_i06_c500_d3_m3_random/20260509T210425Z__research_until_25000__simulated_annealing_v2__g03_i06_c500_d3_m3_random__seed_42__bc87f6edbd24.json,skip,,customer_count>10
results/runs/research_until_25000/simulated_annealing_v2/research/group_03/g03_i07_c500_d5_m20_random/20260509T210427Z__research_until_25000__simulated_annealing_v2__g03_i07_c500_d5_m20_random__seed_42__8976510a602b.json,skip,,customer_count>10
results/runs/research_until_25000/simulated_annealing_v2/research/group_03/g03_i08_c500_d3_m7_random/20260509T210431Z__research_until_25000__simulated_annealing_v2__g03_i08_c500_d3_m7_random__seed_42__3182cc6f1fbb.json,skip,,customer_count>10
results/runs/research_until_25000/simulated_annealing_v2/research/group_03/g03_i09_c500_d4_m8_random/20260509T210433Z__research_until_25000__simulated_annealing_v2__g03_i09_c500_d4_m8_random__seed_42__809d2c2813ae.json,skip,,customer_count>10
results/runs/research_until_25000/simulated_annealing_v2/research/group_03/g03_i10_c500_d5_m18_random/20260509T210436Z__research_until_25000__simulated_annealing_v2__g03_i10_c500_d5_m18_random__seed_42__b82fec0bb6ca.json,skip,,customer_count>10
results/runs/research_until_25000/simulated_annealing_v2/research/group_03/g03_i11_c500_d4_m12_adversarial/20260509T210440Z__research_until_25000__simulated_annealing_v2__g03_i11_c500_d4_m12_adversarial__seed_42__33ee084473c6.json,skip,,customer_count>10
results/runs/research_until_25000/simulated_annealing_v2/research/group_03/g03_i12_c500_d4_m13_adversarial/20260509T210443Z__research_until_25000__simulated_annealing_v2__g03_i12_c500_d4_m13_adversarial__seed_42__e81d725b045d.json,skip,,customer_count>10
results/runs/research_until_25000/simulated_annealing_v2/research/group_03/g03_i13_c500_d4_m12_adversarial/20260509T210446Z__research_until_25000__simulated_annealing_v2__g03_i13_c500_d4_m12_adversarial__seed_42__b724130cfc9a.json,skip,,customer_count>10
results/runs/research_until_25000/simulated_annealing_v2/research/group_03/g03_i14_c500_d4_m13_adversarial/20260509T210449Z__research_until_25000__simulated_annealing_v2__g03_i14_c500_d4_m13_adversarial__seed_42__ea9527446899.json,skip,,customer_count>10
results/runs/research_until_25000/simulated_annealing_v2/research/group_03/g03_i15_c500_d5_m15_adversarial/20260509T210452Z__research_until_25000__simulated_annealing_v2__g03_i15_c500_d5_m15_adversarial__seed_42__f17994ad526e.json,skip,,customer_count>10
results/runs/research_until_25000/simulated_annealing_v2/research/group_03/g03_i16_c500_d4_m12_adversarial/20260509T210455Z__research_until_25000__simulated_annealing_v2__g03_i16_c500_d4_m12_adversarial__seed_42__a73c7488287a.json,skip,,customer_count>10
results/runs/research_until_25000/simulated_annealing_v2/research/group_03/g03_i17_c500_d4_m13_adversarial/20260509T210458Z__research_until_25000__simulated_annealing_v2__g03_i17_c500_d4_m13_adversarial__seed_42__b3a38f1a5e53.json,skip,,customer_count>10
results/runs/research_until_25000/simulated_annealing_v2/research/group_03/g03_i18_c500_d5_m15_adversarial/20260509T210502Z__research_until_25000__simulated_annealing_v2__g03_i18_c500_d5_m15_adversarial__seed_42__f58810bda7d4.json,skip,,customer_count>10
results/runs/research_until_25000/simulated_annealing_v2/research/group_03/g03_i19_c500_d4_m12_adversarial/20260509T210508Z__research_until_25000__simulated_annealing_v2__g03_i19_c500_d4_m12_adversarial__seed_42__d2e7fb864f3d.json,skip,,customer_count>10
results/runs/research_until_25000/simulated_annealing_v2/research/group_03/g03_i20_c500_d4_m13_adversarial/20260509T210511Z__research_until_25000__simulated_annealing_v2__g03_i20_c500_d4_m13_adversarial__seed_42__227770549287.json,skip,,customer_count>10
results/runs/research_until_25000/simulated_annealing_v2/research/group_03/g03_i21_c500_d5_m15_adversarial/20260509T210518Z__research_until_25000__simulated_annealing_v2__g03_i21_c500_d5_m15_adversarial__seed_42__91d3af911362.json,skip,,customer_count>10
results/runs/research_until_25000/simulated_annealing_v2/research/group_03/g03_i22_c500_d4_m12_adversarial/20260509T210525Z__research_until_25000__simulated_annealing_v2__g03_i22_c500_d4_m12_adversarial__seed_42__d760b9078192.json,skip,,customer_count>10
results/runs/research_until_25000/simulated_annealing_v2/research/group_03/g03_i23_c500_d4_m13_adversarial/20260509T210531Z__research_until_25000__simulated_annealing_v2__g03_i23_c500_d4_m13_adversarial__seed_42__ed800a059d2d.json,skip,,customer_count>10
results/runs/research_until_25000/simulated_annealing_v2/research/group_03/g03_i24_c500_d5_m15_adversarial/20260509T210537Z__research_until_25000__simulated_annealing_v2__g03_i24_c500_d5_m15_adversarial__seed_42__35f0d36bbde7.json,skip,,customer_count>10
results/runs/research_until_25000/simulated_annealing_v2/research/group_03/g03_i25_c500_d4_m12_adversarial/20260509T210544Z__research_until_25000__simulated_annealing_v2__g03_i25_c500_d4_m12_adversarial__seed_42__6ab9538f27f8.json,skip,,customer_count>10
results/runs/research_until_25000/simulated_annealing_v2/research/group_03/g03_i26_c500_d5_m14_adversarial/20260509T210547Z__research_until_25000__simulated_annealing_v2__g03_i26_c500_d5_m14_adversarial__seed_42__31cb74138bba.json,skip,,customer_count>10
results/runs/research_until_25000/simulated_annealing_v2/research/group_03/g03_i27_c500_d4_m12_adversarial/20260509T210550Z__research_until_25000__simulated_annealing_v2__g03_i27_c500_d4_m12_adversarial__seed_42__202cc0d411db.json,skip,,customer_count>10
results/runs/research_until_25000/simulated_annealing_v2/research/group_03/g03_i28_c500_d5_m14_adversarial/20260509T210553Z__research_until_25000__simulated_annealing_v2__g03_i28_c500_d5_m14_adversarial__seed_42__c4580bc58037.json,skip,,customer_count>10
results/runs/research_until_25000/simulated_annealing_v2/research/group_03/g03_i29_c500_d4_m12_adversarial/20260509T210559Z__research_until_25000__simulated_annealing_v2__g03_i29_c500_d4_m12_adversarial__seed_42__bd7c605891a9.json,skip,,customer_count>10
results/runs/research_until_25000/simulated_annealing_v2/research/group_03/g03_i30_c500_d5_m14_adversarial/20260509T210602Z__research_until_25000__simulated_annealing_v2__g03_i30_c500_d5_m14_adversarial__seed_42__e830a67a2315.json,skip,,customer_count>10
results/runs/research_until_25000/simulated_annealing_v2/research/group_03/g03_i31_c500_d4_m12_adversarial/20260509T210608Z__research_until_25000__simulated_annealing_v2__g03_i31_c500_d4_m12_adversarial__seed_42__868d1b1da030.json,skip,,customer_count>10
results/runs/research_until_25000/simulated_annealing_v2/research/group_03/g03_i32_c500_d5_m14_adversarial/20260509T210611Z__research_until_25000__simulated_annealing_v2__g03_i32_c500_d5_m14_adversarial__seed_42__33ea758ae697.json,skip,,customer_count>10
results/runs/research_until_25000/simulated_annealing_v2/research/group_03/g03_i33_c500_d4_m13_adversarial/20260509T210618Z__research_until_25000__simulated_annealing_v2__g03_i33_c500_d4_m13_adversarial__seed_42__5e3970e8b02f.json,skip,,customer_count>10
results/runs/research_until_25000/simulated_annealing_v2/research/group_03/g03_i34_c500_d5_m16_adversarial/20260509T210621Z__research_until_25000__simulated_annealing_v2__g03_i34_c500_d5_m16_adversarial__seed_42__8612f9337bbb.json,skip,,customer_count>10
results/runs/research_until_25000/simulated_annealing_v2/research/group_03/g03_i35_c500_d4_m13_adversarial/20260509T210624Z__research_until_25000__simulated_annealing_v2__g03_i35_c500_d4_m13_adversarial__seed_42__e241c530e015.json,skip,,customer_count>10
results/runs/research_until_25000/simulated_annealing_v2/research/group_03/g03_i36_c500_d5_m16_adversarial/20260509T210630Z__research_until_25000__simulated_annealing_v2__g03_i36_c500_d5_m16_adversarial__seed_42__be898dd3f9c3.json,skip,,customer_count>10
results/runs/research_until_25000/simulated_annealing_v2/research/group_03/g03_i37_c500_d4_m13_adversarial/20260509T210637Z__research_until_25000__simulated_annealing_v2__g03_i37_c500_d4_m13_adversarial__seed_42__7e119abf7aef.json,skip,,customer_count>10
results/runs/research_until_25000/simulated_annealing_v2/research/group_03/g03_i38_c500_d5_m16_adversarial/20260509T210640Z__research_until_25000__simulated_annealing_v2__g03_i38_c500_d5_m16_adversarial__seed_42__34dfd2864360.json,skip,,customer_count>10
results/runs/research_until_25000/simulated_annealing_v2/research/group_03/g03_i39_c500_d4_m13_adversarial/20260509T210644Z__research_until_25000__simulated_annealing_v2__g03_i39_c500_d4_m13_adversarial__seed_42__3eb47a6dcbb9.json,skip,,customer_count>10
results/runs/research_until_25000/simulated_annealing_v2/research/group_03/g03_i40_c500_d5_m16_adversarial/20260509T210647Z__research_until_25000__simulated_annealing_v2__g03_i40_c500_d5_m16_adversarial__seed_42__24b49ace2516.json,skip,,customer_count>10
results/runs/research_until_25000/simulated_annealing_v2/research/group_03/g03_i41_c500_d4_m12_adversarial/20260509T210650Z__research_until_25000__simulated_annealing_v2__g03_i41_c500_d4_m12_adversarial__seed_42__59e2d3159b7e.json,skip,,customer_count>10
results/runs/research_until_25000/simulated_annealing_v2/research/group_03/g03_i42_c500_d5_m14_adversarial/20260509T210653Z__research_until_25000__simulated_annealing_v2__g03_i42_c500_d5_m14_adversarial__seed_42__391963a7cc5f.json,skip,,customer_count>10
results/runs/research_until_25000/simulated_annealing_v2/research/group_03/g03_i43_c500_d4_m12_adversarial/20260509T210656Z__research_until_25000__simulated_annealing_v2__g03_i43_c500_d4_m12_adversarial__seed_42__8a67f445cad9.json,skip,,customer_count>10
results/runs/research_until_25000/simulated_annealing_v2/research/group_03/g03_i44_c500_d5_m14_adversarial/20260509T210702Z__research_until_25000__simulated_annealing_v2__g03_i44_c500_d5_m14_adversarial__seed_42__44d3daaeb37d.json,skip,,customer_count>10
results/runs/research_until_25000/simulated_annealing_v2/research/group_03/g03_i45_c500_d4_m12_adversarial/20260509T210705Z__research_until_25000__simulated_annealing_v2__g03_i45_c500_d4_m12_adversarial__seed_42__8c21a0ec3acb.json,skip,,customer_count>10
results/runs/research_until_25000/simulated_annealing_v2/research/group_03/g03_i46_c500_d5_m14_adversarial/20260509T210708Z__research_until_25000__simulated_annealing_v2__g03_i46_c500_d5_m14_adversarial__seed_42__6ec6ad29c419.json,skip,,customer_count>10
results/runs/research_until_25000/simulated_annealing_v2/research/group_03/g03_i47_c500_d4_m12_adversarial/20260509T210711Z__research_until_25000__simulated_annealing_v2__g03_i47_c500_d4_m12_adversarial__seed_42__6a29ed0a1b87.json,skip,,customer_count>10
results/runs/research_until_25000/simulated_annealing_v2/research/group_03/g03_i48_c500_d4_m13_adversarial/20260509T210715Z__research_until_25000__simulated_annealing_v2__g03_i48_c500_d4_m13_adversarial__seed_42__b269fc6807a4.json,skip,,customer_count>10
results/runs/research_until_25000/simulated_annealing_v2/research/group_03/g03_i49_c500_d5_m15_adversarial/20260509T210718Z__research_until_25000__simulated_annealing_v2__g03_i49_c500_d5_m15_adversarial__seed_42__88fe0b5fb02f.json,skip,,customer_count>10
results/runs/research_until_25000/simulated_annealing_v2/research/group_03/g03_i50_c500_d4_m12_adversarial/20260509T210721Z__research_until_25000__simulated_annealing_v2__g03_i50_c500_d4_m12_adversarial__seed_42__b5a089e1bacc.json,skip,,customer_count>10
results/runs/research_until_25000/simulated_annealing_v2/research/group_03/g03_i51_c500_d4_m13_adversarial/20260509T210724Z__research_until_25000__simulated_annealing_v2__g03_i51_c500_d4_m13_adversarial__seed_42__f5c8b9454210.json,skip,,customer_count>10
results/runs/research_until_25000/simulated_annealing_v2/research/group_03/g03_i52_c500_d5_m15_adversarial/20260509T210727Z__research_until_25000__simulated_annealing_v2__g03_i52_c500_d5_m15_adversarial__seed_42__7e719881eee1.json,skip,,customer_count>10
results/runs/research_until_25000/simulated_annealing_v2/research/group_03_hard/g03h_i01_c500_d3_m5_hard_adversarial/20260509T210730Z__research_until_25000__simulated_annealing_v2__g03h_i01_c500_d3_m5_hard_adversarial__seed_42__8bc86744a933.json,skip,,customer_count>10
results/runs/research_until_25000/simulated_annealing_v2/research/group_03_hard/g03h_i02_c500_d3_m6_hard_adversarial/20260509T210733Z__research_until_25000__simulated_annealing_v2__g03h_i02_c500_d3_m6_hard_adversarial__seed_42__c93a67ca9dfe.json,skip,,customer_count>10
results/runs/research_until_25000/simulated_annealing_v2/research/group_03_hard/g03h_i03_c500_d2_m4_hard_adversarial/20260509T210736Z__research_until_25000__simulated_annealing_v2__g03h_i03_c500_d2_m4_hard_adversarial__seed_42__179c06ca2813.json,skip,,customer_count>10
results/runs/research_until_25000/simulated_annealing_v2/research/group_03_hard/g03h_i04_c500_d3_m5_hard_adversarial/20260509T210738Z__research_until_25000__simulated_annealing_v2__g03h_i04_c500_d3_m5_hard_adversarial__seed_42__ea2767be2ab4.json,skip,,customer_count>10
results/runs/research_until_25000/simulated_annealing_v2/research/group_03_hard/g03h_i05_c500_d3_m6_hard_adversarial/20260509T210741Z__research_until_25000__simulated_annealing_v2__g03h_i05_c500_d3_m6_hard_adversarial__seed_42__8f23b6f9ea6b.json,skip,,customer_count>10
results/runs/research_until_25000/simulated_annealing_v2/research/group_03_hard/g03h_i06_c500_d2_m4_hard_adversarial/20260509T210744Z__research_until_25000__simulated_annealing_v2__g03h_i06_c500_d2_m4_hard_adversarial__seed_42__a9bdabc9faa3.json,skip,,customer_count>10
results/runs/research_until_25000/simulated_annealing_v2/research/group_03_hard/g03h_i07_c500_d3_m5_hard_adversarial/20260509T210746Z__research_until_25000__simulated_annealing_v2__g03h_i07_c500_d3_m5_hard_adversarial__seed_42__4ce4420409b6.json,skip,,customer_count>10
results/runs/research_until_25000/simulated_annealing_v2/research/group_03_hard/g03h_i08_c500_d2_m4_hard_adversarial/20260509T210749Z__research_until_25000__simulated_annealing_v2__g03h_i08_c500_d2_m4_hard_adversarial__seed_42__0051fb956ba0.json,skip,,customer_count>10
results/runs/research_until_25000/simulated_annealing_v2/research/group_03_hard/g03h_i09_c500_d3_m5_hard_adversarial/20260509T210751Z__research_until_25000__simulated_annealing_v2__g03h_i09_c500_d3_m5_hard_adversarial__seed_42__28085d35a712.json,skip,,customer_count>10
results/runs/research_until_25000/simulated_annealing_v2/research/group_03_hard/g03h_i10_c500_d2_m4_hard_adversarial/20260509T210754Z__research_until_25000__simulated_annealing_v2__g03h_i10_c500_d2_m4_hard_adversarial__seed_42__0ef5d2be182d.json,skip,,customer_count>10
results/runs/research_until_25000/simulated_annealing_v2/research/group_03_hard/g03h_i11_c500_d3_m5_hard_adversarial/20260509T210756Z__research_until_25000__simulated_annealing_v2__g03h_i11_c500_d3_m5_hard_adversarial__seed_42__247f45bf7fb5.json,skip,,customer_count>10
results/runs/research_until_25000/simulated_annealing_v2/research/group_03_hard/g03h_i12_c500_d2_m4_hard_adversarial/20260509T210759Z__research_until_25000__simulated_annealing_v2__g03h_i12_c500_d2_m4_hard_adversarial__seed_42__1b9063f1083f.json,skip,,customer_count>10
results/runs/research_until_25000/simulated_annealing_v2/research/group_03_hard/g03h_i13_c500_d3_m5_hard_adversarial/20260509T210801Z__research_until_25000__simulated_annealing_v2__g03h_i13_c500_d3_m5_hard_adversarial__seed_42__1906bf2b4396.json,skip,,customer_count>10
results/runs/research_until_25000/simulated_annealing_v2/research/group_03_hard/g03h_i14_c500_d2_m4_hard_adversarial/20260509T210804Z__research_until_25000__simulated_annealing_v2__g03h_i14_c500_d2_m4_hard_adversarial__seed_42__b193a79868bc.json,skip,,customer_count>10
results/runs/research_until_25000/simulated_annealing_v2/research/group_03_hard/g03h_i15_c500_d3_m5_hard_adversarial/20260509T210806Z__research_until_25000__simulated_annealing_v2__g03h_i15_c500_d3_m5_hard_adversarial__seed_42__2eff57ab2ba5.json,skip,,customer_count>10
results/runs/research_until_25000/simulated_annealing_v2/research/group_03_hard/g03h_i16_c500_d2_m4_hard_adversarial/20260509T210811Z__research_until_25000__simulated_annealing_v2__g03h_i16_c500_d2_m4_hard_adversarial__seed_42__44eea1ab6e31.json,skip,,customer_count>10
results/runs/research_until_25000/simulated_annealing_v2/research/group_03_hard/g03h_i17_c500_d3_m5_hard_adversarial/20260509T210814Z__research_until_25000__simulated_annealing_v2__g03h_i17_c500_d3_m5_hard_adversarial__seed_42__181772c9d1e4.json,skip,,customer_count>10
results/runs/research_until_25000/simulated_annealing_v2/research/group_03_hard/g03h_i18_c500_d3_m6_hard_adversarial/20260509T210816Z__research_until_25000__simulated_annealing_v2__g03h_i18_c500_d3_m6_hard_adversarial__seed_42__85710520e36d.json,skip,,customer_count>10
results/runs/research_until_25000/simulated_annealing_v2/research/group_03_hard/g03h_i19_c500_d2_m5_hard_adversarial/20260509T210819Z__research_until_25000__simulated_annealing_v2__g03h_i19_c500_d2_m5_hard_adversarial__seed_42__be094a323dac.json,skip,,customer_count>10
results/runs/research_until_25000/simulated_annealing_v2/research/group_03_hard/g03h_i20_c500_d3_m6_hard_adversarial/20260509T210824Z__research_until_25000__simulated_annealing_v2__g03h_i20_c500_d3_m6_hard_adversarial__seed_42__7a8b60def0ad.json,skip,,customer_count>10
results/runs/research_until_25000/simulated_annealing_v2/research/group_03_hard/g03h_i21_c500_d2_m5_hard_adversarial/20260509T210830Z__research_until_25000__simulated_annealing_v2__g03h_i21_c500_d2_m5_hard_adversarial__seed_42__5c1afea2b708.json,skip,,customer_count>10
results/runs/research_until_25000/simulated_annealing_v2/research/group_03_hard/g03h_i22_c500_d2_m4_hard_adversarial/20260509T210836Z__research_until_25000__simulated_annealing_v2__g03h_i22_c500_d2_m4_hard_adversarial__seed_42__2b568c20202e.json,skip,,customer_count>10
results/runs/research_until_25000/simulated_annealing_v2/research/group_03_hard/g03h_i23_c500_d3_m5_hard_adversarial/20260509T210838Z__research_until_25000__simulated_annealing_v2__g03h_i23_c500_d3_m5_hard_adversarial__seed_42__998f0da2f5bf.json,skip,,customer_count>10
results/runs/research_until_25000/simulated_annealing_v2/research/group_03_hard/g03h_i24_c500_d2_m4_hard_adversarial/20260509T210841Z__research_until_25000__simulated_annealing_v2__g03h_i24_c500_d2_m4_hard_adversarial__seed_42__6e39dc4c60a2.json,skip,,customer_count>10
results/runs/research_until_25000/simulated_annealing_v2/research/group_03_hard/g03h_i25_c500_d3_m5_hard_adversarial/20260509T210843Z__research_until_25000__simulated_annealing_v2__g03h_i25_c500_d3_m5_hard_adversarial__seed_42__fa3c93568034.json,skip,,customer_count>10
results/runs/research_until_25000/simulated_annealing_v2/research/group_03_traps/g03t_i01_c750_d4_m5_trap/20260509T210846Z__research_until_25000__simulated_annealing_v2__g03t_i01_c750_d4_m5_trap__seed_42__16fc95f0f21c.json,skip,,customer_count>10
results/runs/research_until_25000/simulated_annealing_v2/research/group_03_traps/g03t_i02_c750_d3_m4_trap/20260509T210854Z__research_until_25000__simulated_annealing_v2__g03t_i02_c750_d3_m4_trap__seed_42__595295cf9491.json,skip,,customer_count>10
results/runs/research_until_25000/simulated_annealing_v2/research/group_03_traps/g03t_i03_c750_d2_m3_trap/20260509T210902Z__research_until_25000__simulated_annealing_v2__g03t_i03_c750_d2_m3_trap__seed_42__9619e8b2ee8c.json,skip,,customer_count>10
results/runs/research_until_25000/simulated_annealing_v2/research/group_03_traps/g03t_i04_c750_d4_m5_trap/20260509T210910Z__research_until_25000__simulated_annealing_v2__g03t_i04_c750_d4_m5_trap__seed_42__5f124b622bd5.json,skip,,customer_count>10
results/runs/research_until_25000/simulated_annealing_v2/research/group_03_traps/g03t_i05_c750_d3_m4_trap/20260509T210918Z__research_until_25000__simulated_annealing_v2__g03t_i05_c750_d3_m4_trap__seed_42__4f8cbe954ca4.json,skip,,customer_count>10
results/runs/research_until_25000/simulated_annealing_v2/research/group_03_traps/g03t_i06_c750_d2_m3_trap/20260509T210935Z__research_until_25000__simulated_annealing_v2__g03t_i06_c750_d2_m3_trap__seed_42__3eb4bdec1208.json,skip,,customer_count>10
results/runs/research_until_25000/simulated_annealing_v2/research/group_03_traps/g03t_i07_c750_d4_m5_trap/20260509T210950Z__research_until_25000__simulated_annealing_v2__g03t_i07_c750_d4_m5_trap__seed_42__3d2a54759c2e.json,skip,,customer_count>10
results/runs/research_until_25000/simulated_annealing_v2/research/group_03_traps/g03t_i08_c750_d4_m5_trap/20260509T210958Z__research_until_25000__simulated_annealing_v2__g03t_i08_c750_d4_m5_trap__seed_42__b488a565a24e.json,skip,,customer_count>10
results/runs/research_until_25000/simulated_annealing_v2/research/group_03_traps/g03t_i09_c750_d3_m4_trap/20260509T211006Z__research_until_25000__simulated_annealing_v2__g03t_i09_c750_d3_m4_trap__seed_42__c027d1dc3f78.json,skip,,customer_count>10
results/runs/research_until_25000/simulated_annealing_v2/research/group_03_traps/g03t_i10_c750_d2_m3_trap/20260509T211014Z__research_until_25000__simulated_annealing_v2__g03t_i10_c750_d2_m3_trap__seed_42__6d02a6c9a583.json,skip,,customer_count>10
results/runs/research_until_25000/simulated_annealing_v2/research/group_03_traps/g03t_i11_c750_d4_m5_trap/20260509T211022Z__research_until_25000__simulated_annealing_v2__g03t_i11_c750_d4_m5_trap__seed_42__a08766c42244.json,skip,,customer_count>10
results/runs/research_until_25000/simulated_annealing_v2/research/group_03_traps/g03t_i12_c750_d3_m4_trap/20260509T211031Z__research_until_25000__simulated_annealing_v2__g03t_i12_c750_d3_m4_trap__seed_42__35d8c0c0588b.json,skip,,customer_count>10
results/runs/research_until_25000/simulated_annealing_v2/research/group_03_traps/g03t_i13_c750_d2_m3_trap/20260509T211038Z__research_until_25000__simulated_annealing_v2__g03t_i13_c750_d2_m3_trap__seed_42__026cb5ac6b00.json,skip,,customer_count>10
results/runs/research_until_25000/simulated_annealing_v2/research/group_03_traps/g03t_i14_c750_d4_m5_trap/20260509T211046Z__research_until_25000__simulated_annealing_v2__g03t_i14_c750_d4_m5_trap__seed_42__867c58df3b1b.json,skip,,customer_count>10
results/runs/research_until_25000/simulated_annealing_v2/research/group_03_traps/g03t_i15_c750_d3_m4_trap/20260509T211054Z__research_until_25000__simulated_annealing_v2__g03t_i15_c750_d3_m4_trap__seed_42__da217ec99ffb.json,skip,,customer_count>10
results/runs/research_until_25000/simulated_annealing_v2/research/group_03_traps/g03t_i16_c750_d2_m3_trap/20260509T211102Z__research_until_25000__simulated_annealing_v2__g03t_i16_c750_d2_m3_trap__seed_42__47f0d45c7917.json,skip,,customer_count>10
results/runs/research_until_25000/simulated_annealing_v2/research/group_03_traps/g03t_i17_c750_d4_m5_trap/20260509T211110Z__research_until_25000__simulated_annealing_v2__g03t_i17_c750_d4_m5_trap__seed_42__dea5c66b6d4d.json,skip,,customer_count>10
results/runs/research_until_25000/simulated_annealing_v2/research/group_03_traps/g03t_i18_c750_d3_m4_trap/20260509T211119Z__research_until_25000__simulated_annealing_v2__g03t_i18_c750_d3_m4_trap__seed_42__a236e341f73d.json,skip,,customer_count>10
results/runs/research_until_25000/simulated_annealing_v2/research/group_03_traps/g03t_i19_c750_d4_m5_trap/20260509T211127Z__research_until_25000__simulated_annealing_v2__g03t_i19_c750_d4_m5_trap__seed_42__ab18f879d8fe.json,skip,,customer_count>10
results/runs/research_until_25000/simulated_annealing_v2/research/group_03_traps/g03t_i20_c750_d3_m4_trap/20260509T211143Z__research_until_25000__simulated_annealing_v2__g03t_i20_c750_d3_m4_trap__seed_42__c2073dc7e90f.json,skip,,customer_count>10
results/runs/research_until_25000/simulated_annealing_v2/research/group_03_traps/g03t_i21_c750_d4_m5_trap/20260509T211200Z__research_until_25000__simulated_annealing_v2__g03t_i21_c750_d4_m5_trap__seed_42__015f4aafd3a3.json,skip,,customer_count>10
results/runs/research_until_25000/simulated_annealing_v2/research/group_03_traps/g03t_i22_c750_d3_m4_trap/20260509T211216Z__research_until_25000__simulated_annealing_v2__g03t_i22_c750_d3_m4_trap__seed_42__1fa63f246eb1.json,skip,,customer_count>10
results/runs/research_until_25000/simulated_annealing_v2/research/group_03_traps/g03t_i23_c750_d4_m5_trap/20260509T211233Z__research_until_25000__simulated_annealing_v2__g03t_i23_c750_d4_m5_trap__seed_42__a2b53002f4ab.json,skip,,customer_count>10
results/runs/research_until_25000/simulated_annealing_v2/research/group_03_traps/g03t_i24_c750_d3_m4_trap/20260509T211241Z__research_until_25000__simulated_annealing_v2__g03t_i24_c750_d3_m4_trap__seed_42__4c93058a0e83.json,skip,,customer_count>10
results/runs/research_until_25000/simulated_annealing_v2/research/group_03_traps/g03t_i25_c750_d2_m3_trap/20260509T211249Z__research_until_25000__simulated_annealing_v2__g03t_i25_c750_d2_m3_trap__seed_42__4001e43a0df3.json,skip,,customer_count>10
results/runs/research_until_25000/simulated_annealing_v2/research/group_04/g04_i01_c1000_d6_m11_random/20260509T211257Z__research_until_25000__simulated_annealing_v2__g04_i01_c1000_d6_m11_random__seed_42__f1fbd52d360c.json,skip,,customer_count>10
results/runs/research_until_25000/simulated_annealing_v2/research/group_04/g04_i02_c1000_d5_m19_random/20260509T211318Z__research_until_25000__simulated_annealing_v2__g04_i02_c1000_d5_m19_random__seed_42__8e198e6fdf4c.json,skip,,customer_count>10
results/runs/research_until_25000/simulated_annealing_v2/research/group_04/g04_i03_c1000_d7_m19_random/20260509T211342Z__research_until_25000__simulated_annealing_v2__g04_i03_c1000_d7_m19_random__seed_42__4b9b7663bd55.json,skip,,customer_count>10
results/runs/research_until_25000/simulated_annealing_v2/research/group_04/g04_i04_c1000_d7_m12_random/20260509T211429Z__research_until_25000__simulated_annealing_v2__g04_i04_c1000_d7_m12_random__seed_42__ebaef97c143e.json,skip,,customer_count>10
results/runs/research_until_25000/simulated_annealing_v2/research/group_04/g04_i05_c1000_d10_m23_random/20260509T211450Z__research_until_25000__simulated_annealing_v2__g04_i05_c1000_d10_m23_random__seed_42__1ed398305c9d.json,skip,,customer_count>10
results/runs/research_until_25000/simulated_annealing_v2/research/group_05/g05_i01_c10000_d1_m6_random/20260509T211515Z__research_until_25000__simulated_annealing_v2__g05_i01_c10000_d1_m6_random__seed_42__dfb064ffdeb2.json,skip,,customer_count>10
results/runs/research_until_25000/simulated_annealing_v2/research/group_05/g05_i02_c10000_d2_m9_random/20260509T211517Z__research_until_25000__simulated_annealing_v2__g05_i02_c10000_d2_m9_random__seed_42__791a9b0a9f10.json,skip,,customer_count>10
results/runs/research_until_25000/simulated_annealing_v2/research/group_05/g05_i03_c10000_d3_m18_random/20260509T211524Z__research_until_25000__simulated_annealing_v2__g05_i03_c10000_d3_m18_random__seed_42__bd0b36aa527e.json,skip,,customer_count>10
results/runs/research_until_25000/simulated_annealing_v2/research/group_05/g05_i04_c10000_d1_m8_random/20260509T211527Z__research_until_25000__simulated_annealing_v2__g05_i04_c10000_d1_m8_random__seed_42__85120a187f31.json,skip,,customer_count>10
results/runs/research_until_25000/simulated_annealing_v2/research/group_05/g05_i05_c10000_d2_m9_random/20260509T211529Z__research_until_25000__simulated_annealing_v2__g05_i05_c10000_d2_m9_random__seed_42__c0d3b92949d3.json,skip,,customer_count>10
results/runs/research_until_25000/simulated_annealing_v2/research/group_06/g06_i01_c10000_d7_m16_clustered/20260509T211532Z__research_until_25000__simulated_annealing_v2__g06_i01_c10000_d7_m16_clustered__seed_42__8841dbed5e6b.json,skip,,customer_count>10
results/runs/research_until_25000/simulated_annealing_v2/research/group_06/g06_i02_c10000_d6_m41_clustered/20260509T211546Z__research_until_25000__simulated_annealing_v2__g06_i02_c10000_d6_m41_clustered__seed_42__26c5b10f5eb3.json,skip,,customer_count>10
results/runs/research_until_25000/simulated_annealing_v2/research/group_06/g06_i03_c10000_d10_m79_grid/20260509T211555Z__research_until_25000__simulated_annealing_v2__g06_i03_c10000_d10_m79_grid__seed_42__e82945d1c026.json,skip,,customer_count>10
results/runs/research_until_25000/simulated_annealing_v2/research/group_06/g06_i04_c10000_d7_m15_grid/20260509T211603Z__research_until_25000__simulated_annealing_v2__g06_i04_c10000_d7_m15_grid__seed_42__7d442b1027d4.json,skip,,customer_count>10
results/runs/research_until_25000/simulated_annealing_v2/research/group_06/g06_i05_c10000_d7_m15_adversarial/20260509T211606Z__research_until_25000__simulated_annealing_v2__g06_i05_c10000_d7_m15_adversarial__seed_42__1c56482491e4.json,skip,,customer_count>10
results/runs/research_until_25000/simulated_annealing_v2/research/group_06/g06_i06_c10000_d7_m33_adversarial/20260509T211651Z__research_until_25000__simulated_annealing_v2__g06_i06_c10000_d7_m33_adversarial__seed_42__748f1167cd1b.json,skip,,customer_count>10
results/runs/research_until_25000/simulated_annealing_v2/research/group_06/g06_i07_c10000_d10_m70_line/20260509T211749Z__research_until_25000__simulated_annealing_v2__g06_i07_c10000_d10_m70_line__seed_42__5312fb645d3c.json,skip,,customer_count>10
results/runs/research_until_25000/simulated_annealing_v2/research/group_06/g06_i08_c10000_d7_m45_line/20260509T211849Z__research_until_25000__simulated_annealing_v2__g06_i08_c10000_d7_m45_line__seed_42__513f870d5c1d.json,skip,,customer_count>10
results/runs/research_until_25000/simulated_annealing_v2/research/group_07/g07_i01_c25000_d9_m20_random/20260509T211853Z__research_until_25000__simulated_annealing_v2__g07_i01_c25000_d9_m20_random__seed_42__5640eb7d676b.json,skip,,customer_count>10
results/runs/research_until_25000/simulated_annealing_v2/research/group_07/g07_i02_c25000_d5_m26_random/20260509T212622Z__research_until_25000__simulated_annealing_v2__g07_i02_c25000_d5_m26_random__seed_42__7fd81670bf24.json,skip,,customer_count>10
results/runs/research_until_25000/simulated_annealing_v3/research/group_01/g01_i01_c10_d1_m3_random/20260509T214429Z__research_until_25000__simulated_annealing_v3__g01_i01_c10_d1_m3_random__seed_42__b64d5c74e345.json,rendered,results/plots/solutions/research_until_25000/simulated_annealing_v3/research/group_01/g01_i01_c10_d1_m3_random/20260509T214429Z__research_until_25000__simulated_annealing_v3__g01_i01_c10_d1_m3_random__seed_42__b64d5c74e345.png,
results/runs/research_until_25000/simulated_annealing_v3/research/group_01/g01_i02_c10_d1_m3_random/20260509T214429Z__research_until_25000__simulated_annealing_v3__g01_i02_c10_d1_m3_random__seed_42__dc154122a908.json,rendered,results/plots/solutions/research_until_25000/simulated_annealing_v3/research/group_01/g01_i02_c10_d1_m3_random/20260509T214429Z__research_until_25000__simulated_annealing_v3__g01_i02_c10_d1_m3_random__seed_42__dc154122a908.png,
results/runs/research_until_25000/simulated_annealing_v3/research/group_01/g01_i03_c10_d2_m6_random/20260509T214429Z__research_until_25000__simulated_annealing_v3__g01_i03_c10_d2_m6_random__seed_42__ddaef98273b2.json,rendered,results/plots/solutions/research_until_25000/simulated_annealing_v3/research/group_01/g01_i03_c10_d2_m6_random/20260509T214429Z__research_until_25000__simulated_annealing_v3__g01_i03_c10_d2_m6_random__seed_42__ddaef98273b2.png,
results/runs/research_until_25000/simulated_annealing_v3/research/group_01/g01_i04_c10_d2_m5_random/20260509T214429Z__research_until_25000__simulated_annealing_v3__g01_i04_c10_d2_m5_random__seed_42__323ea15816ec.json,rendered,results/plots/solutions/research_until_25000/simulated_annealing_v3/research/group_01/g01_i04_c10_d2_m5_random/20260509T214429Z__research_until_25000__simulated_annealing_v3__g01_i04_c10_d2_m5_random__seed_42__323ea15816ec.png,
results/runs/research_until_25000/simulated_annealing_v3/research/group_01/g01_i05_c10_d2_m4_random/20260509T214429Z__research_until_25000__simulated_annealing_v3__g01_i05_c10_d2_m4_random__seed_42__d1a823c256e9.json,rendered,results/plots/solutions/research_until_25000/simulated_annealing_v3/research/group_01/g01_i05_c10_d2_m4_random/20260509T214429Z__research_until_25000__simulated_annealing_v3__g01_i05_c10_d2_m4_random__seed_42__d1a823c256e9.png,
results/runs/research_until_25000/simulated_annealing_v3/research/group_01/g01_i06_c10_d3_m4_random/20260509T214429Z__research_until_25000__simulated_annealing_v3__g01_i06_c10_d3_m4_random__seed_42__5a23d4687652.json,rendered,results/plots/solutions/research_until_25000/simulated_annealing_v3/research/group_01/g01_i06_c10_d3_m4_random/20260509T214429Z__research_until_25000__simulated_annealing_v3__g01_i06_c10_d3_m4_random__seed_42__5a23d4687652.png,
results/runs/research_until_25000/simulated_annealing_v3/research/group_01/g01_i07_c10_d3_m5_random/20260509T214429Z__research_until_25000__simulated_annealing_v3__g01_i07_c10_d3_m5_random__seed_42__3ba1ae2376fb.json,rendered,results/plots/solutions/research_until_25000/simulated_annealing_v3/research/group_01/g01_i07_c10_d3_m5_random/20260509T214429Z__research_until_25000__simulated_annealing_v3__g01_i07_c10_d3_m5_random__seed_42__3ba1ae2376fb.png,
results/runs/research_until_25000/simulated_annealing_v3/research/group_01/g01_i08_c10_d2_m2_random/20260509T214429Z__research_until_25000__simulated_annealing_v3__g01_i08_c10_d2_m2_random__seed_42__52ea285339bc.json,rendered,results/plots/solutions/research_until_25000/simulated_annealing_v3/research/group_01/g01_i08_c10_d2_m2_random/20260509T214429Z__research_until_25000__simulated_annealing_v3__g01_i08_c10_d2_m2_random__seed_42__52ea285339bc.png,
results/runs/research_until_25000/simulated_annealing_v3/research/group_01/g01_i09_c10_d3_m3_random/20260509T214429Z__research_until_25000__simulated_annealing_v3__g01_i09_c10_d3_m3_random__seed_42__11b56af9c567.json,rendered,results/plots/solutions/research_until_25000/simulated_annealing_v3/research/group_01/g01_i09_c10_d3_m3_random/20260509T214429Z__research_until_25000__simulated_annealing_v3__g01_i09_c10_d3_m3_random__seed_42__11b56af9c567.png,
results/runs/research_until_25000/simulated_annealing_v3/research/group_01/g01_i10_c10_d1_m1_random/20260509T214429Z__research_until_25000__simulated_annealing_v3__g01_i10_c10_d1_m1_random__seed_42__3953ea92a15e.json,rendered,results/plots/solutions/research_until_25000/simulated_annealing_v3/research/group_01/g01_i10_c10_d1_m1_random/20260509T214429Z__research_until_25000__simulated_annealing_v3__g01_i10_c10_d1_m1_random__seed_42__3953ea92a15e.png,
results/runs/research_until_25000/simulated_annealing_v3/research/group_02/g02_i01_c50_d5_m23_random/20260509T214429Z__research_until_25000__simulated_annealing_v3__g02_i01_c50_d5_m23_random__seed_42__40452198edc3.json,skip,,customer_count>10
results/runs/research_until_25000/simulated_annealing_v3/research/group_02/g02_i02_c50_d3_m3_random/20260509T214429Z__research_until_25000__simulated_annealing_v3__g02_i02_c50_d3_m3_random__seed_42__818428094d12.json,skip,,customer_count>10
results/runs/research_until_25000/simulated_annealing_v3/research/group_02/g02_i03_c50_d4_m19_random/20260509T214429Z__research_until_25000__simulated_annealing_v3__g02_i03_c50_d4_m19_random__seed_42__9ef131cbf082.json,skip,,customer_count>10
results/runs/research_until_25000/simulated_annealing_v3/research/group_02/g02_i04_c50_d4_m10_random/20260509T214430Z__research_until_25000__simulated_annealing_v3__g02_i04_c50_d4_m10_random__seed_42__1cff4eaa70ba.json,skip,,customer_count>10
results/runs/research_until_25000/simulated_annealing_v3/research/group_02/g02_i05_c50_d3_m7_random/20260509T214430Z__research_until_25000__simulated_annealing_v3__g02_i05_c50_d3_m7_random__seed_42__3b128813629b.json,skip,,customer_count>10
results/runs/research_until_25000/simulated_annealing_v3/research/group_02/g02_i06_c50_d4_m6_random/20260509T214430Z__research_until_25000__simulated_annealing_v3__g02_i06_c50_d4_m6_random__seed_42__27fbf3dd21d1.json,skip,,customer_count>10
results/runs/research_until_25000/simulated_annealing_v3/research/group_02/g02_i07_c50_d4_m5_random/20260509T214430Z__research_until_25000__simulated_annealing_v3__g02_i07_c50_d4_m5_random__seed_42__9904a2b69698.json,skip,,customer_count>10
results/runs/research_until_25000/simulated_annealing_v3/research/group_02/g02_i08_c50_d4_m11_random/20260509T214431Z__research_until_25000__simulated_annealing_v3__g02_i08_c50_d4_m11_random__seed_42__e55c0b7a1015.json,skip,,customer_count>10
results/runs/research_until_25000/simulated_annealing_v3/research/group_02/g02_i09_c50_d5_m10_random/20260509T214431Z__research_until_25000__simulated_annealing_v3__g02_i09_c50_d5_m10_random__seed_42__60bdccb84951.json,skip,,customer_count>10
results/runs/research_until_25000/simulated_annealing_v3/research/group_02/g02_i10_c50_d4_m20_random/20260509T214431Z__research_until_25000__simulated_annealing_v3__g02_i10_c50_d4_m20_random__seed_42__a2d2bb060214.json,skip,,customer_count>10
results/runs/research_until_25000/simulated_annealing_v3/research/group_03/g03_i01_c500_d5_m21_random/20260509T214431Z__research_until_25000__simulated_annealing_v3__g03_i01_c500_d5_m21_random__seed_42__ac09c321b742.json,skip,,customer_count>10
results/runs/research_until_25000/simulated_annealing_v3/research/group_03/g03_i02_c500_d3_m10_random/20260509T214439Z__research_until_25000__simulated_annealing_v3__g03_i02_c500_d3_m10_random__seed_42__447f1b4ed48b.json,skip,,customer_count>10
results/runs/research_until_25000/simulated_annealing_v3/research/group_03/g03_i03_c500_d3_m12_random/20260509T214441Z__research_until_25000__simulated_annealing_v3__g03_i03_c500_d3_m12_random__seed_42__8fad419bdcaa.json,skip,,customer_count>10
results/runs/research_until_25000/simulated_annealing_v3/research/group_03/g03_i04_c500_d5_m19_random/20260509T214447Z__research_until_25000__simulated_annealing_v3__g03_i04_c500_d5_m19_random__seed_42__fcdf4c646c28.json,skip,,customer_count>10
results/runs/research_until_25000/simulated_annealing_v3/research/group_03/g03_i05_c500_d3_m6_random/20260509T214451Z__research_until_25000__simulated_annealing_v3__g03_i05_c500_d3_m6_random__seed_42__2e1265e27f07.json,skip,,customer_count>10
results/runs/research_until_25000/simulated_annealing_v3/research/group_03/g03_i06_c500_d3_m3_random/20260509T214453Z__research_until_25000__simulated_annealing_v3__g03_i06_c500_d3_m3_random__seed_42__f6c0f0ddbd78.json,skip,,customer_count>10
results/runs/research_until_25000/simulated_annealing_v3/research/group_03/g03_i07_c500_d5_m20_random/20260509T214456Z__research_until_25000__simulated_annealing_v3__g03_i07_c500_d5_m20_random__seed_42__783eacaf78c7.json,skip,,customer_count>10
results/runs/research_until_25000/simulated_annealing_v3/research/group_03/g03_i08_c500_d3_m7_random/20260509T214459Z__research_until_25000__simulated_annealing_v3__g03_i08_c500_d3_m7_random__seed_42__f3c0d09e50a7.json,skip,,customer_count>10
results/runs/research_until_25000/simulated_annealing_v3/research/group_03/g03_i09_c500_d4_m8_random/20260509T214500Z__research_until_25000__simulated_annealing_v3__g03_i09_c500_d4_m8_random__seed_42__bcb9d38f2969.json,skip,,customer_count>10
results/runs/research_until_25000/simulated_annealing_v3/research/group_03/g03_i10_c500_d5_m18_random/20260509T214502Z__research_until_25000__simulated_annealing_v3__g03_i10_c500_d5_m18_random__seed_42__d19fc5853df5.json,skip,,customer_count>10
results/runs/research_until_25000/simulated_annealing_v3/research/group_03/g03_i11_c500_d4_m12_adversarial/20260509T214506Z__research_until_25000__simulated_annealing_v3__g03_i11_c500_d4_m12_adversarial__seed_42__a349fd7a1f11.json,skip,,customer_count>10
results/runs/research_until_25000/simulated_annealing_v3/research/group_03/g03_i12_c500_d4_m13_adversarial/20260509T214506Z__research_until_25000__simulated_annealing_v3__g03_i12_c500_d4_m13_adversarial__seed_42__9d7d52e9f4b9.json,skip,,customer_count>10
results/runs/research_until_25000/simulated_annealing_v3/research/group_03/g03_i13_c500_d4_m12_adversarial/20260509T214506Z__research_until_25000__simulated_annealing_v3__g03_i13_c500_d4_m12_adversarial__seed_42__6597c4ba3edf.json,skip,,customer_count>10
results/runs/research_until_25000/simulated_annealing_v3/research/group_03/g03_i14_c500_d4_m13_adversarial/20260509T214506Z__research_until_25000__simulated_annealing_v3__g03_i14_c500_d4_m13_adversarial__seed_42__67a0912fefcf.json,skip,,customer_count>10
results/runs/research_until_25000/simulated_annealing_v3/research/group_03/g03_i15_c500_d5_m15_adversarial/20260509T214506Z__research_until_25000__simulated_annealing_v3__g03_i15_c500_d5_m15_adversarial__seed_42__45fc17257cee.json,skip,,customer_count>10
results/runs/research_until_25000/simulated_annealing_v3/research/group_03/g03_i16_c500_d4_m12_adversarial/20260509T214510Z__research_until_25000__simulated_annealing_v3__g03_i16_c500_d4_m12_adversarial__seed_42__27886a62ad2f.json,skip,,customer_count>10
results/runs/research_until_25000/simulated_annealing_v3/research/group_03/g03_i17_c500_d4_m13_adversarial/20260509T214510Z__research_until_25000__simulated_annealing_v3__g03_i17_c500_d4_m13_adversarial__seed_42__f319af6f8025.json,skip,,customer_count>10
results/runs/research_until_25000/simulated_annealing_v3/research/group_03/g03_i18_c500_d5_m15_adversarial/20260509T214513Z__research_until_25000__simulated_annealing_v3__g03_i18_c500_d5_m15_adversarial__seed_42__8c7605545eab.json,skip,,customer_count>10
results/runs/research_until_25000/simulated_annealing_v3/research/group_03/g03_i19_c500_d4_m12_adversarial/20260509T214520Z__research_until_25000__simulated_annealing_v3__g03_i19_c500_d4_m12_adversarial__seed_42__7b804fd4d8a2.json,skip,,customer_count>10
results/runs/research_until_25000/simulated_annealing_v3/research/group_03/g03_i20_c500_d4_m13_adversarial/20260509T214523Z__research_until_25000__simulated_annealing_v3__g03_i20_c500_d4_m13_adversarial__seed_42__8be303799d7c.json,skip,,customer_count>10
results/runs/research_until_25000/simulated_annealing_v3/research/group_03/g03_i21_c500_d5_m15_adversarial/20260509T214529Z__research_until_25000__simulated_annealing_v3__g03_i21_c500_d5_m15_adversarial__seed_42__6938233adca6.json,skip,,customer_count>10
results/runs/research_until_25000/simulated_annealing_v3/research/group_03/g03_i22_c500_d4_m12_adversarial/20260509T214532Z__research_until_25000__simulated_annealing_v3__g03_i22_c500_d4_m12_adversarial__seed_42__eb9f46da7b95.json,skip,,customer_count>10
results/runs/research_until_25000/simulated_annealing_v3/research/group_03/g03_i23_c500_d4_m13_adversarial/20260509T214539Z__research_until_25000__simulated_annealing_v3__g03_i23_c500_d4_m13_adversarial__seed_42__d40474298110.json,skip,,customer_count>10
results/runs/research_until_25000/simulated_annealing_v3/research/group_03/g03_i24_c500_d5_m15_adversarial/20260509T214545Z__research_until_25000__simulated_annealing_v3__g03_i24_c500_d5_m15_adversarial__seed_42__54cf6ff1f3aa.json,skip,,customer_count>10
results/runs/research_until_25000/simulated_annealing_v3/research/group_03/g03_i25_c500_d4_m12_adversarial/20260509T214551Z__research_until_25000__simulated_annealing_v3__g03_i25_c500_d4_m12_adversarial__seed_42__2f9f892645f6.json,skip,,customer_count>10
results/runs/research_until_25000/simulated_annealing_v3/research/group_03/g03_i26_c500_d5_m14_adversarial/20260509T214551Z__research_until_25000__simulated_annealing_v3__g03_i26_c500_d5_m14_adversarial__seed_42__56263afae539.json,skip,,customer_count>10
results/runs/research_until_25000/simulated_annealing_v3/research/group_03/g03_i27_c500_d4_m12_adversarial/20260509T214554Z__research_until_25000__simulated_annealing_v3__g03_i27_c500_d4_m12_adversarial__seed_42__d570796c959a.json,skip,,customer_count>10
results/runs/research_until_25000/simulated_annealing_v3/research/group_03/g03_i28_c500_d5_m14_adversarial/20260509T214557Z__research_until_25000__simulated_annealing_v3__g03_i28_c500_d5_m14_adversarial__seed_42__9b277764c7c5.json,skip,,customer_count>10
results/runs/research_until_25000/simulated_annealing_v3/research/group_03/g03_i29_c500_d4_m12_adversarial/20260509T214603Z__research_until_25000__simulated_annealing_v3__g03_i29_c500_d4_m12_adversarial__seed_42__aeccb4309940.json,skip,,customer_count>10
results/runs/research_until_25000/simulated_annealing_v3/research/group_03/g03_i30_c500_d5_m14_adversarial/20260509T214604Z__research_until_25000__simulated_annealing_v3__g03_i30_c500_d5_m14_adversarial__seed_42__d105d2b42146.json,skip,,customer_count>10
results/runs/research_until_25000/simulated_annealing_v3/research/group_03/g03_i31_c500_d4_m12_adversarial/20260509T214610Z__research_until_25000__simulated_annealing_v3__g03_i31_c500_d4_m12_adversarial__seed_42__0ddab900ceff.json,skip,,customer_count>10
results/runs/research_until_25000/simulated_annealing_v3/research/group_03/g03_i32_c500_d5_m14_adversarial/20260509T214613Z__research_until_25000__simulated_annealing_v3__g03_i32_c500_d5_m14_adversarial__seed_42__970f78810edb.json,skip,,customer_count>10
results/runs/research_until_25000/simulated_annealing_v3/research/group_03/g03_i33_c500_d4_m13_adversarial/20260509T214619Z__research_until_25000__simulated_annealing_v3__g03_i33_c500_d4_m13_adversarial__seed_42__28aac78da8a8.json,skip,,customer_count>10
results/runs/research_until_25000/simulated_annealing_v3/research/group_03/g03_i34_c500_d5_m16_adversarial/20260509T214622Z__research_until_25000__simulated_annealing_v3__g03_i34_c500_d5_m16_adversarial__seed_42__1a29038432fa.json,skip,,customer_count>10
results/runs/research_until_25000/simulated_annealing_v3/research/group_03/g03_i35_c500_d4_m13_adversarial/20260509T214626Z__research_until_25000__simulated_annealing_v3__g03_i35_c500_d4_m13_adversarial__seed_42__18c78eaa37ed.json,skip,,customer_count>10
results/runs/research_until_25000/simulated_annealing_v3/research/group_03/g03_i36_c500_d5_m16_adversarial/20260509T214632Z__research_until_25000__simulated_annealing_v3__g03_i36_c500_d5_m16_adversarial__seed_42__4db096db7f50.json,skip,,customer_count>10
results/runs/research_until_25000/simulated_annealing_v3/research/group_03/g03_i37_c500_d4_m13_adversarial/20260509T214638Z__research_until_25000__simulated_annealing_v3__g03_i37_c500_d4_m13_adversarial__seed_42__37f2563abc4b.json,skip,,customer_count>10
results/runs/research_until_25000/simulated_annealing_v3/research/group_03/g03_i38_c500_d5_m16_adversarial/20260509T214641Z__research_until_25000__simulated_annealing_v3__g03_i38_c500_d5_m16_adversarial__seed_42__d5eb33f50037.json,skip,,customer_count>10
results/runs/research_until_25000/simulated_annealing_v3/research/group_03/g03_i39_c500_d4_m13_adversarial/20260509T214645Z__research_until_25000__simulated_annealing_v3__g03_i39_c500_d4_m13_adversarial__seed_42__d30cf5b1ad71.json,skip,,customer_count>10
results/runs/research_until_25000/simulated_annealing_v3/research/group_03/g03_i40_c500_d5_m16_adversarial/20260509T214648Z__research_until_25000__simulated_annealing_v3__g03_i40_c500_d5_m16_adversarial__seed_42__c79f4739a1ba.json,skip,,customer_count>10
results/runs/research_until_25000/simulated_annealing_v3/research/group_03/g03_i41_c500_d4_m12_adversarial/20260509T214648Z__research_until_25000__simulated_annealing_v3__g03_i41_c500_d4_m12_adversarial__seed_42__9c318fdd1f0e.json,skip,,customer_count>10
results/runs/research_until_25000/simulated_annealing_v3/research/group_03/g03_i42_c500_d5_m14_adversarial/20260509T214651Z__research_until_25000__simulated_annealing_v3__g03_i42_c500_d5_m14_adversarial__seed_42__728d2c0af47d.json,skip,,customer_count>10
results/runs/research_until_25000/simulated_annealing_v3/research/group_03/g03_i43_c500_d4_m12_adversarial/20260509T214654Z__research_until_25000__simulated_annealing_v3__g03_i43_c500_d4_m12_adversarial__seed_42__40996374e3ba.json,skip,,customer_count>10
results/runs/research_until_25000/simulated_annealing_v3/research/group_03/g03_i44_c500_d5_m14_adversarial/20260509T214654Z__research_until_25000__simulated_annealing_v3__g03_i44_c500_d5_m14_adversarial__seed_42__d956d7bf7639.json,skip,,customer_count>10
results/runs/research_until_25000/simulated_annealing_v3/research/group_03/g03_i45_c500_d4_m12_adversarial/20260509T214654Z__research_until_25000__simulated_annealing_v3__g03_i45_c500_d4_m12_adversarial__seed_42__4cffb216c11d.json,skip,,customer_count>10
results/runs/research_until_25000/simulated_annealing_v3/research/group_03/g03_i46_c500_d5_m14_adversarial/20260509T214657Z__research_until_25000__simulated_annealing_v3__g03_i46_c500_d5_m14_adversarial__seed_42__5b38f2e15963.json,skip,,customer_count>10
results/runs/research_until_25000/simulated_annealing_v3/research/group_03/g03_i47_c500_d4_m12_adversarial/20260509T214700Z__research_until_25000__simulated_annealing_v3__g03_i47_c500_d4_m12_adversarial__seed_42__26a8a6925286.json,skip,,customer_count>10
results/runs/research_until_25000/simulated_annealing_v3/research/group_03/g03_i48_c500_d4_m13_adversarial/20260509T214700Z__research_until_25000__simulated_annealing_v3__g03_i48_c500_d4_m13_adversarial__seed_42__93325194ed6e.json,skip,,customer_count>10
results/runs/research_until_25000/simulated_annealing_v3/research/group_03/g03_i49_c500_d5_m15_adversarial/20260509T214701Z__research_until_25000__simulated_annealing_v3__g03_i49_c500_d5_m15_adversarial__seed_42__781b009ec6b9.json,skip,,customer_count>10
results/runs/research_until_25000/simulated_annealing_v3/research/group_03/g03_i50_c500_d4_m12_adversarial/20260509T214704Z__research_until_25000__simulated_annealing_v3__g03_i50_c500_d4_m12_adversarial__seed_42__4f15c1b16cd9.json,skip,,customer_count>10
results/runs/research_until_25000/simulated_annealing_v3/research/group_03/g03_i51_c500_d4_m13_adversarial/20260509T214707Z__research_until_25000__simulated_annealing_v3__g03_i51_c500_d4_m13_adversarial__seed_42__1d311cf807e3.json,skip,,customer_count>10
results/runs/research_until_25000/simulated_annealing_v3/research/group_03/g03_i52_c500_d5_m15_adversarial/20260509T214710Z__research_until_25000__simulated_annealing_v3__g03_i52_c500_d5_m15_adversarial__seed_42__604c6c55f44e.json,skip,,customer_count>10
results/runs/research_until_25000/simulated_annealing_v3/research/group_03_hard/g03h_i01_c500_d3_m5_hard_adversarial/20260509T214713Z__research_until_25000__simulated_annealing_v3__g03h_i01_c500_d3_m5_hard_adversarial__seed_42__9fc5545bb316.json,skip,,customer_count>10
results/runs/research_until_25000/simulated_annealing_v3/research/group_03_hard/g03h_i02_c500_d3_m6_hard_adversarial/20260509T214716Z__research_until_25000__simulated_annealing_v3__g03h_i02_c500_d3_m6_hard_adversarial__seed_42__f7caaa0291cc.json,skip,,customer_count>10
results/runs/research_until_25000/simulated_annealing_v3/research/group_03_hard/g03h_i03_c500_d2_m4_hard_adversarial/20260509T214718Z__research_until_25000__simulated_annealing_v3__g03h_i03_c500_d2_m4_hard_adversarial__seed_42__6ad6a30d571a.json,skip,,customer_count>10
results/runs/research_until_25000/simulated_annealing_v3/research/group_03_hard/g03h_i04_c500_d3_m5_hard_adversarial/20260509T214721Z__research_until_25000__simulated_annealing_v3__g03h_i04_c500_d3_m5_hard_adversarial__seed_42__3b49fa84aacd.json,skip,,customer_count>10
results/runs/research_until_25000/simulated_annealing_v3/research/group_03_hard/g03h_i05_c500_d3_m6_hard_adversarial/20260509T214723Z__research_until_25000__simulated_annealing_v3__g03h_i05_c500_d3_m6_hard_adversarial__seed_42__808a2370dc06.json,skip,,customer_count>10
results/runs/research_until_25000/simulated_annealing_v3/research/group_03_hard/g03h_i06_c500_d2_m4_hard_adversarial/20260509T214726Z__research_until_25000__simulated_annealing_v3__g03h_i06_c500_d2_m4_hard_adversarial__seed_42__0ae021ba8b5b.json,skip,,customer_count>10
results/runs/research_until_25000/simulated_annealing_v3/research/group_03_hard/g03h_i07_c500_d3_m5_hard_adversarial/20260509T214729Z__research_until_25000__simulated_annealing_v3__g03h_i07_c500_d3_m5_hard_adversarial__seed_42__eb2a2085549a.json,skip,,customer_count>10
results/runs/research_until_25000/simulated_annealing_v3/research/group_03_hard/g03h_i08_c500_d2_m4_hard_adversarial/20260509T214731Z__research_until_25000__simulated_annealing_v3__g03h_i08_c500_d2_m4_hard_adversarial__seed_42__47d8d72920f4.json,skip,,customer_count>10
results/runs/research_until_25000/simulated_annealing_v3/research/group_03_hard/g03h_i09_c500_d3_m5_hard_adversarial/20260509T214731Z__research_until_25000__simulated_annealing_v3__g03h_i09_c500_d3_m5_hard_adversarial__seed_42__d3db0ed6e919.json,skip,,customer_count>10
results/runs/research_until_25000/simulated_annealing_v3/research/group_03_hard/g03h_i10_c500_d2_m4_hard_adversarial/20260509T214731Z__research_until_25000__simulated_annealing_v3__g03h_i10_c500_d2_m4_hard_adversarial__seed_42__d14649cca71c.json,skip,,customer_count>10
results/runs/research_until_25000/simulated_annealing_v3/research/group_03_hard/g03h_i11_c500_d3_m5_hard_adversarial/20260509T214731Z__research_until_25000__simulated_annealing_v3__g03h_i11_c500_d3_m5_hard_adversarial__seed_42__c8f1c5f9dafa.json,skip,,customer_count>10
results/runs/research_until_25000/simulated_annealing_v3/research/group_03_hard/g03h_i12_c500_d2_m4_hard_adversarial/20260509T214734Z__research_until_25000__simulated_annealing_v3__g03h_i12_c500_d2_m4_hard_adversarial__seed_42__d3fcd0e23c18.json,skip,,customer_count>10
results/runs/research_until_25000/simulated_annealing_v3/research/group_03_hard/g03h_i13_c500_d3_m5_hard_adversarial/20260509T214734Z__research_until_25000__simulated_annealing_v3__g03h_i13_c500_d3_m5_hard_adversarial__seed_42__9274f75a4cf6.json,skip,,customer_count>10
results/runs/research_until_25000/simulated_annealing_v3/research/group_03_hard/g03h_i14_c500_d2_m4_hard_adversarial/20260509T214736Z__research_until_25000__simulated_annealing_v3__g03h_i14_c500_d2_m4_hard_adversarial__seed_42__f44a81c17833.json,skip,,customer_count>10
results/runs/research_until_25000/simulated_annealing_v3/research/group_03_hard/g03h_i15_c500_d3_m5_hard_adversarial/20260509T214739Z__research_until_25000__simulated_annealing_v3__g03h_i15_c500_d3_m5_hard_adversarial__seed_42__779ca9b9ac1d.json,skip,,customer_count>10
results/runs/research_until_25000/simulated_annealing_v3/research/group_03_hard/g03h_i16_c500_d2_m4_hard_adversarial/20260509T214744Z__research_until_25000__simulated_annealing_v3__g03h_i16_c500_d2_m4_hard_adversarial__seed_42__4fba59b6f509.json,skip,,customer_count>10
results/runs/research_until_25000/simulated_annealing_v3/research/group_03_hard/g03h_i17_c500_d3_m5_hard_adversarial/20260509T214744Z__research_until_25000__simulated_annealing_v3__g03h_i17_c500_d3_m5_hard_adversarial__seed_42__5a06687f1133.json,skip,,customer_count>10
results/runs/research_until_25000/simulated_annealing_v3/research/group_03_hard/g03h_i18_c500_d3_m6_hard_adversarial/20260509T214747Z__research_until_25000__simulated_annealing_v3__g03h_i18_c500_d3_m6_hard_adversarial__seed_42__5d63cfb4ff9c.json,skip,,customer_count>10
results/runs/research_until_25000/simulated_annealing_v3/research/group_03_hard/g03h_i19_c500_d2_m5_hard_adversarial/20260509T214749Z__research_until_25000__simulated_annealing_v3__g03h_i19_c500_d2_m5_hard_adversarial__seed_42__99ca0c081577.json,skip,,customer_count>10
results/runs/research_until_25000/simulated_annealing_v3/research/group_03_hard/g03h_i20_c500_d3_m6_hard_adversarial/20260509T214755Z__research_until_25000__simulated_annealing_v3__g03h_i20_c500_d3_m6_hard_adversarial__seed_42__8678cfd8e452.json,skip,,customer_count>10
results/runs/research_until_25000/simulated_annealing_v3/research/group_03_hard/g03h_i21_c500_d2_m5_hard_adversarial/20260509T214800Z__research_until_25000__simulated_annealing_v3__g03h_i21_c500_d2_m5_hard_adversarial__seed_42__54978de8c4b0.json,skip,,customer_count>10
results/runs/research_until_25000/simulated_annealing_v3/research/group_03_hard/g03h_i22_c500_d2_m4_hard_adversarial/20260509T214805Z__research_until_25000__simulated_annealing_v3__g03h_i22_c500_d2_m4_hard_adversarial__seed_42__f1d198075990.json,skip,,customer_count>10
results/runs/research_until_25000/simulated_annealing_v3/research/group_03_hard/g03h_i23_c500_d3_m5_hard_adversarial/20260509T214808Z__research_until_25000__simulated_annealing_v3__g03h_i23_c500_d3_m5_hard_adversarial__seed_42__0aa11c30daef.json,skip,,customer_count>10
results/runs/research_until_25000/simulated_annealing_v3/research/group_03_hard/g03h_i24_c500_d2_m4_hard_adversarial/20260509T214810Z__research_until_25000__simulated_annealing_v3__g03h_i24_c500_d2_m4_hard_adversarial__seed_42__0766e83bdda8.json,skip,,customer_count>10
results/runs/research_until_25000/simulated_annealing_v3/research/group_03_hard/g03h_i25_c500_d3_m5_hard_adversarial/20260509T214813Z__research_until_25000__simulated_annealing_v3__g03h_i25_c500_d3_m5_hard_adversarial__seed_42__7ed4eb9e39f9.json,skip,,customer_count>10
results/runs/research_until_25000/simulated_annealing_v3/research/group_03_traps/g03t_i01_c750_d4_m5_trap/20260509T214815Z__research_until_25000__simulated_annealing_v3__g03t_i01_c750_d4_m5_trap__seed_42__9bb76b786646.json,skip,,customer_count>10
results/runs/research_until_25000/simulated_annealing_v3/research/group_03_traps/g03t_i02_c750_d3_m4_trap/20260509T214815Z__research_until_25000__simulated_annealing_v3__g03t_i02_c750_d3_m4_trap__seed_42__a796b71d8078.json,skip,,customer_count>10
results/runs/research_until_25000/simulated_annealing_v3/research/group_03_traps/g03t_i03_c750_d2_m3_trap/20260509T214816Z__research_until_25000__simulated_annealing_v3__g03t_i03_c750_d2_m3_trap__seed_42__f2f513c55f07.json,skip,,customer_count>10
results/runs/research_until_25000/simulated_annealing_v3/research/group_03_traps/g03t_i04_c750_d4_m5_trap/20260509T214816Z__research_until_25000__simulated_annealing_v3__g03t_i04_c750_d4_m5_trap__seed_42__64bd512933aa.json,skip,,customer_count>10
results/runs/research_until_25000/simulated_annealing_v3/research/group_03_traps/g03t_i05_c750_d3_m4_trap/20260509T214816Z__research_until_25000__simulated_annealing_v3__g03t_i05_c750_d3_m4_trap__seed_42__b2cff2aa0c7f.json,skip,,customer_count>10
results/runs/research_until_25000/simulated_annealing_v3/research/group_03_traps/g03t_i06_c750_d2_m3_trap/20260509T214816Z__research_until_25000__simulated_annealing_v3__g03t_i06_c750_d2_m3_trap__seed_42__c34ab5e6cdd0.json,skip,,customer_count>10
results/runs/research_until_25000/simulated_annealing_v3/research/group_03_traps/g03t_i07_c750_d4_m5_trap/20260509T214816Z__research_until_25000__simulated_annealing_v3__g03t_i07_c750_d4_m5_trap__seed_42__f64193d7f78a.json,skip,,customer_count>10
results/runs/research_until_25000/simulated_annealing_v3/research/group_03_traps/g03t_i08_c750_d4_m5_trap/20260509T214817Z__research_until_25000__simulated_annealing_v3__g03t_i08_c750_d4_m5_trap__seed_42__9a0cc120ebf6.json,skip,,customer_count>10
results/runs/research_until_25000/simulated_annealing_v3/research/group_03_traps/g03t_i09_c750_d3_m4_trap/20260509T214817Z__research_until_25000__simulated_annealing_v3__g03t_i09_c750_d3_m4_trap__seed_42__80eec9f739c6.json,skip,,customer_count>10
results/runs/research_until_25000/simulated_annealing_v3/research/group_03_traps/g03t_i10_c750_d2_m3_trap/20260509T214817Z__research_until_25000__simulated_annealing_v3__g03t_i10_c750_d2_m3_trap__seed_42__60af98ecbbdc.json,skip,,customer_count>10
results/runs/research_until_25000/simulated_annealing_v3/research/group_03_traps/g03t_i11_c750_d4_m5_trap/20260509T214817Z__research_until_25000__simulated_annealing_v3__g03t_i11_c750_d4_m5_trap__seed_42__2abb839dd830.json,skip,,customer_count>10
results/runs/research_until_25000/simulated_annealing_v3/research/group_03_traps/g03t_i12_c750_d3_m4_trap/20260509T214817Z__research_until_25000__simulated_annealing_v3__g03t_i12_c750_d3_m4_trap__seed_42__8dea6086da46.json,skip,,customer_count>10
results/runs/research_until_25000/simulated_annealing_v3/research/group_03_traps/g03t_i13_c750_d2_m3_trap/20260509T214817Z__research_until_25000__simulated_annealing_v3__g03t_i13_c750_d2_m3_trap__seed_42__5c820a41a572.json,skip,,customer_count>10
results/runs/research_until_25000/simulated_annealing_v3/research/group_03_traps/g03t_i14_c750_d4_m5_trap/20260509T214817Z__research_until_25000__simulated_annealing_v3__g03t_i14_c750_d4_m5_trap__seed_42__98a1344b4abb.json,skip,,customer_count>10
results/runs/research_until_25000/simulated_annealing_v3/research/group_03_traps/g03t_i15_c750_d3_m4_trap/20260509T214817Z__research_until_25000__simulated_annealing_v3__g03t_i15_c750_d3_m4_trap__seed_42__bdb9ad527cc9.json,skip,,customer_count>10
results/runs/research_until_25000/simulated_annealing_v3/research/group_03_traps/g03t_i16_c750_d2_m3_trap/20260509T214817Z__research_until_25000__simulated_annealing_v3__g03t_i16_c750_d2_m3_trap__seed_42__d9ecd441bd48.json,skip,,customer_count>10
results/runs/research_until_25000/simulated_annealing_v3/research/group_03_traps/g03t_i17_c750_d4_m5_trap/20260509T214817Z__research_until_25000__simulated_annealing_v3__g03t_i17_c750_d4_m5_trap__seed_42__83c23476c2bd.json,skip,,customer_count>10
results/runs/research_until_25000/simulated_annealing_v3/research/group_03_traps/g03t_i18_c750_d3_m4_trap/20260509T214818Z__research_until_25000__simulated_annealing_v3__g03t_i18_c750_d3_m4_trap__seed_42__8e23fde09188.json,skip,,customer_count>10
results/runs/research_until_25000/simulated_annealing_v3/research/group_03_traps/g03t_i19_c750_d4_m5_trap/20260509T214818Z__research_until_25000__simulated_annealing_v3__g03t_i19_c750_d4_m5_trap__seed_42__f771b962eca4.json,skip,,customer_count>10
results/runs/research_until_25000/simulated_annealing_v3/research/group_03_traps/g03t_i20_c750_d3_m4_trap/20260509T214818Z__research_until_25000__simulated_annealing_v3__g03t_i20_c750_d3_m4_trap__seed_42__7ce3ff6f73c9.json,skip,,customer_count>10
results/runs/research_until_25000/simulated_annealing_v3/research/group_03_traps/g03t_i21_c750_d4_m5_trap/20260509T214818Z__research_until_25000__simulated_annealing_v3__g03t_i21_c750_d4_m5_trap__seed_42__0c72765301ae.json,skip,,customer_count>10
results/runs/research_until_25000/simulated_annealing_v3/research/group_03_traps/g03t_i22_c750_d3_m4_trap/20260509T214819Z__research_until_25000__simulated_annealing_v3__g03t_i22_c750_d3_m4_trap__seed_42__903c763f5caa.json,skip,,customer_count>10
results/runs/research_until_25000/simulated_annealing_v3/research/group_03_traps/g03t_i23_c750_d4_m5_trap/20260509T214819Z__research_until_25000__simulated_annealing_v3__g03t_i23_c750_d4_m5_trap__seed_42__f3ff0ba40f34.json,skip,,customer_count>10
results/runs/research_until_25000/simulated_annealing_v3/research/group_03_traps/g03t_i24_c750_d3_m4_trap/20260509T214819Z__research_until_25000__simulated_annealing_v3__g03t_i24_c750_d3_m4_trap__seed_42__a3afe8882487.json,skip,,customer_count>10
results/runs/research_until_25000/simulated_annealing_v3/research/group_03_traps/g03t_i25_c750_d2_m3_trap/20260509T214819Z__research_until_25000__simulated_annealing_v3__g03t_i25_c750_d2_m3_trap__seed_42__42086cb97d3d.json,skip,,customer_count>10
results/runs/research_until_25000/simulated_annealing_v3/research/group_04/g04_i01_c1000_d6_m11_random/20260509T214820Z__research_until_25000__simulated_annealing_v3__g04_i01_c1000_d6_m11_random__seed_42__19711b278571.json,skip,,customer_count>10
results/runs/research_until_25000/simulated_annealing_v3/research/group_04/g04_i02_c1000_d5_m19_random/20260509T214820Z__research_until_25000__simulated_annealing_v3__g04_i02_c1000_d5_m19_random__seed_42__b2619257b938.json,skip,,customer_count>10
results/runs/research_until_25000/simulated_annealing_v3/research/group_04/g04_i03_c1000_d7_m19_random/20260509T214821Z__research_until_25000__simulated_annealing_v3__g04_i03_c1000_d7_m19_random__seed_42__d1e4516d78c6.json,skip,,customer_count>10
results/runs/research_until_25000/simulated_annealing_v3/research/group_04/g04_i04_c1000_d7_m12_random/20260509T214822Z__research_until_25000__simulated_annealing_v3__g04_i04_c1000_d7_m12_random__seed_42__a91f219237fd.json,skip,,customer_count>10
results/runs/research_until_25000/simulated_annealing_v3/research/group_04/g04_i05_c1000_d10_m23_random/20260509T214822Z__research_until_25000__simulated_annealing_v3__g04_i05_c1000_d10_m23_random__seed_42__5f661b07aa9a.json,skip,,customer_count>10
results/runs/research_until_25000/simulated_annealing_v3/research/group_05/g05_i01_c10000_d1_m6_random/20260509T214823Z__research_until_25000__simulated_annealing_v3__g05_i01_c10000_d1_m6_random__seed_42__3f32bb9decdf.json,skip,,customer_count>10
results/runs/research_until_25000/simulated_annealing_v3/research/group_05/g05_i02_c10000_d2_m9_random/20260509T214824Z__research_until_25000__simulated_annealing_v3__g05_i02_c10000_d2_m9_random__seed_42__090d2a5d5342.json,skip,,customer_count>10
results/runs/research_until_25000/simulated_annealing_v3/research/group_05/g05_i03_c10000_d3_m18_random/20260509T214828Z__research_until_25000__simulated_annealing_v3__g05_i03_c10000_d3_m18_random__seed_42__37994ee9b08e.json,skip,,customer_count>10
results/runs/research_until_25000/simulated_annealing_v3/research/group_05/g05_i04_c10000_d1_m8_random/20260509T214831Z__research_until_25000__simulated_annealing_v3__g05_i04_c10000_d1_m8_random__seed_42__e72fc2029e7c.json,skip,,customer_count>10
results/runs/research_until_25000/simulated_annealing_v3/research/group_05/g05_i05_c10000_d2_m9_random/20260509T214832Z__research_until_25000__simulated_annealing_v3__g05_i05_c10000_d2_m9_random__seed_42__f33a7acfa6fe.json,skip,,customer_count>10
results/runs/research_until_25000/simulated_annealing_v3/research/group_06/g06_i01_c10000_d7_m16_clustered/20260509T214835Z__research_until_25000__simulated_annealing_v3__g06_i01_c10000_d7_m16_clustered__seed_42__de83a8ac0705.json,skip,,customer_count>10
results/runs/research_until_25000/simulated_annealing_v3/research/group_06/g06_i02_c10000_d6_m41_clustered/20260509T214848Z__research_until_25000__simulated_annealing_v3__g06_i02_c10000_d6_m41_clustered__seed_42__9ced9a405485.json,skip,,customer_count>10
results/runs/research_until_25000/simulated_annealing_v3/research/group_06/g06_i03_c10000_d10_m79_grid/20260509T214855Z__research_until_25000__simulated_annealing_v3__g06_i03_c10000_d10_m79_grid__seed_42__9eafcf23381a.json,skip,,customer_count>10
results/runs/research_until_25000/simulated_annealing_v3/research/group_06/g06_i04_c10000_d7_m15_grid/20260509T214902Z__research_until_25000__simulated_annealing_v3__g06_i04_c10000_d7_m15_grid__seed_42__d83e99da68f8.json,skip,,customer_count>10
results/runs/research_until_25000/simulated_annealing_v3/research/group_06/g06_i05_c10000_d7_m15_adversarial/20260509T214904Z__research_until_25000__simulated_annealing_v3__g06_i05_c10000_d7_m15_adversarial__seed_42__924c8bba5234.json,skip,,customer_count>10
results/runs/research_until_25000/simulated_annealing_v3/research/group_06/g06_i06_c10000_d7_m33_adversarial/20260509T214935Z__research_until_25000__simulated_annealing_v3__g06_i06_c10000_d7_m33_adversarial__seed_42__b8469a1c5076.json,skip,,customer_count>10
results/runs/research_until_25000/simulated_annealing_v3/research/group_06/g06_i07_c10000_d10_m70_line/20260509T215024Z__research_until_25000__simulated_annealing_v3__g06_i07_c10000_d10_m70_line__seed_42__c444d66196a1.json,skip,,customer_count>10
results/runs/research_until_25000/simulated_annealing_v3/research/group_06/g06_i08_c10000_d7_m45_line/20260509T215058Z__research_until_25000__simulated_annealing_v3__g06_i08_c10000_d7_m45_line__seed_42__c1e7b3056001.json,skip,,customer_count>10
results/runs/research_until_25000/simulated_annealing_v3/research/group_07/g07_i01_c25000_d9_m20_random/20260509T215101Z__research_until_25000__simulated_annealing_v3__g07_i01_c25000_d9_m20_random__seed_42__debc81e68d1b.json,skip,,customer_count>10
results/runs/research_until_25000/simulated_annealing_v3/research/group_07/g07_i02_c25000_d5_m26_random/20260509T215129Z__research_until_25000__simulated_annealing_v3__g07_i02_c25000_d5_m26_random__seed_42__57ef887b997e.json,skip,,customer_count>10
results/runs/research_until_25000/simulated_annealing_v4/research/group_01/g01_i01_c10_d1_m3_random/20260509T221329Z__research_until_25000__simulated_annealing_v4__g01_i01_c10_d1_m3_random__seed_42__d8b77e04a548.json,rendered,results/plots/solutions/research_until_25000/simulated_annealing_v4/research/group_01/g01_i01_c10_d1_m3_random/20260509T221329Z__research_until_25000__simulated_annealing_v4__g01_i01_c10_d1_m3_random__seed_42__d8b77e04a548.png,
results/runs/research_until_25000/simulated_annealing_v4/research/group_01/g01_i02_c10_d1_m3_random/20260509T221330Z__research_until_25000__simulated_annealing_v4__g01_i02_c10_d1_m3_random__seed_42__a37a8f1bcf1c.json,rendered,results/plots/solutions/research_until_25000/simulated_annealing_v4/research/group_01/g01_i02_c10_d1_m3_random/20260509T221330Z__research_until_25000__simulated_annealing_v4__g01_i02_c10_d1_m3_random__seed_42__a37a8f1bcf1c.png,
results/runs/research_until_25000/simulated_annealing_v4/research/group_01/g01_i03_c10_d2_m6_random/20260509T221330Z__research_until_25000__simulated_annealing_v4__g01_i03_c10_d2_m6_random__seed_42__5dbcecc22c34.json,rendered,results/plots/solutions/research_until_25000/simulated_annealing_v4/research/group_01/g01_i03_c10_d2_m6_random/20260509T221330Z__research_until_25000__simulated_annealing_v4__g01_i03_c10_d2_m6_random__seed_42__5dbcecc22c34.png,
results/runs/research_until_25000/simulated_annealing_v4/research/group_01/g01_i04_c10_d2_m5_random/20260509T221330Z__research_until_25000__simulated_annealing_v4__g01_i04_c10_d2_m5_random__seed_42__014eba677080.json,rendered,results/plots/solutions/research_until_25000/simulated_annealing_v4/research/group_01/g01_i04_c10_d2_m5_random/20260509T221330Z__research_until_25000__simulated_annealing_v4__g01_i04_c10_d2_m5_random__seed_42__014eba677080.png,
results/runs/research_until_25000/simulated_annealing_v4/research/group_01/g01_i05_c10_d2_m4_random/20260509T221330Z__research_until_25000__simulated_annealing_v4__g01_i05_c10_d2_m4_random__seed_42__b4b4cfd3911c.json,rendered,results/plots/solutions/research_until_25000/simulated_annealing_v4/research/group_01/g01_i05_c10_d2_m4_random/20260509T221330Z__research_until_25000__simulated_annealing_v4__g01_i05_c10_d2_m4_random__seed_42__b4b4cfd3911c.png,
results/runs/research_until_25000/simulated_annealing_v4/research/group_01/g01_i06_c10_d3_m4_random/20260509T221330Z__research_until_25000__simulated_annealing_v4__g01_i06_c10_d3_m4_random__seed_42__cc6c22a95847.json,rendered,results/plots/solutions/research_until_25000/simulated_annealing_v4/research/group_01/g01_i06_c10_d3_m4_random/20260509T221330Z__research_until_25000__simulated_annealing_v4__g01_i06_c10_d3_m4_random__seed_42__cc6c22a95847.png,
results/runs/research_until_25000/simulated_annealing_v4/research/group_01/g01_i07_c10_d3_m5_random/20260509T221330Z__research_until_25000__simulated_annealing_v4__g01_i07_c10_d3_m5_random__seed_42__d010cbf23a67.json,rendered,results/plots/solutions/research_until_25000/simulated_annealing_v4/research/group_01/g01_i07_c10_d3_m5_random/20260509T221330Z__research_until_25000__simulated_annealing_v4__g01_i07_c10_d3_m5_random__seed_42__d010cbf23a67.png,
results/runs/research_until_25000/simulated_annealing_v4/research/group_01/g01_i08_c10_d2_m2_random/20260509T221330Z__research_until_25000__simulated_annealing_v4__g01_i08_c10_d2_m2_random__seed_42__f273e51f3b7b.json,rendered,results/plots/solutions/research_until_25000/simulated_annealing_v4/research/group_01/g01_i08_c10_d2_m2_random/20260509T221330Z__research_until_25000__simulated_annealing_v4__g01_i08_c10_d2_m2_random__seed_42__f273e51f3b7b.png,
results/runs/research_until_25000/simulated_annealing_v4/research/group_01/g01_i09_c10_d3_m3_random/20260509T221330Z__research_until_25000__simulated_annealing_v4__g01_i09_c10_d3_m3_random__seed_42__21a956ba5227.json,rendered,results/plots/solutions/research_until_25000/simulated_annealing_v4/research/group_01/g01_i09_c10_d3_m3_random/20260509T221330Z__research_until_25000__simulated_annealing_v4__g01_i09_c10_d3_m3_random__seed_42__21a956ba5227.png,
results/runs/research_until_25000/simulated_annealing_v4/research/group_01/g01_i10_c10_d1_m1_random/20260509T221330Z__research_until_25000__simulated_annealing_v4__g01_i10_c10_d1_m1_random__seed_42__8688b82a6ec6.json,rendered,results/plots/solutions/research_until_25000/simulated_annealing_v4/research/group_01/g01_i10_c10_d1_m1_random/20260509T221330Z__research_until_25000__simulated_annealing_v4__g01_i10_c10_d1_m1_random__seed_42__8688b82a6ec6.png,
results/runs/research_until_25000/simulated_annealing_v4/research/group_02/g02_i01_c50_d5_m23_random/20260509T221330Z__research_until_25000__simulated_annealing_v4__g02_i01_c50_d5_m23_random__seed_42__108be5fe6c4d.json,skip,,customer_count>10
results/runs/research_until_25000/simulated_annealing_v4/research/group_02/g02_i02_c50_d3_m3_random/20260509T221330Z__research_until_25000__simulated_annealing_v4__g02_i02_c50_d3_m3_random__seed_42__f41db4d7b742.json,skip,,customer_count>10
results/runs/research_until_25000/simulated_annealing_v4/research/group_02/g02_i03_c50_d4_m19_random/20260509T221330Z__research_until_25000__simulated_annealing_v4__g02_i03_c50_d4_m19_random__seed_42__13971886a075.json,skip,,customer_count>10
results/runs/research_until_25000/simulated_annealing_v4/research/group_02/g02_i04_c50_d4_m10_random/20260509T221330Z__research_until_25000__simulated_annealing_v4__g02_i04_c50_d4_m10_random__seed_42__cac476c30e4f.json,skip,,customer_count>10
results/runs/research_until_25000/simulated_annealing_v4/research/group_02/g02_i05_c50_d3_m7_random/20260509T221331Z__research_until_25000__simulated_annealing_v4__g02_i05_c50_d3_m7_random__seed_42__0c89657031d1.json,skip,,customer_count>10
results/runs/research_until_25000/simulated_annealing_v4/research/group_02/g02_i06_c50_d4_m6_random/20260509T221331Z__research_until_25000__simulated_annealing_v4__g02_i06_c50_d4_m6_random__seed_42__ccb4fe5982bb.json,skip,,customer_count>10
results/runs/research_until_25000/simulated_annealing_v4/research/group_02/g02_i07_c50_d4_m5_random/20260509T221331Z__research_until_25000__simulated_annealing_v4__g02_i07_c50_d4_m5_random__seed_42__2f2d2ae40add.json,skip,,customer_count>10
results/runs/research_until_25000/simulated_annealing_v4/research/group_02/g02_i08_c50_d4_m11_random/20260509T221331Z__research_until_25000__simulated_annealing_v4__g02_i08_c50_d4_m11_random__seed_42__2434755963e6.json,skip,,customer_count>10
results/runs/research_until_25000/simulated_annealing_v4/research/group_02/g02_i09_c50_d5_m10_random/20260509T221332Z__research_until_25000__simulated_annealing_v4__g02_i09_c50_d5_m10_random__seed_42__04122ca2d12e.json,skip,,customer_count>10
results/runs/research_until_25000/simulated_annealing_v4/research/group_02/g02_i10_c50_d4_m20_random/20260509T221332Z__research_until_25000__simulated_annealing_v4__g02_i10_c50_d4_m20_random__seed_42__7c916a9eb61a.json,skip,,customer_count>10
results/runs/research_until_25000/simulated_annealing_v4/research/group_03/g03_i01_c500_d5_m21_random/20260509T221332Z__research_until_25000__simulated_annealing_v4__g03_i01_c500_d5_m21_random__seed_42__5fd455147a19.json,skip,,customer_count>10
results/runs/research_until_25000/simulated_annealing_v4/research/group_03/g03_i02_c500_d3_m10_random/20260509T221339Z__research_until_25000__simulated_annealing_v4__g03_i02_c500_d3_m10_random__seed_42__f55b756c193b.json,skip,,customer_count>10
results/runs/research_until_25000/simulated_annealing_v4/research/group_03/g03_i03_c500_d3_m12_random/20260509T221342Z__research_until_25000__simulated_annealing_v4__g03_i03_c500_d3_m12_random__seed_42__244f72199805.json,skip,,customer_count>10
results/runs/research_until_25000/simulated_annealing_v4/research/group_03/g03_i04_c500_d5_m19_random/20260509T221348Z__research_until_25000__simulated_annealing_v4__g03_i04_c500_d5_m19_random__seed_42__cffff6ca9c5b.json,skip,,customer_count>10
results/runs/research_until_25000/simulated_annealing_v4/research/group_03/g03_i05_c500_d3_m6_random/20260509T221351Z__research_until_25000__simulated_annealing_v4__g03_i05_c500_d3_m6_random__seed_42__a718c330afe8.json,skip,,customer_count>10
results/runs/research_until_25000/simulated_annealing_v4/research/group_03/g03_i06_c500_d3_m3_random/20260509T221354Z__research_until_25000__simulated_annealing_v4__g03_i06_c500_d3_m3_random__seed_42__f0af421f0029.json,skip,,customer_count>10
results/runs/research_until_25000/simulated_annealing_v4/research/group_03/g03_i07_c500_d5_m20_random/20260509T221357Z__research_until_25000__simulated_annealing_v4__g03_i07_c500_d5_m20_random__seed_42__3855f69b94fe.json,skip,,customer_count>10
results/runs/research_until_25000/simulated_annealing_v4/research/group_03/g03_i08_c500_d3_m7_random/20260509T221400Z__research_until_25000__simulated_annealing_v4__g03_i08_c500_d3_m7_random__seed_42__c84d659372a7.json,skip,,customer_count>10
results/runs/research_until_25000/simulated_annealing_v4/research/group_03/g03_i09_c500_d4_m8_random/20260509T221403Z__research_until_25000__simulated_annealing_v4__g03_i09_c500_d4_m8_random__seed_42__526c7144324d.json,skip,,customer_count>10
results/runs/research_until_25000/simulated_annealing_v4/research/group_03/g03_i10_c500_d5_m18_random/20260509T221403Z__research_until_25000__simulated_annealing_v4__g03_i10_c500_d5_m18_random__seed_42__7449f640de4f.json,skip,,customer_count>10
results/runs/research_until_25000/simulated_annealing_v4/research/group_03/g03_i11_c500_d4_m12_adversarial/20260509T221406Z__research_until_25000__simulated_annealing_v4__g03_i11_c500_d4_m12_adversarial__seed_42__21b569ecaab1.json,skip,,customer_count>10
results/runs/research_until_25000/simulated_annealing_v4/research/group_03/g03_i12_c500_d4_m13_adversarial/20260509T221406Z__research_until_25000__simulated_annealing_v4__g03_i12_c500_d4_m13_adversarial__seed_42__11b519ed5e23.json,skip,,customer_count>10
results/runs/research_until_25000/simulated_annealing_v4/research/group_03/g03_i13_c500_d4_m12_adversarial/20260509T221406Z__research_until_25000__simulated_annealing_v4__g03_i13_c500_d4_m12_adversarial__seed_42__21c77927f55f.json,skip,,customer_count>10
results/runs/research_until_25000/simulated_annealing_v4/research/group_03/g03_i14_c500_d4_m13_adversarial/20260509T221407Z__research_until_25000__simulated_annealing_v4__g03_i14_c500_d4_m13_adversarial__seed_42__380b3defabda.json,skip,,customer_count>10
results/runs/research_until_25000/simulated_annealing_v4/research/group_03/g03_i15_c500_d5_m15_adversarial/20260509T221407Z__research_until_25000__simulated_annealing_v4__g03_i15_c500_d5_m15_adversarial__seed_42__d7d5f63daa70.json,skip,,customer_count>10
results/runs/research_until_25000/simulated_annealing_v4/research/group_03/g03_i16_c500_d4_m12_adversarial/20260509T221410Z__research_until_25000__simulated_annealing_v4__g03_i16_c500_d4_m12_adversarial__seed_42__3f91b6e7773f.json,skip,,customer_count>10
results/runs/research_until_25000/simulated_annealing_v4/research/group_03/g03_i17_c500_d4_m13_adversarial/20260509T221413Z__research_until_25000__simulated_annealing_v4__g03_i17_c500_d4_m13_adversarial__seed_42__88c817ee5a78.json,skip,,customer_count>10
results/runs/research_until_25000/simulated_annealing_v4/research/group_03/g03_i18_c500_d5_m15_adversarial/20260509T221416Z__research_until_25000__simulated_annealing_v4__g03_i18_c500_d5_m15_adversarial__seed_42__108608649f24.json,skip,,customer_count>10
results/runs/research_until_25000/simulated_annealing_v4/research/group_03/g03_i19_c500_d4_m12_adversarial/20260509T221423Z__research_until_25000__simulated_annealing_v4__g03_i19_c500_d4_m12_adversarial__seed_42__4fbf6c79d885.json,skip,,customer_count>10
results/runs/research_until_25000/simulated_annealing_v4/research/group_03/g03_i20_c500_d4_m13_adversarial/20260509T221423Z__research_until_25000__simulated_annealing_v4__g03_i20_c500_d4_m13_adversarial__seed_42__16c63500c2c5.json,skip,,customer_count>10
results/runs/research_until_25000/simulated_annealing_v4/research/group_03/g03_i21_c500_d5_m15_adversarial/20260509T221429Z__research_until_25000__simulated_annealing_v4__g03_i21_c500_d5_m15_adversarial__seed_42__e892eeee7144.json,skip,,customer_count>10
results/runs/research_until_25000/simulated_annealing_v4/research/group_03/g03_i22_c500_d4_m12_adversarial/20260509T221429Z__research_until_25000__simulated_annealing_v4__g03_i22_c500_d4_m12_adversarial__seed_42__a43ecf469a15.json,skip,,customer_count>10
results/runs/research_until_25000/simulated_annealing_v4/research/group_03/g03_i23_c500_d4_m13_adversarial/20260509T221435Z__research_until_25000__simulated_annealing_v4__g03_i23_c500_d4_m13_adversarial__seed_42__64beaad30a82.json,skip,,customer_count>10
results/runs/research_until_25000/simulated_annealing_v4/research/group_03/g03_i24_c500_d5_m15_adversarial/20260509T221442Z__research_until_25000__simulated_annealing_v4__g03_i24_c500_d5_m15_adversarial__seed_42__f5f54b92e422.json,skip,,customer_count>10
results/runs/research_until_25000/simulated_annealing_v4/research/group_03/g03_i25_c500_d4_m12_adversarial/20260509T221448Z__research_until_25000__simulated_annealing_v4__g03_i25_c500_d4_m12_adversarial__seed_42__f2bfd1eed5ce.json,skip,,customer_count>10
results/runs/research_until_25000/simulated_annealing_v4/research/group_03/g03_i26_c500_d5_m14_adversarial/20260509T221448Z__research_until_25000__simulated_annealing_v4__g03_i26_c500_d5_m14_adversarial__seed_42__ddb0952529c7.json,skip,,customer_count>10
results/runs/research_until_25000/simulated_annealing_v4/research/group_03/g03_i27_c500_d4_m12_adversarial/20260509T221451Z__research_until_25000__simulated_annealing_v4__g03_i27_c500_d4_m12_adversarial__seed_42__782c439afaf4.json,skip,,customer_count>10
results/runs/research_until_25000/simulated_annealing_v4/research/group_03/g03_i28_c500_d5_m14_adversarial/20260509T221451Z__research_until_25000__simulated_annealing_v4__g03_i28_c500_d5_m14_adversarial__seed_42__fb4d0543c009.json,skip,,customer_count>10
results/runs/research_until_25000/simulated_annealing_v4/research/group_03/g03_i29_c500_d4_m12_adversarial/20260509T221454Z__research_until_25000__simulated_annealing_v4__g03_i29_c500_d4_m12_adversarial__seed_42__3da7bd758f53.json,skip,,customer_count>10
results/runs/research_until_25000/simulated_annealing_v4/research/group_03/g03_i30_c500_d5_m14_adversarial/20260509T221454Z__research_until_25000__simulated_annealing_v4__g03_i30_c500_d5_m14_adversarial__seed_42__9a265033da8a.json,skip,,customer_count>10
results/runs/research_until_25000/simulated_annealing_v4/research/group_03/g03_i31_c500_d4_m12_adversarial/20260509T221501Z__research_until_25000__simulated_annealing_v4__g03_i31_c500_d4_m12_adversarial__seed_42__be93521e2be7.json,skip,,customer_count>10
results/runs/research_until_25000/simulated_annealing_v4/research/group_03/g03_i32_c500_d5_m14_adversarial/20260509T221504Z__research_until_25000__simulated_annealing_v4__g03_i32_c500_d5_m14_adversarial__seed_42__7e593f988984.json,skip,,customer_count>10
results/runs/research_until_25000/simulated_annealing_v4/research/group_03/g03_i33_c500_d4_m13_adversarial/20260509T221510Z__research_until_25000__simulated_annealing_v4__g03_i33_c500_d4_m13_adversarial__seed_42__8bdf111b372f.json,skip,,customer_count>10
results/runs/research_until_25000/simulated_annealing_v4/research/group_03/g03_i34_c500_d5_m16_adversarial/20260509T221513Z__research_until_25000__simulated_annealing_v4__g03_i34_c500_d5_m16_adversarial__seed_42__b3966a6a86df.json,skip,,customer_count>10
results/runs/research_until_25000/simulated_annealing_v4/research/group_03/g03_i35_c500_d4_m13_adversarial/20260509T221516Z__research_until_25000__simulated_annealing_v4__g03_i35_c500_d4_m13_adversarial__seed_42__3138a726ca51.json,skip,,customer_count>10
results/runs/research_until_25000/simulated_annealing_v4/research/group_03/g03_i36_c500_d5_m16_adversarial/20260509T221522Z__research_until_25000__simulated_annealing_v4__g03_i36_c500_d5_m16_adversarial__seed_42__dfea37da20fb.json,skip,,customer_count>10
results/runs/research_until_25000/simulated_annealing_v4/research/group_03/g03_i37_c500_d4_m13_adversarial/20260509T221529Z__research_until_25000__simulated_annealing_v4__g03_i37_c500_d4_m13_adversarial__seed_42__96a3bf5748f2.json,skip,,customer_count>10
results/runs/research_until_25000/simulated_annealing_v4/research/group_03/g03_i38_c500_d5_m16_adversarial/20260509T221532Z__research_until_25000__simulated_annealing_v4__g03_i38_c500_d5_m16_adversarial__seed_42__c09589c7a677.json,skip,,customer_count>10
results/runs/research_until_25000/simulated_annealing_v4/research/group_03/g03_i39_c500_d4_m13_adversarial/20260509T221535Z__research_until_25000__simulated_annealing_v4__g03_i39_c500_d4_m13_adversarial__seed_42__2e864896473d.json,skip,,customer_count>10
results/runs/research_until_25000/simulated_annealing_v4/research/group_03/g03_i40_c500_d5_m16_adversarial/20260509T221538Z__research_until_25000__simulated_annealing_v4__g03_i40_c500_d5_m16_adversarial__seed_42__a4037268c7a6.json,skip,,customer_count>10
results/runs/research_until_25000/simulated_annealing_v4/research/group_03/g03_i41_c500_d4_m12_adversarial/20260509T221542Z__research_until_25000__simulated_annealing_v4__g03_i41_c500_d4_m12_adversarial__seed_42__3ced51563841.json,skip,,customer_count>10
results/runs/research_until_25000/simulated_annealing_v4/research/group_03/g03_i42_c500_d5_m14_adversarial/20260509T221545Z__research_until_25000__simulated_annealing_v4__g03_i42_c500_d5_m14_adversarial__seed_42__7ef694e3eba1.json,skip,,customer_count>10
results/runs/research_until_25000/simulated_annealing_v4/research/group_03/g03_i43_c500_d4_m12_adversarial/20260509T221548Z__research_until_25000__simulated_annealing_v4__g03_i43_c500_d4_m12_adversarial__seed_42__82182450e87e.json,skip,,customer_count>10
results/runs/research_until_25000/simulated_annealing_v4/research/group_03/g03_i44_c500_d5_m14_adversarial/20260509T221548Z__research_until_25000__simulated_annealing_v4__g03_i44_c500_d5_m14_adversarial__seed_42__b44719261dad.json,skip,,customer_count>10
results/runs/research_until_25000/simulated_annealing_v4/research/group_03/g03_i45_c500_d4_m12_adversarial/20260509T221548Z__research_until_25000__simulated_annealing_v4__g03_i45_c500_d4_m12_adversarial__seed_42__04f9fe9c3dd7.json,skip,,customer_count>10
results/runs/research_until_25000/simulated_annealing_v4/research/group_03/g03_i46_c500_d5_m14_adversarial/20260509T221551Z__research_until_25000__simulated_annealing_v4__g03_i46_c500_d5_m14_adversarial__seed_42__95331dc3b8d4.json,skip,,customer_count>10
results/runs/research_until_25000/simulated_annealing_v4/research/group_03/g03_i47_c500_d4_m12_adversarial/20260509T221552Z__research_until_25000__simulated_annealing_v4__g03_i47_c500_d4_m12_adversarial__seed_42__9a8350b204a6.json,skip,,customer_count>10
results/runs/research_until_25000/simulated_annealing_v4/research/group_03/g03_i48_c500_d4_m13_adversarial/20260509T221552Z__research_until_25000__simulated_annealing_v4__g03_i48_c500_d4_m13_adversarial__seed_42__0e5c25fe6de3.json,skip,,customer_count>10
results/runs/research_until_25000/simulated_annealing_v4/research/group_03/g03_i49_c500_d5_m15_adversarial/20260509T221552Z__research_until_25000__simulated_annealing_v4__g03_i49_c500_d5_m15_adversarial__seed_42__c0701326ae01.json,skip,,customer_count>10
results/runs/research_until_25000/simulated_annealing_v4/research/group_03/g03_i50_c500_d4_m12_adversarial/20260509T221555Z__research_until_25000__simulated_annealing_v4__g03_i50_c500_d4_m12_adversarial__seed_42__77143f5e6351.json,skip,,customer_count>10
results/runs/research_until_25000/simulated_annealing_v4/research/group_03/g03_i51_c500_d4_m13_adversarial/20260509T221555Z__research_until_25000__simulated_annealing_v4__g03_i51_c500_d4_m13_adversarial__seed_42__9594a77ab0e4.json,skip,,customer_count>10
results/runs/research_until_25000/simulated_annealing_v4/research/group_03/g03_i52_c500_d5_m15_adversarial/20260509T221556Z__research_until_25000__simulated_annealing_v4__g03_i52_c500_d5_m15_adversarial__seed_42__9c652a7c2676.json,skip,,customer_count>10
results/runs/research_until_25000/simulated_annealing_v4/research/group_03_hard/g03h_i01_c500_d3_m5_hard_adversarial/20260509T221559Z__research_until_25000__simulated_annealing_v4__g03h_i01_c500_d3_m5_hard_adversarial__seed_42__29aa0b655614.json,skip,,customer_count>10
results/runs/research_until_25000/simulated_annealing_v4/research/group_03_hard/g03h_i02_c500_d3_m6_hard_adversarial/20260509T221559Z__research_until_25000__simulated_annealing_v4__g03h_i02_c500_d3_m6_hard_adversarial__seed_42__42435c16ef98.json,skip,,customer_count>10
results/runs/research_until_25000/simulated_annealing_v4/research/group_03_hard/g03h_i03_c500_d2_m4_hard_adversarial/20260509T221559Z__research_until_25000__simulated_annealing_v4__g03h_i03_c500_d2_m4_hard_adversarial__seed_42__aca955289cba.json,skip,,customer_count>10
results/runs/research_until_25000/simulated_annealing_v4/research/group_03_hard/g03h_i04_c500_d3_m5_hard_adversarial/20260509T221601Z__research_until_25000__simulated_annealing_v4__g03h_i04_c500_d3_m5_hard_adversarial__seed_42__d3e05345b872.json,skip,,customer_count>10
results/runs/research_until_25000/simulated_annealing_v4/research/group_03_hard/g03h_i05_c500_d3_m6_hard_adversarial/20260509T221604Z__research_until_25000__simulated_annealing_v4__g03h_i05_c500_d3_m6_hard_adversarial__seed_42__4e9e2e0eeb48.json,skip,,customer_count>10
results/runs/research_until_25000/simulated_annealing_v4/research/group_03_hard/g03h_i06_c500_d2_m4_hard_adversarial/20260509T221607Z__research_until_25000__simulated_annealing_v4__g03h_i06_c500_d2_m4_hard_adversarial__seed_42__461e751f2708.json,skip,,customer_count>10
results/runs/research_until_25000/simulated_annealing_v4/research/group_03_hard/g03h_i07_c500_d3_m5_hard_adversarial/20260509T221609Z__research_until_25000__simulated_annealing_v4__g03h_i07_c500_d3_m5_hard_adversarial__seed_42__790c7d8ac5a7.json,skip,,customer_count>10
results/runs/research_until_25000/simulated_annealing_v4/research/group_03_hard/g03h_i08_c500_d2_m4_hard_adversarial/20260509T221612Z__research_until_25000__simulated_annealing_v4__g03h_i08_c500_d2_m4_hard_adversarial__seed_42__a0fd7c334db8.json,skip,,customer_count>10
results/runs/research_until_25000/simulated_annealing_v4/research/group_03_hard/g03h_i09_c500_d3_m5_hard_adversarial/20260509T221612Z__research_until_25000__simulated_annealing_v4__g03h_i09_c500_d3_m5_hard_adversarial__seed_42__4104c1dad41a.json,skip,,customer_count>10
results/runs/research_until_25000/simulated_annealing_v4/research/group_03_hard/g03h_i10_c500_d2_m4_hard_adversarial/20260509T221612Z__research_until_25000__simulated_annealing_v4__g03h_i10_c500_d2_m4_hard_adversarial__seed_42__98d794cb984d.json,skip,,customer_count>10
results/runs/research_until_25000/simulated_annealing_v4/research/group_03_hard/g03h_i11_c500_d3_m5_hard_adversarial/20260509T221614Z__research_until_25000__simulated_annealing_v4__g03h_i11_c500_d3_m5_hard_adversarial__seed_42__8a9e66a4298e.json,skip,,customer_count>10
results/runs/research_until_25000/simulated_annealing_v4/research/group_03_hard/g03h_i12_c500_d2_m4_hard_adversarial/20260509T221617Z__research_until_25000__simulated_annealing_v4__g03h_i12_c500_d2_m4_hard_adversarial__seed_42__d1ab4ecae0f3.json,skip,,customer_count>10
results/runs/research_until_25000/simulated_annealing_v4/research/group_03_hard/g03h_i13_c500_d3_m5_hard_adversarial/20260509T221617Z__research_until_25000__simulated_annealing_v4__g03h_i13_c500_d3_m5_hard_adversarial__seed_42__9fb4f2738abe.json,skip,,customer_count>10
results/runs/research_until_25000/simulated_annealing_v4/research/group_03_hard/g03h_i14_c500_d2_m4_hard_adversarial/20260509T221619Z__research_until_25000__simulated_annealing_v4__g03h_i14_c500_d2_m4_hard_adversarial__seed_42__36f229133174.json,skip,,customer_count>10
results/runs/research_until_25000/simulated_annealing_v4/research/group_03_hard/g03h_i15_c500_d3_m5_hard_adversarial/20260509T221619Z__research_until_25000__simulated_annealing_v4__g03h_i15_c500_d3_m5_hard_adversarial__seed_42__fc417eedf209.json,skip,,customer_count>10
results/runs/research_until_25000/simulated_annealing_v4/research/group_03_hard/g03h_i16_c500_d2_m4_hard_adversarial/20260509T221625Z__research_until_25000__simulated_annealing_v4__g03h_i16_c500_d2_m4_hard_adversarial__seed_42__a3c67867bc98.json,skip,,customer_count>10
results/runs/research_until_25000/simulated_annealing_v4/research/group_03_hard/g03h_i17_c500_d3_m5_hard_adversarial/20260509T221625Z__research_until_25000__simulated_annealing_v4__g03h_i17_c500_d3_m5_hard_adversarial__seed_42__2d648e9695f3.json,skip,,customer_count>10
results/runs/research_until_25000/simulated_annealing_v4/research/group_03_hard/g03h_i18_c500_d3_m6_hard_adversarial/20260509T221627Z__research_until_25000__simulated_annealing_v4__g03h_i18_c500_d3_m6_hard_adversarial__seed_42__c7760f1a96b3.json,skip,,customer_count>10
results/runs/research_until_25000/simulated_annealing_v4/research/group_03_hard/g03h_i19_c500_d2_m5_hard_adversarial/20260509T221630Z__research_until_25000__simulated_annealing_v4__g03h_i19_c500_d2_m5_hard_adversarial__seed_42__ff374eadfbcf.json,skip,,customer_count>10
results/runs/research_until_25000/simulated_annealing_v4/research/group_03_hard/g03h_i20_c500_d3_m6_hard_adversarial/20260509T221635Z__research_until_25000__simulated_annealing_v4__g03h_i20_c500_d3_m6_hard_adversarial__seed_42__1d6f7ff6c1be.json,skip,,customer_count>10
results/runs/research_until_25000/simulated_annealing_v4/research/group_03_hard/g03h_i21_c500_d2_m5_hard_adversarial/20260509T221640Z__research_until_25000__simulated_annealing_v4__g03h_i21_c500_d2_m5_hard_adversarial__seed_42__36d47adf3436.json,skip,,customer_count>10
results/runs/research_until_25000/simulated_annealing_v4/research/group_03_hard/g03h_i22_c500_d2_m4_hard_adversarial/20260509T221646Z__research_until_25000__simulated_annealing_v4__g03h_i22_c500_d2_m4_hard_adversarial__seed_42__f58c7454292e.json,skip,,customer_count>10
results/runs/research_until_25000/simulated_annealing_v4/research/group_03_hard/g03h_i23_c500_d3_m5_hard_adversarial/20260509T221648Z__research_until_25000__simulated_annealing_v4__g03h_i23_c500_d3_m5_hard_adversarial__seed_42__4dacf1acdc52.json,skip,,customer_count>10
results/runs/research_until_25000/simulated_annealing_v4/research/group_03_hard/g03h_i24_c500_d2_m4_hard_adversarial/20260509T221651Z__research_until_25000__simulated_annealing_v4__g03h_i24_c500_d2_m4_hard_adversarial__seed_42__3ebdb739d197.json,skip,,customer_count>10
results/runs/research_until_25000/simulated_annealing_v4/research/group_03_hard/g03h_i25_c500_d3_m5_hard_adversarial/20260509T221653Z__research_until_25000__simulated_annealing_v4__g03h_i25_c500_d3_m5_hard_adversarial__seed_42__38f8d20b2fc0.json,skip,,customer_count>10
results/runs/research_until_25000/simulated_annealing_v4/research/group_03_traps/g03t_i01_c750_d4_m5_trap/20260509T221656Z__research_until_25000__simulated_annealing_v4__g03t_i01_c750_d4_m5_trap__seed_42__b2f3e987389b.json,skip,,customer_count>10
results/runs/research_until_25000/simulated_annealing_v4/research/group_03_traps/g03t_i02_c750_d3_m4_trap/20260509T221656Z__research_until_25000__simulated_annealing_v4__g03t_i02_c750_d3_m4_trap__seed_42__c59ca5bc217d.json,skip,,customer_count>10
results/runs/research_until_25000/simulated_annealing_v4/research/group_03_traps/g03t_i03_c750_d2_m3_trap/20260509T221656Z__research_until_25000__simulated_annealing_v4__g03t_i03_c750_d2_m3_trap__seed_42__a765b0cd6911.json,skip,,customer_count>10
results/runs/research_until_25000/simulated_annealing_v4/research/group_03_traps/g03t_i04_c750_d4_m5_trap/20260509T221656Z__research_until_25000__simulated_annealing_v4__g03t_i04_c750_d4_m5_trap__seed_42__bd849a03efc0.json,skip,,customer_count>10
results/runs/research_until_25000/simulated_annealing_v4/research/group_03_traps/g03t_i05_c750_d3_m4_trap/20260509T221656Z__research_until_25000__simulated_annealing_v4__g03t_i05_c750_d3_m4_trap__seed_42__4ec7982d96ff.json,skip,,customer_count>10
results/runs/research_until_25000/simulated_annealing_v4/research/group_03_traps/g03t_i06_c750_d2_m3_trap/20260509T221656Z__research_until_25000__simulated_annealing_v4__g03t_i06_c750_d2_m3_trap__seed_42__9ff8c1080644.json,skip,,customer_count>10
results/runs/research_until_25000/simulated_annealing_v4/research/group_03_traps/g03t_i07_c750_d4_m5_trap/20260509T221657Z__research_until_25000__simulated_annealing_v4__g03t_i07_c750_d4_m5_trap__seed_42__3ae0edbcc90a.json,skip,,customer_count>10
results/runs/research_until_25000/simulated_annealing_v4/research/group_03_traps/g03t_i08_c750_d4_m5_trap/20260509T221657Z__research_until_25000__simulated_annealing_v4__g03t_i08_c750_d4_m5_trap__seed_42__6672b72d0076.json,skip,,customer_count>10
results/runs/research_until_25000/simulated_annealing_v4/research/group_03_traps/g03t_i09_c750_d3_m4_trap/20260509T221657Z__research_until_25000__simulated_annealing_v4__g03t_i09_c750_d3_m4_trap__seed_42__f8c9a79acf11.json,skip,,customer_count>10
results/runs/research_until_25000/simulated_annealing_v4/research/group_03_traps/g03t_i10_c750_d2_m3_trap/20260509T221657Z__research_until_25000__simulated_annealing_v4__g03t_i10_c750_d2_m3_trap__seed_42__a4d7e684b995.json,skip,,customer_count>10
results/runs/research_until_25000/simulated_annealing_v4/research/group_03_traps/g03t_i11_c750_d4_m5_trap/20260509T221657Z__research_until_25000__simulated_annealing_v4__g03t_i11_c750_d4_m5_trap__seed_42__65693095f2df.json,skip,,customer_count>10
results/runs/research_until_25000/simulated_annealing_v4/research/group_03_traps/g03t_i12_c750_d3_m4_trap/20260509T221657Z__research_until_25000__simulated_annealing_v4__g03t_i12_c750_d3_m4_trap__seed_42__b00dc97d83a0.json,skip,,customer_count>10
results/runs/research_until_25000/simulated_annealing_v4/research/group_03_traps/g03t_i13_c750_d2_m3_trap/20260509T221657Z__research_until_25000__simulated_annealing_v4__g03t_i13_c750_d2_m3_trap__seed_42__9a4441f698a8.json,skip,,customer_count>10
results/runs/research_until_25000/simulated_annealing_v4/research/group_03_traps/g03t_i14_c750_d4_m5_trap/20260509T221657Z__research_until_25000__simulated_annealing_v4__g03t_i14_c750_d4_m5_trap__seed_42__fcc1dadbe04c.json,skip,,customer_count>10
results/runs/research_until_25000/simulated_annealing_v4/research/group_03_traps/g03t_i15_c750_d3_m4_trap/20260509T221657Z__research_until_25000__simulated_annealing_v4__g03t_i15_c750_d3_m4_trap__seed_42__f6a8ecc9d260.json,skip,,customer_count>10
results/runs/research_until_25000/simulated_annealing_v4/research/group_03_traps/g03t_i16_c750_d2_m3_trap/20260509T221657Z__research_until_25000__simulated_annealing_v4__g03t_i16_c750_d2_m3_trap__seed_42__48ea2432ace0.json,skip,,customer_count>10
results/runs/research_until_25000/simulated_annealing_v4/research/group_03_traps/g03t_i17_c750_d4_m5_trap/20260509T221658Z__research_until_25000__simulated_annealing_v4__g03t_i17_c750_d4_m5_trap__seed_42__26a63c62ce53.json,skip,,customer_count>10
results/runs/research_until_25000/simulated_annealing_v4/research/group_03_traps/g03t_i18_c750_d3_m4_trap/20260509T221658Z__research_until_25000__simulated_annealing_v4__g03t_i18_c750_d3_m4_trap__seed_42__9409e08ab6a5.json,skip,,customer_count>10
results/runs/research_until_25000/simulated_annealing_v4/research/group_03_traps/g03t_i19_c750_d4_m5_trap/20260509T221658Z__research_until_25000__simulated_annealing_v4__g03t_i19_c750_d4_m5_trap__seed_42__478e9a013ce1.json,skip,,customer_count>10
results/runs/research_until_25000/simulated_annealing_v4/research/group_03_traps/g03t_i20_c750_d3_m4_trap/20260509T221658Z__research_until_25000__simulated_annealing_v4__g03t_i20_c750_d3_m4_trap__seed_42__b3e425b0fee2.json,skip,,customer_count>10
results/runs/research_until_25000/simulated_annealing_v4/research/group_03_traps/g03t_i21_c750_d4_m5_trap/20260509T221658Z__research_until_25000__simulated_annealing_v4__g03t_i21_c750_d4_m5_trap__seed_42__2206de545c5a.json,skip,,customer_count>10
results/runs/research_until_25000/simulated_annealing_v4/research/group_03_traps/g03t_i22_c750_d3_m4_trap/20260509T221658Z__research_until_25000__simulated_annealing_v4__g03t_i22_c750_d3_m4_trap__seed_42__5df99a783ce8.json,skip,,customer_count>10
results/runs/research_until_25000/simulated_annealing_v4/research/group_03_traps/g03t_i23_c750_d4_m5_trap/20260509T221659Z__research_until_25000__simulated_annealing_v4__g03t_i23_c750_d4_m5_trap__seed_42__12f071f10b61.json,skip,,customer_count>10
results/runs/research_until_25000/simulated_annealing_v4/research/group_03_traps/g03t_i24_c750_d3_m4_trap/20260509T221659Z__research_until_25000__simulated_annealing_v4__g03t_i24_c750_d3_m4_trap__seed_42__2149aa831e7b.json,skip,,customer_count>10
results/runs/research_until_25000/simulated_annealing_v4/research/group_03_traps/g03t_i25_c750_d2_m3_trap/20260509T221659Z__research_until_25000__simulated_annealing_v4__g03t_i25_c750_d2_m3_trap__seed_42__6452003e66f0.json,skip,,customer_count>10
results/runs/research_until_25000/simulated_annealing_v4/research/group_04/g04_i01_c1000_d6_m11_random/20260509T221659Z__research_until_25000__simulated_annealing_v4__g04_i01_c1000_d6_m11_random__seed_42__bf4016bc85bc.json,skip,,customer_count>10
results/runs/research_until_25000/simulated_annealing_v4/research/group_04/g04_i02_c1000_d5_m19_random/20260509T221659Z__research_until_25000__simulated_annealing_v4__g04_i02_c1000_d5_m19_random__seed_42__2aa9c0cace4f.json,skip,,customer_count>10
results/runs/research_until_25000/simulated_annealing_v4/research/group_04/g04_i03_c1000_d7_m19_random/20260509T221700Z__research_until_25000__simulated_annealing_v4__g04_i03_c1000_d7_m19_random__seed_42__5c72502d4cc3.json,skip,,customer_count>10
results/runs/research_until_25000/simulated_annealing_v4/research/group_04/g04_i04_c1000_d7_m12_random/20260509T221701Z__research_until_25000__simulated_annealing_v4__g04_i04_c1000_d7_m12_random__seed_42__ad26f4d563ef.json,skip,,customer_count>10
results/runs/research_until_25000/simulated_annealing_v4/research/group_04/g04_i05_c1000_d10_m23_random/20260509T221701Z__research_until_25000__simulated_annealing_v4__g04_i05_c1000_d10_m23_random__seed_42__222c5c4dfcb1.json,skip,,customer_count>10
results/runs/research_until_25000/simulated_annealing_v4/research/group_05/g05_i01_c10000_d1_m6_random/20260509T221702Z__research_until_25000__simulated_annealing_v4__g05_i01_c10000_d1_m6_random__seed_42__457ed0fd4c37.json,skip,,customer_count>10
results/runs/research_until_25000/simulated_annealing_v4/research/group_05/g05_i02_c10000_d2_m9_random/20260509T221703Z__research_until_25000__simulated_annealing_v4__g05_i02_c10000_d2_m9_random__seed_42__2ea7d7d2137e.json,skip,,customer_count>10
results/runs/research_until_25000/simulated_annealing_v4/research/group_05/g05_i03_c10000_d3_m18_random/20260509T221707Z__research_until_25000__simulated_annealing_v4__g05_i03_c10000_d3_m18_random__seed_42__14fd329cd40f.json,skip,,customer_count>10
results/runs/research_until_25000/simulated_annealing_v4/research/group_05/g05_i04_c10000_d1_m8_random/20260509T221709Z__research_until_25000__simulated_annealing_v4__g05_i04_c10000_d1_m8_random__seed_42__838834c44af8.json,skip,,customer_count>10
results/runs/research_until_25000/simulated_annealing_v4/research/group_05/g05_i05_c10000_d2_m9_random/20260509T221710Z__research_until_25000__simulated_annealing_v4__g05_i05_c10000_d2_m9_random__seed_42__f59778f1a5ad.json,skip,,customer_count>10
results/runs/research_until_25000/simulated_annealing_v4/research/group_06/g06_i01_c10000_d7_m16_clustered/20260509T221713Z__research_until_25000__simulated_annealing_v4__g06_i01_c10000_d7_m16_clustered__seed_42__a02123d312b7.json,skip,,customer_count>10
results/runs/research_until_25000/simulated_annealing_v4/research/group_06/g06_i02_c10000_d6_m41_clustered/20260509T221717Z__research_until_25000__simulated_annealing_v4__g06_i02_c10000_d6_m41_clustered__seed_42__0626f13f773b.json,skip,,customer_count>10
results/runs/research_until_25000/simulated_annealing_v4/research/group_06/g06_i03_c10000_d10_m79_grid/20260509T221724Z__research_until_25000__simulated_annealing_v4__g06_i03_c10000_d10_m79_grid__seed_42__083a351c116e.json,skip,,customer_count>10
results/runs/research_until_25000/simulated_annealing_v4/research/group_06/g06_i04_c10000_d7_m15_grid/20260509T221729Z__research_until_25000__simulated_annealing_v4__g06_i04_c10000_d7_m15_grid__seed_42__b76adfff3d24.json,skip,,customer_count>10
results/runs/research_until_25000/simulated_annealing_v4/research/group_06/g06_i05_c10000_d7_m15_adversarial/20260509T221731Z__research_until_25000__simulated_annealing_v4__g06_i05_c10000_d7_m15_adversarial__seed_42__688ab4ea5f58.json,skip,,customer_count>10
results/runs/research_until_25000/simulated_annealing_v4/research/group_06/g06_i06_c10000_d7_m33_adversarial/20260509T221749Z__research_until_25000__simulated_annealing_v4__g06_i06_c10000_d7_m33_adversarial__seed_42__0898d4bc4ab0.json,skip,,customer_count>10
results/runs/research_until_25000/simulated_annealing_v4/research/group_06/g06_i07_c10000_d10_m70_line/20260509T221820Z__research_until_25000__simulated_annealing_v4__g06_i07_c10000_d10_m70_line__seed_42__f5d75dedb3b2.json,skip,,customer_count>10
results/runs/research_until_25000/simulated_annealing_v4/research/group_06/g06_i08_c10000_d7_m45_line/20260509T221847Z__research_until_25000__simulated_annealing_v4__g06_i08_c10000_d7_m45_line__seed_42__469c6ac05be4.json,skip,,customer_count>10
results/runs/research_until_25000/simulated_annealing_v4/research/group_07/g07_i01_c25000_d9_m20_random/20260509T221849Z__research_until_25000__simulated_annealing_v4__g07_i01_c25000_d9_m20_random__seed_42__89290a497298.json,skip,,customer_count>10
results/runs/research_until_25000/simulated_annealing_v4/research/group_07/g07_i02_c25000_d5_m26_random/20260509T221927Z__research_until_25000__simulated_annealing_v4__g07_i02_c25000_d5_m26_random__seed_42__a542ba544d80.json,skip,,customer_count>10
results/runs/research_until_25000/simulated_annealing_v5/research/group_01/g01_i01_c10_d1_m3_random/20260509T223236Z__research_until_25000__simulated_annealing_v5__g01_i01_c10_d1_m3_random__seed_42__e330a9b9b80d.json,rendered,results/plots/solutions/research_until_25000/simulated_annealing_v5/research/group_01/g01_i01_c10_d1_m3_random/20260509T223236Z__research_until_25000__simulated_annealing_v5__g01_i01_c10_d1_m3_random__seed_42__e330a9b9b80d.png,
results/runs/research_until_25000/simulated_annealing_v5/research/group_01/g01_i02_c10_d1_m3_random/20260509T223236Z__research_until_25000__simulated_annealing_v5__g01_i02_c10_d1_m3_random__seed_42__ba0bd71e8b27.json,rendered,results/plots/solutions/research_until_25000/simulated_annealing_v5/research/group_01/g01_i02_c10_d1_m3_random/20260509T223236Z__research_until_25000__simulated_annealing_v5__g01_i02_c10_d1_m3_random__seed_42__ba0bd71e8b27.png,
results/runs/research_until_25000/simulated_annealing_v5/research/group_01/g01_i03_c10_d2_m6_random/20260509T223236Z__research_until_25000__simulated_annealing_v5__g01_i03_c10_d2_m6_random__seed_42__1956f8791709.json,rendered,results/plots/solutions/research_until_25000/simulated_annealing_v5/research/group_01/g01_i03_c10_d2_m6_random/20260509T223236Z__research_until_25000__simulated_annealing_v5__g01_i03_c10_d2_m6_random__seed_42__1956f8791709.png,
results/runs/research_until_25000/simulated_annealing_v5/research/group_01/g01_i04_c10_d2_m5_random/20260509T223236Z__research_until_25000__simulated_annealing_v5__g01_i04_c10_d2_m5_random__seed_42__6e0f4f5cd0ec.json,rendered,results/plots/solutions/research_until_25000/simulated_annealing_v5/research/group_01/g01_i04_c10_d2_m5_random/20260509T223236Z__research_until_25000__simulated_annealing_v5__g01_i04_c10_d2_m5_random__seed_42__6e0f4f5cd0ec.png,
results/runs/research_until_25000/simulated_annealing_v5/research/group_01/g01_i05_c10_d2_m4_random/20260509T223237Z__research_until_25000__simulated_annealing_v5__g01_i05_c10_d2_m4_random__seed_42__3c46c0dff940.json,rendered,results/plots/solutions/research_until_25000/simulated_annealing_v5/research/group_01/g01_i05_c10_d2_m4_random/20260509T223237Z__research_until_25000__simulated_annealing_v5__g01_i05_c10_d2_m4_random__seed_42__3c46c0dff940.png,
results/runs/research_until_25000/simulated_annealing_v5/research/group_01/g01_i06_c10_d3_m4_random/20260509T223237Z__research_until_25000__simulated_annealing_v5__g01_i06_c10_d3_m4_random__seed_42__375713611de8.json,rendered,results/plots/solutions/research_until_25000/simulated_annealing_v5/research/group_01/g01_i06_c10_d3_m4_random/20260509T223237Z__research_until_25000__simulated_annealing_v5__g01_i06_c10_d3_m4_random__seed_42__375713611de8.png,
results/runs/research_until_25000/simulated_annealing_v5/research/group_01/g01_i07_c10_d3_m5_random/20260509T223237Z__research_until_25000__simulated_annealing_v5__g01_i07_c10_d3_m5_random__seed_42__cb97061b68c2.json,rendered,results/plots/solutions/research_until_25000/simulated_annealing_v5/research/group_01/g01_i07_c10_d3_m5_random/20260509T223237Z__research_until_25000__simulated_annealing_v5__g01_i07_c10_d3_m5_random__seed_42__cb97061b68c2.png,
results/runs/research_until_25000/simulated_annealing_v5/research/group_01/g01_i08_c10_d2_m2_random/20260509T223237Z__research_until_25000__simulated_annealing_v5__g01_i08_c10_d2_m2_random__seed_42__03fed607dae2.json,rendered,results/plots/solutions/research_until_25000/simulated_annealing_v5/research/group_01/g01_i08_c10_d2_m2_random/20260509T223237Z__research_until_25000__simulated_annealing_v5__g01_i08_c10_d2_m2_random__seed_42__03fed607dae2.png,
results/runs/research_until_25000/simulated_annealing_v5/research/group_01/g01_i09_c10_d3_m3_random/20260509T223237Z__research_until_25000__simulated_annealing_v5__g01_i09_c10_d3_m3_random__seed_42__bed75d15bf0a.json,rendered,results/plots/solutions/research_until_25000/simulated_annealing_v5/research/group_01/g01_i09_c10_d3_m3_random/20260509T223237Z__research_until_25000__simulated_annealing_v5__g01_i09_c10_d3_m3_random__seed_42__bed75d15bf0a.png,
results/runs/research_until_25000/simulated_annealing_v5/research/group_01/g01_i10_c10_d1_m1_random/20260509T223237Z__research_until_25000__simulated_annealing_v5__g01_i10_c10_d1_m1_random__seed_42__30954d4b7f81.json,rendered,results/plots/solutions/research_until_25000/simulated_annealing_v5/research/group_01/g01_i10_c10_d1_m1_random/20260509T223237Z__research_until_25000__simulated_annealing_v5__g01_i10_c10_d1_m1_random__seed_42__30954d4b7f81.png,
results/runs/research_until_25000/simulated_annealing_v5/research/group_02/g02_i01_c50_d5_m23_random/20260509T223237Z__research_until_25000__simulated_annealing_v5__g02_i01_c50_d5_m23_random__seed_42__1c844e7aedaf.json,skip,,customer_count>10
results/runs/research_until_25000/simulated_annealing_v5/research/group_02/g02_i02_c50_d3_m3_random/20260509T223237Z__research_until_25000__simulated_annealing_v5__g02_i02_c50_d3_m3_random__seed_42__0767ad8058cb.json,skip,,customer_count>10
results/runs/research_until_25000/simulated_annealing_v5/research/group_02/g02_i03_c50_d4_m19_random/20260509T223237Z__research_until_25000__simulated_annealing_v5__g02_i03_c50_d4_m19_random__seed_42__5569668e2f60.json,skip,,customer_count>10
results/runs/research_until_25000/simulated_annealing_v5/research/group_02/g02_i04_c50_d4_m10_random/20260509T223237Z__research_until_25000__simulated_annealing_v5__g02_i04_c50_d4_m10_random__seed_42__84336d0f8336.json,skip,,customer_count>10
results/runs/research_until_25000/simulated_annealing_v5/research/group_02/g02_i05_c50_d3_m7_random/20260509T223238Z__research_until_25000__simulated_annealing_v5__g02_i05_c50_d3_m7_random__seed_42__1c6a601f84c8.json,skip,,customer_count>10
results/runs/research_until_25000/simulated_annealing_v5/research/group_02/g02_i06_c50_d4_m6_random/20260509T223238Z__research_until_25000__simulated_annealing_v5__g02_i06_c50_d4_m6_random__seed_42__a6c1f5252c57.json,skip,,customer_count>10
results/runs/research_until_25000/simulated_annealing_v5/research/group_02/g02_i07_c50_d4_m5_random/20260509T223238Z__research_until_25000__simulated_annealing_v5__g02_i07_c50_d4_m5_random__seed_42__a36521705623.json,skip,,customer_count>10
results/runs/research_until_25000/simulated_annealing_v5/research/group_02/g02_i08_c50_d4_m11_random/20260509T223238Z__research_until_25000__simulated_annealing_v5__g02_i08_c50_d4_m11_random__seed_42__f42cb2752b16.json,skip,,customer_count>10
results/runs/research_until_25000/simulated_annealing_v5/research/group_02/g02_i09_c50_d5_m10_random/20260509T223239Z__research_until_25000__simulated_annealing_v5__g02_i09_c50_d5_m10_random__seed_42__b440083c21ac.json,skip,,customer_count>10
results/runs/research_until_25000/simulated_annealing_v5/research/group_02/g02_i10_c50_d4_m20_random/20260509T223239Z__research_until_25000__simulated_annealing_v5__g02_i10_c50_d4_m20_random__seed_42__508b5af815be.json,skip,,customer_count>10
results/runs/research_until_25000/simulated_annealing_v5/research/group_03/g03_i01_c500_d5_m21_random/20260509T223239Z__research_until_25000__simulated_annealing_v5__g03_i01_c500_d5_m21_random__seed_42__82c905e499b5.json,skip,,customer_count>10
results/runs/research_until_25000/simulated_annealing_v5/research/group_03/g03_i02_c500_d3_m10_random/20260509T223301Z__research_until_25000__simulated_annealing_v5__g03_i02_c500_d3_m10_random__seed_42__2be608ec23a9.json,skip,,customer_count>10
results/runs/research_until_25000/simulated_annealing_v5/research/group_03/g03_i03_c500_d3_m12_random/20260509T223310Z__research_until_25000__simulated_annealing_v5__g03_i03_c500_d3_m12_random__seed_42__68d7051854df.json,skip,,customer_count>10
results/runs/research_until_25000/simulated_annealing_v5/research/group_03/g03_i04_c500_d5_m19_random/20260509T223328Z__research_until_25000__simulated_annealing_v5__g03_i04_c500_d5_m19_random__seed_42__51beb2ccb432.json,skip,,customer_count>10
results/runs/research_until_25000/simulated_annealing_v5/research/group_03/g03_i05_c500_d3_m6_random/20260509T223339Z__research_until_25000__simulated_annealing_v5__g03_i05_c500_d3_m6_random__seed_42__6c08fe84f125.json,skip,,customer_count>10
results/runs/research_until_25000/simulated_annealing_v5/research/group_03/g03_i06_c500_d3_m3_random/20260509T223347Z__research_until_25000__simulated_annealing_v5__g03_i06_c500_d3_m3_random__seed_42__aee8780a2111.json,skip,,customer_count>10
results/runs/research_until_25000/simulated_annealing_v5/research/group_03/g03_i07_c500_d5_m20_random/20260509T223355Z__research_until_25000__simulated_annealing_v5__g03_i07_c500_d5_m20_random__seed_42__b4d70d3b7dca.json,skip,,customer_count>10
results/runs/research_until_25000/simulated_annealing_v5/research/group_03/g03_i08_c500_d3_m7_random/20260509T223405Z__research_until_25000__simulated_annealing_v5__g03_i08_c500_d3_m7_random__seed_42__57d78dadf159.json,skip,,customer_count>10
results/runs/research_until_25000/simulated_annealing_v5/research/group_03/g03_i09_c500_d4_m8_random/20260509T223409Z__research_until_25000__simulated_annealing_v5__g03_i09_c500_d4_m8_random__seed_42__8f9f187b5b32.json,skip,,customer_count>10
results/runs/research_until_25000/simulated_annealing_v5/research/group_03/g03_i10_c500_d5_m18_random/20260509T223414Z__research_until_25000__simulated_annealing_v5__g03_i10_c500_d5_m18_random__seed_42__f2d7d8b8d245.json,skip,,customer_count>10
results/runs/research_until_25000/simulated_annealing_v5/research/group_03/g03_i11_c500_d4_m12_adversarial/20260509T223425Z__research_until_25000__simulated_annealing_v5__g03_i11_c500_d4_m12_adversarial__seed_42__c67ba5672594.json,skip,,customer_count>10
results/runs/research_until_25000/simulated_annealing_v5/research/group_03/g03_i12_c500_d4_m13_adversarial/20260509T223426Z__research_until_25000__simulated_annealing_v5__g03_i12_c500_d4_m13_adversarial__seed_42__4d1ff7adc3fc.json,skip,,customer_count>10
results/runs/research_until_25000/simulated_annealing_v5/research/group_03/g03_i13_c500_d4_m12_adversarial/20260509T223426Z__research_until_25000__simulated_annealing_v5__g03_i13_c500_d4_m12_adversarial__seed_42__42a3bbdb95e6.json,skip,,customer_count>10
results/runs/research_until_25000/simulated_annealing_v5/research/group_03/g03_i14_c500_d4_m13_adversarial/20260509T223427Z__research_until_25000__simulated_annealing_v5__g03_i14_c500_d4_m13_adversarial__seed_42__192049111a5b.json,skip,,customer_count>10
results/runs/research_until_25000/simulated_annealing_v5/research/group_03/g03_i15_c500_d5_m15_adversarial/20260509T223428Z__research_until_25000__simulated_annealing_v5__g03_i15_c500_d5_m15_adversarial__seed_42__bc9789e0ddc6.json,skip,,customer_count>10
results/runs/research_until_25000/simulated_annealing_v5/research/group_03/g03_i16_c500_d4_m12_adversarial/20260509T223438Z__research_until_25000__simulated_annealing_v5__g03_i16_c500_d4_m12_adversarial__seed_42__0dca372096e9.json,skip,,customer_count>10
results/runs/research_until_25000/simulated_annealing_v5/research/group_03/g03_i17_c500_d4_m13_adversarial/20260509T223442Z__research_until_25000__simulated_annealing_v5__g03_i17_c500_d4_m13_adversarial__seed_42__ed3a6a795b88.json,skip,,customer_count>10
results/runs/research_until_25000/simulated_annealing_v5/research/group_03/g03_i18_c500_d5_m15_adversarial/20260509T223452Z__research_until_25000__simulated_annealing_v5__g03_i18_c500_d5_m15_adversarial__seed_42__b980070eae00.json,skip,,customer_count>10
results/runs/research_until_25000/simulated_annealing_v5/research/group_03/g03_i19_c500_d4_m12_adversarial/20260509T223512Z__research_until_25000__simulated_annealing_v5__g03_i19_c500_d4_m12_adversarial__seed_42__90a417209ce6.json,skip,,customer_count>10
results/runs/research_until_25000/simulated_annealing_v5/research/group_03/g03_i20_c500_d4_m13_adversarial/20260509T223519Z__research_until_25000__simulated_annealing_v5__g03_i20_c500_d4_m13_adversarial__seed_42__34d53defc8c2.json,skip,,customer_count>10
results/runs/research_until_25000/simulated_annealing_v5/research/group_03/g03_i21_c500_d5_m15_adversarial/20260509T223539Z__research_until_25000__simulated_annealing_v5__g03_i21_c500_d5_m15_adversarial__seed_42__f4604801eead.json,skip,,customer_count>10
results/runs/research_until_25000/simulated_annealing_v5/research/group_03/g03_i22_c500_d4_m12_adversarial/20260509T223546Z__research_until_25000__simulated_annealing_v5__g03_i22_c500_d4_m12_adversarial__seed_42__05cb1b6bb94c.json,skip,,customer_count>10
results/runs/research_until_25000/simulated_annealing_v5/research/group_03/g03_i23_c500_d4_m13_adversarial/20260509T223606Z__research_until_25000__simulated_annealing_v5__g03_i23_c500_d4_m13_adversarial__seed_42__b69cb8b098a0.json,skip,,customer_count>10
results/runs/research_until_25000/simulated_annealing_v5/research/group_03/g03_i24_c500_d5_m15_adversarial/20260509T223625Z__research_until_25000__simulated_annealing_v5__g03_i24_c500_d5_m15_adversarial__seed_42__7e7f5cb1b905.json,skip,,customer_count>10
results/runs/research_until_25000/simulated_annealing_v5/research/group_03/g03_i25_c500_d4_m12_adversarial/20260509T223644Z__research_until_25000__simulated_annealing_v5__g03_i25_c500_d4_m12_adversarial__seed_42__bafaff2a7f60.json,skip,,customer_count>10
results/runs/research_until_25000/simulated_annealing_v5/research/group_03/g03_i26_c500_d5_m14_adversarial/20260509T223644Z__research_until_25000__simulated_annealing_v5__g03_i26_c500_d5_m14_adversarial__seed_42__3226c971cf45.json,skip,,customer_count>10
results/runs/research_until_25000/simulated_annealing_v5/research/group_03/g03_i27_c500_d4_m12_adversarial/20260509T223654Z__research_until_25000__simulated_annealing_v5__g03_i27_c500_d4_m12_adversarial__seed_42__108394f6ef29.json,skip,,customer_count>10
results/runs/research_until_25000/simulated_annealing_v5/research/group_03/g03_i28_c500_d5_m14_adversarial/20260509T223701Z__research_until_25000__simulated_annealing_v5__g03_i28_c500_d5_m14_adversarial__seed_42__af076ca0a035.json,skip,,customer_count>10
results/runs/research_until_25000/simulated_annealing_v5/research/group_03/g03_i29_c500_d4_m12_adversarial/20260509T223716Z__research_until_25000__simulated_annealing_v5__g03_i29_c500_d4_m12_adversarial__seed_42__c9d1b9e902f0.json,skip,,customer_count>10
results/runs/research_until_25000/simulated_annealing_v5/research/group_03/g03_i30_c500_d5_m14_adversarial/20260509T223717Z__research_until_25000__simulated_annealing_v5__g03_i30_c500_d5_m14_adversarial__seed_42__beb1e5d8edca.json,skip,,customer_count>10
results/runs/research_until_25000/simulated_annealing_v5/research/group_03/g03_i31_c500_d4_m12_adversarial/20260509T223736Z__research_until_25000__simulated_annealing_v5__g03_i31_c500_d4_m12_adversarial__seed_42__8843b5802015.json,skip,,customer_count>10
results/runs/research_until_25000/simulated_annealing_v5/research/group_03/g03_i32_c500_d5_m14_adversarial/20260509T223745Z__research_until_25000__simulated_annealing_v5__g03_i32_c500_d5_m14_adversarial__seed_42__968a2d8cc1e7.json,skip,,customer_count>10
results/runs/research_until_25000/simulated_annealing_v5/research/group_03/g03_i33_c500_d4_m13_adversarial/20260509T223804Z__research_until_25000__simulated_annealing_v5__g03_i33_c500_d4_m13_adversarial__seed_42__3138309c52b3.json,skip,,customer_count>10
results/runs/research_until_25000/simulated_annealing_v5/research/group_03/g03_i34_c500_d5_m16_adversarial/20260509T223814Z__research_until_25000__simulated_annealing_v5__g03_i34_c500_d5_m16_adversarial__seed_42__4b0cf6300669.json,skip,,customer_count>10
results/runs/research_until_25000/simulated_annealing_v5/research/group_03/g03_i35_c500_d4_m13_adversarial/20260509T223824Z__research_until_25000__simulated_annealing_v5__g03_i35_c500_d4_m13_adversarial__seed_42__e12237632a69.json,skip,,customer_count>10
results/runs/research_until_25000/simulated_annealing_v5/research/group_03/g03_i36_c500_d5_m16_adversarial/20260509T223843Z__research_until_25000__simulated_annealing_v5__g03_i36_c500_d5_m16_adversarial__seed_42__07b7fac2ae31.json,skip,,customer_count>10
results/runs/research_until_25000/simulated_annealing_v5/research/group_03/g03_i37_c500_d4_m13_adversarial/20260509T223903Z__research_until_25000__simulated_annealing_v5__g03_i37_c500_d4_m13_adversarial__seed_42__1852af3c320d.json,skip,,customer_count>10
results/runs/research_until_25000/simulated_annealing_v5/research/group_03/g03_i38_c500_d5_m16_adversarial/20260509T223913Z__research_until_25000__simulated_annealing_v5__g03_i38_c500_d5_m16_adversarial__seed_42__a18f6faf9127.json,skip,,customer_count>10
results/runs/research_until_25000/simulated_annealing_v5/research/group_03/g03_i39_c500_d4_m13_adversarial/20260509T223923Z__research_until_25000__simulated_annealing_v5__g03_i39_c500_d4_m13_adversarial__seed_42__7f64dc5a01fe.json,skip,,customer_count>10
results/runs/research_until_25000/simulated_annealing_v5/research/group_03/g03_i40_c500_d5_m16_adversarial/20260509T223933Z__research_until_25000__simulated_annealing_v5__g03_i40_c500_d5_m16_adversarial__seed_42__544a55edc5e6.json,skip,,customer_count>10
results/runs/research_until_25000/simulated_annealing_v5/research/group_03/g03_i41_c500_d4_m12_adversarial/20260509T223937Z__research_until_25000__simulated_annealing_v5__g03_i41_c500_d4_m12_adversarial__seed_42__fdc71465b691.json,skip,,customer_count>10
results/runs/research_until_25000/simulated_annealing_v5/research/group_03/g03_i42_c500_d5_m14_adversarial/20260509T223946Z__research_until_25000__simulated_annealing_v5__g03_i42_c500_d5_m14_adversarial__seed_42__d63ef1b19501.json,skip,,customer_count>10
results/runs/research_until_25000/simulated_annealing_v5/research/group_03/g03_i43_c500_d4_m12_adversarial/20260509T223955Z__research_until_25000__simulated_annealing_v5__g03_i43_c500_d4_m12_adversarial__seed_42__d3b2a129ff1e.json,skip,,customer_count>10
results/runs/research_until_25000/simulated_annealing_v5/research/group_03/g03_i44_c500_d5_m14_adversarial/20260509T223956Z__research_until_25000__simulated_annealing_v5__g03_i44_c500_d5_m14_adversarial__seed_42__4ffb89295623.json,skip,,customer_count>10
results/runs/research_until_25000/simulated_annealing_v5/research/group_03/g03_i45_c500_d4_m12_adversarial/20260509T223957Z__research_until_25000__simulated_annealing_v5__g03_i45_c500_d4_m12_adversarial__seed_42__5695989eecea.json,skip,,customer_count>10
results/runs/research_until_25000/simulated_annealing_v5/research/group_03/g03_i46_c500_d5_m14_adversarial/20260509T224006Z__research_until_25000__simulated_annealing_v5__g03_i46_c500_d5_m14_adversarial__seed_42__53f3a635f3e5.json,skip,,customer_count>10
results/runs/research_until_25000/simulated_annealing_v5/research/group_03/g03_i47_c500_d4_m12_adversarial/20260509T224012Z__research_until_25000__simulated_annealing_v5__g03_i47_c500_d4_m12_adversarial__seed_42__c5d3d45d5e80.json,skip,,customer_count>10
results/runs/research_until_25000/simulated_annealing_v5/research/group_03/g03_i48_c500_d4_m13_adversarial/20260509T224013Z__research_until_25000__simulated_annealing_v5__g03_i48_c500_d4_m13_adversarial__seed_42__44d9b57aa2cb.json,skip,,customer_count>10
results/runs/research_until_25000/simulated_annealing_v5/research/group_03/g03_i49_c500_d5_m15_adversarial/20260509T224014Z__research_until_25000__simulated_annealing_v5__g03_i49_c500_d5_m15_adversarial__seed_42__b24f46bfc2ab.json,skip,,customer_count>10
results/runs/research_until_25000/simulated_annealing_v5/research/group_03/g03_i50_c500_d4_m12_adversarial/20260509T224024Z__research_until_25000__simulated_annealing_v5__g03_i50_c500_d4_m12_adversarial__seed_42__967cbd97b231.json,skip,,customer_count>10
results/runs/research_until_25000/simulated_annealing_v5/research/group_03/g03_i51_c500_d4_m13_adversarial/20260509T224031Z__research_until_25000__simulated_annealing_v5__g03_i51_c500_d4_m13_adversarial__seed_42__a70db8a92312.json,skip,,customer_count>10
results/runs/research_until_25000/simulated_annealing_v5/research/group_03/g03_i52_c500_d5_m15_adversarial/20260509T224037Z__research_until_25000__simulated_annealing_v5__g03_i52_c500_d5_m15_adversarial__seed_42__a998bebb8a28.json,skip,,customer_count>10
results/runs/research_until_25000/simulated_annealing_v5/research/group_03_hard/g03h_i01_c500_d3_m5_hard_adversarial/20260509T224047Z__research_until_25000__simulated_annealing_v5__g03h_i01_c500_d3_m5_hard_adversarial__seed_42__c41bdcbbc606.json,skip,,customer_count>10
results/runs/research_until_25000/simulated_annealing_v5/research/group_03_hard/g03h_i02_c500_d3_m6_hard_adversarial/20260509T224053Z__research_until_25000__simulated_annealing_v5__g03h_i02_c500_d3_m6_hard_adversarial__seed_42__6da0b2fdf9bd.json,skip,,customer_count>10
results/runs/research_until_25000/simulated_annealing_v5/research/group_03_hard/g03h_i03_c500_d2_m4_hard_adversarial/20260509T224058Z__research_until_25000__simulated_annealing_v5__g03h_i03_c500_d2_m4_hard_adversarial__seed_42__f861100692a1.json,skip,,customer_count>10
results/runs/research_until_25000/simulated_annealing_v5/research/group_03_hard/g03h_i04_c500_d3_m5_hard_adversarial/20260509T224106Z__research_until_25000__simulated_annealing_v5__g03h_i04_c500_d3_m5_hard_adversarial__seed_42__012ffab6cc40.json,skip,,customer_count>10
results/runs/research_until_25000/simulated_annealing_v5/research/group_03_hard/g03h_i05_c500_d3_m6_hard_adversarial/20260509T224114Z__research_until_25000__simulated_annealing_v5__g03h_i05_c500_d3_m6_hard_adversarial__seed_42__5ae592686d1b.json,skip,,customer_count>10
results/runs/research_until_25000/simulated_annealing_v5/research/group_03_hard/g03h_i06_c500_d2_m4_hard_adversarial/20260509T224122Z__research_until_25000__simulated_annealing_v5__g03h_i06_c500_d2_m4_hard_adversarial__seed_42__68792801deba.json,skip,,customer_count>10
results/runs/research_until_25000/simulated_annealing_v5/research/group_03_hard/g03h_i07_c500_d3_m5_hard_adversarial/20260509T224130Z__research_until_25000__simulated_annealing_v5__g03h_i07_c500_d3_m5_hard_adversarial__seed_42__313c0f4309c1.json,skip,,customer_count>10
results/runs/research_until_25000/simulated_annealing_v5/research/group_03_hard/g03h_i08_c500_d2_m4_hard_adversarial/20260509T224137Z__research_until_25000__simulated_annealing_v5__g03h_i08_c500_d2_m4_hard_adversarial__seed_42__ddee5bf19e78.json,skip,,customer_count>10
results/runs/research_until_25000/simulated_annealing_v5/research/group_03_hard/g03h_i09_c500_d3_m5_hard_adversarial/20260509T224138Z__research_until_25000__simulated_annealing_v5__g03h_i09_c500_d3_m5_hard_adversarial__seed_42__c95c39e43e2f.json,skip,,customer_count>10
results/runs/research_until_25000/simulated_annealing_v5/research/group_03_hard/g03h_i10_c500_d2_m4_hard_adversarial/20260509T224138Z__research_until_25000__simulated_annealing_v5__g03h_i10_c500_d2_m4_hard_adversarial__seed_42__7f791dac4934.json,skip,,customer_count>10
results/runs/research_until_25000/simulated_annealing_v5/research/group_03_hard/g03h_i11_c500_d3_m5_hard_adversarial/20260509T224140Z__research_until_25000__simulated_annealing_v5__g03h_i11_c500_d3_m5_hard_adversarial__seed_42__3a8fac9c9d5c.json,skip,,customer_count>10
results/runs/research_until_25000/simulated_annealing_v5/research/group_03_hard/g03h_i12_c500_d2_m4_hard_adversarial/20260509T224148Z__research_until_25000__simulated_annealing_v5__g03h_i12_c500_d2_m4_hard_adversarial__seed_42__18f48c99ce57.json,skip,,customer_count>10
results/runs/research_until_25000/simulated_annealing_v5/research/group_03_hard/g03h_i13_c500_d3_m5_hard_adversarial/20260509T224148Z__research_until_25000__simulated_annealing_v5__g03h_i13_c500_d3_m5_hard_adversarial__seed_42__637ff714b8ea.json,skip,,customer_count>10
results/runs/research_until_25000/simulated_annealing_v5/research/group_03_hard/g03h_i14_c500_d2_m4_hard_adversarial/20260509T224156Z__research_until_25000__simulated_annealing_v5__g03h_i14_c500_d2_m4_hard_adversarial__seed_42__d7495be654d1.json,skip,,customer_count>10
results/runs/research_until_25000/simulated_annealing_v5/research/group_03_hard/g03h_i15_c500_d3_m5_hard_adversarial/20260509T224201Z__research_until_25000__simulated_annealing_v5__g03h_i15_c500_d3_m5_hard_adversarial__seed_42__1f83fa0d244e.json,skip,,customer_count>10
results/runs/research_until_25000/simulated_annealing_v5/research/group_03_hard/g03h_i16_c500_d2_m4_hard_adversarial/20260509T224216Z__research_until_25000__simulated_annealing_v5__g03h_i16_c500_d2_m4_hard_adversarial__seed_42__d28c42928584.json,skip,,customer_count>10
results/runs/research_until_25000/simulated_annealing_v5/research/group_03_hard/g03h_i17_c500_d3_m5_hard_adversarial/20260509T224216Z__research_until_25000__simulated_annealing_v5__g03h_i17_c500_d3_m5_hard_adversarial__seed_42__98a3e0cdc95a.json,skip,,customer_count>10
results/runs/research_until_25000/simulated_annealing_v5/research/group_03_hard/g03h_i18_c500_d3_m6_hard_adversarial/20260509T224224Z__research_until_25000__simulated_annealing_v5__g03h_i18_c500_d3_m6_hard_adversarial__seed_42__6f5600857bb3.json,skip,,customer_count>10
results/runs/research_until_25000/simulated_annealing_v5/research/group_03_hard/g03h_i19_c500_d2_m5_hard_adversarial/20260509T224232Z__research_until_25000__simulated_annealing_v5__g03h_i19_c500_d2_m5_hard_adversarial__seed_42__48e301b7212b.json,skip,,customer_count>10
results/runs/research_until_25000/simulated_annealing_v5/research/group_03_hard/g03h_i20_c500_d3_m6_hard_adversarial/20260509T224248Z__research_until_25000__simulated_annealing_v5__g03h_i20_c500_d3_m6_hard_adversarial__seed_42__25667475de64.json,skip,,customer_count>10
results/runs/research_until_25000/simulated_annealing_v5/research/group_03_hard/g03h_i21_c500_d2_m5_hard_adversarial/20260509T224304Z__research_until_25000__simulated_annealing_v5__g03h_i21_c500_d2_m5_hard_adversarial__seed_42__1c2e48ba7d85.json,skip,,customer_count>10
results/runs/research_until_25000/simulated_annealing_v5/research/group_03_hard/g03h_i22_c500_d2_m4_hard_adversarial/20260509T224321Z__research_until_25000__simulated_annealing_v5__g03h_i22_c500_d2_m4_hard_adversarial__seed_42__8bd9f63f24c3.json,skip,,customer_count>10
results/runs/research_until_25000/simulated_annealing_v5/research/group_03_hard/g03h_i23_c500_d3_m5_hard_adversarial/20260509T224329Z__research_until_25000__simulated_annealing_v5__g03h_i23_c500_d3_m5_hard_adversarial__seed_42__75e43f282b70.json,skip,,customer_count>10
results/runs/research_until_25000/simulated_annealing_v5/research/group_03_hard/g03h_i24_c500_d2_m4_hard_adversarial/20260509T224336Z__research_until_25000__simulated_annealing_v5__g03h_i24_c500_d2_m4_hard_adversarial__seed_42__69896b4969b5.json,skip,,customer_count>10
results/runs/research_until_25000/simulated_annealing_v5/research/group_03_hard/g03h_i25_c500_d3_m5_hard_adversarial/20260509T224344Z__research_until_25000__simulated_annealing_v5__g03h_i25_c500_d3_m5_hard_adversarial__seed_42__9e6b101b7d9a.json,skip,,customer_count>10
results/runs/research_until_25000/simulated_annealing_v5/research/group_03_traps/g03t_i01_c750_d4_m5_trap/20260509T224351Z__research_until_25000__simulated_annealing_v5__g03t_i01_c750_d4_m5_trap__seed_42__e4d92de873fd.json,skip,,customer_count>10
results/runs/research_until_25000/simulated_annealing_v5/research/group_03_traps/g03t_i02_c750_d3_m4_trap/20260509T224352Z__research_until_25000__simulated_annealing_v5__g03t_i02_c750_d3_m4_trap__seed_42__448d968438fd.json,skip,,customer_count>10
results/runs/research_until_25000/simulated_annealing_v5/research/group_03_traps/g03t_i03_c750_d2_m3_trap/20260509T224353Z__research_until_25000__simulated_annealing_v5__g03t_i03_c750_d2_m3_trap__seed_42__f93545aa577d.json,skip,,customer_count>10
results/runs/research_until_25000/simulated_annealing_v5/research/group_03_traps/g03t_i04_c750_d4_m5_trap/20260509T224353Z__research_until_25000__simulated_annealing_v5__g03t_i04_c750_d4_m5_trap__seed_42__3ab2627f1337.json,skip,,customer_count>10
results/runs/research_until_25000/simulated_annealing_v5/research/group_03_traps/g03t_i05_c750_d3_m4_trap/20260509T224354Z__research_until_25000__simulated_annealing_v5__g03t_i05_c750_d3_m4_trap__seed_42__1e21d2f2607d.json,skip,,customer_count>10
results/runs/research_until_25000/simulated_annealing_v5/research/group_03_traps/g03t_i06_c750_d2_m3_trap/20260509T224355Z__research_until_25000__simulated_annealing_v5__g03t_i06_c750_d2_m3_trap__seed_42__10772bb2a97b.json,skip,,customer_count>10
results/runs/research_until_25000/simulated_annealing_v5/research/group_03_traps/g03t_i07_c750_d4_m5_trap/20260509T224355Z__research_until_25000__simulated_annealing_v5__g03t_i07_c750_d4_m5_trap__seed_42__271abe8edd75.json,skip,,customer_count>10
results/runs/research_until_25000/simulated_annealing_v5/research/group_03_traps/g03t_i08_c750_d4_m5_trap/20260509T224356Z__research_until_25000__simulated_annealing_v5__g03t_i08_c750_d4_m5_trap__seed_42__6d6626ef3293.json,skip,,customer_count>10
results/runs/research_until_25000/simulated_annealing_v5/research/group_03_traps/g03t_i09_c750_d3_m4_trap/20260509T224357Z__research_until_25000__simulated_annealing_v5__g03t_i09_c750_d3_m4_trap__seed_42__3d5e01dff125.json,skip,,customer_count>10
results/runs/research_until_25000/simulated_annealing_v5/research/group_03_traps/g03t_i10_c750_d2_m3_trap/20260509T224357Z__research_until_25000__simulated_annealing_v5__g03t_i10_c750_d2_m3_trap__seed_42__d5e25dc8b81e.json,skip,,customer_count>10
results/runs/research_until_25000/simulated_annealing_v5/research/group_03_traps/g03t_i11_c750_d4_m5_trap/20260509T224358Z__research_until_25000__simulated_annealing_v5__g03t_i11_c750_d4_m5_trap__seed_42__31f17ff5b6e8.json,skip,,customer_count>10
results/runs/research_until_25000/simulated_annealing_v5/research/group_03_traps/g03t_i12_c750_d3_m4_trap/20260509T224358Z__research_until_25000__simulated_annealing_v5__g03t_i12_c750_d3_m4_trap__seed_42__a9d751e70667.json,skip,,customer_count>10
results/runs/research_until_25000/simulated_annealing_v5/research/group_03_traps/g03t_i13_c750_d2_m3_trap/20260509T224359Z__research_until_25000__simulated_annealing_v5__g03t_i13_c750_d2_m3_trap__seed_42__00da7c17e761.json,skip,,customer_count>10
results/runs/research_until_25000/simulated_annealing_v5/research/group_03_traps/g03t_i14_c750_d4_m5_trap/20260509T224359Z__research_until_25000__simulated_annealing_v5__g03t_i14_c750_d4_m5_trap__seed_42__2cc938733169.json,skip,,customer_count>10
results/runs/research_until_25000/simulated_annealing_v5/research/group_03_traps/g03t_i15_c750_d3_m4_trap/20260509T224400Z__research_until_25000__simulated_annealing_v5__g03t_i15_c750_d3_m4_trap__seed_42__473aa18ab534.json,skip,,customer_count>10
results/runs/research_until_25000/simulated_annealing_v5/research/group_03_traps/g03t_i16_c750_d2_m3_trap/20260509T224400Z__research_until_25000__simulated_annealing_v5__g03t_i16_c750_d2_m3_trap__seed_42__639b9f61de83.json,skip,,customer_count>10
results/runs/research_until_25000/simulated_annealing_v5/research/group_03_traps/g03t_i17_c750_d4_m5_trap/20260509T224401Z__research_until_25000__simulated_annealing_v5__g03t_i17_c750_d4_m5_trap__seed_42__32a86829acba.json,skip,,customer_count>10
results/runs/research_until_25000/simulated_annealing_v5/research/group_03_traps/g03t_i18_c750_d3_m4_trap/20260509T224401Z__research_until_25000__simulated_annealing_v5__g03t_i18_c750_d3_m4_trap__seed_42__95ae7db43576.json,skip,,customer_count>10
results/runs/research_until_25000/simulated_annealing_v5/research/group_03_traps/g03t_i19_c750_d4_m5_trap/20260509T224401Z__research_until_25000__simulated_annealing_v5__g03t_i19_c750_d4_m5_trap__seed_42__545c10903312.json,skip,,customer_count>10
results/runs/research_until_25000/simulated_annealing_v5/research/group_03_traps/g03t_i20_c750_d3_m4_trap/20260509T224403Z__research_until_25000__simulated_annealing_v5__g03t_i20_c750_d3_m4_trap__seed_42__c392fab65520.json,skip,,customer_count>10
results/runs/research_until_25000/simulated_annealing_v5/research/group_03_traps/g03t_i21_c750_d4_m5_trap/20260509T224404Z__research_until_25000__simulated_annealing_v5__g03t_i21_c750_d4_m5_trap__seed_42__9b4cd6969aa6.json,skip,,customer_count>10
results/runs/research_until_25000/simulated_annealing_v5/research/group_03_traps/g03t_i22_c750_d3_m4_trap/20260509T224405Z__research_until_25000__simulated_annealing_v5__g03t_i22_c750_d3_m4_trap__seed_42__b8b5000d5c2b.json,skip,,customer_count>10
results/runs/research_until_25000/simulated_annealing_v5/research/group_03_traps/g03t_i23_c750_d4_m5_trap/20260509T224406Z__research_until_25000__simulated_annealing_v5__g03t_i23_c750_d4_m5_trap__seed_42__cfedf7e45a94.json,skip,,customer_count>10
results/runs/research_until_25000/simulated_annealing_v5/research/group_03_traps/g03t_i24_c750_d3_m4_trap/20260509T224407Z__research_until_25000__simulated_annealing_v5__g03t_i24_c750_d3_m4_trap__seed_42__486427d146c9.json,skip,,customer_count>10
results/runs/research_until_25000/simulated_annealing_v5/research/group_03_traps/g03t_i25_c750_d2_m3_trap/20260509T224408Z__research_until_25000__simulated_annealing_v5__g03t_i25_c750_d2_m3_trap__seed_42__b8fbcae646c1.json,skip,,customer_count>10
results/runs/research_until_25000/simulated_annealing_v5/research/group_04/g04_i01_c1000_d6_m11_random/20260509T224409Z__research_until_25000__simulated_annealing_v5__g04_i01_c1000_d6_m11_random__seed_42__349660a3c70a.json,skip,,customer_count>10
results/runs/research_until_25000/simulated_annealing_v5/research/group_04/g04_i02_c1000_d5_m19_random/20260509T224411Z__research_until_25000__simulated_annealing_v5__g04_i02_c1000_d5_m19_random__seed_42__58f8f663c573.json,skip,,customer_count>10
results/runs/research_until_25000/simulated_annealing_v5/research/group_04/g04_i03_c1000_d7_m19_random/20260509T224414Z__research_until_25000__simulated_annealing_v5__g04_i03_c1000_d7_m19_random__seed_42__2c056601c1d7.json,skip,,customer_count>10
results/runs/research_until_25000/simulated_annealing_v5/research/group_04/g04_i04_c1000_d7_m12_random/20260509T224419Z__research_until_25000__simulated_annealing_v5__g04_i04_c1000_d7_m12_random__seed_42__14c807bd6b24.json,skip,,customer_count>10
results/runs/research_until_25000/simulated_annealing_v5/research/group_04/g04_i05_c1000_d10_m23_random/20260509T224421Z__research_until_25000__simulated_annealing_v5__g04_i05_c1000_d10_m23_random__seed_42__a5b7b960caea.json,skip,,customer_count>10
results/runs/research_until_25000/simulated_annealing_v5/research/group_05/g05_i01_c10000_d1_m6_random/20260509T224423Z__research_until_25000__simulated_annealing_v5__g05_i01_c10000_d1_m6_random__seed_42__631708799cba.json,skip,,customer_count>10
results/runs/research_until_25000/simulated_annealing_v5/research/group_05/g05_i02_c10000_d2_m9_random/20260509T224426Z__research_until_25000__simulated_annealing_v5__g05_i02_c10000_d2_m9_random__seed_42__ce7183293477.json,skip,,customer_count>10
results/runs/research_until_25000/simulated_annealing_v5/research/group_05/g05_i03_c10000_d3_m18_random/20260509T224441Z__research_until_25000__simulated_annealing_v5__g05_i03_c10000_d3_m18_random__seed_42__a6724618c2d2.json,skip,,customer_count>10
results/runs/research_until_25000/simulated_annealing_v5/research/group_05/g05_i04_c10000_d1_m8_random/20260509T224450Z__research_until_25000__simulated_annealing_v5__g05_i04_c10000_d1_m8_random__seed_42__dd417f959d3b.json,skip,,customer_count>10
results/runs/research_until_25000/simulated_annealing_v5/research/group_05/g05_i05_c10000_d2_m9_random/20260509T224453Z__research_until_25000__simulated_annealing_v5__g05_i05_c10000_d2_m9_random__seed_42__a95c33ba78ff.json,skip,,customer_count>10
results/runs/research_until_25000/simulated_annealing_v5/research/group_06/g06_i01_c10000_d7_m16_clustered/20260509T224458Z__research_until_25000__simulated_annealing_v5__g06_i01_c10000_d7_m16_clustered__seed_42__5778bbebbf03.json,skip,,customer_count>10
results/runs/research_until_25000/simulated_annealing_v5/research/group_06/g06_i02_c10000_d6_m41_clustered/20260509T224529Z__research_until_25000__simulated_annealing_v5__g06_i02_c10000_d6_m41_clustered__seed_42__8fedb96f61e9.json,skip,,customer_count>10
results/runs/research_until_25000/simulated_annealing_v5/research/group_06/g06_i03_c10000_d10_m79_grid/20260509T224544Z__research_until_25000__simulated_annealing_v5__g06_i03_c10000_d10_m79_grid__seed_42__02aebe2dd095.json,skip,,customer_count>10
results/runs/research_until_25000/simulated_annealing_v5/research/group_06/g06_i04_c10000_d7_m15_grid/20260509T224603Z__research_until_25000__simulated_annealing_v5__g06_i04_c10000_d7_m15_grid__seed_42__3aa525240ed0.json,skip,,customer_count>10
results/runs/research_until_25000/simulated_annealing_v5/research/group_06/g06_i05_c10000_d7_m15_adversarial/20260509T224611Z__research_until_25000__simulated_annealing_v5__g06_i05_c10000_d7_m15_adversarial__seed_42__99ab5b0ca038.json,skip,,customer_count>10
results/runs/research_until_25000/simulated_annealing_v5/research/group_06/g06_i06_c10000_d7_m33_adversarial/20260509T224719Z__research_until_25000__simulated_annealing_v5__g06_i06_c10000_d7_m33_adversarial__seed_42__a68d8810d623.json,skip,,customer_count>10
results/runs/research_until_25000/simulated_annealing_v5/research/group_06/g06_i07_c10000_d10_m70_line/20260509T224844Z__research_until_25000__simulated_annealing_v5__g06_i07_c10000_d10_m70_line__seed_42__21a65d839592.json,skip,,customer_count>10
results/runs/research_until_25000/simulated_annealing_v5/research/group_06/g06_i08_c10000_d7_m45_line/20260509T225005Z__research_until_25000__simulated_annealing_v5__g06_i08_c10000_d7_m45_line__seed_42__e4504a87efb8.json,skip,,customer_count>10
results/runs/research_until_25000/simulated_annealing_v5/research/group_07/g07_i01_c25000_d9_m20_random/20260509T225014Z__research_until_25000__simulated_annealing_v5__g07_i01_c25000_d9_m20_random__seed_42__c3792a345c11.json,skip,,customer_count>10
results/runs/research_until_25000/simulated_annealing_v5/research/group_07/g07_i02_c25000_d5_m26_random/20260509T225429Z__research_until_25000__simulated_annealing_v5__g07_i02_c25000_d5_m26_random__seed_42__0309b5f0bf30.json,skip,,customer_count>10
